class	spec	spec_id	name	spell_id	origin	source	castable	cooldown	band	tree	hero_tree	node_id	entry_id	max_ranks	blizz_category	seed_bucket	also_from	aliases	description_source
Death Knight	Blood	250	Anti-Magic Zone	51052	talent-active	TraitNodeEntry	true	240	Cooldown	class		76065	96194	1	Utility	Class 7 (Raid Defensive)	cdm-only:CooldownSetSpell		api
Death Knight	Blood	250	Dancing Rune Weapon	49028	talent-active	TraitNodeEntry	true	120	Cooldown	spec		76138	96269	1	Essential/Other	Cooldown 1	cdm-only:CooldownSetSpell		api
Death Knight	Blood	250	Death Pact	48743	talent-active	TraitNodeEntry	true	120	Cooldown	class		76075	96204	1	Utility	Self-Heal 4 (Emergency/Overflow)	cdm-only:CooldownSetSpell		api
Death Knight	Blood	250	Icebound Fortitude	48792	talent-active	TraitNodeEntry	true	120	Cooldown	class		76081	96210	1	Essential/Other	Personal Defensive 1	cdm-only:CooldownSetSpell		api
Death Knight	Blood	250	Raise Dead	46585	talent-active	TraitNodeEntry	true	120	Cooldown	class		76072	96201	1		Buff			api
Death Knight	Blood	250	Vampiric Blood	55233	talent-active	TraitNodeEntry	true	90	Cooldown	spec		76173	96308	1	Buff/Essential	Cooldown 2	cdm-only:CooldownSetSpell		api
Death Knight	Blood	250	Blinding Sleet	207167	talent-active	TraitNodeEntry	true	60	Cooldown	class		76044	96172	1	Buff/Utility	CC 2	cdm-only:CooldownSetSpell		api
Death Knight	Blood	250	Consumption	1263824	talent-active	TraitNodeEntry	true	45	Cooldown	spec		102244	126300	1	Buff/Essential		class-baseline:SkillLineAbility:796;cdm-only:CooldownSetSpell		api
Death Knight	Blood	250	Reaper's Mark	439843	talent-active	TraitNodeEntry	true	45	Cooldown	hero	Deathbringer	95062	117659	1	Buff/Essential		cdm-only:CooldownSetSpell		api
Death Knight	Blood	250	Mind Freeze	47528	talent-active	TraitNodeEntry	true	15	Rotational	class		76084	96213	1	Utility	Interrupt	cdm-only:CooldownSetSpell		api
Death Knight	Blood	250	Blood Boil	50842	talent-active	TraitNodeEntry	true	0	Rotational	spec		76170	96305	1	Buff/Essential	Rotational 3	cdm-only:CooldownSetSpell		api
Death Knight	Blood	250	Control Undead	111673	talent-active	TraitNodeEntry	true	0	Rotational	class		76059	96188	1		Class 5 (Purge)			api
Death Knight	Blood	250	Death Strike	49998	talent-active	TraitNodeEntry	true	0	Rotational	class		76071	96200	1	Buff	Rotational 2	cdm-only:CooldownSetSpell		api
Death Knight	Blood	250	Heart Strike	206930	talent-active	TraitNodeEntry	true	0	Rotational	spec		76169	96304	1	Essential	Rotational 1	cdm-only:CooldownSetSpell		api
Death Knight	Blood	250	Marrowrend	195182	talent-active	TraitNodeEntry	true	0	Rotational	spec		76168	96303	1	Essential	Rotational 4	cdm-only:CooldownSetSpell		api
Death Knight	Blood	250	Abomination Limb	1263569	talent-choice	TraitNodeEntry	true	120	Cooldown	spec		76042	136213	1	Other/Utility		cdm-only:CooldownSetSpell		api
Death Knight	Blood	250	Gorefiend's Grasp	108199	talent-choice	TraitNodeEntry	true	90	Cooldown	spec		76042	96170	1	Buff/Utility	Class 2 (CC)	cdm-only:CooldownSetSpell		api
Death Knight	Blood	250	Wraith Walk	212552	talent-choice	TraitNodeEntry	true	60	Cooldown	class		76074	133518	1	Buff/Utility	Movement Ability 2	cdm-only:CooldownSetSpell		api
Death Knight	Blood	250	Asphyxiate	221562	talent-choice	TraitNodeEntry	true	45	Cooldown	class		76064	96193	1	Utility	CC	cdm-only:CooldownSetSpell		api
Death Knight	Blood	250	Raise Ally	61999	class-baseline	SkillLineAbility:796	true	600	Cooldown						Utility	Class 8 (Lust/BRes)	cdm-only:CooldownSetSpell		api
Death Knight	Blood	250	Sindragosa's Fury	190778	class-baseline	SkillLineAbility:796	true	300	Cooldown										api
Death Knight	Blood	250	Lichborne	49039	class-baseline	SkillLineAbility:796	true	120	Cooldown						Buff/Utility	Self-Heal 2	cdm-only:CooldownSetSpell		api
Death Knight	Blood	250	Apocalypse	220143	class-baseline	SkillLineAbility:796	true	90	Cooldown										api
Death Knight	Blood	250	Anti-Magic Shell	48707	class-baseline	SkillLineAbility:796	true	60	Cooldown						Buff/Essential	Immune/Spell Immune/Movement	cdm-only:CooldownSetSpell		api
Death Knight	Blood	250	Death Gate	50977	class-baseline	SkillLineAbility:796	true	60	Cooldown										api
Death Knight	Blood	250	Corpse Exploder	127344	class-baseline	SkillLineAbility:796	true	15	Rotational										api
Death Knight	Blood	250	Dark Command	56222	class-baseline	SkillLineAbility:796	true	8	Rotational						Utility	Taunt/Quick Access	cdm-only:CooldownSetSpell		api
Death Knight	Blood	250	Death's Caress	195292	class-baseline	SpecializationSpells	true	6	Rotational						Essential	Rotational 6	cdm-only:CooldownSetSpell		api
Death Knight	Blood	250	Death Grip	49576	class-baseline	SkillLineAbility:796	true	1	Rotational						Utility	Class 1 (Movement)	cdm-only:CooldownSetSpell		api
Death Knight	Blood	250	Death's Advance	48265	class-baseline	SkillLineAbility:796	true	1	Rotational						Buff/Utility	Movement Ability	cdm-only:CooldownSetSpell		api
Death Knight	Blood	250	Blood Plague	55078	class-baseline	SkillLineAbility:796	true	0	Rotational										api
Death Knight	Blood	250	Chains of Ice	45524	class-baseline	SkillLineAbility:796	true	0	Rotational							Slow			api
Death Knight	Blood	250	Death Coil	47541	class-baseline	SkillLineAbility:796	true	0	Rotational							Self-Heal 3 (Overflow)			api
Death Knight	Blood	250	Death and Decay	52212	class-baseline	SkillLineAbility:796	true	0	Rotational						Essential/Other	Rotational 5	cdm-only:CooldownSetSpell		api
Death Knight	Blood	250	Frost Breath	190780	class-baseline	SkillLineAbility:796	true	0	Rotational										api
Death Knight	Blood	250	Frost Fever	55095	class-baseline	SkillLineAbility:796	true	0	Rotational										api
Death Knight	Blood	250	Path of Frost	3714	class-baseline	SkillLineAbility:796	true	0	Rotational							Class 6 (Dispel)			api
Death Knight	Blood	250	Rune Strike	316239	class-baseline	SkillLineAbility:796	true	0	Rotational										api
Death Knight	Blood	250	Rune of Razorice	53343	class-baseline	SkillLineAbility:960 (secondary)	true	0	Rotational										db2-template
Death Knight	Blood	250	Rune of Sanguination	326805	class-baseline	SkillLineAbility:960 (secondary)	true	0	Rotational										db2-template
Death Knight	Blood	250	Rune of Spellwarding	326855	class-baseline	SkillLineAbility:960 (secondary)	true	0	Rotational										db2-template
Death Knight	Blood	250	Rune of Unending Thirst	326977	class-baseline	SkillLineAbility:960 (secondary)	true	0	Rotational										db2-template
Death Knight	Blood	250	Rune of the Apocalypse	327082	class-baseline	SkillLineAbility:960 (secondary)	true	0	Rotational										db2-plain
Death Knight	Blood	250	Rune of the Fallen Crusader	53344	class-baseline	SkillLineAbility:960 (secondary)	true	0	Rotational										db2-template
Death Knight	Blood	250	Rune of the Stoneskin Gargoyle	62158	class-baseline	SkillLineAbility:960 (secondary)	true	0	Rotational										db2-template
Death Knight	Blood	250	Runeforging	53428	class-baseline	SkillLineAbility:960 (secondary)	true	0	Rotational										db2-plain
Death Knight	Blood	250	Single-Button Assistant	1229376	class-baseline	SpecializationSpells	true	0	Rotational										api
Death Knight	Blood	250	Strangulate	47476	pvp-talent	PvpTalent	true	45	Cooldown										api
Death Knight	Blood	250	Death Chain	203173	pvp-talent	PvpTalent	true	30	Rotational						Utility	PvP 2	cdm-only:CooldownSetSpell		api
Death Knight	Blood	250	Dark Simulacrum	77606	pvp-talent	PvpTalent	true	20	Rotational						Utility	PvP	cdm-only:CooldownSetSpell		api
Death Knight	Blood	250	Murderous Intent	207018	pvp-talent	PvpTalent	true	20	Rotational										api
Death Knight	Blood	250	Bloodforged Armor	410301	pvp-talent	PvpTalent	false	0	Rotational										api
Death Knight	Blood	250	Decomposing Aura	199720	pvp-talent	PvpTalent	false	0	Rotational										api
Death Knight	Blood	250	Last Dance	233412	pvp-talent	PvpTalent	false	0	Rotational										api
Death Knight	Blood	250	Price of Progress	1233429	pvp-talent	PvpTalent	true	0	Rotational										api
Death Knight	Blood	250	Rot and Wither	202727	pvp-talent	PvpTalent	false	0	Rotational										api
Death Knight	Blood	250	Spellwarden	410320	pvp-talent	PvpTalent	false	0	Rotational										api
Death Knight	Blood	250	Anti-Magic Barrier	205727	talent-passive	TraitNodeEntry	false	0	Rotational	class		76046	96174	1					api
Death Knight	Blood	250	Assimilation	374383	talent-passive	TraitNodeEntry	false	0	Rotational	class		76048	96176	1					api
Death Knight	Blood	250	Bind in Darkness	440031	talent-passive	TraitNodeEntry	false	0	Rotational	hero	Deathbringer	95043	117640	1					api
Death Knight	Blood	250	Blood Bond	1267028	talent-passive	TraitNodeEntry	false	0	Rotational	class		76060	96189	1					api
Death Knight	Blood	250	Blood Draw	374598	talent-passive	TraitNodeEntry	false	0	Rotational	class		76056	96184	1	Other		cdm-only:CooldownSetSpell		api
Death Knight	Blood	250	Blood Feast	391386	talent-passive	TraitNodeEntry	false	0	Rotational	spec		76174	96309	1					api
Death Knight	Blood	250	Blood Mist	1263743	talent-passive	TraitNodeEntry	false	0	Rotational	spec		76128	96259	1					api
Death Knight	Blood	250	Blood Scent	374030	talent-passive	TraitNodeEntry	false	0	Rotational	class		76078	96207	1					api
Death Knight	Blood	250	Blood-Soaked Ground	434033	talent-passive	TraitNodeEntry	false	0	Rotational	hero	San'layn	95048	117645	1					api
Death Knight	Blood	250	Bloodied Blade	458753	talent-passive	TraitNodeEntry	false	0	Rotational	spec		102242	126296	1	Buff		cdm-only:CooldownSetSpell		api
Death Knight	Blood	250	Bloodshot	391398	talent-passive	TraitNodeEntry	false	0	Rotational	spec		76125	96256	1					api
Death Knight	Blood	250	Bloodworms	195679	talent-passive	TraitNodeEntry	false	0	Rotational	spec		76147	96280	1					api
Death Knight	Blood	250	Bloody Fortitude	434136	talent-passive	TraitNodeEntry	false	0	Rotational	hero	San'layn	95056	117891	1					api
Death Knight	Blood	250	Bloody Reflection	1279633	talent-passive	TraitNodeEntry	false	0	Rotational	spec		76139	96271	1					api
Death Knight	Blood	250	Boiling Point	1265790	talent-passive	TraitNodeEntry	false	0	Rotational	spec		76039	96167	1					api
Death Knight	Blood	250	Bone Collector	458572	talent-passive	TraitNodeEntry	false	0	Rotational	spec		76171	96306	1					api
Death Knight	Blood	250	Brittle	374504	talent-passive	TraitNodeEntry	false	0	Rotational	class		76061	96190	1	Buff		cdm-only:CooldownSetSpell		api
Death Knight	Blood	250	Carnage	458752	talent-passive	TraitNodeEntry	false	0	Rotational	spec		102245	126301	1					api
Death Knight	Blood	250	Cleaving Strikes	316916	talent-passive	TraitNodeEntry	false	0	Rotational	class		76073	96202	1					db2-template
Death Knight	Blood	250	Coagulopathy	391477	talent-passive	TraitNodeEntry	false	0	Rotational	spec		76041	96169	1	Buff		cdm-only:CooldownSetSpell		api
Death Knight	Blood	250	Coldthirst	378848	talent-passive	TraitNodeEntry	false	0	Rotational	class		76083	96212	1					api
Death Knight	Blood	250	Dance of Midnight	1264506	talent-passive	TraitNodeEntry	false	0	Rotational	spec		110353	136917	1	Buff		talent-passive:TraitNodeEntry;cdm-only:CooldownSetSpell		api
Death Knight	Blood	250	Dark Talons	436687	talent-passive	TraitNodeEntry	false	0	Rotational	hero	Deathbringer	95057	117654	1					api
Death Knight	Blood	250	Deadly Reach	1264235	talent-passive	TraitNodeEntry	false	0	Rotational	spec		76166	96301	1					api
Death Knight	Blood	250	Death Defiance	1266818	talent-passive	TraitNodeEntry	false	0	Rotational	class		110031	136525	1					api
Death Knight	Blood	250	Death Notes	1266819	talent-passive	TraitNodeEntry	false	0	Rotational	class		110030	136524	1					api
Death Knight	Blood	250	Death's Echo	356367	talent-passive	TraitNodeEntry	false	0	Rotational	class		102007	126015	1					api
Death Knight	Blood	250	Death's Messenger	437122	talent-passive	TraitNodeEntry	false	0	Rotational	hero	Deathbringer	95049	117646	1					api
Death Knight	Blood	250	Death's Reach	276079	talent-passive	TraitNodeEntry	false	0	Rotational	class		76064	136526	1					api
Death Knight	Blood	250	Deathly Blows	1265932	talent-passive	TraitNodeEntry	false	0	Rotational	hero	Deathbringer	109734	135992	1					api
Death Knight	Blood	250	Desecrate	1234559	talent-passive	TraitNodeEntry	false	0	Rotational	hero	San'layn	95048	136836	1					api
Death Knight	Blood	250	Echoing Fury	1265855	talent-passive	TraitNodeEntry	false	0	Rotational	hero	Deathbringer	109733	135991	1					api
Death Knight	Blood	250	Enfeeble	392566	talent-passive	TraitNodeEntry	false	0	Rotational	class		110029	136523	1	Buff		cdm-only:CooldownSetSpell		api
Death Knight	Blood	250	Everlasting Bond	377668	talent-passive	TraitNodeEntry	false	0	Rotational	spec		76130	96261	1					api
Death Knight	Blood	250	Expelling Shield	439948	talent-passive	TraitNodeEntry	false	0	Rotational	hero	Deathbringer	95049	128234	1	Buff		cdm-only:CooldownSetSpell		api
Death Knight	Blood	250	Exterminate	441378	talent-passive	TraitNodeEntry	false	0	Rotational	hero	Deathbringer	95068	117665	1	Buff		cdm-only:CooldownSetSpell		api
Death Knight	Blood	250	Foul Bulwark	206974	talent-passive	TraitNodeEntry	false	0	Rotational	spec		76167	96302	1					api
Death Knight	Blood	250	Frenzied Bloodthirst	434075	talent-passive	TraitNodeEntry	false	0	Rotational	hero	San'layn	95065	117662	1					api
Death Knight	Blood	250	Frigid Resolve	1265859	talent-passive	TraitNodeEntry	false	0	Rotational	hero	Deathbringer	109735	135993	1					api
Death Knight	Blood	250	Gift of the San'layn	434152	talent-passive	TraitNodeEntry	false	0	Rotational	hero	San'layn	95053	117650	1	Buff		cdm-only:CooldownSetSpell		api
Death Knight	Blood	250	Gloom Ward	391571	talent-passive	TraitNodeEntry	false	0	Rotational	class		76052	96180	2					api
Death Knight	Blood	250	Grim Reaper	434905	talent-passive	TraitNodeEntry	false	0	Rotational	hero	Deathbringer	95034	117631	1					api
Death Knight	Blood	250	Grip of the Dead	273952	talent-passive	TraitNodeEntry	false	0	Rotational	class		76057	96186	1					api
Death Knight	Blood	250	Heartbreaker	221536	talent-passive	TraitNodeEntry	false	0	Rotational	spec		76135	96266	1					api
Death Knight	Blood	250	Hemostasis	273946	talent-passive	TraitNodeEntry	false	0	Rotational	spec		76137	96268	1	Buff		cdm-only:CooldownSetSpell		api
Death Knight	Blood	250	Ice Prison	454786	talent-passive	TraitNodeEntry	false	0	Rotational	class		76086	96215	1	Utility		cdm-only:CooldownSetSpell		api
Death Knight	Blood	250	Icy Talons	194878	talent-passive	TraitNodeEntry	false	0	Rotational	class		76085	96214	1	Buff		cdm-only:CooldownSetSpell		api
Death Knight	Blood	250	Improved Bone Shield	374715	talent-passive	TraitNodeEntry	false	0	Rotational	spec		76142	96274	1					api
Death Knight	Blood	250	Improved Death Strike	374277	talent-passive	TraitNodeEntry	false	0	Rotational	class		76067	96196	1					api
Death Knight	Blood	250	Improved Heart Strike	374717	talent-passive	TraitNodeEntry	false	0	Rotational	spec		76126	96257	2					api
Death Knight	Blood	250	Improved Vampiric Blood	317133	talent-passive	TraitNodeEntry	false	0	Rotational	spec		76140	96272	2					api
Death Knight	Blood	250	Incite Terror	434151	talent-passive	TraitNodeEntry	false	0	Rotational	hero	San'layn	95040	117637	1	Buff		cdm-only:CooldownSetSpell		api
Death Knight	Blood	250	Inevitable	1280658	talent-passive	TraitNodeEntry	false	0	Rotational	hero	San'layn	95045	117642	1					api
Death Knight	Blood	250	Infliction of Sorrow	434143	talent-passive	TraitNodeEntry	false	0	Rotational	hero	San'layn	95033	117630	1					api
Death Knight	Blood	250	Insatiable Blade	377637	talent-passive	TraitNodeEntry	false	0	Rotational	spec		76129	96260	1					api
Death Knight	Blood	250	Insidious Chill	391566	talent-passive	TraitNodeEntry	false	0	Rotational	class		76051	96179	1	Buff		cdm-only:CooldownSetSpell		api
Death Knight	Blood	250	Iron Heart	391395	talent-passive	TraitNodeEntry	false	0	Rotational	spec		76172	96307	1					api
Death Knight	Blood	250	Leeching Strike	377629	talent-passive	TraitNodeEntry	false	0	Rotational	spec		76145	96278	1					api
Death Knight	Blood	250	Lifeblood	1264296	talent-passive	TraitNodeEntry	false	0	Rotational	spec		76143	96276	1					api
Death Knight	Blood	250	March of Darkness	391546	talent-passive	TraitNodeEntry	false	0	Rotational	class		76074	96203	1					api
Death Knight	Blood	250	Newly Turned	433934	talent-passive	TraitNodeEntry	false	0	Rotational	hero	San'layn	95064	117661	1	Buff		cdm-only:CooldownSetSpell		api
Death Knight	Blood	250	Null Magic	454842	talent-passive	TraitNodeEntry	false	0	Rotational	class		102008	126016	1					api
Death Knight	Blood	250	Osmosis	454835	talent-passive	TraitNodeEntry	false	0	Rotational	class		76088	96217	1					api
Death Knight	Blood	250	Ossuary	219786	talent-passive	TraitNodeEntry	false	0	Rotational	spec		76144	96277	1	Buff		cdm-only:CooldownSetSpell		api
Death Knight	Blood	250	Pact of the Deathbringer	440476	talent-passive	TraitNodeEntry	false	0	Rotational	hero	Deathbringer	95035	117632	1					api
Death Knight	Blood	250	Pact of the San'layn	434261	talent-passive	TraitNodeEntry	false	0	Rotational	hero	San'layn	95055	117652	1					api
Death Knight	Blood	250	Permafrost	207200	talent-passive	TraitNodeEntry	false	0	Rotational	class		76066	96195	1	Buff		cdm-only:CooldownSetSpell		api
Death Knight	Blood	250	Perseverance of the Ebon Blade	374747	talent-passive	TraitNodeEntry	false	0	Rotational	spec		76124	96255	1	Buff		cdm-only:CooldownSetSpell		api
Death Knight	Blood	250	Plague Infusion	1265869	talent-passive	TraitNodeEntry	false	0	Rotational	spec		102243	126298	1					api
Death Knight	Blood	250	Proliferating Chill	373930	talent-passive	TraitNodeEntry	false	0	Rotational	class		101708	125606	1					api
Death Knight	Blood	250	Purgatory	114556	talent-passive	TraitNodeEntry	false	0	Rotational	spec		76133	96264	1	Other		cdm-only:CooldownSetSpell		api
Death Knight	Blood	250	Rapid Decomposition	194662	talent-passive	TraitNodeEntry	false	0	Rotational	spec		76141	96273	1					api
Death Knight	Blood	250	Reaper's Onslaught	469870	talent-passive	TraitNodeEntry	false	0	Rotational	hero	Deathbringer	95057	128266	1					api
Death Knight	Blood	250	Red Thirst	205723	talent-passive	TraitNodeEntry	false	0	Rotational	spec		76132	96263	1					api
Death Knight	Blood	250	Relish in Blood	317610	talent-passive	TraitNodeEntry	false	0	Rotational	spec		76146	96279	1					api
Death Knight	Blood	250	Rune Carved Plates	440282	talent-passive	TraitNodeEntry	false	0	Rotational	hero	Deathbringer	95035	123420	1	Buff		cdm-only:CooldownSetSpell		api
Death Knight	Blood	250	Rune Mastery	374574	talent-passive	TraitNodeEntry	false	0	Rotational	class		76079	96208	2	Buff		cdm-only:CooldownSetSpell		api
Death Knight	Blood	250	Runic Attenuation	207104	talent-passive	TraitNodeEntry	false	0	Rotational	class		76045	96173	1					api
Death Knight	Blood	250	Runic Protection	454788	talent-passive	TraitNodeEntry	false	0	Rotational	class		76055	96183	1					api
Death Knight	Blood	250	Sanguinary Burst	1263781	talent-passive	TraitNodeEntry	false	0	Rotational	spec		76127	96258	1					api
Death Knight	Blood	250	Sanguine Ground	391458	talent-passive	TraitNodeEntry	false	0	Rotational	spec		76131	96262	1					api
Death Knight	Blood	250	Sanguine Scent	434263	talent-passive	TraitNodeEntry	false	0	Rotational	hero	San'layn	95055	117893	1					api
Death Knight	Blood	250	Soul Rupture	437161	talent-passive	TraitNodeEntry	false	0	Rotational	hero	Deathbringer	95061	117658	1					api
Death Knight	Blood	250	Subduing Grasp	454822	talent-passive	TraitNodeEntry	false	0	Rotational	class		76080	96209	1	Buff		cdm-only:CooldownSetSpell		api
Death Knight	Blood	250	Suppression	374049	talent-passive	TraitNodeEntry	false	0	Rotational	class		76087	96216	1					api
Death Knight	Blood	250	Swift and Painful	443560	talent-passive	TraitNodeEntry	false	0	Rotational	hero	Deathbringer	95032	117629	1					api
Death Knight	Blood	250	The Blood is Life	434260	talent-passive	TraitNodeEntry	false	0	Rotational	hero	San'layn	95046	117643	1					api
Death Knight	Blood	250	Thrill of Blood	1265547	talent-passive	TraitNodeEntry	false	0	Rotational	hero	San'layn	109737	135995	1					api
Death Knight	Blood	250	Transfusion	1265574	talent-passive	TraitNodeEntry	false	0	Rotational	hero	San'layn	109736	135994	1					api
Death Knight	Blood	250	Umbilicus Eternus	391517	talent-passive	TraitNodeEntry	false	0	Rotational	spec		76040	96168	1	Buff		cdm-only:CooldownSetSpell		api
Death Knight	Blood	250	Unholy Bond	374261	talent-passive	TraitNodeEntry	false	0	Rotational	class		76076	96205	1					api
Death Knight	Blood	250	Unholy Endurance	389682	talent-passive	TraitNodeEntry	false	0	Rotational	class		76058	96187	1					api
Death Knight	Blood	250	Unholy Momentum	374265	talent-passive	TraitNodeEntry	false	0	Rotational	class		76069	96198	2					api
Death Knight	Blood	250	Unyielding Will	457574	talent-passive	TraitNodeEntry	false	0	Rotational	class		76050	96178	1					api
Death Knight	Blood	250	Vampiric Aura	434100	talent-passive	TraitNodeEntry	false	0	Rotational	hero	San'layn	95056	117653	1					api
Death Knight	Blood	250	Vampiric Speed	434028	talent-passive	TraitNodeEntry	false	0	Rotational	hero	San'layn	95064	117892	1					api
Death Knight	Blood	250	Vampiric Strike	433901	talent-passive	TraitNodeEntry	false	0	Rotational	hero	San'layn	95051	117648	1	Buff		cdm-only:CooldownSetSpell		api
Death Knight	Blood	250	Vestigial Shell	454851	talent-passive	TraitNodeEntry	false	0	Rotational	class		76053	96181	1					api
Death Knight	Blood	250	Veteran of the Third War	48263	talent-passive	TraitNodeEntry	false	0	Rotational	class		76068	96197	1					api
Death Knight	Blood	250	Visceral Strength	434157	talent-passive	TraitNodeEntry	false	0	Rotational	hero	San'layn	109738	135996	1	Buff		cdm-only:CooldownSetSpell		api
Death Knight	Blood	250	Voracious	273953	talent-passive	TraitNodeEntry	false	0	Rotational	spec		76043	96171	1	Buff		cdm-only:CooldownSetSpell		api
Death Knight	Blood	250	Wave of Souls	439851	talent-passive	TraitNodeEntry	false	0	Rotational	hero	Deathbringer	95036	117633	1	Buff		cdm-only:CooldownSetSpell		api
Death Knight	Blood	250	Will of the Necropolis	206967	talent-passive	TraitNodeEntry	false	0	Rotational	class		76054	96182	2					api
Death Knight	Blood	250	Wither Away	441894	talent-passive	TraitNodeEntry	false	0	Rotational	hero	Deathbringer	95058	117655	1					api
Death Knight	Blood	250	Blood Shield	77535	cdm-only	CooldownSetSpell	true	0	Rotational						Buff				db2-plain
Death Knight	Blood	250	Bone Shield	195181	cdm-only	CooldownSetSpell	true	0	Rotational						Other				db2-template
Death Knight	Blood	250	Crimson Scourge	81136	cdm-only	CooldownSetSpell	false	0	Rotational						Buff				api
Death Knight	Blood	250	Unholy Strength	53365	cdm-only	CooldownSetSpell	true	0	Rotational						Buff				db2-template
Death Knight	Frost	251	Anti-Magic Zone	51052	talent-active	TraitNodeEntry	true	240	Cooldown	class		76065	96194	1	Buff/Utility	Class 7 (Raid Defensive)	cdm-only:CooldownSetSpell		api
Death Knight	Frost	251	Death Pact	48743	talent-active	TraitNodeEntry	true	120	Cooldown	class		76075	96204	1	Utility	Self-Heal 4 (Emergency/Overflow)	cdm-only:CooldownSetSpell		api
Death Knight	Frost	251	Icebound Fortitude	48792	talent-active	TraitNodeEntry	true	120	Cooldown	class		76081	96210	1	Buff/Utility	Personal Defensive 1	cdm-only:CooldownSetSpell		api
Death Knight	Frost	251	Raise Dead	46585	talent-active	TraitNodeEntry	true	120	Cooldown	class		76072	96201	1		Class 4 (Special)			api
Death Knight	Frost	251	Breath of Sindragosa	1249658	talent-active	TraitNodeEntry	true	90	Cooldown	spec		76093	96222	1	Essential/Other		cdm-only:CooldownSetSpell		api
Death Knight	Frost	251	Frostwyrm's Fury	279302	talent-active	TraitNodeEntry	true	90	Cooldown	spec		76106	96236	1	Essential		cdm-only:CooldownSetSpell		api
Death Knight	Frost	251	Blinding Sleet	207167	talent-active	TraitNodeEntry	true	60	Cooldown	class		76044	96172	1	Buff/Utility	CC 2	cdm-only:CooldownSetSpell		api
Death Knight	Frost	251	Pillar of Frost	51271	talent-active	TraitNodeEntry	true	45	Cooldown	spec		101929	125874	1	Essential/Other	Cooldown 1	cdm-only:CooldownSetSpell		api
Death Knight	Frost	251	Reaper's Mark	439843	talent-active	TraitNodeEntry	true	45	Cooldown	hero	Deathbringer	95062	117659	1	Buff/Essential		cdm-only:CooldownSetSpell		api
Death Knight	Frost	251	Mind Freeze	47528	talent-active	TraitNodeEntry	true	15	Rotational	class		76084	96213	1	Utility	Interrupt	cdm-only:CooldownSetSpell		api
Death Knight	Frost	251	Control Undead	111673	talent-active	TraitNodeEntry	true	0	Rotational	class		76059	96188	1		Class 5 (Purge)			api
Death Knight	Frost	251	Death Strike	49998	talent-active	TraitNodeEntry	true	0	Rotational	class		76071	96200	1	Essential	Self-Heal 1	cdm-only:CooldownSetSpell		api
Death Knight	Frost	251	Empower Rune Weapon	47568	talent-active	TraitNodeEntry	true	0	Rotational	spec		76096	96225	1	Essential		cdm-only:CooldownSetSpell		api
Death Knight	Frost	251	Frost Strike	49143	talent-active	TraitNodeEntry	true	0	Rotational	spec		76115	96245	1	Essential	Rotational 2	cdm-only:CooldownSetSpell		api
Death Knight	Frost	251	Frostscythe	207230	talent-active	TraitNodeEntry	true	0	Rotational	spec		76113	96243	1	Essential		cdm-only:CooldownSetSpell		api
Death Knight	Frost	251	Howling Blast	49184	talent-active	TraitNodeEntry	true	0	Rotational	spec		76114	96244	1	Buff/Essential	Rotational 3	cdm-only:CooldownSetSpell		api
Death Knight	Frost	251	Obliterate	49020	talent-active	TraitNodeEntry	true	0	Rotational	spec		76116	96246	1	Essential	Rotational 1	cdm-only:CooldownSetSpell		api
Death Knight	Frost	251	Wraith Walk	212552	talent-choice	TraitNodeEntry	true	60	Cooldown	class		76074	133518	1	Buff/Utility	Movement Ability 2	cdm-only:CooldownSetSpell		api
Death Knight	Frost	251	Asphyxiate	221562	talent-choice	TraitNodeEntry	true	45	Cooldown	class		76064	96193	1	Utility	CC	cdm-only:CooldownSetSpell		api
Death Knight	Frost	251	Raise Ally	61999	class-baseline	SkillLineAbility:796	true	600	Cooldown						Utility	Class 8 (Lust/BRes)	cdm-only:CooldownSetSpell		api
Death Knight	Frost	251	Sindragosa's Fury	190778	class-baseline	SkillLineAbility:796	true	300	Cooldown										api
Death Knight	Frost	251	Lichborne	49039	class-baseline	SkillLineAbility:796	true	120	Cooldown						Buff/Utility	Self-Heal 2	cdm-only:CooldownSetSpell		api
Death Knight	Frost	251	Apocalypse	220143	class-baseline	SkillLineAbility:796	true	90	Cooldown										api
Death Knight	Frost	251	Anti-Magic Shell	48707	class-baseline	SkillLineAbility:796	true	60	Cooldown						Buff/Utility	Immune/Spell Immune/Movement	cdm-only:CooldownSetSpell		api
Death Knight	Frost	251	Death Gate	50977	class-baseline	SkillLineAbility:796	true	60	Cooldown										api
Death Knight	Frost	251	Consumption	205223	class-baseline	SkillLineAbility:796	true	45	Cooldown										api
Death Knight	Frost	251	Remorseless Winter	196770	class-baseline	SpecializationSpells	true	20	Rotational						Essential	Rotational 4	cdm-only:CooldownSetSpell		api
Death Knight	Frost	251	Corpse Exploder	127344	class-baseline	SkillLineAbility:796	true	15	Rotational										api
Death Knight	Frost	251	Dark Command	56222	class-baseline	SkillLineAbility:796	true	8	Rotational							Taunt/Quick Access			api
Death Knight	Frost	251	Death Grip	49576	class-baseline	SkillLineAbility:796	true	1	Rotational						Utility	Class 1 (Movement)	cdm-only:CooldownSetSpell		api
Death Knight	Frost	251	Death's Advance	48265	class-baseline	SkillLineAbility:796	true	1	Rotational						Buff/Utility	Movement Ability	cdm-only:CooldownSetSpell		api
Death Knight	Frost	251	Blood Plague	55078	class-baseline	SkillLineAbility:796	true	0	Rotational										api
Death Knight	Frost	251	Chains of Ice	45524	class-baseline	SkillLineAbility:796	true	0	Rotational						Buff	Slow	cdm-only:CooldownSetSpell		api
Death Knight	Frost	251	Death Coil	47541	class-baseline	SkillLineAbility:796	true	0	Rotational							Self-Heal 3 (Overflow)			api
Death Knight	Frost	251	Death and Decay	52212	class-baseline	SkillLineAbility:796	true	0	Rotational							Class 2 (CC)			api
Death Knight	Frost	251	Frost Breath	190780	class-baseline	SkillLineAbility:796	true	0	Rotational										api
Death Knight	Frost	251	Frost Fever	55095	class-baseline	SkillLineAbility:796	true	0	Rotational										api
Death Knight	Frost	251	Glacial Advance	194913	class-baseline	SpecializationSpells	true	0	Rotational						Essential	Rotational 5	cdm-only:CooldownSetSpell		api
Death Knight	Frost	251	Path of Frost	3714	class-baseline	SkillLineAbility:796	true	0	Rotational							Class 6 (Dispel)			api
Death Knight	Frost	251	Rune Strike	316239	class-baseline	SkillLineAbility:796	true	0	Rotational										api
Death Knight	Frost	251	Rune of Razorice	53343	class-baseline	SkillLineAbility:960 (secondary)	true	0	Rotational										db2-template
Death Knight	Frost	251	Rune of Sanguination	326805	class-baseline	SkillLineAbility:960 (secondary)	true	0	Rotational										db2-template
Death Knight	Frost	251	Rune of Spellwarding	326855	class-baseline	SkillLineAbility:960 (secondary)	true	0	Rotational										db2-template
Death Knight	Frost	251	Rune of Unending Thirst	326977	class-baseline	SkillLineAbility:960 (secondary)	true	0	Rotational										db2-template
Death Knight	Frost	251	Rune of the Apocalypse	327082	class-baseline	SkillLineAbility:960 (secondary)	true	0	Rotational										db2-plain
Death Knight	Frost	251	Rune of the Fallen Crusader	53344	class-baseline	SkillLineAbility:960 (secondary)	true	0	Rotational										db2-template
Death Knight	Frost	251	Rune of the Stoneskin Gargoyle	62158	class-baseline	SkillLineAbility:960 (secondary)	true	0	Rotational										db2-template
Death Knight	Frost	251	Runeforging	53428	class-baseline	SkillLineAbility:960 (secondary)	true	0	Rotational										db2-plain
Death Knight	Frost	251	Single-Button Assistant	1229376	class-baseline	SpecializationSpells	true	0	Rotational										api
Death Knight	Frost	251	Strangulate	47476	pvp-talent	PvpTalent	true	45	Cooldown										api
Death Knight	Frost	251	Dark Simulacrum	77606	pvp-talent	PvpTalent	true	20	Rotational							PvP			api
Death Knight	Frost	251	Bitter Chill	356470	pvp-talent	PvpTalent	false	0	Rotational										api
Death Knight	Frost	251	Bloodforged Armor	410301	pvp-talent	PvpTalent	false	0	Rotational										api
Death Knight	Frost	251	Death's Cold Embrace	1218603	pvp-talent	PvpTalent	false	0	Rotational										api
Death Knight	Frost	251	Deathchill	204080	pvp-talent	PvpTalent	false	0	Rotational										api
Death Knight	Frost	251	Delirium	233396	pvp-talent	PvpTalent	false	0	Rotational										api
Death Knight	Frost	251	Rot and Wither	202727	pvp-talent	PvpTalent	false	0	Rotational										api
Death Knight	Frost	251	Shroud of Winter	199719	pvp-talent	PvpTalent	false	0	Rotational										api
Death Knight	Frost	251	Spellwarden	410320	pvp-talent	PvpTalent	false	0	Rotational										api
Death Knight	Frost	251	A Feast of Souls	444072	talent-passive	TraitNodeEntry	false	0	Rotational	hero	Rider of the Apocalypse	95042	123411	1	Buff		cdm-only:CooldownSetSpell		api
Death Knight	Frost	251	Anti-Magic Barrier	205727	talent-passive	TraitNodeEntry	false	0	Rotational	class		76046	96174	1					api
Death Knight	Frost	251	Apocalypse Now	444040	talent-passive	TraitNodeEntry	false	0	Rotational	hero	Rider of the Apocalypse	95041	117638	1					api
Death Knight	Frost	251	Arctic Assault	456230	talent-passive	TraitNodeEntry	false	0	Rotational	spec		76118	96248	1	Buff		cdm-only:CooldownSetSpell		api
Death Knight	Frost	251	Assimilation	374383	talent-passive	TraitNodeEntry	false	0	Rotational	class		76048	96176	1					api
Death Knight	Frost	251	Avalanche	207142	talent-passive	TraitNodeEntry	false	0	Rotational	spec		76105	96235	1					api
Death Knight	Frost	251	Bind in Darkness	440031	talent-passive	TraitNodeEntry	false	0	Rotational	hero	Deathbringer	95043	117640	1					api
Death Knight	Frost	251	Biting Cold	377056	talent-passive	TraitNodeEntry	false	0	Rotational	spec		76112	96242	1					api
Death Knight	Frost	251	Blood Bond	1267028	talent-passive	TraitNodeEntry	false	0	Rotational	class		76060	96189	1					api
Death Knight	Frost	251	Blood Draw	374598	talent-passive	TraitNodeEntry	false	0	Rotational	class		76056	96184	1					api
Death Knight	Frost	251	Blood Scent	374030	talent-passive	TraitNodeEntry	false	0	Rotational	class		76078	96207	1					api
Death Knight	Frost	251	Bonegrinder	377098	talent-passive	TraitNodeEntry	false	0	Rotational	spec		76122	96253	2	Buff		cdm-only:CooldownSetSpell		api
Death Knight	Frost	251	Brittle	374504	talent-passive	TraitNodeEntry	false	0	Rotational	class		76061	96190	1	Buff		cdm-only:CooldownSetSpell		api
Death Knight	Frost	251	Chosen of Frostbrood	1265632	talent-passive	TraitNodeEntry	false	0	Rotational	spec		110400	136968	1	Buff		talent-passive:TraitNodeEntry;cdm-only:CooldownSetSpell		api
Death Knight	Frost	251	Cleaving Strikes	316916	talent-passive	TraitNodeEntry	false	0	Rotational	class		76073	96202	1					db2-template
Death Knight	Frost	251	Coldthirst	378848	talent-passive	TraitNodeEntry	false	0	Rotational	class		76083	96212	1					api
Death Knight	Frost	251	Cryogenic Chamber	456237	talent-passive	TraitNodeEntry	false	0	Rotational	spec		106790	131618	1	Buff		cdm-only:CooldownSetSpell		api
Death Knight	Frost	251	Dark Talons	436687	talent-passive	TraitNodeEntry	false	0	Rotational	hero	Deathbringer	95057	117654	1					api
Death Knight	Frost	251	Death Charge	444010	talent-passive	TraitNodeEntry	false	0	Rotational	hero	Rider of the Apocalypse	95060	123412	1					api
Death Knight	Frost	251	Death Defiance	1266818	talent-passive	TraitNodeEntry	false	0	Rotational	class		110031	136525	1					api
Death Knight	Frost	251	Death Notes	1266819	talent-passive	TraitNodeEntry	false	0	Rotational	class		110030	136524	1					api
Death Knight	Frost	251	Death's Echo	356367	talent-passive	TraitNodeEntry	false	0	Rotational	class		102007	126015	1					api
Death Knight	Frost	251	Death's Messenger	437122	talent-passive	TraitNodeEntry	false	0	Rotational	hero	Deathbringer	95049	117646	1					api
Death Knight	Frost	251	Death's Reach	276079	talent-passive	TraitNodeEntry	false	0	Rotational	class		76064	136526	1					api
Death Knight	Frost	251	Deathly Blows	1265932	talent-passive	TraitNodeEntry	false	0	Rotational	hero	Deathbringer	109734	135992	1					api
Death Knight	Frost	251	Echoing Fury	1265855	talent-passive	TraitNodeEntry	false	0	Rotational	hero	Deathbringer	109733	135991	1					api
Death Knight	Frost	251	Enduring Strength	377190	talent-passive	TraitNodeEntry	false	0	Rotational	spec		101930	125875	1					api
Death Knight	Frost	251	Enfeeble	392566	talent-passive	TraitNodeEntry	false	0	Rotational	class		110029	136523	1	Buff		cdm-only:CooldownSetSpell		api
Death Knight	Frost	251	Everfrost	376938	talent-passive	TraitNodeEntry	false	0	Rotational	spec		76099	96229	1					api
Death Knight	Frost	251	Expelling Shield	439948	talent-passive	TraitNodeEntry	false	0	Rotational	hero	Deathbringer	95049	128234	1					api
Death Knight	Frost	251	Exterminate	441378	talent-passive	TraitNodeEntry	false	0	Rotational	hero	Deathbringer	95068	117665	1	Buff		cdm-only:CooldownSetSpell		api
Death Knight	Frost	251	Frigid Executioner	377073	talent-passive	TraitNodeEntry	false	0	Rotational	spec		76092	96221	1					api
Death Knight	Frost	251	Frigid Resolve	1265859	talent-passive	TraitNodeEntry	false	0	Rotational	hero	Deathbringer	109735	135993	1					api
Death Knight	Frost	251	Frostbane	455993	talent-passive	TraitNodeEntry	false	0	Rotational	spec		76094	96223	1	Buff		cdm-only:CooldownSetSpell		api
Death Knight	Frost	251	Frostbound Will	1238680	talent-passive	TraitNodeEntry	false	0	Rotational	spec		109258	133362	1					api
Death Knight	Frost	251	Frostreaper	1230301	talent-passive	TraitNodeEntry	false	0	Rotational	spec		76098	96228	1	Buff		cdm-only:CooldownSetSpell		api
Death Knight	Frost	251	Frozen Dominion	377226	talent-passive	TraitNodeEntry	false	0	Rotational	spec		102009	126017	1	Buff		cdm-only:CooldownSetSpell		api
Death Knight	Frost	251	Fury of the Horsemen	444069	talent-passive	TraitNodeEntry	false	0	Rotational	hero	Rider of the Apocalypse	95042	117639	1					api
Death Knight	Frost	251	Gathering Storm	194912	talent-passive	TraitNodeEntry	false	0	Rotational	spec		76110	96240	1	Buff		cdm-only:CooldownSetSpell		api
Death Knight	Frost	251	Gloom Ward	391571	talent-passive	TraitNodeEntry	false	0	Rotational	class		76052	96180	2					api
Death Knight	Frost	251	Grim Reaper	434905	talent-passive	TraitNodeEntry	false	0	Rotational	hero	Deathbringer	95034	117631	1					api
Death Knight	Frost	251	Grip of the Dead	273952	talent-passive	TraitNodeEntry	false	0	Rotational	class		76057	96186	1	Buff		cdm-only:CooldownSetSpell		api
Death Knight	Frost	251	Horsemen's Aid	444074	talent-passive	TraitNodeEntry	false	0	Rotational	hero	Rider of the Apocalypse	95037	117634	1					api
Death Knight	Frost	251	Howling Blades	1230223	talent-passive	TraitNodeEntry	false	0	Rotational	spec		76037	96165	1					api
Death Knight	Frost	251	Hungering Thirst	444037	talent-passive	TraitNodeEntry	false	0	Rotational	hero	Rider of the Apocalypse	95044	117641	1					api
Death Knight	Frost	251	Hyperpyrexia	456238	talent-passive	TraitNodeEntry	false	0	Rotational	spec		76108	96238	1	Buff		cdm-only:CooldownSetSpell		api
Death Knight	Frost	251	Ice Prison	454786	talent-passive	TraitNodeEntry	false	0	Rotational	class		76086	96215	1	Utility		cdm-only:CooldownSetSpell		api
Death Knight	Frost	251	Icebreaker	392950	talent-passive	TraitNodeEntry	false	0	Rotational	spec		76033	96161	2					api
Death Knight	Frost	251	Icy Death Torrent	435010	talent-passive	TraitNodeEntry	false	0	Rotational	spec		101933	125878	1					api
Death Knight	Frost	251	Icy Onslaught	1230272	talent-passive	TraitNodeEntry	false	0	Rotational	spec		106791	131619	1	Buff		cdm-only:CooldownSetSpell		api
Death Knight	Frost	251	Icy Talons	194878	talent-passive	TraitNodeEntry	false	0	Rotational	class		76085	96214	1	Buff		cdm-only:CooldownSetSpell		api
Death Knight	Frost	251	Improved Death Strike	374277	talent-passive	TraitNodeEntry	false	0	Rotational	class		76067	96196	1					api
Death Knight	Frost	251	Inexorable Assault	253593	talent-passive	TraitNodeEntry	false	0	Rotational	spec		76100	96230	1					api
Death Knight	Frost	251	Insidious Chill	391566	talent-passive	TraitNodeEntry	false	0	Rotational	class		76051	96179	1	Buff		cdm-only:CooldownSetSpell		api
Death Knight	Frost	251	Killing Machine	51128	talent-passive	TraitNodeEntry	false	0	Rotational	spec		76117	96247	1	Buff		cdm-only:CooldownSetSpell		api
Death Knight	Frost	251	Killing Streak	1230153	talent-passive	TraitNodeEntry	false	0	Rotational	spec		76123	96254	1	Buff		cdm-only:CooldownSetSpell		api
Death Knight	Frost	251	Let Terror Reign	1265949	talent-passive	TraitNodeEntry	false	0	Rotational	hero	Rider of the Apocalypse	109740	135998	1					api
Death Knight	Frost	251	March of Darkness	391546	talent-passive	TraitNodeEntry	false	0	Rotational	class		76074	96203	1					api
Death Knight	Frost	251	Mawsworn Menace	444099	talent-passive	TraitNodeEntry	false	0	Rotational	hero	Rider of the Apocalypse	95054	117651	1					api
Death Knight	Frost	251	Mograine's Might	444047	talent-passive	TraitNodeEntry	false	0	Rotational	hero	Rider of the Apocalypse	95067	117664	1					api
Death Knight	Frost	251	Murderous Efficiency	207061	talent-passive	TraitNodeEntry	false	0	Rotational	spec		76121	96252	1					api
Death Knight	Frost	251	Nazgrim's Conquest	444052	talent-passive	TraitNodeEntry	false	0	Rotational	hero	Rider of the Apocalypse	95059	117656	1					api
Death Knight	Frost	251	Northwinds	1230284	talent-passive	TraitNodeEntry	false	0	Rotational	spec		76109	96239	1					api
Death Knight	Frost	251	Null Magic	454842	talent-passive	TraitNodeEntry	false	0	Rotational	class		102008	126016	1					api
Death Knight	Frost	251	Obliteration	281238	talent-passive	TraitNodeEntry	false	0	Rotational	spec		76091	96220	1					api
Death Knight	Frost	251	On a Paler Horse	444008	talent-passive	TraitNodeEntry	false	0	Rotational	hero	Rider of the Apocalypse	95060	117657	1					api
Death Knight	Frost	251	Osmosis	454835	talent-passive	TraitNodeEntry	false	0	Rotational	class		76088	96217	1					api
Death Knight	Frost	251	Pact of the Apocalypse	444083	talent-passive	TraitNodeEntry	false	0	Rotational	hero	Rider of the Apocalypse	95037	123410	1					api
Death Knight	Frost	251	Pact of the Deathbringer	440476	talent-passive	TraitNodeEntry	false	0	Rotational	hero	Deathbringer	95035	117632	1					api
Death Knight	Frost	251	Permafrost	207200	talent-passive	TraitNodeEntry	false	0	Rotational	class		76066	96195	1					api
Death Knight	Frost	251	Proliferating Chill	373930	talent-passive	TraitNodeEntry	false	0	Rotational	class		101708	125606	1					api
Death Knight	Frost	251	Rage of the Frozen Champion	377076	talent-passive	TraitNodeEntry	false	0	Rotational	spec		101931	125876	1					api
Death Knight	Frost	251	Reaper's Onslaught	469870	talent-passive	TraitNodeEntry	false	0	Rotational	hero	Deathbringer	95057	128266	1					api
Death Knight	Frost	251	Ride or Die!	1265959	talent-passive	TraitNodeEntry	false	0	Rotational	hero	Rider of the Apocalypse	109741	135999	1					api
Death Knight	Frost	251	Rider's Champion	444005	talent-passive	TraitNodeEntry	false	0	Rotational	hero	Rider of the Apocalypse	95066	117663	1	Buff		cdm-only:CooldownSetSpell		api
Death Knight	Frost	251	Rune Carved Plates	440282	talent-passive	TraitNodeEntry	false	0	Rotational	hero	Deathbringer	95035	123420	1					api
Death Knight	Frost	251	Rune Mastery	374574	talent-passive	TraitNodeEntry	false	0	Rotational	class		76079	96208	2	Buff		cdm-only:CooldownSetSpell		api
Death Knight	Frost	251	Runic Attenuation	207104	talent-passive	TraitNodeEntry	false	0	Rotational	class		76045	96173	1					api
Death Knight	Frost	251	Runic Command	376251	talent-passive	TraitNodeEntry	false	0	Rotational	spec		76102	96232	2					api
Death Knight	Frost	251	Runic Overflow	316803	talent-passive	TraitNodeEntry	false	0	Rotational	spec		76103	96233	2					api
Death Knight	Frost	251	Runic Protection	454788	talent-passive	TraitNodeEntry	false	0	Rotational	class		76055	96183	1					api
Death Knight	Frost	251	Shattering Blade	207057	talent-passive	TraitNodeEntry	false	0	Rotational	spec		76095	96224	1					api
Death Knight	Frost	251	Smothering Offense	435005	talent-passive	TraitNodeEntry	false	0	Rotational	spec		76101	96231	1					api
Death Knight	Frost	251	Soul Rupture	437161	talent-passive	TraitNodeEntry	false	0	Rotational	hero	Deathbringer	95061	117658	1					api
Death Knight	Frost	251	Subduing Grasp	454822	talent-passive	TraitNodeEntry	false	0	Rotational	class		76080	96209	1	Buff		cdm-only:CooldownSetSpell		api
Death Knight	Frost	251	Suppression	374049	talent-passive	TraitNodeEntry	false	0	Rotational	class		76087	96216	1					api
Death Knight	Frost	251	Swift and Painful	443560	talent-passive	TraitNodeEntry	false	0	Rotational	hero	Deathbringer	95032	117629	1					api
Death Knight	Frost	251	The Long Winter	456240	talent-passive	TraitNodeEntry	false	0	Rotational	spec		101932	125877	1					api
Death Knight	Frost	251	Trollbane's Icy Fury	444097	talent-passive	TraitNodeEntry	false	0	Rotational	hero	Rider of the Apocalypse	95063	117660	1					api
Death Knight	Frost	251	Unholy Armaments	1265971	talent-passive	TraitNodeEntry	false	0	Rotational	hero	Rider of the Apocalypse	109739	135997	1					api
Death Knight	Frost	251	Unholy Bond	374261	talent-passive	TraitNodeEntry	false	0	Rotational	class		76076	96205	1					api
Death Knight	Frost	251	Unholy Endurance	389682	talent-passive	TraitNodeEntry	false	0	Rotational	class		76058	96187	1					api
Death Knight	Frost	251	Unholy Momentum	374265	talent-passive	TraitNodeEntry	false	0	Rotational	class		76069	96198	2					api
Death Knight	Frost	251	Unyielding Will	457574	talent-passive	TraitNodeEntry	false	0	Rotational	class		76050	96178	1					api
Death Knight	Frost	251	Vestigial Shell	454851	talent-passive	TraitNodeEntry	false	0	Rotational	class		76053	96181	1					api
Death Knight	Frost	251	Veteran of the Third War	48263	talent-passive	TraitNodeEntry	false	0	Rotational	class		76068	96197	1					api
Death Knight	Frost	251	Wave of Souls	439851	talent-passive	TraitNodeEntry	false	0	Rotational	hero	Deathbringer	95036	117633	1	Buff		cdm-only:CooldownSetSpell		api
Death Knight	Frost	251	Whitemane's Famine	444033	talent-passive	TraitNodeEntry	false	0	Rotational	hero	Rider of the Apocalypse	95047	117644	1					api
Death Knight	Frost	251	Will of the Necropolis	206967	talent-passive	TraitNodeEntry	false	0	Rotational	class		76054	96182	2					api
Death Knight	Frost	251	Wither Away	441894	talent-passive	TraitNodeEntry	false	0	Rotational	hero	Deathbringer	95058	117655	1					api
Death Knight	Frost	251	Dark Succor	178819	cdm-only	CooldownSetSpell	false	0	Rotational						Buff				api
Death Knight	Frost	251	Death Knight Frost 12.0 Class Set 2pc	1264801	cdm-only	CooldownSetSpell	false	0	Rotational						Buff				api
Death Knight	Frost	251	Frost Death Knight	137006	cdm-only	CooldownSetSpell	false	0	Rotational						Buff				none
Death Knight	Frost	251	Rime	59057	cdm-only	CooldownSetSpell	false	0	Rotational						Buff				api
Death Knight	Unholy	252	Anti-Magic Zone	51052	talent-active	TraitNodeEntry	true	240	Cooldown	class		76065	96194	1	Buff/Utility	Class 7 (Raid Defensive)	cdm-only:CooldownSetSpell		api
Death Knight	Unholy	252	Death Pact	48743	talent-active	TraitNodeEntry	true	120	Cooldown	class		76075	96204	1	Utility	Self-Heal 4 (Emergency/Overflow)	cdm-only:CooldownSetSpell		api
Death Knight	Unholy	252	Icebound Fortitude	48792	talent-active	TraitNodeEntry	true	120	Cooldown	class		76081	96210	1	Buff/Utility	Personal Defensive 1	cdm-only:CooldownSetSpell		api
Death Knight	Unholy	252	Raise Dead	46585	talent-active	TraitNodeEntry	true	120	Cooldown	class		76072	96201	1	Essential	Class 4 (Special)	class-baseline:SpecializationSpells;cdm-only:CooldownSetSpell		api
Death Knight	Unholy	252	Army of the Dead	42650	talent-active	TraitNodeEntry	true	90	Cooldown	spec		76196	96333	1	Essential		cdm-only:CooldownSetSpell		api
Death Knight	Unholy	252	Blinding Sleet	207167	talent-active	TraitNodeEntry	true	60	Cooldown	class		76044	96172	1	Buff/Utility	CC 2	cdm-only:CooldownSetSpell		api
Death Knight	Unholy	252	Dark Transformation	1233448	talent-active	TraitNodeEntry	true	45	Cooldown	spec		76185	96322	1	Essential/Other	Cooldown 1	cdm-only:CooldownSetSpell		api
Death Knight	Unholy	252	Mind Freeze	47528	talent-active	TraitNodeEntry	true	15	Rotational	class		76084	96213	1	Utility	Interrupt	cdm-only:CooldownSetSpell		api
Death Knight	Unholy	252	Soul Reaper	343294	talent-active	TraitNodeEntry	true	15	Rotational	spec		76179	96314	1	Buff/Essential		cdm-only:CooldownSetSpell		api
Death Knight	Unholy	252	Control Undead	111673	talent-active	TraitNodeEntry	true	0	Rotational	class		76059	96188	1		Class 5 (Purge)			api
Death Knight	Unholy	252	Death Strike	49998	talent-active	TraitNodeEntry	true	0	Rotational	class		76071	96200	1	Essential	Self-Heal 1	cdm-only:CooldownSetSpell		api
Death Knight	Unholy	252	Outbreak	77575	talent-active	TraitNodeEntry	true	0	Rotational	spec		76189	96326	1	Buff/Essential	Rotational 6	cdm-only:CooldownSetSpell		api
Death Knight	Unholy	252	Putrefy	1247378	talent-active	TraitNodeEntry	true	0	Rotational	spec		108129	133522	1	Essential	Rotational 4	cdm-only:CooldownSetSpell		api
Death Knight	Unholy	252	Scourge Strike	55090	talent-active	TraitNodeEntry	true	0	Rotational	spec		76190	96327	1	Essential	Rotational 1	cdm-only:CooldownSetSpell		api
Death Knight	Unholy	252	Wraith Walk	212552	talent-choice	TraitNodeEntry	true	60	Cooldown	class		76074	133518	1	Buff/Utility	Movement Ability 2	cdm-only:CooldownSetSpell		api
Death Knight	Unholy	252	Asphyxiate	221562	talent-choice	TraitNodeEntry	true	45	Cooldown	class		76064	96193	1	Buff/Utility	CC	cdm-only:CooldownSetSpell		api
Death Knight	Unholy	252	Raise Ally	61999	class-baseline	SkillLineAbility:796	true	600	Cooldown						Utility	Class 8 (Lust/BRes)	cdm-only:CooldownSetSpell		api
Death Knight	Unholy	252	Sindragosa's Fury	190778	class-baseline	SkillLineAbility:796	true	300	Cooldown										api
Death Knight	Unholy	252	Lichborne	49039	class-baseline	SkillLineAbility:796	true	120	Cooldown						Buff/Utility	Self-Heal 2	cdm-only:CooldownSetSpell		api
Death Knight	Unholy	252	Apocalypse	220143	class-baseline	SkillLineAbility:796	true	90	Cooldown										api
Death Knight	Unholy	252	Anti-Magic Shell	48707	class-baseline	SkillLineAbility:796	true	60	Cooldown						Buff/Utility	Immune/Spell Immune/Movement	cdm-only:CooldownSetSpell		api
Death Knight	Unholy	252	Death Gate	50977	class-baseline	SkillLineAbility:796	true	60	Cooldown										api
Death Knight	Unholy	252	Consumption	205223	class-baseline	SkillLineAbility:796	true	45	Cooldown										api
Death Knight	Unholy	252	Corpse Exploder	127344	class-baseline	SkillLineAbility:796	true	15	Rotational										api
Death Knight	Unholy	252	Dark Command	56222	class-baseline	SkillLineAbility:796	true	8	Rotational							Taunt/Quick Access			api
Death Knight	Unholy	252	Death Grip	49576	class-baseline	SkillLineAbility:796	true	1	Rotational						Utility	Class 1 (Movement)	cdm-only:CooldownSetSpell		api
Death Knight	Unholy	252	Death's Advance	48265	class-baseline	SkillLineAbility:796	true	1	Rotational						Buff/Utility	Movement Ability	cdm-only:CooldownSetSpell		api
Death Knight	Unholy	252	Blood Plague	55078	class-baseline	SkillLineAbility:796	true	0	Rotational										api
Death Knight	Unholy	252	Chains of Ice	45524	class-baseline	SkillLineAbility:796	true	0	Rotational						Buff	Slow	cdm-only:CooldownSetSpell		api
Death Knight	Unholy	252	Death Coil	47541	class-baseline	SkillLineAbility:796	true	0	Rotational						Essential	Rotational 3	cdm-only:CooldownSetSpell		api
Death Knight	Unholy	252	Death and Decay	52212	class-baseline	SkillLineAbility:796	true	0	Rotational						Essential/Other	Rotational 7	cdm-only:CooldownSetSpell		api
Death Knight	Unholy	252	Epidemic	207317	class-baseline	SpecializationSpells	true	0	Rotational						Essential	Rotational 5	cdm-only:CooldownSetSpell		api
Death Knight	Unholy	252	Festering Strike	85948	class-baseline	SpecializationSpells	true	0	Rotational						Essential	Rotational 2	cdm-only:CooldownSetSpell		api
Death Knight	Unholy	252	Frost Breath	190780	class-baseline	SkillLineAbility:796	true	0	Rotational										api
Death Knight	Unholy	252	Frost Fever	55095	class-baseline	SkillLineAbility:796	true	0	Rotational										api
Death Knight	Unholy	252	Path of Frost	3714	class-baseline	SkillLineAbility:796	true	0	Rotational							Class 6 (Dispel)			api
Death Knight	Unholy	252	Rune Strike	316239	class-baseline	SkillLineAbility:796	true	0	Rotational										api
Death Knight	Unholy	252	Rune of Razorice	53343	class-baseline	SkillLineAbility:960 (secondary)	true	0	Rotational										db2-template
Death Knight	Unholy	252	Rune of Sanguination	326805	class-baseline	SkillLineAbility:960 (secondary)	true	0	Rotational										db2-template
Death Knight	Unholy	252	Rune of Spellwarding	326855	class-baseline	SkillLineAbility:960 (secondary)	true	0	Rotational										db2-template
Death Knight	Unholy	252	Rune of Unending Thirst	326977	class-baseline	SkillLineAbility:960 (secondary)	true	0	Rotational										db2-template
Death Knight	Unholy	252	Rune of the Apocalypse	327082	class-baseline	SkillLineAbility:960 (secondary)	true	0	Rotational										db2-plain
Death Knight	Unholy	252	Rune of the Fallen Crusader	53344	class-baseline	SkillLineAbility:960 (secondary)	true	0	Rotational										db2-template
Death Knight	Unholy	252	Rune of the Stoneskin Gargoyle	62158	class-baseline	SkillLineAbility:960 (secondary)	true	0	Rotational										db2-template
Death Knight	Unholy	252	Runeforging	53428	class-baseline	SkillLineAbility:960 (secondary)	true	0	Rotational										db2-plain
Death Knight	Unholy	252	Single-Button Assistant	1229376	class-baseline	SpecializationSpells	true	0	Rotational										api
Death Knight	Unholy	252	Strangulate	47476	pvp-talent	PvpTalent	true	45	Cooldown										api
Death Knight	Unholy	252	Dark Simulacrum	77606	pvp-talent	PvpTalent	true	20	Rotational							PvP			api
Death Knight	Unholy	252	Bloodforged Armor	410301	pvp-talent	PvpTalent	false	0	Rotational						Buff		cdm-only:CooldownSetSpell		api
Death Knight	Unholy	252	Doomburst	356512	pvp-talent	PvpTalent	false	0	Rotational										api
Death Knight	Unholy	252	Life and Death	288855	pvp-talent	PvpTalent	false	0	Rotational										api
Death Knight	Unholy	252	Necrotic Wounds	356520	pvp-talent	PvpTalent	false	0	Rotational										api
Death Knight	Unholy	252	Rot and Wither	202727	pvp-talent	PvpTalent	false	0	Rotational										api
Death Knight	Unholy	252	Spellwarden	410320	pvp-talent	PvpTalent	false	0	Rotational										api
Death Knight	Unholy	252	Stitchmaster	1281529	pvp-talent	PvpTalent	false	0	Rotational										api
Death Knight	Unholy	252	Zombify	210128	pvp-talent	PvpTalent	true	0	Rotational						Essential		cdm-only:CooldownSetSpell		api
Death Knight	Unholy	252	A Feast of Souls	444072	talent-passive	TraitNodeEntry	false	0	Rotational	hero	Rider of the Apocalypse	95042	123411	1	Buff		cdm-only:CooldownSetSpell		api
Death Knight	Unholy	252	All Will Serve	194916	talent-passive	TraitNodeEntry	false	0	Rotational	spec		76181	96317	1					api
Death Knight	Unholy	252	Ancient Power	377590	talent-passive	TraitNodeEntry	false	0	Rotational	spec		76152	96286	2	Buff		cdm-only:CooldownSetSpell		api
Death Knight	Unholy	252	Anti-Magic Barrier	205727	talent-passive	TraitNodeEntry	false	0	Rotational	class		76046	96174	1					api
Death Knight	Unholy	252	Apocalypse Now	444040	talent-passive	TraitNodeEntry	false	0	Rotational	hero	Rider of the Apocalypse	95041	117638	1					api
Death Knight	Unholy	252	Assimilation	374383	talent-passive	TraitNodeEntry	false	0	Rotational	class		76048	96176	1					api
Death Knight	Unholy	252	Blightburst	1254552	talent-passive	TraitNodeEntry	false	0	Rotational	spec		108126	133515	1					api
Death Knight	Unholy	252	Blightfall	1271974	talent-passive	TraitNodeEntry	false	0	Rotational	spec		108124	133513	1	Buff		cdm-only:CooldownSetSpell		api
Death Knight	Unholy	252	Blood Bond	1267028	talent-passive	TraitNodeEntry	false	0	Rotational	class		76060	96189	1					api
Death Knight	Unholy	252	Blood Draw	374598	talent-passive	TraitNodeEntry	false	0	Rotational	class		76056	96184	1	Buff		cdm-only:CooldownSetSpell		api
Death Knight	Unholy	252	Blood Scent	374030	talent-passive	TraitNodeEntry	false	0	Rotational	class		76078	96207	1					api
Death Knight	Unholy	252	Blood-Soaked Ground	434033	talent-passive	TraitNodeEntry	false	0	Rotational	hero	San'layn	95048	117645	1					api
Death Knight	Unholy	252	Bloody Fortitude	434136	talent-passive	TraitNodeEntry	false	0	Rotational	hero	San'layn	95056	117891	1					api
Death Knight	Unholy	252	Brittle	374504	talent-passive	TraitNodeEntry	false	0	Rotational	class		76061	96190	1	Buff		cdm-only:CooldownSetSpell		api
Death Knight	Unholy	252	Clawing Shadows	1241567	talent-passive	TraitNodeEntry	false	0	Rotational	spec		108131	133523	1	Buff		cdm-only:CooldownSetSpell		api
Death Knight	Unholy	252	Cleaving Strikes	316916	talent-passive	TraitNodeEntry	false	0	Rotational	class		76073	96202	1					db2-template
Death Knight	Unholy	252	Coil of Devastation	390270	talent-passive	TraitNodeEntry	false	0	Rotational	spec		76156	96290	1	Buff		cdm-only:CooldownSetSpell		api
Death Knight	Unholy	252	Coldthirst	378848	talent-passive	TraitNodeEntry	false	0	Rotational	class		76083	96212	1					api
Death Knight	Unholy	252	Commander of the Dead	390259	talent-passive	TraitNodeEntry	false	0	Rotational	spec		76149	96283	2	Buff		cdm-only:CooldownSetSpell		api
Death Knight	Unholy	252	Cycle of Death	1290864	talent-passive	TraitNodeEntry	false	0	Rotational	spec		76155	96289	1					api
Death Knight	Unholy	252	Death Charge	444010	talent-passive	TraitNodeEntry	false	0	Rotational	hero	Rider of the Apocalypse	95060	123412	1					api
Death Knight	Unholy	252	Death Defiance	1266818	talent-passive	TraitNodeEntry	false	0	Rotational	class		110031	136525	1					api
Death Knight	Unholy	252	Death Notes	1266819	talent-passive	TraitNodeEntry	false	0	Rotational	class		110030	136524	1					api
Death Knight	Unholy	252	Death's Echo	356367	talent-passive	TraitNodeEntry	false	0	Rotational	class		102007	126015	1					api
Death Knight	Unholy	252	Death's Reach	276079	talent-passive	TraitNodeEntry	false	0	Rotational	class		76064	136526	1					api
Death Knight	Unholy	252	Desecrate	1234559	talent-passive	TraitNodeEntry	false	0	Rotational	hero	San'layn	95048	136836	1					api
Death Knight	Unholy	252	Doomed Bidding	455386	talent-passive	TraitNodeEntry	false	0	Rotational	spec		108130	125816	1					api
Death Knight	Unholy	252	Ebon Fever	207269	talent-passive	TraitNodeEntry	false	0	Rotational	spec		76197	96334	1					api
Death Knight	Unholy	252	Enfeeble	392566	talent-passive	TraitNodeEntry	false	0	Rotational	class		110029	136523	1	Buff		cdm-only:CooldownSetSpell		api
Death Knight	Unholy	252	Festering Scythe	455397	talent-passive	TraitNodeEntry	false	0	Rotational	spec		76193	96330	1	Buff		cdm-only:CooldownSetSpell		api
Death Knight	Unholy	252	Forbidden Knowledge	1242158	talent-passive	TraitNodeEntry	false	0	Rotational	spec		110354	136920	1	Buff/Other		talent-passive:TraitNodeEntry;cdm-only:CooldownSetSpell		api
Death Knight	Unholy	252	Foul Infections	455396	talent-passive	TraitNodeEntry	false	0	Rotational	spec		76162	96296	1					api
Death Knight	Unholy	252	Frenzied Bloodthirst	434075	talent-passive	TraitNodeEntry	false	0	Rotational	hero	San'layn	95065	117662	1					api
Death Knight	Unholy	252	Fury of the Horsemen	444069	talent-passive	TraitNodeEntry	false	0	Rotational	hero	Rider of the Apocalypse	95042	117639	1					api
Death Knight	Unholy	252	Ghoulish Frenzy	377587	talent-passive	TraitNodeEntry	false	0	Rotational	spec		76194	96331	1	Buff		cdm-only:CooldownSetSpell		api
Death Knight	Unholy	252	Gift of the San'layn	434152	talent-passive	TraitNodeEntry	false	0	Rotational	hero	San'layn	95053	117650	1	Buff		cdm-only:CooldownSetSpell		api
Death Knight	Unholy	252	Gloom Ward	391571	talent-passive	TraitNodeEntry	false	0	Rotational	class		76052	96180	2					api
Death Knight	Unholy	252	Grave Mastery	1238900	talent-passive	TraitNodeEntry	false	0	Rotational	spec		76186	133365	1					api
Death Knight	Unholy	252	Grip of the Dead	273952	talent-passive	TraitNodeEntry	false	0	Rotational	class		76057	96186	1					api
Death Knight	Unholy	252	Harbinger of Doom	276023	talent-passive	TraitNodeEntry	false	0	Rotational	spec		76178	96313	1					api
Death Knight	Unholy	252	Horsemen's Aid	444074	talent-passive	TraitNodeEntry	false	0	Rotational	hero	Rider of the Apocalypse	95037	117634	1					api
Death Knight	Unholy	252	Hungering Thirst	444037	talent-passive	TraitNodeEntry	false	0	Rotational	hero	Rider of the Apocalypse	95044	117641	1					api
Death Knight	Unholy	252	Ice Prison	454786	talent-passive	TraitNodeEntry	false	0	Rotational	class		76086	96215	1	Utility		cdm-only:CooldownSetSpell		api
Death Knight	Unholy	252	Icy Talons	194878	talent-passive	TraitNodeEntry	false	0	Rotational	class		76085	96214	1	Buff		cdm-only:CooldownSetSpell		api
Death Knight	Unholy	252	Improved Death Strike	374277	talent-passive	TraitNodeEntry	false	0	Rotational	class		76067	96196	1					api
Death Knight	Unholy	252	Incite Terror	434151	talent-passive	TraitNodeEntry	false	0	Rotational	hero	San'layn	95040	117637	1					api
Death Knight	Unholy	252	Inevitable	1280658	talent-passive	TraitNodeEntry	false	0	Rotational	hero	San'layn	95045	117642	1					api
Death Knight	Unholy	252	Infected Claws	207272	talent-passive	TraitNodeEntry	false	0	Rotational	spec		76187	96324	1	Buff		cdm-only:CooldownSetSpell		api
Death Knight	Unholy	252	Infliction of Sorrow	434143	talent-passive	TraitNodeEntry	false	0	Rotational	hero	San'layn	95033	117630	1					api
Death Knight	Unholy	252	Insidious Chill	391566	talent-passive	TraitNodeEntry	false	0	Rotational	class		76051	96179	1	Buff		cdm-only:CooldownSetSpell		api
Death Knight	Unholy	252	Let Terror Reign	1265949	talent-passive	TraitNodeEntry	false	0	Rotational	hero	Rider of the Apocalypse	109740	135998	1					api
Death Knight	Unholy	252	Magus of the Dead	390196	talent-passive	TraitNodeEntry	false	0	Rotational	spec		76148	96282	1					api
Death Knight	Unholy	252	March of Darkness	391546	talent-passive	TraitNodeEntry	false	0	Rotational	class		76074	96203	1					api
Death Knight	Unholy	252	Mawsworn Menace	444099	talent-passive	TraitNodeEntry	false	0	Rotational	hero	Rider of the Apocalypse	95054	117651	1					api
Death Knight	Unholy	252	Menacing Magus	455135	talent-passive	TraitNodeEntry	false	0	Rotational	spec		101882	125815	1					api
Death Knight	Unholy	252	Mograine's Might	444047	talent-passive	TraitNodeEntry	false	0	Rotational	hero	Rider of the Apocalypse	95067	117664	1					api
Death Knight	Unholy	252	Morbidity	377592	talent-passive	TraitNodeEntry	false	0	Rotational	spec		76160	96294	1					api
Death Knight	Unholy	252	Nazgrim's Conquest	444052	talent-passive	TraitNodeEntry	false	0	Rotational	hero	Rider of the Apocalypse	95059	117656	1					api
Death Knight	Unholy	252	Necromancer's Cunning	288848	talent-passive	TraitNodeEntry	false	0	Rotational	spec		110260	136797	1					api
Death Knight	Unholy	252	Newly Turned	433934	talent-passive	TraitNodeEntry	false	0	Rotational	hero	San'layn	95064	117661	1					api
Death Knight	Unholy	252	Null Magic	454842	talent-passive	TraitNodeEntry	false	0	Rotational	class		102008	126016	1					api
Death Knight	Unholy	252	On a Paler Horse	444008	talent-passive	TraitNodeEntry	false	0	Rotational	hero	Rider of the Apocalypse	95060	117657	1					api
Death Knight	Unholy	252	Osmosis	454835	talent-passive	TraitNodeEntry	false	0	Rotational	class		76088	96217	1					api
Death Knight	Unholy	252	Outnumber	1241705	talent-passive	TraitNodeEntry	false	0	Rotational	spec		76182	96318	1					api
Death Knight	Unholy	252	Pact of the Apocalypse	444083	talent-passive	TraitNodeEntry	false	0	Rotational	hero	Rider of the Apocalypse	95037	123410	1					api
Death Knight	Unholy	252	Pact of the San'layn	434261	talent-passive	TraitNodeEntry	false	0	Rotational	hero	San'layn	95055	117652	1					api
Death Knight	Unholy	252	Permafrost	207200	talent-passive	TraitNodeEntry	false	0	Rotational	class		76066	96195	1	Buff		cdm-only:CooldownSetSpell		api
Death Knight	Unholy	252	Plague Mastery	390166	talent-passive	TraitNodeEntry	false	0	Rotational	spec		76186	96323	1					api
Death Knight	Unholy	252	Proliferating Chill	373930	talent-passive	TraitNodeEntry	false	0	Rotational	class		101708	125606	1					api
Death Knight	Unholy	252	Putrid Echoes	377580	talent-passive	TraitNodeEntry	false	0	Rotational	spec		108151	133546	1					api
Death Knight	Unholy	252	Raise Abomination	1242608	talent-passive	TraitNodeEntry	false	0	Rotational	spec		76176	96311	1	Buff		cdm-only:CooldownSetSpell		api
Death Knight	Unholy	252	Reanimation	1256813	talent-passive	TraitNodeEntry	false	0	Rotational	spec		109458	135676	1					api
Death Knight	Unholy	252	Reaping	377514	talent-passive	TraitNodeEntry	false	0	Rotational	spec		109392	133517	1	Buff		cdm-only:CooldownSetSpell		api
Death Knight	Unholy	252	Ride or Die!	1265959	talent-passive	TraitNodeEntry	false	0	Rotational	hero	Rider of the Apocalypse	109741	135999	1					api
Death Knight	Unholy	252	Rider's Champion	444005	talent-passive	TraitNodeEntry	false	0	Rotational	hero	Rider of the Apocalypse	95066	117663	1	Buff		cdm-only:CooldownSetSpell		api
Death Knight	Unholy	252	Rune Mastery	374574	talent-passive	TraitNodeEntry	false	0	Rotational	class		76079	96208	2	Buff		cdm-only:CooldownSetSpell		api
Death Knight	Unholy	252	Runic Attenuation	207104	talent-passive	TraitNodeEntry	false	0	Rotational	class		76045	96173	1					api
Death Knight	Unholy	252	Runic Protection	454788	talent-passive	TraitNodeEntry	false	0	Rotational	class		76055	96183	1					api
Death Knight	Unholy	252	Sanguine Scent	434263	talent-passive	TraitNodeEntry	false	0	Rotational	hero	San'layn	95055	117893	1					api
Death Knight	Unholy	252	Scourging	1242604	talent-passive	TraitNodeEntry	false	0	Rotational	spec		108127	133516	2					api
Death Knight	Unholy	252	Subduing Grasp	454822	talent-passive	TraitNodeEntry	false	0	Rotational	class		76080	96209	1	Buff		cdm-only:CooldownSetSpell		api
Death Knight	Unholy	252	Sudden Doom	49530	talent-passive	TraitNodeEntry	false	0	Rotational	spec		76191	96328	1	Buff		cdm-only:CooldownSetSpell		api
Death Knight	Unholy	252	Summon Gargoyle	1242147	talent-passive	TraitNodeEntry	false	0	Rotational	spec		76176	133514	1	Buff/Other		cdm-only:CooldownSetSpell		api
Death Knight	Unholy	252	Superstrain	390283	talent-passive	TraitNodeEntry	false	0	Rotational	spec		76192	96329	1					api
Death Knight	Unholy	252	Suppression	374049	talent-passive	TraitNodeEntry	false	0	Rotational	class		76087	96216	1	Buff		cdm-only:CooldownSetSpell		api
Death Knight	Unholy	252	The Blood is Life	434260	talent-passive	TraitNodeEntry	false	0	Rotational	hero	San'layn	95046	117643	1					api
Death Knight	Unholy	252	Thrill of Blood	1265547	talent-passive	TraitNodeEntry	false	0	Rotational	hero	San'layn	109737	135995	1					api
Death Knight	Unholy	252	Transfusion	1265574	talent-passive	TraitNodeEntry	false	0	Rotational	hero	San'layn	109736	135994	1					api
Death Knight	Unholy	252	Trollbane's Icy Fury	444097	talent-passive	TraitNodeEntry	false	0	Rotational	hero	Rider of the Apocalypse	95063	117660	1					api
Death Knight	Unholy	252	Unholy Armaments	1265971	talent-passive	TraitNodeEntry	false	0	Rotational	hero	Rider of the Apocalypse	109739	135997	1					api
Death Knight	Unholy	252	Unholy Aura	377440	talent-passive	TraitNodeEntry	false	0	Rotational	spec		76150	96284	2	Buff		cdm-only:CooldownSetSpell		api
Death Knight	Unholy	252	Unholy Bond	374261	talent-passive	TraitNodeEntry	false	0	Rotational	class		76076	96205	1					api
Death Knight	Unholy	252	Unholy Devotion	1241858	talent-passive	TraitNodeEntry	false	0	Rotational	spec		76184	96321	1					api
Death Knight	Unholy	252	Unholy Endurance	389682	talent-passive	TraitNodeEntry	false	0	Rotational	class		76058	96187	1					api
Death Knight	Unholy	252	Unholy Momentum	374265	talent-passive	TraitNodeEntry	false	0	Rotational	class		76069	96198	2					api
Death Knight	Unholy	252	Unyielding Will	457574	talent-passive	TraitNodeEntry	false	0	Rotational	class		76050	96178	1					api
Death Knight	Unholy	252	Vampiric Aura	434100	talent-passive	TraitNodeEntry	false	0	Rotational	hero	San'layn	95056	117653	1					api
Death Knight	Unholy	252	Vampiric Speed	434028	talent-passive	TraitNodeEntry	false	0	Rotational	hero	San'layn	95064	117892	1					api
Death Knight	Unholy	252	Vampiric Strike	433901	talent-passive	TraitNodeEntry	false	0	Rotational	hero	San'layn	95051	117648	1	Buff		cdm-only:CooldownSetSpell		api
Death Knight	Unholy	252	Vestigial Shell	454851	talent-passive	TraitNodeEntry	false	0	Rotational	class		76053	96181	1					api
Death Knight	Unholy	252	Veteran of the Third War	48263	talent-passive	TraitNodeEntry	false	0	Rotational	class		76068	96197	1					api
Death Knight	Unholy	252	Visceral Strength	434157	talent-passive	TraitNodeEntry	false	0	Rotational	hero	San'layn	109738	135996	1	Buff		cdm-only:CooldownSetSpell		api
Death Knight	Unholy	252	Whitemane's Famine	444033	talent-passive	TraitNodeEntry	false	0	Rotational	hero	Rider of the Apocalypse	95047	117644	1					api
Death Knight	Unholy	252	Will of the Necropolis	206967	talent-passive	TraitNodeEntry	false	0	Rotational	class		76054	96182	2					api
Death Knight	Unholy	252	Gnaw	47481	cdm-only	CooldownSetSpell	true	90	Cooldown						Utility				db2-template
Death Knight	Unholy	252	Dark Succor	178819	cdm-only	CooldownSetSpell	false	0	Rotational						Buff				api
Death Knight	Unholy	252	Runic Corruption	51462	cdm-only	CooldownSetSpell	false	0	Rotational						Buff				api
Death Knight	Unholy	252	Unholy Death Knight	137007	cdm-only	CooldownSetSpell	false	0	Rotational						Buff				none
Demon Hunter	Devourer	1480	Darkness	196718	talent-active	TraitNodeEntry	true	300	Cooldown	class		91002	112921	1	Buff/Utility	Class 7 (Raid Defensive)	cdm-only:CooldownSetSpell		api
Demon Hunter	Devourer	1480	The Hunt	1246167	talent-active	TraitNodeEntry	true	90	Cooldown	spec		109503	135736	1	Buff/Essential		cdm-only:CooldownSetSpell		api
Demon Hunter	Devourer	1480	Imprison	217832	talent-active	TraitNodeEntry	true	45	Cooldown	class		91007	112927	1	Buff/Utility	Class 6 (Dispel)	cdm-only:CooldownSetSpell		api
Demon Hunter	Devourer	1480	Void Nova	1234195	talent-active	TraitNodeEntry	true	45	Cooldown	class		107347	132289	1	Buff/Utility	CC	cdm-only:CooldownSetSpell		api
Demon Hunter	Devourer	1480	Vengeful Retreat	198793	talent-active	TraitNodeEntry	true	25	Rotational	class		90942	112853	1	Buff/Utility		cdm-only:CooldownSetSpell		api
Demon Hunter	Devourer	1480	Consume Magic	278326	talent-active	TraitNodeEntry	true	10	Rotational	class		91006	112926	1	Utility	Class 5 (Purge)	cdm-only:CooldownSetSpell		api
Demon Hunter	Devourer	1480	Collapsing Star	1221167	talent-active	TraitNodeEntry	true	0	Rotational	spec		107339	132281	1	Buff	Rotational 4	cdm-only:CooldownSetSpell		api
Demon Hunter	Devourer	1480	Sigil of Misery	207684	talent-active	TraitNodeEntry	true	0	Rotational	class		90946	112859	1	Buff/Utility	CC 2	cdm-only:CooldownSetSpell		api
Demon Hunter	Devourer	1480	Soul Immolation	1241937	talent-active	TraitNodeEntry	true	0	Rotational	spec		107344	132286	1	Buff/Essential	Rotational 5	cdm-only:CooldownSetSpell		api
Demon Hunter	Devourer	1480	Void Metamorphosis	471306	talent-active	TraitNodeEntry	true	0	Rotational	spec		107340	132282	1	Buff/Essential	Cooldown 1	class-baseline:SpecializationSpells;cdm-only:CooldownSetSpell		api
Demon Hunter	Devourer	1480	Void Ray	473728	talent-active	TraitNodeEntry	true	0	Rotational	spec		107336	132278	1	Essential	Rotational 2	cdm-only:CooldownSetSpell		api
Demon Hunter	Devourer	1480	Voidblade	1245412	talent-active	TraitNodeEntry	true	0	Rotational	class		108723	134272	1	Essential/Utility		cdm-only:CooldownSetSpell		api
Demon Hunter	Devourer	1480	Metamorphosis	191427	class-baseline	SkillLineAbility:1848	true	120	Cooldown										api
Demon Hunter	Devourer	1480	Fury of the Illidari	201467	class-baseline	SkillLineAbility:1848	true	60	Cooldown										api
Demon Hunter	Devourer	1480	Soul Carver	207407	class-baseline	SkillLineAbility:1848	true	60	Cooldown										api
Demon Hunter	Devourer	1480	Spectral Sight	188501	class-baseline	SkillLineAbility:1848	true	30	Rotational						Buff/Utility	Class 4 (Special)	class-baseline:SpecializationSpells;cdm-only:CooldownSetSpell		api
Demon Hunter	Devourer	1480	Disrupt	183752	class-baseline	SkillLineAbility:1848	true	15	Rotational						Utility	Interrupt	cdm-only:CooldownSetSpell		api
Demon Hunter	Devourer	1480	Immolation Aura	258920	class-baseline	SkillLineAbility:1848	true	1.5	Rotational										api
Demon Hunter	Devourer	1480	Fel Rush	344865	class-baseline	SkillLineAbility:1848	true	1	Rotational										api
Demon Hunter	Devourer	1480	Glide	131347	class-baseline	SkillLineAbility:1848	true	1	Rotational										api
Demon Hunter	Devourer	1480	Shift	1234796	class-baseline	SpecializationSpells	true	0.8	Rotational						Utility	Movement Ability	cdm-only:CooldownSetSpell		api
Demon Hunter	Devourer	1480	Blur	198589	class-baseline	SpecializationSpells	true	0.5	Rotational						Buff/Utility	Personal Defensive 1	cdm-only:CooldownSetSpell		api
Demon Hunter	Devourer	1480	Chaos Strike	344862	class-baseline	SkillLineAbility:1848	true	0	Rotational										api
Demon Hunter	Devourer	1480	Consume	473662	class-baseline	SpecializationSpells	true	0	Rotational							Rotational 1			api
Demon Hunter	Devourer	1480	Demon's Bite	344859	class-baseline	SkillLineAbility:1848	true	0	Rotational										api
Demon Hunter	Devourer	1480	Reap	1226019	class-baseline	SpecializationSpells	true	0	Rotational						Essential	Rotational 3	cdm-only:CooldownSetSpell		api
Demon Hunter	Devourer	1480	Sigil of Flame	204596	class-baseline	SkillLineAbility:1848	true	0	Rotational										api
Demon Hunter	Devourer	1480	Single-Button Assistant	1229376	class-baseline	SpecializationSpells	true	0	Rotational										api
Demon Hunter	Devourer	1480	Throw Glaive	185123	class-baseline	SkillLineAbility:1848	true	0	Rotational						Utility	Class 3 (Tag)	cdm-only:CooldownSetSpell		api
Demon Hunter	Devourer	1480	Torment	185245	class-baseline	SkillLineAbility:1848	true	0	Rotational						Buff	Taunt/Quick Access	cdm-only:CooldownSetSpell		api
Demon Hunter	Devourer	1480	Reverse Magic	205604	pvp-talent	PvpTalent	true	60	Cooldown										api
Demon Hunter	Devourer	1480	Armor of Souls	1261414	pvp-talent	PvpTalent	false	0	Rotational										api
Demon Hunter	Devourer	1480	Beckon	1261697	pvp-talent	PvpTalent	false	0	Rotational										api
Demon Hunter	Devourer	1480	Cleansed by Flame	205625	pvp-talent	PvpTalent	false	0	Rotational										api
Demon Hunter	Devourer	1480	Cover of Darkness	357419	pvp-talent	PvpTalent	false	0	Rotational										api
Demon Hunter	Devourer	1480	Detainment	205596	pvp-talent	PvpTalent	false	0	Rotational										api
Demon Hunter	Devourer	1480	Glimpse	354489	pvp-talent	PvpTalent	false	0	Rotational										api
Demon Hunter	Devourer	1480	Inevitable End	1261409	pvp-talent	PvpTalent	false	0	Rotational										api
Demon Hunter	Devourer	1480	Surrender to the Void	1261423	pvp-talent	PvpTalent	false	0	Rotational										api
Demon Hunter	Devourer	1480	Aldrachi Design	391409	talent-passive	TraitNodeEntry	false	0	Rotational	class		90999	112917	1					api
Demon Hunter	Devourer	1480	Aura of Pain	207347	talent-passive	TraitNodeEntry	false	0	Rotational	class		90933	112844	1					api
Demon Hunter	Devourer	1480	Blazing Path	320416	talent-passive	TraitNodeEntry	false	0	Rotational	class		95150	117759	1					api
Demon Hunter	Devourer	1480	Blind Focus	1272364	talent-passive	TraitNodeEntry	false	0	Rotational	hero	Void-Scarred	110105	136607	1					api
Demon Hunter	Devourer	1480	Bouncing Glaives	320386	talent-passive	TraitNodeEntry	false	0	Rotational	class		90931	112841	1					api
Demon Hunter	Devourer	1480	Burn It Out	1266316	talent-passive	TraitNodeEntry	false	0	Rotational	class		90927	112837	1					api
Demon Hunter	Devourer	1480	Burning Blades	452408	talent-passive	TraitNodeEntry	false	0	Rotational	hero	Void-Scarred	110111	136610	1	Buff		cdm-only:CooldownSetSpell		api
Demon Hunter	Devourer	1480	Calamitous	1242495	talent-passive	TraitNodeEntry	false	0	Rotational	spec		110166	136691	1					api
Demon Hunter	Devourer	1480	Catastrophe	1253769	talent-passive	TraitNodeEntry	false	0	Rotational	hero	Annihilator	109453	135671	1					api
Demon Hunter	Devourer	1480	Celestial Echoes	1253415	talent-passive	TraitNodeEntry	false	0	Rotational	hero	Annihilator	109451	135669	1					api
Demon Hunter	Devourer	1480	Champion of the Glaive	429211	talent-passive	TraitNodeEntry	false	0	Rotational	class		90994	117768	1					api
Demon Hunter	Devourer	1480	Charred Warblades	213010	talent-passive	TraitNodeEntry	false	0	Rotational	class		90948	112861	1					api
Demon Hunter	Devourer	1480	Dark Matter	1256307	talent-passive	TraitNodeEntry	false	0	Rotational	hero	Annihilator	109444	135662	1	Buff		cdm-only:CooldownSetSpell		api
Demon Hunter	Devourer	1480	Demon Muzzle	1266329	talent-passive	TraitNodeEntry	false	0	Rotational	class		90928	112838	1	Buff		cdm-only:CooldownSetSpell		api
Demon Hunter	Devourer	1480	Demonic Instinct	1247538	talent-passive	TraitNodeEntry	false	0	Rotational	spec		110165	136690	2					api
Demon Hunter	Devourer	1480	Demonic Intensity	452415	talent-passive	TraitNodeEntry	false	0	Rotational	hero	Void-Scarred	110116	136617	1					api
Demon Hunter	Devourer	1480	Demonic Resilience	1266307	talent-passive	TraitNodeEntry	false	0	Rotational	class		90997	117755	1					api
Demon Hunter	Devourer	1480	Devourer's Bite	1240201	talent-passive	TraitNodeEntry	false	0	Rotational	spec		110167	136692	1	Buff		cdm-only:CooldownSetSpell		api
Demon Hunter	Devourer	1480	Devourer's Edge	1244222	talent-passive	TraitNodeEntry	false	0	Rotational	spec		108143	133538	2					api
Demon Hunter	Devourer	1480	Disrupting Fury	183782	talent-passive	TraitNodeEntry	false	0	Rotational	class		90937	112848	1					api
Demon Hunter	Devourer	1480	Doomsayer	1253676	talent-passive	TraitNodeEntry	false	0	Rotational	hero	Annihilator	109450	135668	1					api
Demon Hunter	Devourer	1480	Duty Eternal	1246562	talent-passive	TraitNodeEntry	false	0	Rotational	spec		108726	134275	1					api
Demon Hunter	Devourer	1480	Emptiness	1242492	talent-passive	TraitNodeEntry	false	0	Rotational	spec		108123	133512	1					api
Demon Hunter	Devourer	1480	Enduring Torment	452410	talent-passive	TraitNodeEntry	false	0	Rotational	hero	Void-Scarred	110106	136615	1	Buff		cdm-only:CooldownSetSpell		api
Demon Hunter	Devourer	1480	Entropy	1261684	talent-passive	TraitNodeEntry	false	0	Rotational	spec		108122	133511	1					api
Demon Hunter	Devourer	1480	Eradicate	1226033	talent-passive	TraitNodeEntry	false	0	Rotational	spec		107345	132287	1	Buff		cdm-only:CooldownSetSpell		api
Demon Hunter	Devourer	1480	Erratic Felheart	391397	talent-passive	TraitNodeEntry	false	0	Rotational	class		90996	112914	2					api
Demon Hunter	Devourer	1480	Feast of Souls	1237270	talent-passive	TraitNodeEntry	false	0	Rotational	spec		107343	132285	1	Buff		cdm-only:CooldownSetSpell		api
Demon Hunter	Devourer	1480	Felfire Haste	389846	talent-passive	TraitNodeEntry	false	0	Rotational	class		90939	112850	1	Buff		cdm-only:CooldownSetSpell		api
Demon Hunter	Devourer	1480	Final Breath	1266500	talent-passive	TraitNodeEntry	false	0	Rotational	class		110011	136501	1					api
Demon Hunter	Devourer	1480	Final Hour	1253805	talent-passive	TraitNodeEntry	false	0	Rotational	hero	Annihilator	109445	135663	1	Buff		cdm-only:CooldownSetSpell		api
Demon Hunter	Devourer	1480	First In, Last Out	1266497	talent-passive	TraitNodeEntry	false	0	Rotational	class		95149	117758	1	Buff		cdm-only:CooldownSetSpell		api
Demon Hunter	Devourer	1480	Flamebound	452413	talent-passive	TraitNodeEntry	false	0	Rotational	hero	Void-Scarred	110107	136614	1					api
Demon Hunter	Devourer	1480	Focused Hatred	452405	talent-passive	TraitNodeEntry	false	0	Rotational	hero	Void-Scarred	110113	136612	1					api
Demon Hunter	Devourer	1480	Focused Ire	1266296	talent-passive	TraitNodeEntry	false	0	Rotational	class		95154	117767	1					api
Demon Hunter	Devourer	1480	Focused Ray	1240203	talent-passive	TraitNodeEntry	false	0	Rotational	spec		107774	133110	1					api
Demon Hunter	Devourer	1480	Furious	1266326	talent-passive	TraitNodeEntry	false	0	Rotational	class		95152	117762	1					api
Demon Hunter	Devourer	1480	Gift of the Void	1272847	talent-passive	TraitNodeEntry	false	0	Rotational	spec		107775	133111	1					api
Demon Hunter	Devourer	1480	Guile	1223171	talent-passive	TraitNodeEntry	false	0	Rotational	class		107346	132288	1					api
Demon Hunter	Devourer	1480	Harness the Cosmos	1279247	talent-passive	TraitNodeEntry	false	0	Rotational	hero	Annihilator	109450	136810	1					api
Demon Hunter	Devourer	1480	Hungering Slash	1239519	talent-passive	TraitNodeEntry	false	0	Rotational	spec		108136	133531	1	Buff		cdm-only:CooldownSetSpell		api
Demon Hunter	Devourer	1480	Illidari Knowledge	389696	talent-passive	TraitNodeEntry	false	0	Rotational	class		90935	112846	2					api
Demon Hunter	Devourer	1480	Impending Apocalypse	1227707	talent-passive	TraitNodeEntry	false	0	Rotational	spec		107341	132283	1	Buff		cdm-only:CooldownSetSpell		api
Demon Hunter	Devourer	1480	Improved Consume	1272817	talent-passive	TraitNodeEntry	false	0	Rotational	spec		108144	134330	1					api
Demon Hunter	Devourer	1480	Improved Disrupt	320361	talent-passive	TraitNodeEntry	false	0	Rotational	class		90938	112849	1					api
Demon Hunter	Devourer	1480	Improved Sigil of Misery	320418	talent-passive	TraitNodeEntry	false	0	Rotational	class		90945	112858	1					api
Demon Hunter	Devourer	1480	Improved Soul Rending	452407	talent-passive	TraitNodeEntry	false	0	Rotational	hero	Void-Scarred	110117	136618	1					api
Demon Hunter	Devourer	1480	Infernal Armor	320331	talent-passive	TraitNodeEntry	false	0	Rotational	class		91004	112924	2					api
Demon Hunter	Devourer	1480	Internal Struggle	393822	talent-passive	TraitNodeEntry	false	0	Rotational	class		90934	112845	1					api
Demon Hunter	Devourer	1480	Live by the Glaive	428607	talent-passive	TraitNodeEntry	false	0	Rotational	class		95151	117761	1					api
Demon Hunter	Devourer	1480	Long Night	389781	talent-passive	TraitNodeEntry	false	0	Rotational	class		91001	112920	1					api
Demon Hunter	Devourer	1480	Lost in Darkness	389849	talent-passive	TraitNodeEntry	false	0	Rotational	class		90947	112860	1					api
Demon Hunter	Devourer	1480	Mass Acceleration	1256295	talent-passive	TraitNodeEntry	false	0	Rotational	hero	Annihilator	109447	135665	1					api
Demon Hunter	Devourer	1480	Master of the Glaive	389763	talent-passive	TraitNodeEntry	false	0	Rotational	class		90994	112912	1	Buff		cdm-only:CooldownSetSpell		api
Demon Hunter	Devourer	1480	Meteoric Fall	1253391	talent-passive	TraitNodeEntry	false	0	Rotational	hero	Annihilator	109446	135664	1					api
Demon Hunter	Devourer	1480	Meteoric Rise	1253377	talent-passive	TraitNodeEntry	false	0	Rotational	hero	Annihilator	109455	135673	1					api
Demon Hunter	Devourer	1480	Midnight	1242486	talent-passive	TraitNodeEntry	false	0	Rotational	spec		110416	137016	1			talent-passive:TraitNodeEntry		api
Demon Hunter	Devourer	1480	Moment of Craving	1238488	talent-passive	TraitNodeEntry	false	0	Rotational	spec		107770	133106	1	Buff		cdm-only:CooldownSetSpell		api
Demon Hunter	Devourer	1480	Monster Rising	452414	talent-passive	TraitNodeEntry	false	0	Rotational	hero	Void-Scarred	110104	136608	1					api
Demon Hunter	Devourer	1480	Otherworldly Focus	1253817	talent-passive	TraitNodeEntry	false	0	Rotational	hero	Annihilator	109443	135661	1					api
Demon Hunter	Devourer	1480	Path to Oblivion	1253399	talent-passive	TraitNodeEntry	false	0	Rotational	hero	Annihilator	109448	135666	1					api
Demon Hunter	Devourer	1480	Phase Shift	1256245	talent-passive	TraitNodeEntry	false	0	Rotational	hero	Annihilator	109452	135670	1					api
Demon Hunter	Devourer	1480	Pitch Black	389783	talent-passive	TraitNodeEntry	false	0	Rotational	class		91001	112919	1					api
Demon Hunter	Devourer	1480	Predator's Thirst	1215617	talent-passive	TraitNodeEntry	false	0	Rotational	spec		107771	133107	1					api
Demon Hunter	Devourer	1480	Pursuit	320654	talent-passive	TraitNodeEntry	false	0	Rotational	class		90940	112851	1					api
Demon Hunter	Devourer	1480	Pursuit of Angriness	452404	talent-passive	TraitNodeEntry	false	0	Rotational	hero	Void-Scarred	110114	136619	1					api
Demon Hunter	Devourer	1480	Remorseless	1266328	talent-passive	TraitNodeEntry	false	0	Rotational	class		90929	112839	1					api
Demon Hunter	Devourer	1480	Rolling Torment	1244237	talent-passive	TraitNodeEntry	false	0	Rotational	spec		110168	136693	1	Buff		cdm-only:CooldownSetSpell		api
Demon Hunter	Devourer	1480	Scythe's Embrace	1246558	talent-passive	TraitNodeEntry	false	0	Rotational	spec		108726	134279	1					api
Demon Hunter	Devourer	1480	Second Helping	1239537	talent-passive	TraitNodeEntry	false	0	Rotational	spec		110009	136499	1					api
Demon Hunter	Devourer	1480	Set Fire to the Pain	452406	talent-passive	TraitNodeEntry	false	0	Rotational	hero	Void-Scarred	110117	136620	1					api
Demon Hunter	Devourer	1480	Shattered Restoration	389824	talent-passive	TraitNodeEntry	false	0	Rotational	class		90950	112863	1					api
Demon Hunter	Devourer	1480	Singed Spirit	1272832	talent-passive	TraitNodeEntry	false	0	Rotational	spec		108627	134148	1					api
Demon Hunter	Devourer	1480	Singular Strikes	1272770	talent-passive	TraitNodeEntry	false	0	Rotational	spec		110170	136695	1					api
Demon Hunter	Devourer	1480	Soul Cleanse	1266496	talent-passive	TraitNodeEntry	false	0	Rotational	class		90927	136502	1					api
Demon Hunter	Devourer	1480	Soul Glutton	1247534	talent-passive	TraitNodeEntry	false	0	Rotational	spec		108123	134331	1					api
Demon Hunter	Devourer	1480	Soul Rending	204909	talent-passive	TraitNodeEntry	false	0	Rotational	class		90936	112847	2					api
Demon Hunter	Devourer	1480	Soul Splitter	1266330	talent-passive	TraitNodeEntry	false	0	Rotational	class		90949	112862	2					api
Demon Hunter	Devourer	1480	Soulforged Blades	1272432	talent-passive	TraitNodeEntry	false	0	Rotational	spec		110171	136696	1					api
Demon Hunter	Devourer	1480	Soulshaper	1238739	talent-passive	TraitNodeEntry	false	0	Rotational	spec		107342	132284	1					api
Demon Hunter	Devourer	1480	Spontaneous Immolation	1246556	talent-passive	TraitNodeEntry	false	0	Rotational	spec		108727	135730	1					api
Demon Hunter	Devourer	1480	Star Fragments	1240204	talent-passive	TraitNodeEntry	false	0	Rotational	spec		110172	136697	1					api
Demon Hunter	Devourer	1480	State of Matter	1253402	talent-passive	TraitNodeEntry	false	0	Rotational	hero	Annihilator	109448	135659	1					api
Demon Hunter	Devourer	1480	Student of Suffering	452412	talent-passive	TraitNodeEntry	false	0	Rotational	hero	Void-Scarred	110107	136616	1	Buff		cdm-only:CooldownSetSpell		api
Demon Hunter	Devourer	1480	Swallowed Anger	320313	talent-passive	TraitNodeEntry	false	0	Rotational	class		91005	112925	1					api
Demon Hunter	Devourer	1480	Sweet Release	1242768	talent-passive	TraitNodeEntry	false	0	Rotational	spec		108628	134149	2					api
Demon Hunter	Devourer	1480	Sweet Suffering	1244295	talent-passive	TraitNodeEntry	false	0	Rotational	spec		107338	132280	2					api
Demon Hunter	Devourer	1480	Swift Erasure	1253668	talent-passive	TraitNodeEntry	false	0	Rotational	hero	Annihilator	109454	135672	1					api
Demon Hunter	Devourer	1480	Tempered Soul	1246555	talent-passive	TraitNodeEntry	false	0	Rotational	spec		108727	134280	1					api
Demon Hunter	Devourer	1480	Umbral Blade	1272842	talent-passive	TraitNodeEntry	false	0	Rotational	spec		107997	133368	1					api
Demon Hunter	Devourer	1480	Undying Embers	1272405	talent-passive	TraitNodeEntry	false	0	Rotational	hero	Void-Scarred	110108	136609	1					api
Demon Hunter	Devourer	1480	Unrestrained Fury	320770	talent-passive	TraitNodeEntry	false	0	Rotational	class		90941	112852	1					api
Demon Hunter	Devourer	1480	Untethered Fury	452411	talent-passive	TraitNodeEntry	false	0	Rotational	hero	Void-Scarred	110109	136606	1					api
Demon Hunter	Devourer	1480	Vengeful Bonds	320635	talent-passive	TraitNodeEntry	false	0	Rotational	class		90930	112840	1					api
Demon Hunter	Devourer	1480	Violent Transformation	452409	talent-passive	TraitNodeEntry	false	0	Rotational	hero	Void-Scarred	110115	136622	1					api
Demon Hunter	Devourer	1480	Voidfall	1253304	talent-passive	TraitNodeEntry	false	0	Rotational	hero	Annihilator	109449	135667	1	Buff		cdm-only:CooldownSetSpell		api
Demon Hunter	Devourer	1480	Voidglare Boon	1240202	talent-passive	TraitNodeEntry	false	0	Rotational	spec		110169	136694	1					api
Demon Hunter	Devourer	1480	Voidpurge	1244220	talent-passive	TraitNodeEntry	false	0	Rotational	spec		110174	136699	1					api
Demon Hunter	Devourer	1480	Voidrage	1242956	talent-passive	TraitNodeEntry	false	0	Rotational	spec		109871	136131	2					api
Demon Hunter	Devourer	1480	Voidrush	1272422	talent-passive	TraitNodeEntry	false	0	Rotational	spec		110173	136698	1					api
Demon Hunter	Devourer	1480	Voidsurge	452402	talent-passive	TraitNodeEntry	false	0	Rotational	hero	Void-Scarred	110112	136613	1				Demonsurge	api
Demon Hunter	Devourer	1480	Volatile Instinct	1272453	talent-passive	TraitNodeEntry	false	0	Rotational	hero	Void-Scarred	110110	136611	1	Buff		cdm-only:CooldownSetSpell		api
Demon Hunter	Devourer	1480	Waste Not	1223918	talent-passive	TraitNodeEntry	false	0	Rotational	spec		107999	133370	1					api
Demon Hunter	Devourer	1480	Wave of Debilitation	452403	talent-passive	TraitNodeEntry	false	0	Rotational	hero	Void-Scarred	110114	136621	1	Buff		cdm-only:CooldownSetSpell		api
Demon Hunter	Devourer	1480	Will of the Illidari	389695	talent-passive	TraitNodeEntry	false	0	Rotational	class		91000	112918	2					api
Demon Hunter	Devourer	1480	Wings of Wrath	1266493	talent-passive	TraitNodeEntry	false	0	Rotational	class		110010	136500	1					api
Demon Hunter	Devourer	1480	World Killer	1256353	talent-passive	TraitNodeEntry	false	0	Rotational	hero	Annihilator	109442	135660	1					api
Demon Hunter	Devourer	1480	Shattered Souls	1227619	cdm-only	CooldownSetSpell	false	0	Rotational						Buff				api
Demon Hunter	Havoc	577	Darkness	196718	talent-active	TraitNodeEntry	true	300	Cooldown	class		91002	112921	1	Utility	Class 7 (Raid Defensive)	cdm-only:CooldownSetSpell		api
Demon Hunter	Havoc	577	The Hunt	370965	talent-active	TraitNodeEntry	true	90	Cooldown	spec		90921	112830	1	Buff/Essential		cdm-only:CooldownSetSpell		api
Demon Hunter	Havoc	577	Chaos Nova	179057	talent-active	TraitNodeEntry	true	45	Cooldown	class		90993	112911	1	Buff/Utility	CC	cdm-only:CooldownSetSpell		api
Demon Hunter	Havoc	577	Imprison	217832	talent-active	TraitNodeEntry	true	45	Cooldown	class		91007	112927	1	Utility	Class 6 (Dispel)	cdm-only:CooldownSetSpell		api
Demon Hunter	Havoc	577	Essence Break	258860	talent-active	TraitNodeEntry	true	40	Rotational	spec		91033	112956	1	Essential		cdm-only:CooldownSetSpell		api
Demon Hunter	Havoc	577	Eye Beam	198013	talent-active	TraitNodeEntry	true	30	Rotational	spec		91018	112939	1	Essential	Rotational 3	cdm-only:CooldownSetSpell		api
Demon Hunter	Havoc	577	Vengeful Retreat	198793	talent-active	TraitNodeEntry	true	25	Rotational	class		90942	112853	1	Utility		cdm-only:CooldownSetSpell		api
Demon Hunter	Havoc	577	Felblade	232893	talent-active	TraitNodeEntry	true	12	Rotational	class		91008	112928	1	Utility		cdm-only:CooldownSetSpell		api
Demon Hunter	Havoc	577	Consume Magic	278326	talent-active	TraitNodeEntry	true	10	Rotational	class		91006	112926	1	Utility	Class 5 (Purge)	cdm-only:CooldownSetSpell		api
Demon Hunter	Havoc	577	Sigil of Misery	207684	talent-active	TraitNodeEntry	true	0	Rotational	class		90946	112859	1	Utility	CC 2	cdm-only:CooldownSetSpell		api
Demon Hunter	Havoc	577	Metamorphosis	191427	class-baseline	SkillLineAbility:1848	true	120	Cooldown						Buff/Essential	Cooldown 1	cdm-only:CooldownSetSpell		api
Demon Hunter	Havoc	577	Fury of the Illidari	201467	class-baseline	SkillLineAbility:1848	true	60	Cooldown										api
Demon Hunter	Havoc	577	Soul Carver	207407	class-baseline	SkillLineAbility:1848	true	60	Cooldown										api
Demon Hunter	Havoc	577	Spectral Sight	188501	class-baseline	SkillLineAbility:1848	true	30	Rotational						Utility	Class 4 (Special)	cdm-only:CooldownSetSpell		api
Demon Hunter	Havoc	577	Blade Dance	188499	class-baseline	SpecializationSpells	true	15	Rotational						Essential	Rotational 2	cdm-only:CooldownSetSpell		api
Demon Hunter	Havoc	577	Disrupt	183752	class-baseline	SkillLineAbility:1848	true	15	Rotational						Utility	Interrupt	cdm-only:CooldownSetSpell		api
Demon Hunter	Havoc	577	Immolation Aura	258920	class-baseline	SkillLineAbility:1848	true	1.5	Rotational						Buff/Essential	Rotational 4	cdm-only:CooldownSetSpell		api
Demon Hunter	Havoc	577	Fel Rush	344865	class-baseline	SkillLineAbility:1848	true	1	Rotational						Essential/Utility	Movement Ability	class-baseline:SpecializationSpells;cdm-only:CooldownSetSpell		api
Demon Hunter	Havoc	577	Glide	131347	class-baseline	SkillLineAbility:1848	true	1	Rotational										api
Demon Hunter	Havoc	577	Blur	198589	class-baseline	SpecializationSpells	true	0.5	Rotational						Buff/Utility	Personal Defensive 1	cdm-only:CooldownSetSpell		api
Demon Hunter	Havoc	577	Chaos Strike	344862	class-baseline	SkillLineAbility:1848	true	0	Rotational						Essential	Rotational 1	class-baseline:SpecializationSpells;cdm-only:CooldownSetSpell		api
Demon Hunter	Havoc	577	Demon's Bite	344859	class-baseline	SkillLineAbility:1848	true	0	Rotational								class-baseline:SpecializationSpells		api
Demon Hunter	Havoc	577	Sigil of Flame	204596	class-baseline	SkillLineAbility:1848	true	0	Rotational										api
Demon Hunter	Havoc	577	Single-Button Assistant	1229376	class-baseline	SpecializationSpells	true	0	Rotational										api
Demon Hunter	Havoc	577	Throw Glaive	185123	class-baseline	SkillLineAbility:1848	true	0	Rotational						Essential	Rotational 8	cdm-only:CooldownSetSpell		api
Demon Hunter	Havoc	577	Torment	185245	class-baseline	SkillLineAbility:1848	true	0	Rotational						Utility	Taunt/Quick Access	cdm-only:CooldownSetSpell		api
Demon Hunter	Havoc	577	Rain from Above	206803	pvp-talent	PvpTalent	true	90	Cooldown						Essential	PvP	cdm-only:CooldownSetSpell		api
Demon Hunter	Havoc	577	Illidan's Grasp	205630	pvp-talent	PvpTalent	true	60	Cooldown							PvP 2			api
Demon Hunter	Havoc	577	Reverse Magic	205604	pvp-talent	PvpTalent	true	60	Cooldown						Utility	PvP 3	cdm-only:CooldownSetSpell		api
Demon Hunter	Havoc	577	Blood Moon	355995	pvp-talent	PvpTalent	false	0	Rotational										api
Demon Hunter	Havoc	577	Cleansed by Flame	205625	pvp-talent	PvpTalent	false	0	Rotational										api
Demon Hunter	Havoc	577	Cover of Darkness	357419	pvp-talent	PvpTalent	false	0	Rotational										api
Demon Hunter	Havoc	577	Detainment	205596	pvp-talent	PvpTalent	false	0	Rotational										api
Demon Hunter	Havoc	577	Glimpse	354489	pvp-talent	PvpTalent	false	0	Rotational										api
Demon Hunter	Havoc	577	Sigil Mastery	211489	pvp-talent	PvpTalent	false	0	Rotational										api
Demon Hunter	Havoc	577	Unending Hatred	213480	pvp-talent	PvpTalent	false	0	Rotational										api
Demon Hunter	Havoc	577	A Fire Inside	427775	talent-passive	TraitNodeEntry	false	0	Rotational	spec		95143	117741	1					api
Demon Hunter	Havoc	577	Accelerated Blade	391275	talent-passive	TraitNodeEntry	false	0	Rotational	spec		91011	112932	1					api
Demon Hunter	Havoc	577	Aldrachi Design	391409	talent-passive	TraitNodeEntry	false	0	Rotational	class		90999	112917	1					api
Demon Hunter	Havoc	577	Aldrachi Tactics	442683	talent-passive	TraitNodeEntry	false	0	Rotational	hero	Aldrachi Reaver	94914	117511	1					api
Demon Hunter	Havoc	577	Army Unto Oneself	442714	talent-passive	TraitNodeEntry	false	0	Rotational	hero	Aldrachi Reaver	94896	117493	1	Buff		cdm-only:CooldownSetSpell		api
Demon Hunter	Havoc	577	Art of the Glaive	442290	talent-passive	TraitNodeEntry	false	0	Rotational	hero	Aldrachi Reaver	94915	117512	1	Buff		cdm-only:CooldownSetSpell		api
Demon Hunter	Havoc	577	Aura of Pain	207347	talent-passive	TraitNodeEntry	false	0	Rotational	class		90933	112844	1					api
Demon Hunter	Havoc	577	Bladecraft	1272153	talent-passive	TraitNodeEntry	false	0	Rotational	hero	Aldrachi Reaver	94906	117503	1					api
Demon Hunter	Havoc	577	Blazing Path	320416	talent-passive	TraitNodeEntry	false	0	Rotational	class		95150	117759	1					api
Demon Hunter	Havoc	577	Blind Focus	1272364	talent-passive	TraitNodeEntry	false	0	Rotational	hero	Fel-Scarred	109773	136031	1					api
Demon Hunter	Havoc	577	Blind Fury	203550	talent-passive	TraitNodeEntry	false	0	Rotational	spec		91026	112949	2					api
Demon Hunter	Havoc	577	Bouncing Glaives	320386	talent-passive	TraitNodeEntry	false	0	Rotational	class		90931	112841	1					api
Demon Hunter	Havoc	577	Broken Spirit	1272143	talent-passive	TraitNodeEntry	false	0	Rotational	hero	Aldrachi Reaver	109771	136029	1					api
Demon Hunter	Havoc	577	Burn It Out	1266316	talent-passive	TraitNodeEntry	false	0	Rotational	class		90927	112837	1					api
Demon Hunter	Havoc	577	Burning Blades	452408	talent-passive	TraitNodeEntry	false	0	Rotational	hero	Fel-Scarred	94905	117502	1					api
Demon Hunter	Havoc	577	Burning Hatred	320374	talent-passive	TraitNodeEntry	false	0	Rotational	spec		90923	112832	1					api
Demon Hunter	Havoc	577	Burning Wound	391189	talent-passive	TraitNodeEntry	false	0	Rotational	spec		90917	112826	1	Buff		cdm-only:CooldownSetSpell		api
Demon Hunter	Havoc	577	Champion of the Glaive	429211	talent-passive	TraitNodeEntry	false	0	Rotational	class		90994	117768	1					api
Demon Hunter	Havoc	577	Chaos Theory	389687	talent-passive	TraitNodeEntry	false	0	Rotational	spec		91035	112958	1	Buff		cdm-only:CooldownSetSpell		api
Demon Hunter	Havoc	577	Chaotic Disposition	428492	talent-passive	TraitNodeEntry	false	0	Rotational	spec		95147	117754	2					api
Demon Hunter	Havoc	577	Chaotic Transformation	388112	talent-passive	TraitNodeEntry	false	0	Rotational	spec		91024	117765	1					api
Demon Hunter	Havoc	577	Charred Warblades	213010	talent-passive	TraitNodeEntry	false	0	Rotational	class		90948	112861	1					api
Demon Hunter	Havoc	577	Collective Anguish	390152	talent-passive	TraitNodeEntry	false	0	Rotational	spec		91031	134227	1					api
Demon Hunter	Havoc	577	Critical Chaos	320413	talent-passive	TraitNodeEntry	false	0	Rotational	spec		91028	112951	1					api
Demon Hunter	Havoc	577	Cycle of Hatred	258887	talent-passive	TraitNodeEntry	false	0	Rotational	spec		91032	112955	1	Buff		cdm-only:CooldownSetSpell		api
Demon Hunter	Havoc	577	Dancing with Fate	389978	talent-passive	TraitNodeEntry	false	0	Rotational	spec		91015	112936	2					api
Demon Hunter	Havoc	577	Dash of Chaos	427794	talent-passive	TraitNodeEntry	false	0	Rotational	spec		93014	115245	1					api
Demon Hunter	Havoc	577	Deflecting Dance	427776	talent-passive	TraitNodeEntry	false	0	Rotational	spec		93015	115246	1					api
Demon Hunter	Havoc	577	Demon Hide	428241	talent-passive	TraitNodeEntry	false	0	Rotational	spec		91017	112938	1					api
Demon Hunter	Havoc	577	Demon Muzzle	1266329	talent-passive	TraitNodeEntry	false	0	Rotational	class		90928	112838	1					api
Demon Hunter	Havoc	577	Demonic	213410	talent-passive	TraitNodeEntry	false	0	Rotational	spec		90922	112831	1					api
Demon Hunter	Havoc	577	Demonic Intensity	452415	talent-passive	TraitNodeEntry	false	0	Rotational	hero	Fel-Scarred	94901	117498	1					api
Demon Hunter	Havoc	577	Demonic Resilience	1266307	talent-passive	TraitNodeEntry	false	0	Rotational	class		90997	117755	1					api
Demon Hunter	Havoc	577	Demonsurge	452402	talent-passive	TraitNodeEntry	false	0	Rotational	hero	Fel-Scarred	94917	117514	1	Buff		cdm-only:CooldownSetSpell		api
Demon Hunter	Havoc	577	Desperate Instincts	205411	talent-passive	TraitNodeEntry	false	0	Rotational	spec		93016	115248	1					api
Demon Hunter	Havoc	577	Disrupting Fury	183782	talent-passive	TraitNodeEntry	false	0	Rotational	class		90937	112848	1					api
Demon Hunter	Havoc	577	Enduring Torment	452410	talent-passive	TraitNodeEntry	false	0	Rotational	hero	Fel-Scarred	94916	117513	1					api
Demon Hunter	Havoc	577	Erratic Felheart	391397	talent-passive	TraitNodeEntry	false	0	Rotational	class		90996	112914	2					api
Demon Hunter	Havoc	577	Eternal Hunt	1270898	talent-passive	TraitNodeEntry	false	0	Rotational	spec		110427	137049	1	Buff		talent-passive:TraitNodeEntry;cdm-only:CooldownSetSpell		api
Demon Hunter	Havoc	577	Evasive Action	444926	talent-passive	TraitNodeEntry	false	0	Rotational	hero	Aldrachi Reaver	94911	117508	1	Buff		cdm-only:CooldownSetSpell		api
Demon Hunter	Havoc	577	Exergy	206476	talent-passive	TraitNodeEntry	false	0	Rotational	spec		91021	112943	1	Buff		cdm-only:CooldownSetSpell		api
Demon Hunter	Havoc	577	Felbound	1266762	talent-passive	TraitNodeEntry	false	0	Rotational	class		91003	112923	1					api
Demon Hunter	Havoc	577	Felfire Haste	389846	talent-passive	TraitNodeEntry	false	0	Rotational	class		90939	112850	1					api
Demon Hunter	Havoc	577	Final Breath	1266500	talent-passive	TraitNodeEntry	false	0	Rotational	class		110011	136501	1					api
Demon Hunter	Havoc	577	First Blood	206416	talent-passive	TraitNodeEntry	false	0	Rotational	spec		90925	112834	1					api
Demon Hunter	Havoc	577	First In, Last Out	1266497	talent-passive	TraitNodeEntry	false	0	Rotational	class		95149	117758	1					api
Demon Hunter	Havoc	577	Flamebound	452413	talent-passive	TraitNodeEntry	false	0	Rotational	hero	Fel-Scarred	94902	124009	1					api
Demon Hunter	Havoc	577	Focused Hatred	452405	talent-passive	TraitNodeEntry	false	0	Rotational	hero	Fel-Scarred	94918	117515	1					api
Demon Hunter	Havoc	577	Focused Ire	1266296	talent-passive	TraitNodeEntry	false	0	Rotational	class		95154	117767	1					api
Demon Hunter	Havoc	577	Furious	1266326	talent-passive	TraitNodeEntry	false	0	Rotational	class		95152	117762	1					api
Demon Hunter	Havoc	577	Furious Gaze	343311	talent-passive	TraitNodeEntry	false	0	Rotational	spec		91025	112948	1	Buff		cdm-only:CooldownSetSpell		api
Demon Hunter	Havoc	577	Furious Throws	393029	talent-passive	TraitNodeEntry	false	0	Rotational	spec		93013	115244	1					api
Demon Hunter	Havoc	577	Fury of the Aldrachi	442718	talent-passive	TraitNodeEntry	false	0	Rotational	hero	Aldrachi Reaver	94898	117495	1	Buff		cdm-only:CooldownSetSpell		api
Demon Hunter	Havoc	577	Glaive Tempest	1244557	talent-passive	TraitNodeEntry	false	0	Rotational	spec		108669	134203	1					api
Demon Hunter	Havoc	577	Growing Inferno	390158	talent-passive	TraitNodeEntry	false	0	Rotational	spec		90916	112825	1					api
Demon Hunter	Havoc	577	Illidari Knowledge	389696	talent-passive	TraitNodeEntry	false	0	Rotational	class		90935	112846	2					api
Demon Hunter	Havoc	577	Improved Chaos Strike	343206	talent-passive	TraitNodeEntry	false	0	Rotational	spec		91030	112953	1					api
Demon Hunter	Havoc	577	Improved Disrupt	320361	talent-passive	TraitNodeEntry	false	0	Rotational	class		90938	112849	1					api
Demon Hunter	Havoc	577	Improved Sigil of Misery	320418	talent-passive	TraitNodeEntry	false	0	Rotational	class		90945	112858	1					api
Demon Hunter	Havoc	577	Improved Soul Rending	452407	talent-passive	TraitNodeEntry	false	0	Rotational	hero	Fel-Scarred	94899	124010	1					api
Demon Hunter	Havoc	577	Incisive Blade	442492	talent-passive	TraitNodeEntry	false	0	Rotational	hero	Aldrachi Reaver	94895	117492	1					api
Demon Hunter	Havoc	577	Incorruptible Spirit	442736	talent-passive	TraitNodeEntry	false	0	Rotational	hero	Aldrachi Reaver	94896	123046	1	Buff		cdm-only:CooldownSetSpell		api
Demon Hunter	Havoc	577	Inertia	427640	talent-passive	TraitNodeEntry	false	0	Rotational	spec		91021	117744	1	Buff/Other		cdm-only:CooldownSetSpell		api
Demon Hunter	Havoc	577	Infernal Armor	320331	talent-passive	TraitNodeEntry	false	0	Rotational	class		91004	112924	2					api
Demon Hunter	Havoc	577	Initiative	388108	talent-passive	TraitNodeEntry	false	0	Rotational	spec		91027	112950	1	Other		cdm-only:CooldownSetSpell		api
Demon Hunter	Havoc	577	Inner Demon	389693	talent-passive	TraitNodeEntry	false	0	Rotational	spec		91024	112947	1	Buff		cdm-only:CooldownSetSpell		api
Demon Hunter	Havoc	577	Internal Struggle	393822	talent-passive	TraitNodeEntry	false	0	Rotational	class		90934	112845	1					api
Demon Hunter	Havoc	577	Isolated Prey	388113	talent-passive	TraitNodeEntry	false	0	Rotational	spec		91036	112959	1					api
Demon Hunter	Havoc	577	Keen Edge	1272138	talent-passive	TraitNodeEntry	false	0	Rotational	hero	Aldrachi Reaver	109770	136028	1					api
Demon Hunter	Havoc	577	Keen Engagement	442497	talent-passive	TraitNodeEntry	false	0	Rotational	hero	Aldrachi Reaver	94910	117507	1					api
Demon Hunter	Havoc	577	Know Your Enemy	388118	talent-passive	TraitNodeEntry	false	0	Rotational	spec		91034	112957	2					api
Demon Hunter	Havoc	577	Live by the Glaive	428607	talent-passive	TraitNodeEntry	false	0	Rotational	class		95151	117761	1					api
Demon Hunter	Havoc	577	Long Night	389781	talent-passive	TraitNodeEntry	false	0	Rotational	class		91001	112920	1					api
Demon Hunter	Havoc	577	Lost in Darkness	389849	talent-passive	TraitNodeEntry	false	0	Rotational	class		90947	112860	1					api
Demon Hunter	Havoc	577	Master of the Glaive	389763	talent-passive	TraitNodeEntry	false	0	Rotational	class		90994	112912	1					api
Demon Hunter	Havoc	577	Monster Rising	452414	talent-passive	TraitNodeEntry	false	0	Rotational	hero	Fel-Scarred	94909	117506	1	Buff		cdm-only:CooldownSetSpell		api
Demon Hunter	Havoc	577	Mortal Dance	328725	talent-passive	TraitNodeEntry	false	0	Rotational	spec		93015	117743	1	Buff		cdm-only:CooldownSetSpell		api
Demon Hunter	Havoc	577	Pitch Black	389783	talent-passive	TraitNodeEntry	false	0	Rotational	class		91001	112919	1					api
Demon Hunter	Havoc	577	Preemptive Strike	444997	talent-passive	TraitNodeEntry	false	0	Rotational	hero	Aldrachi Reaver	94910	122422	1					api
Demon Hunter	Havoc	577	Pursuit	320654	talent-passive	TraitNodeEntry	false	0	Rotational	class		90940	112851	1					api
Demon Hunter	Havoc	577	Pursuit of Angriness	452404	talent-passive	TraitNodeEntry	false	0	Rotational	hero	Fel-Scarred	94913	124011	1					api
Demon Hunter	Havoc	577	Ragefire	388107	talent-passive	TraitNodeEntry	false	0	Rotational	spec		90918	112827	1	Buff		cdm-only:CooldownSetSpell		api
Demon Hunter	Havoc	577	Reaver's Mark	442679	talent-passive	TraitNodeEntry	false	0	Rotational	hero	Aldrachi Reaver	94903	117500	1	Buff		cdm-only:CooldownSetSpell		api
Demon Hunter	Havoc	577	Relentless Onslaught	389977	talent-passive	TraitNodeEntry	false	0	Rotational	spec		91012	112933	1					api
Demon Hunter	Havoc	577	Remorseless	1266328	talent-passive	TraitNodeEntry	false	0	Rotational	class		90929	112839	1					api
Demon Hunter	Havoc	577	Scars of Suffering	428232	talent-passive	TraitNodeEntry	false	0	Rotational	spec		90914	112823	1					api
Demon Hunter	Havoc	577	Screaming Brutality	1220506	talent-passive	TraitNodeEntry	false	0	Rotational	spec		90919	112828	1					api
Demon Hunter	Havoc	577	Serrated Glaive	390154	talent-passive	TraitNodeEntry	false	0	Rotational	spec		91013	112934	1	Buff		cdm-only:CooldownSetSpell		api
Demon Hunter	Havoc	577	Set Fire to the Pain	452406	talent-passive	TraitNodeEntry	false	0	Rotational	hero	Fel-Scarred	94899	117496	1					api
Demon Hunter	Havoc	577	Shattered Destiny	388116	talent-passive	TraitNodeEntry	false	0	Rotational	spec		91031	112954	1					api
Demon Hunter	Havoc	577	Shattered Restoration	389824	talent-passive	TraitNodeEntry	false	0	Rotational	class		90950	112863	1					api
Demon Hunter	Havoc	577	Soul Cleanse	1266496	talent-passive	TraitNodeEntry	false	0	Rotational	class		90927	136502	1					api
Demon Hunter	Havoc	577	Soul Rending	204909	talent-passive	TraitNodeEntry	false	0	Rotational	class		90936	112847	2					api
Demon Hunter	Havoc	577	Soul Splitter	1266330	talent-passive	TraitNodeEntry	false	0	Rotational	class		90949	112862	2					api
Demon Hunter	Havoc	577	Soulscar	388106	talent-passive	TraitNodeEntry	false	0	Rotational	spec		91012	117764	1	Buff		cdm-only:CooldownSetSpell		api
Demon Hunter	Havoc	577	Student of Suffering	452412	talent-passive	TraitNodeEntry	false	0	Rotational	hero	Fel-Scarred	94902	117499	1	Buff		cdm-only:CooldownSetSpell		api
Demon Hunter	Havoc	577	Swallowed Anger	320313	talent-passive	TraitNodeEntry	false	0	Rotational	class		91005	112925	1					api
Demon Hunter	Havoc	577	Tactical Retreat	389688	talent-passive	TraitNodeEntry	false	0	Rotational	spec		91022	112944	1					api
Demon Hunter	Havoc	577	Thrill of the Fight	442686	talent-passive	TraitNodeEntry	false	0	Rotational	hero	Aldrachi Reaver	94919	117516	1	Buff/Other		cdm-only:CooldownSetSpell		api
Demon Hunter	Havoc	577	Trail of Ruin	258881	talent-passive	TraitNodeEntry	false	0	Rotational	spec		90915	112824	1	Buff		cdm-only:CooldownSetSpell		api
Demon Hunter	Havoc	577	Unbound Chaos	347461	talent-passive	TraitNodeEntry	false	0	Rotational	spec		91020	112942	1	Buff		cdm-only:CooldownSetSpell		api
Demon Hunter	Havoc	577	Undying Embers	1272405	talent-passive	TraitNodeEntry	false	0	Rotational	hero	Fel-Scarred	109774	136032	1					api
Demon Hunter	Havoc	577	Unhindered Assault	444931	talent-passive	TraitNodeEntry	false	0	Rotational	hero	Aldrachi Reaver	94911	123047	1					api
Demon Hunter	Havoc	577	Unrestrained Fury	320770	talent-passive	TraitNodeEntry	false	0	Rotational	class		90941	112852	1					api
Demon Hunter	Havoc	577	Untethered Fury	452411	talent-passive	TraitNodeEntry	false	0	Rotational	hero	Fel-Scarred	94904	117501	1					api
Demon Hunter	Havoc	577	Vengeful Bonds	320635	talent-passive	TraitNodeEntry	false	0	Rotational	class		90930	112840	1					api
Demon Hunter	Havoc	577	Violent Transformation	452409	talent-passive	TraitNodeEntry	false	0	Rotational	hero	Fel-Scarred	94912	117509	1					api
Demon Hunter	Havoc	577	Volatile Instinct	1272453	talent-passive	TraitNodeEntry	false	0	Rotational	hero	Fel-Scarred	109772	136030	1					api
Demon Hunter	Havoc	577	Warblade's Hunger	442502	talent-passive	TraitNodeEntry	false	0	Rotational	hero	Aldrachi Reaver	109769	136027	1					api
Demon Hunter	Havoc	577	Wave of Debilitation	452403	talent-passive	TraitNodeEntry	false	0	Rotational	hero	Fel-Scarred	94913	117510	1					api
Demon Hunter	Havoc	577	Will of the Illidari	389695	talent-passive	TraitNodeEntry	false	0	Rotational	class		91000	112918	2					api
Demon Hunter	Havoc	577	Wings of Wrath	1266493	talent-passive	TraitNodeEntry	false	0	Rotational	class		110010	136500	1					api
Demon Hunter	Havoc	577	Wounded Quarry	442806	talent-passive	TraitNodeEntry	false	0	Rotational	hero	Aldrachi Reaver	94897	117494	1					api
Demon Hunter	Vengeance	581	Darkness	196718	talent-active	TraitNodeEntry	true	300	Cooldown	class		91002	112921	1	Buff/Utility	Class 7 (Raid Defensive)	cdm-only:CooldownSetSpell		api
Demon Hunter	Vengeance	581	Soul Carver	207407	talent-active	TraitNodeEntry	true	60	Cooldown	spec		90982	112898	1	Buff/Essential		class-baseline:SkillLineAbility:1848;cdm-only:CooldownSetSpell		api
Demon Hunter	Vengeance	581	Chaos Nova	179057	talent-active	TraitNodeEntry	true	45	Cooldown	class		108729	134282	1	Buff/Utility	CC	cdm-only:CooldownSetSpell		api
Demon Hunter	Vengeance	581	Imprison	217832	talent-active	TraitNodeEntry	true	45	Cooldown	class		91007	112927	1	Utility	Class 6 (Dispel)	cdm-only:CooldownSetSpell		api
Demon Hunter	Vengeance	581	Fel Devastation	212084	talent-active	TraitNodeEntry	true	40	Rotational	spec		90991	112908	1	Essential		cdm-only:CooldownSetSpell		api
Demon Hunter	Vengeance	581	Spirit Bomb	247454	talent-active	TraitNodeEntry	true	25	Rotational	spec		90990	112907	1	Essential		cdm-only:CooldownSetSpell		api
Demon Hunter	Vengeance	581	Vengeful Retreat	198793	talent-active	TraitNodeEntry	true	25	Rotational	class		90942	112853	1	Utility		cdm-only:CooldownSetSpell		api
Demon Hunter	Vengeance	581	Felblade	232893	talent-active	TraitNodeEntry	true	12	Rotational	class		108722	134271	1	Utility		cdm-only:CooldownSetSpell		api
Demon Hunter	Vengeance	581	Consume Magic	278326	talent-active	TraitNodeEntry	true	10	Rotational	class		91006	112926	1	Utility	Class 5 (Purge)	cdm-only:CooldownSetSpell		api
Demon Hunter	Vengeance	581	Fiery Brand	204021	talent-active	TraitNodeEntry	true	0	Rotational	spec		90951	112864	1	Essential/Other	Personal Defensive 1	cdm-only:CooldownSetSpell		api
Demon Hunter	Vengeance	581	Sigil of Chains	202138	talent-active	TraitNodeEntry	true	0	Rotational	spec		90954	112867	1	Buff		cdm-only:CooldownSetSpell		api
Demon Hunter	Vengeance	581	Sigil of Misery	207684	talent-active	TraitNodeEntry	true	0	Rotational	class		90946	112859	1	Buff/Utility	CC 2	cdm-only:CooldownSetSpell		api
Demon Hunter	Vengeance	581	Sigil of Spite	390163	talent-active	TraitNodeEntry	true	0	Rotational	spec		90978	112894	1	Essential		cdm-only:CooldownSetSpell		api
Demon Hunter	Vengeance	581	Sigil of Silence	202137	talent-choice	TraitNodeEntry	true	0	Rotational	spec		90988	112904	1	Buff/Utility	Class 2 (CC)	cdm-only:CooldownSetSpell		api
Demon Hunter	Vengeance	581	Metamorphosis	191427	class-baseline	SkillLineAbility:1848	true	120	Cooldown						Essential/Other	Cooldown 1	class-baseline:SpecializationSpells;cdm-only:CooldownSetSpell		api
Demon Hunter	Vengeance	581	Fury of the Illidari	201467	class-baseline	SkillLineAbility:1848	true	60	Cooldown										api
Demon Hunter	Vengeance	581	Spectral Sight	188501	class-baseline	SkillLineAbility:1848	true	30	Rotational						Buff/Utility	Class 4 (Special)	cdm-only:CooldownSetSpell		api
Demon Hunter	Vengeance	581	Disrupt	183752	class-baseline	SkillLineAbility:1848	true	15	Rotational						Utility	Interrupt	cdm-only:CooldownSetSpell		api
Demon Hunter	Vengeance	581	Demon Spikes	203720	class-baseline	SpecializationSpells	true	1.5	Rotational						Essential/Other	Rotational 4	cdm-only:CooldownSetSpell		api
Demon Hunter	Vengeance	581	Immolation Aura	258920	class-baseline	SkillLineAbility:1848	true	1.5	Rotational						Buff/Essential	Rotational 3	cdm-only:CooldownSetSpell		api
Demon Hunter	Vengeance	581	Fel Rush	344865	class-baseline	SkillLineAbility:1848	true	1	Rotational										api
Demon Hunter	Vengeance	581	Glide	131347	class-baseline	SkillLineAbility:1848	true	1	Rotational										api
Demon Hunter	Vengeance	581	Infernal Strike	189110	class-baseline	SpecializationSpells	true	1	Rotational						Utility	Movement Ability	cdm-only:CooldownSetSpell		api
Demon Hunter	Vengeance	581	Chaos Strike	344862	class-baseline	SkillLineAbility:1848	true	0	Rotational										api
Demon Hunter	Vengeance	581	Demon's Bite	344859	class-baseline	SkillLineAbility:1848	true	0	Rotational										api
Demon Hunter	Vengeance	581	Fracture	263642	class-baseline	SpecializationSpells	true	0	Rotational						Essential	Rotational 1	cdm-only:CooldownSetSpell		api
Demon Hunter	Vengeance	581	Sigil of Flame	204596	class-baseline	SkillLineAbility:1848	true	0	Rotational						Buff/Essential	Rotational 5	class-baseline:SpecializationSpells;cdm-only:CooldownSetSpell		api
Demon Hunter	Vengeance	581	Single-Button Assistant	1229376	class-baseline	SpecializationSpells	true	0	Rotational										api
Demon Hunter	Vengeance	581	Soul Cleave	228477	class-baseline	SpecializationSpells	true	0	Rotational						Essential	Rotational 2	cdm-only:CooldownSetSpell		api
Demon Hunter	Vengeance	581	Throw Glaive	185123	class-baseline	SkillLineAbility:1848	true	0	Rotational						Essential	Class 3 (Tag)	class-baseline:SpecializationSpells;cdm-only:CooldownSetSpell		api
Demon Hunter	Vengeance	581	Torment	185245	class-baseline	SkillLineAbility:1848	true	0	Rotational						Utility	Taunt/Quick Access	cdm-only:CooldownSetSpell		api
Demon Hunter	Vengeance	581	Rain from Above	206803	pvp-talent	PvpTalent	true	90	Cooldown						Essential	PvP	cdm-only:CooldownSetSpell		api
Demon Hunter	Vengeance	581	Illidan's Grasp	205630	pvp-talent	PvpTalent	true	60	Cooldown						Utility	PvP 2	cdm-only:CooldownSetSpell		api
Demon Hunter	Vengeance	581	Reverse Magic	205604	pvp-talent	PvpTalent	true	60	Cooldown							PvP 3			api
Demon Hunter	Vengeance	581	Demonic Trample	205629	pvp-talent	PvpTalent	true	0.8	Rotational										api
Demon Hunter	Vengeance	581	Blood Moon	355995	pvp-talent	PvpTalent	false	0	Rotational										api
Demon Hunter	Vengeance	581	Cleansed by Flame	205625	pvp-talent	PvpTalent	false	0	Rotational										api
Demon Hunter	Vengeance	581	Cover of Darkness	357419	pvp-talent	PvpTalent	false	0	Rotational										api
Demon Hunter	Vengeance	581	Detainment	205596	pvp-talent	PvpTalent	false	0	Rotational										api
Demon Hunter	Vengeance	581	Everlasting Hunt	205626	pvp-talent	PvpTalent	false	0	Rotational										api
Demon Hunter	Vengeance	581	Glimpse	354489	pvp-talent	PvpTalent	false	0	Rotational										api
Demon Hunter	Vengeance	581	Jagged Spikes	205627	pvp-talent	PvpTalent	false	0	Rotational										api
Demon Hunter	Vengeance	581	Lay In Wait	1235091	pvp-talent	PvpTalent	false	0	Rotational										api
Demon Hunter	Vengeance	581	Sigil Mastery	211489	pvp-talent	PvpTalent	false	0	Rotational										api
Demon Hunter	Vengeance	581	Tormentor	207029	pvp-talent	PvpTalent	true	0	Rotational										api
Demon Hunter	Vengeance	581	Unending Hatred	213480	pvp-talent	PvpTalent	false	0	Rotational										api
Demon Hunter	Vengeance	581	Agonizing Flames	207548	talent-passive	TraitNodeEntry	false	0	Rotational	spec		90971	112887	1					api
Demon Hunter	Vengeance	581	Aldrachi Design	391409	talent-passive	TraitNodeEntry	false	0	Rotational	class		90999	112917	1					api
Demon Hunter	Vengeance	581	Aldrachi Tactics	442683	talent-passive	TraitNodeEntry	false	0	Rotational	hero	Aldrachi Reaver	94914	117511	1					api
Demon Hunter	Vengeance	581	Army Unto Oneself	442714	talent-passive	TraitNodeEntry	false	0	Rotational	hero	Aldrachi Reaver	94896	117493	1	Buff		cdm-only:CooldownSetSpell		api
Demon Hunter	Vengeance	581	Art of the Glaive	442290	talent-passive	TraitNodeEntry	false	0	Rotational	hero	Aldrachi Reaver	94915	117512	1	Buff		cdm-only:CooldownSetSpell		api
Demon Hunter	Vengeance	581	Ascending Flame	428603	talent-passive	TraitNodeEntry	false	0	Rotational	spec		90960	112875	1					api
Demon Hunter	Vengeance	581	Aura of Pain	207347	talent-passive	TraitNodeEntry	false	0	Rotational	class		90933	112844	1					api
Demon Hunter	Vengeance	581	Bladecraft	1272153	talent-passive	TraitNodeEntry	false	0	Rotational	hero	Aldrachi Reaver	94906	117503	1					api
Demon Hunter	Vengeance	581	Blazing Path	320416	talent-passive	TraitNodeEntry	false	0	Rotational	class		95150	117759	1					api
Demon Hunter	Vengeance	581	Bouncing Glaives	320386	talent-passive	TraitNodeEntry	false	0	Rotational	class		90931	112841	1					api
Demon Hunter	Vengeance	581	Broken Spirit	1272143	talent-passive	TraitNodeEntry	false	0	Rotational	hero	Aldrachi Reaver	109771	136029	1					api
Demon Hunter	Vengeance	581	Burn It Out	1266316	talent-passive	TraitNodeEntry	false	0	Rotational	class		90927	112837	1					api
Demon Hunter	Vengeance	581	Burning Alive	207739	talent-passive	TraitNodeEntry	false	0	Rotational	spec		90959	112873	1					api
Demon Hunter	Vengeance	581	Burning Blood	390213	talent-passive	TraitNodeEntry	false	0	Rotational	spec		90987	112903	1					api
Demon Hunter	Vengeance	581	Calcified Spikes	389720	talent-passive	TraitNodeEntry	false	0	Rotational	spec		90967	112882	1					api
Demon Hunter	Vengeance	581	Catastrophe	1253769	talent-passive	TraitNodeEntry	false	0	Rotational	hero	Annihilator	109453	135671	1	Buff		cdm-only:CooldownSetSpell		api
Demon Hunter	Vengeance	581	Celestial Echoes	1253415	talent-passive	TraitNodeEntry	false	0	Rotational	hero	Annihilator	109451	135669	1					api
Demon Hunter	Vengeance	581	Chains of Anger	389715	talent-passive	TraitNodeEntry	false	0	Rotational	spec		90964	112879	1					api
Demon Hunter	Vengeance	581	Champion of the Glaive	429211	talent-passive	TraitNodeEntry	false	0	Rotational	class		90994	117768	1					api
Demon Hunter	Vengeance	581	Charred Flesh	336639	talent-passive	TraitNodeEntry	false	0	Rotational	spec		90962	112877	2					api
Demon Hunter	Vengeance	581	Charred Warblades	213010	talent-passive	TraitNodeEntry	false	0	Rotational	class		90948	112861	1					api
Demon Hunter	Vengeance	581	Cycle of Binding	389718	talent-passive	TraitNodeEntry	false	0	Rotational	spec		90963	112878	1					api
Demon Hunter	Vengeance	581	Dark Matter	1256307	talent-passive	TraitNodeEntry	false	0	Rotational	hero	Annihilator	109444	135662	1					api
Demon Hunter	Vengeance	581	Darkglare Boon	389708	talent-passive	TraitNodeEntry	false	0	Rotational	spec		90985	112901	1					api
Demon Hunter	Vengeance	581	Demon Muzzle	1266329	talent-passive	TraitNodeEntry	false	0	Rotational	class		90928	112838	1					api
Demon Hunter	Vengeance	581	Demonic Resilience	1266307	talent-passive	TraitNodeEntry	false	0	Rotational	class		90997	117755	1					api
Demon Hunter	Vengeance	581	Disrupting Fury	183782	talent-passive	TraitNodeEntry	false	0	Rotational	class		90937	112848	1					api
Demon Hunter	Vengeance	581	Doomsayer	1253676	talent-passive	TraitNodeEntry	false	0	Rotational	hero	Annihilator	109450	135668	1	Buff		cdm-only:CooldownSetSpell		api
Demon Hunter	Vengeance	581	Down in Flames	389732	talent-passive	TraitNodeEntry	false	0	Rotational	spec		90961	112876	1					api
Demon Hunter	Vengeance	581	Erratic Felheart	391397	talent-passive	TraitNodeEntry	false	0	Rotational	class		90996	112914	2					api
Demon Hunter	Vengeance	581	Evasive Action	444926	talent-passive	TraitNodeEntry	false	0	Rotational	hero	Aldrachi Reaver	94911	117508	1	Buff		cdm-only:CooldownSetSpell		api
Demon Hunter	Vengeance	581	Fallout	227174	talent-passive	TraitNodeEntry	false	0	Rotational	spec		90972	112888	1					api
Demon Hunter	Vengeance	581	Feast of Souls	207697	talent-passive	TraitNodeEntry	false	0	Rotational	spec		90969	112884	1	Buff		cdm-only:CooldownSetSpell		api
Demon Hunter	Vengeance	581	Feed the Demon	218612	talent-passive	TraitNodeEntry	false	0	Rotational	spec		90966	112881	1					api
Demon Hunter	Vengeance	581	Fel Flame Fortification	389705	talent-passive	TraitNodeEntry	false	0	Rotational	spec		90955	112868	1					api
Demon Hunter	Vengeance	581	Felbound	1266762	talent-passive	TraitNodeEntry	false	0	Rotational	class		108728	134281	1					api
Demon Hunter	Vengeance	581	Felfire Fist	389724	talent-passive	TraitNodeEntry	false	0	Rotational	spec		90953	112866	1	Buff		cdm-only:CooldownSetSpell		api
Demon Hunter	Vengeance	581	Felfire Haste	389846	talent-passive	TraitNodeEntry	false	0	Rotational	class		90939	112850	1					api
Demon Hunter	Vengeance	581	Fiery Demise	389220	talent-passive	TraitNodeEntry	false	0	Rotational	spec		90958	112872	2					api
Demon Hunter	Vengeance	581	Final Breath	1266500	talent-passive	TraitNodeEntry	false	0	Rotational	class		110011	136501	1					api
Demon Hunter	Vengeance	581	Final Hour	1253805	talent-passive	TraitNodeEntry	false	0	Rotational	hero	Annihilator	109445	135663	1					api
Demon Hunter	Vengeance	581	First In, Last Out	1266497	talent-passive	TraitNodeEntry	false	0	Rotational	class		95149	117758	1					api
Demon Hunter	Vengeance	581	Focused Cleave	343207	talent-passive	TraitNodeEntry	false	0	Rotational	spec		90975	112891	1					api
Demon Hunter	Vengeance	581	Focused Ire	1266296	talent-passive	TraitNodeEntry	false	0	Rotational	class		95154	117767	1					api
Demon Hunter	Vengeance	581	Frailty	389958	talent-passive	TraitNodeEntry	false	0	Rotational	spec		90977	112893	1	Buff		cdm-only:CooldownSetSpell		api
Demon Hunter	Vengeance	581	Furious	1266326	talent-passive	TraitNodeEntry	false	0	Rotational	class		95152	117762	1					api
Demon Hunter	Vengeance	581	Fury of the Aldrachi	442718	talent-passive	TraitNodeEntry	false	0	Rotational	hero	Aldrachi Reaver	94898	117495	1	Buff		cdm-only:CooldownSetSpell		api
Demon Hunter	Vengeance	581	Harness the Cosmos	1279247	talent-passive	TraitNodeEntry	false	0	Rotational	hero	Annihilator	109450	136810	1					api
Demon Hunter	Vengeance	581	Illidari Knowledge	389696	talent-passive	TraitNodeEntry	false	0	Rotational	class		90935	112846	2					api
Demon Hunter	Vengeance	581	Improved Disrupt	320361	talent-passive	TraitNodeEntry	false	0	Rotational	class		90938	112849	1					api
Demon Hunter	Vengeance	581	Improved Sigil of Misery	320418	talent-passive	TraitNodeEntry	false	0	Rotational	class		90945	112858	1					api
Demon Hunter	Vengeance	581	Incisive Blade	442492	talent-passive	TraitNodeEntry	false	0	Rotational	hero	Aldrachi Reaver	94895	117492	1					api
Demon Hunter	Vengeance	581	Incorruptible Spirit	442736	talent-passive	TraitNodeEntry	false	0	Rotational	hero	Aldrachi Reaver	94896	123046	1	Buff		cdm-only:CooldownSetSpell		api
Demon Hunter	Vengeance	581	Infernal Armor	320331	talent-passive	TraitNodeEntry	false	0	Rotational	class		91004	112924	2					api
Demon Hunter	Vengeance	581	Internal Struggle	393822	talent-passive	TraitNodeEntry	false	0	Rotational	class		90934	112845	1					api
Demon Hunter	Vengeance	581	Keen Edge	1272138	talent-passive	TraitNodeEntry	false	0	Rotational	hero	Aldrachi Reaver	109770	136028	1					api
Demon Hunter	Vengeance	581	Keen Engagement	442497	talent-passive	TraitNodeEntry	false	0	Rotational	hero	Aldrachi Reaver	94910	117507	1					api
Demon Hunter	Vengeance	581	Last Resort	209258	talent-passive	TraitNodeEntry	false	0	Rotational	spec		90979	112895	1	Buff		cdm-only:CooldownSetSpell		api
Demon Hunter	Vengeance	581	Live by the Glaive	428607	talent-passive	TraitNodeEntry	false	0	Rotational	class		95151	117761	1					api
Demon Hunter	Vengeance	581	Long Night	389781	talent-passive	TraitNodeEntry	false	0	Rotational	class		91001	112920	1					api
Demon Hunter	Vengeance	581	Lost in Darkness	389849	talent-passive	TraitNodeEntry	false	0	Rotational	class		90947	112860	1					api
Demon Hunter	Vengeance	581	Mass Acceleration	1256295	talent-passive	TraitNodeEntry	false	0	Rotational	hero	Annihilator	109447	135665	1					api
Demon Hunter	Vengeance	581	Master of the Glaive	389763	talent-passive	TraitNodeEntry	false	0	Rotational	class		90994	112912	1					api
Demon Hunter	Vengeance	581	Meteoric Fall	1253391	talent-passive	TraitNodeEntry	false	0	Rotational	hero	Annihilator	109446	135664	1					api
Demon Hunter	Vengeance	581	Meteoric Rise	1253377	talent-passive	TraitNodeEntry	false	0	Rotational	hero	Annihilator	109455	135673	1					api
Demon Hunter	Vengeance	581	Otherworldly Focus	1253817	talent-passive	TraitNodeEntry	false	0	Rotational	hero	Annihilator	109443	135661	1					api
Demon Hunter	Vengeance	581	Painbringer	207387	talent-passive	TraitNodeEntry	false	0	Rotational	spec		90976	112892	2	Buff		cdm-only:CooldownSetSpell		api
Demon Hunter	Vengeance	581	Path to Oblivion	1253399	talent-passive	TraitNodeEntry	false	0	Rotational	hero	Annihilator	109448	135666	1					api
Demon Hunter	Vengeance	581	Perfectly Balanced Glaive	320387	talent-passive	TraitNodeEntry	false	0	Rotational	spec		90970	112886	1					api
Demon Hunter	Vengeance	581	Phase Shift	1256245	talent-passive	TraitNodeEntry	false	0	Rotational	hero	Annihilator	109452	135670	1					api
Demon Hunter	Vengeance	581	Pitch Black	389783	talent-passive	TraitNodeEntry	false	0	Rotational	class		91001	112919	1					api
Demon Hunter	Vengeance	581	Preemptive Strike	444997	talent-passive	TraitNodeEntry	false	0	Rotational	hero	Aldrachi Reaver	94910	122422	1					api
Demon Hunter	Vengeance	581	Pursuit	320654	talent-passive	TraitNodeEntry	false	0	Rotational	class		90940	112851	1					api
Demon Hunter	Vengeance	581	Quickened Sigils	209281	talent-passive	TraitNodeEntry	false	0	Rotational	spec		90989	112906	1					api
Demon Hunter	Vengeance	581	Reaver's Mark	442679	talent-passive	TraitNodeEntry	false	0	Rotational	hero	Aldrachi Reaver	94903	117500	1	Buff		cdm-only:CooldownSetSpell		api
Demon Hunter	Vengeance	581	Remorseless	1266328	talent-passive	TraitNodeEntry	false	0	Rotational	class		90929	112839	1					api
Demon Hunter	Vengeance	581	Retaliation	389729	talent-passive	TraitNodeEntry	false	0	Rotational	spec		90952	112865	1					api
Demon Hunter	Vengeance	581	Revel in Pain	343014	talent-passive	TraitNodeEntry	false	0	Rotational	spec		90957	112871	1	Buff		cdm-only:CooldownSetSpell		api
Demon Hunter	Vengeance	581	Roaring Fire	391178	talent-passive	TraitNodeEntry	false	0	Rotational	spec		90988	112905	1					api
Demon Hunter	Vengeance	581	Ruinous Bulwark	326853	talent-passive	TraitNodeEntry	false	0	Rotational	spec		90965	112880	1	Buff		cdm-only:CooldownSetSpell		api
Demon Hunter	Vengeance	581	Shattered Restoration	389824	talent-passive	TraitNodeEntry	false	0	Rotational	class		90950	112863	1					api
Demon Hunter	Vengeance	581	Soul Barrier	1265924	talent-passive	TraitNodeEntry	false	0	Rotational	spec		90956	112870	1	Buff		cdm-only:CooldownSetSpell		api
Demon Hunter	Vengeance	581	Soul Cleanse	1266496	talent-passive	TraitNodeEntry	false	0	Rotational	class		90927	136502	1					api
Demon Hunter	Vengeance	581	Soul Rending	204909	talent-passive	TraitNodeEntry	false	0	Rotational	class		90936	112847	2					api
Demon Hunter	Vengeance	581	Soul Sigils	395446	talent-passive	TraitNodeEntry	false	0	Rotational	spec		90956	112869	1					api
Demon Hunter	Vengeance	581	Soul Splitter	1266330	talent-passive	TraitNodeEntry	false	0	Rotational	class		90949	112862	2					api
Demon Hunter	Vengeance	581	Soulcrush	389985	talent-passive	TraitNodeEntry	false	0	Rotational	spec		90980	112896	1					api
Demon Hunter	Vengeance	581	Soulmonger	389711	talent-passive	TraitNodeEntry	false	0	Rotational	spec		90973	112889	1	Buff		cdm-only:CooldownSetSpell		api
Demon Hunter	Vengeance	581	State of Matter	1253402	talent-passive	TraitNodeEntry	false	0	Rotational	hero	Annihilator	109448	135659	1					api
Demon Hunter	Vengeance	581	Stoke the Flames	393827	talent-passive	TraitNodeEntry	false	0	Rotational	spec		90984	112900	1					api
Demon Hunter	Vengeance	581	Swallowed Anger	320313	talent-passive	TraitNodeEntry	false	0	Rotational	class		91005	112925	1					api
Demon Hunter	Vengeance	581	Swift Erasure	1253668	talent-passive	TraitNodeEntry	false	0	Rotational	hero	Annihilator	109454	135672	1					api
Demon Hunter	Vengeance	581	Tempered Steel	1265800	talent-passive	TraitNodeEntry	false	0	Rotational	spec		90968	112883	1					api
Demon Hunter	Vengeance	581	Thrill of the Fight	442686	talent-passive	TraitNodeEntry	false	0	Rotational	hero	Aldrachi Reaver	94919	117516	1	Buff		cdm-only:CooldownSetSpell		api
Demon Hunter	Vengeance	581	Unhindered Assault	444931	talent-passive	TraitNodeEntry	false	0	Rotational	hero	Aldrachi Reaver	94911	123047	1					api
Demon Hunter	Vengeance	581	Unrestrained Fury	320770	talent-passive	TraitNodeEntry	false	0	Rotational	class		90941	112852	1					api
Demon Hunter	Vengeance	581	Untethered Rage	1270444	talent-passive	TraitNodeEntry	false	0	Rotational	spec		110425	137043	1	Buff		talent-passive:TraitNodeEntry;cdm-only:CooldownSetSpell		api
Demon Hunter	Vengeance	581	Vengeful Beast	1265818	talent-passive	TraitNodeEntry	false	0	Rotational	spec		90983	112899	1					api
Demon Hunter	Vengeance	581	Vengeful Bonds	320635	talent-passive	TraitNodeEntry	false	0	Rotational	class		90930	112840	1					api
Demon Hunter	Vengeance	581	Void Reaver	268175	talent-passive	TraitNodeEntry	false	0	Rotational	spec		90974	112890	1					api
Demon Hunter	Vengeance	581	Voidfall	1253304	talent-passive	TraitNodeEntry	false	0	Rotational	hero	Annihilator	109449	135667	1	Buff		cdm-only:CooldownSetSpell		api
Demon Hunter	Vengeance	581	Volatile Flameblood	390808	talent-passive	TraitNodeEntry	false	0	Rotational	spec		90986	112902	1					api
Demon Hunter	Vengeance	581	Vulnerability	389976	talent-passive	TraitNodeEntry	false	0	Rotational	spec		90981	112897	2					api
Demon Hunter	Vengeance	581	Warblade's Hunger	442502	talent-passive	TraitNodeEntry	false	0	Rotational	hero	Aldrachi Reaver	109769	136027	1					api
Demon Hunter	Vengeance	581	Will of the Illidari	389695	talent-passive	TraitNodeEntry	false	0	Rotational	class		91000	112918	2					api
Demon Hunter	Vengeance	581	Wings of Wrath	1266493	talent-passive	TraitNodeEntry	false	0	Rotational	class		110010	136500	1					api
Demon Hunter	Vengeance	581	World Killer	1256353	talent-passive	TraitNodeEntry	false	0	Rotational	hero	Annihilator	109442	135660	1					api
Demon Hunter	Vengeance	581	Wounded Quarry	442806	talent-passive	TraitNodeEntry	false	0	Rotational	hero	Aldrachi Reaver	94897	117494	1					api
Demon Hunter	Vengeance	581	Soul Fragments	203981	cdm-only	CooldownSetSpell	true	0	Rotational						Buff				db2-plain
Druid	Balance	102	Innervate	29166	talent-active	TraitNodeEntry	true	180	Cooldown	class		82244	103324	1	Utility	Self-Heal 3 (Overflow)	cdm-only:CooldownSetSpell		api
Druid	Balance	102	Heart of the Wild	1261867	talent-active	TraitNodeEntry	true	120	Cooldown	class		82231	103309	1	Buff/Utility	Self-Heal 4 (Emergency/Overflow)	cdm-only:CooldownSetSpell		api
Druid	Balance	102	Stampeding Roar	106898	talent-active	TraitNodeEntry	true	120	Cooldown	class		82234	103312	1	Buff/Utility	Class 1 (Movement)	cdm-only:CooldownSetSpell		api
Druid	Balance	102	Force of Nature	205636	talent-active	TraitNodeEntry	true	60	Cooldown	spec		88210	109844	1	Essential	Cooldown 2	class-baseline:SkillLineAbility:798;cdm-only:CooldownSetSpell		api
Druid	Balance	102	Solar Beam	78675	talent-active	TraitNodeEntry	true	60	Cooldown	spec		88231	109867	1	Utility	Interrupt	cdm-only:CooldownSetSpell		api
Druid	Balance	102	Maim	22570	talent-active	TraitNodeEntry	true	30	Rotational	class		82221	103299	1					api
Druid	Balance	102	Typhoon	132469	talent-active	TraitNodeEntry	true	30	Rotational	class		82209	103287	1	Buff/Utility	CC 2	class-baseline:SkillLineAbility:798;cdm-only:CooldownSetSpell		api
Druid	Balance	102	Wild Growth	48438	talent-active	TraitNodeEntry	true	10	Rotational	class		82205	103283	1					api
Druid	Balance	102	Remove Corruption	2782	talent-active	TraitNodeEntry	true	8	Rotational	class		82241	103320	1	Utility	Class 6 (Dispel)	cdm-only:CooldownSetSpell		api
Druid	Balance	102	Celestial Alignment	194223	talent-active	TraitNodeEntry	true	1	Rotational	spec		88215	109849	1	Buff/Essential	Cooldown 1	cdm-only:CooldownSetSpell		api
Druid	Balance	102	Frenzied Regeneration	22842	talent-active	TraitNodeEntry	true	1	Rotational	class		82220	103298	1	Buff/Utility		cdm-only:CooldownSetSpell		api
Druid	Balance	102	Ironfur	192081	talent-active	TraitNodeEntry	true	0.5	Rotational	class		82227	103305	1					api
Druid	Balance	102	Eclipse	1239669	talent-active	TraitNodeEntry	true	0	Rotational	spec		88223	109858	1	Other	Rotational 4	cdm-only:CooldownSetSpell		api
Druid	Balance	102	Hibernate	2637	talent-active	TraitNodeEntry	true	0	Rotational	class		82211	103289	1	Buff/Utility	Class 4 (Special)	cdm-only:CooldownSetSpell		api
Druid	Balance	102	Moonkin Form	24858	talent-active	TraitNodeEntry	true	0	Rotational	class		82208	103286	1		Stance 4			api
Druid	Balance	102	Rake	1822	talent-active	TraitNodeEntry	true	0	Rotational	class		82199	103277	1					api
Druid	Balance	102	Rejuvenation	774	talent-active	TraitNodeEntry	true	0	Rotational	class		82217	103295	1					api
Druid	Balance	102	Rip	1079	talent-active	TraitNodeEntry	true	0	Rotational	class		82222	103300	1					api
Druid	Balance	102	Starfire	194153	talent-active	TraitNodeEntry	true	0	Rotational	class		82201	103279	1	Essential	Rotational 2	cdm-only:CooldownSetSpell		api
Druid	Balance	102	Starsurge	78674	talent-active	TraitNodeEntry	true	0	Rotational	class		82202	103280	1	Essential	Rotational 3	cdm-only:CooldownSetSpell		api
Druid	Balance	102	Sunfire	93402	talent-active	TraitNodeEntry	true	0	Rotational	class		93714	116102	1	Buff/Essential	Rotational 7	class-baseline:SkillLineAbility:798;cdm-only:CooldownSetSpell		api
Druid	Balance	102	Swipe	213764	talent-active	TraitNodeEntry	true	0	Rotational	class		82223	103301	1					api
Druid	Balance	102	Symbiotic Relationship	474750	talent-active	TraitNodeEntry	true	0	Rotational	class		100173	123792	1		PvP 3			api
Druid	Balance	102	Convoke the Spirits	391528	talent-choice	TraitNodeEntry	true	120	Cooldown	spec		88206	109838	1	Essential		cdm-only:CooldownSetSpell		api
Druid	Balance	102	Fury of Elune	202770	talent-choice	TraitNodeEntry	true	60	Cooldown	spec		88224	109859	1	Essential		cdm-only:CooldownSetSpell		api
Druid	Balance	102	Mighty Bash	5211	talent-choice	TraitNodeEntry	true	60	Cooldown	class		82237	103315	1	Buff/Utility	CC	cdm-only:CooldownSetSpell		api
Druid	Balance	102	Ursol's Vortex	102793	talent-choice	TraitNodeEntry	true	60	Cooldown	class		82207	128589	1	Utility		class-baseline:SkillLineAbility:798;cdm-only:CooldownSetSpell		api
Druid	Balance	102	Tiger Dash	252216	talent-choice	TraitNodeEntry	true	45	Cooldown	class		82198	103275	1					api
Druid	Balance	102	Incapacitating Roar	99	talent-choice	TraitNodeEntry	true	30	Rotational	class		82237	103316	1	Buff/Utility		cdm-only:CooldownSetSpell		api
Druid	Balance	102	Mass Entanglement	102359	talent-choice	TraitNodeEntry	true	30	Rotational	class		82207	103285	1	Utility	Class 2 (CC)	cdm-only:CooldownSetSpell		api
Druid	Balance	102	Wild Charge	102401	talent-choice	TraitNodeEntry	true	15	Rotational	class		82198	103276	1	Utility	Immune/Spell Immune/Movement	cdm-only:CooldownSetSpell		api
Druid	Balance	102	Soothe	2908	talent-choice	TraitNodeEntry	true	10	Rotational	class		82229	103307	1	Utility	Class 5 (Purge)	cdm-only:CooldownSetSpell		api
Druid	Balance	102	Incarnation: Chosen of Elune	102560	talent-choice	TraitNodeEntry	true	1	Rotational	spec		88206	109839	1					api
Druid	Balance	102	Cyclone	33786	talent-choice	TraitNodeEntry	true	0	Rotational	class		82229	128587	1	Buff/Utility		cdm-only:CooldownSetSpell		api
Druid	Balance	102	New Moon	274281	talent-choice	TraitNodeEntry	true	0	Rotational	spec		88224	109860	1	Essential		cdm-only:CooldownSetSpell		api
Druid	Balance	102	Wild Mushroom	88747	talent-choice	TraitNodeEntry	true	0	Rotational	spec		88202	128232	1	Essential		cdm-only:CooldownSetSpell		api
Druid	Balance	102	Rebirth	20484	class-baseline	SkillLineAbility:798	true	600	Cooldown						Utility	Class 8 (Lust/BRes)	cdm-only:CooldownSetSpell		api
Druid	Balance	102	Dash	1850	class-baseline	SkillLineAbility:798	true	120	Cooldown						Buff/Utility	Movement Ability	cdm-only:CooldownSetSpell		api
Druid	Balance	102	Essence of G'Hanir	208253	class-baseline	SkillLineAbility:798	true	90	Cooldown										api
Druid	Balance	102	Ashamane's Frenzy	210722	class-baseline	SkillLineAbility:798	true	75	Cooldown										api
Druid	Balance	102	Barkskin	22812	class-baseline	SkillLineAbility:798	true	60	Cooldown						Buff/Utility	Personal Defensive 1	cdm-only:CooldownSetSpell		api
Druid	Balance	102	Dreamwalk	193753	class-baseline	SkillLineAbility:798	true	60	Cooldown										api
Druid	Balance	102	Charm Woodland Creature	127757	class-baseline	SkillLineAbility:798	true	30	Rotational										api
Druid	Balance	102	Growl	6795	class-baseline	SkillLineAbility:798	true	8	Rotational										api
Druid	Balance	102	Prowl	102547	class-baseline	SkillLineAbility:798	true	6	Rotational						Buff/Essential	Taunt/Quick Access	cdm-only:CooldownSetSpell		api
Druid	Balance	102	Thrash	77758	class-baseline	SkillLineAbility:798	true	6	Rotational										api
Druid	Balance	102	Strength of the Wild	236716	class-baseline	SkillLineAbility:798	true	3	Rotational										api
Druid	Balance	102	Track Beasts	210065	class-baseline	SkillLineAbility:798	true	1.5	Rotational										api
Druid	Balance	102	Track Humanoids	5225	class-baseline	SkillLineAbility:798	true	1.5	Rotational										api
Druid	Balance	102	Bear Form	5487	class-baseline	SkillLineAbility:798	true	0	Rotational							Stance 1			api
Druid	Balance	102	Cat Form	768	class-baseline	SkillLineAbility:798	true	0	Rotational							Stance 2			api
Druid	Balance	102	Cenarion Ward	102352	class-baseline	SkillLineAbility:798	true	0	Rotational										api
Druid	Balance	102	Clearcasting	16870	class-baseline	SkillLineAbility:798	true	0	Rotational										api
Druid	Balance	102	Efflorescence	81269	class-baseline	SkillLineAbility:798	true	0	Rotational										api
Druid	Balance	102	Entangling Roots	339	class-baseline	SkillLineAbility:798	true	0	Rotational						Buff	Class 3 (Tag)	cdm-only:CooldownSetSpell		api
Druid	Balance	102	Ferocious Bite	22568	class-baseline	SkillLineAbility:798	true	0	Rotational										api
Druid	Balance	102	Flap	164862	class-baseline	SkillLineAbility:798	true	0	Rotational										api
Druid	Balance	102	Flight Form	165962	class-baseline	SkillLineAbility:798	true	0	Rotational										api
Druid	Balance	102	Incarnation: Tree of Life	81098	class-baseline	SkillLineAbility:798	true	0	Rotational										none
Druid	Balance	102	Mangle	33917	class-baseline	SkillLineAbility:798	true	0	Rotational										api
Druid	Balance	102	Mark of the Wild	1126	class-baseline	SkillLineAbility:798	true	0	Rotational							Buff			api
Druid	Balance	102	Moonfire	8921	class-baseline	SkillLineAbility:798	true	0	Rotational						Buff/Essential	Rotational 6	cdm-only:CooldownSetSpell		api
Druid	Balance	102	Mount Form	210053	class-baseline	SkillLineAbility:798	true	0	Rotational										api
Druid	Balance	102	Regrowth	8936	class-baseline	SkillLineAbility:798	true	0	Rotational						Buff/Utility	Self-Heal 1	cdm-only:CooldownSetSpell		api
Druid	Balance	102	Revive	50769	class-baseline	SkillLineAbility:798	true	0	Rotational							Res			api
Druid	Balance	102	Shapeshift Form	228545	class-baseline	SpecializationSpells	true	0	Rotational										none
Druid	Balance	102	Shred	5221	class-baseline	SkillLineAbility:798	true	0	Rotational										api
Druid	Balance	102	Single-Button Assistant	1229376	class-baseline	SpecializationSpells	true	0	Rotational										api
Druid	Balance	102	Starfall	191034	class-baseline	SpecializationSpells	true	0	Rotational						Buff/Essential	Rotational 5	cdm-only:CooldownSetSpell		api
Druid	Balance	102	Teleport: Moonglade	18960	class-baseline	SkillLineAbility:798	true	0	Rotational										api
Druid	Balance	102	Tranquility	157982	class-baseline	SkillLineAbility:798	true	0	Rotational										api
Druid	Balance	102	Travel Form	783	class-baseline	SkillLineAbility:798	true	0	Rotational							Stance 3			api
Druid	Balance	102	Treant Form	114282	class-baseline	SkillLineAbility:798	true	0	Rotational										api
Druid	Balance	102	Wrath	5176	class-baseline	SkillLineAbility:798	true	0	Rotational						Essential	Rotational 1	class-baseline:SpecializationSpells;cdm-only:CooldownSetSpell		api
Druid	Balance	102	Ysera's Gift	145109	class-baseline	SkillLineAbility:798	true	0	Rotational										api
Druid	Balance	102	Faerie Swarm	209749	pvp-talent	PvpTalent	true	30	Rotational						Buff/Essential	PvP	cdm-only:CooldownSetSpell		api
Druid	Balance	102	Celestial Guardian	233754	pvp-talent	PvpTalent	false	0	Rotational										api
Druid	Balance	102	Crescent Burn	200567	pvp-talent	PvpTalent	false	0	Rotational										api
Druid	Balance	102	Deep Roots	233755	pvp-talent	PvpTalent	false	0	Rotational										api
Druid	Balance	102	Dying Stars	410544	pvp-talent	PvpTalent	false	0	Rotational						Buff		cdm-only:CooldownSetSpell		api
Druid	Balance	102	High Winds	200931	pvp-talent	PvpTalent	false	0	Rotational										api
Druid	Balance	102	Malorne's Swiftness	236147	pvp-talent	PvpTalent	false	0	Rotational										api
Druid	Balance	102	Master Shapeshifter	411266	pvp-talent	PvpTalent	false	0	Rotational										api
Druid	Balance	102	Moon and Stars	233750	pvp-talent	PvpTalent	false	0	Rotational										api
Druid	Balance	102	Moonkin Aura	209740	pvp-talent	PvpTalent	false	0	Rotational						Buff		cdm-only:CooldownSetSpell		api
Druid	Balance	102	Owlkin Adept	354541	pvp-talent	PvpTalent	false	0	Rotational										api
Druid	Balance	102	Protector of the Grove	209730	pvp-talent	PvpTalent	false	0	Rotational						Buff		cdm-only:CooldownSetSpell		api
Druid	Balance	102	Star Burst	356517	pvp-talent	PvpTalent	false	0	Rotational										api
Druid	Balance	102	Thorns	1217017	pvp-talent	PvpTalent	false	0	Rotational						Buff		cdm-only:CooldownSetSpell		api
Druid	Balance	102	Tireless Pursuit	377801	pvp-talent	PvpTalent	false	0	Rotational						Buff		cdm-only:CooldownSetSpell		api
Druid	Balance	102	Aessina's Renewal	474678	talent-passive	TraitNodeEntry	false	0	Rotational	class		82232	128581	1					api
Druid	Balance	102	Aetherial Kindling	327541	talent-passive	TraitNodeEntry	false	0	Rotational	spec		88209	109843	1					api
Druid	Balance	102	Arcane Affinity	429540	talent-passive	TraitNodeEntry	false	0	Rotational	hero	Elune's Chosen	94586	117178	1					api
Druid	Balance	102	Ascendant Eclipses	1261564	talent-passive	TraitNodeEntry	false	0	Rotational	spec		110421	137031	1	Buff		talent-passive:TraitNodeEntry;cdm-only:CooldownSetSpell		api
Druid	Balance	102	Astral Communion	450598	talent-passive	TraitNodeEntry	false	0	Rotational	spec		88216	109850	1					api
Druid	Balance	102	Astral Influence	197524	talent-passive	TraitNodeEntry	false	0	Rotational	class		82210	103288	1					api
Druid	Balance	102	Astral Insight	429536	talent-passive	TraitNodeEntry	false	0	Rotational	hero	Elune's Chosen	94585	117772	1					api
Druid	Balance	102	Atmospheric Exposure	429532	talent-passive	TraitNodeEntry	false	0	Rotational	hero	Elune's Chosen	94607	117204	1	Buff		cdm-only:CooldownSetSpell		api
Druid	Balance	102	Balance of All Things	394048	talent-passive	TraitNodeEntry	false	0	Rotational	spec		88214	109848	2	Buff		cdm-only:CooldownSetSpell		api
Druid	Balance	102	Bask in Moonlight	1271305	talent-passive	TraitNodeEntry	false	0	Rotational	hero	Elune's Chosen	109718	135976	1					api
Druid	Balance	102	Blooming Infusion	429433	talent-passive	TraitNodeEntry	false	0	Rotational	hero	Keeper of the Grove	94601	117196	1	Buff		cdm-only:CooldownSetSpell		api
Druid	Balance	102	Boundless Moonlight	424058	talent-passive	TraitNodeEntry	false	0	Rotational	hero	Elune's Chosen	94608	117205	1					api
Druid	Balance	102	Bounteous Bloom	429215	talent-passive	TraitNodeEntry	false	0	Rotational	hero	Keeper of the Grove	94591	117184	1					api
Druid	Balance	102	Celestial Fire	1240185	talent-passive	TraitNodeEntry	false	0	Rotational	spec		103847	128231	1					api
Druid	Balance	102	Cenarius' Might	455797	talent-passive	TraitNodeEntry	false	0	Rotational	hero	Keeper of the Grove	94604	117199	1	Buff		cdm-only:CooldownSetSpell		api
Druid	Balance	102	Circle of the Heavens	474541	talent-passive	TraitNodeEntry	false	0	Rotational	class		104078	128579	1					api
Druid	Balance	102	Circle of the Wild	474530	talent-passive	TraitNodeEntry	false	0	Rotational	class		104078	128580	1					api
Druid	Balance	102	Control of the Dream	434249	talent-passive	TraitNodeEntry	false	0	Rotational	hero	Keeper of the Grove	94592	117894	1					api
Druid	Balance	102	Cosmic Rapidity	400059	talent-passive	TraitNodeEntry	false	0	Rotational	spec		88227	109863	2					api
Druid	Balance	102	Denizen of the Dream	394065	talent-passive	TraitNodeEntry	false	0	Rotational	spec		108033	133405	1					api
Druid	Balance	102	Dream Surge	433831	talent-passive	TraitNodeEntry	false	0	Rotational	hero	Keeper of the Grove	94600	117195	1	Buff		cdm-only:CooldownSetSpell		api
Druid	Balance	102	Dryad's Dance	1264776	talent-passive	TraitNodeEntry	false	0	Rotational	hero	Keeper of the Grove	109713	135971	1					api
Druid	Balance	102	Durability of Nature	429227	talent-passive	TraitNodeEntry	false	0	Rotational	hero	Keeper of the Grove	94605	117200	1					api
Druid	Balance	102	Early Spring	428937	talent-passive	TraitNodeEntry	false	0	Rotational	hero	Keeper of the Grove	94591	117895	1					api
Druid	Balance	102	Elune's Challenge	1240283	talent-passive	TraitNodeEntry	false	0	Rotational	spec		110279	136831	1	Buff		cdm-only:CooldownSetSpell		api
Druid	Balance	102	Elune's Grace	443046	talent-passive	TraitNodeEntry	false	0	Rotational	hero	Elune's Chosen	94597	123304	1					api
Druid	Balance	102	Elune's Guidance	393991	talent-passive	TraitNodeEntry	false	0	Rotational	spec		88228	109864	1					api
Druid	Balance	102	Expansiveness	429399	talent-passive	TraitNodeEntry	false	0	Rotational	hero	Keeper of the Grove	94602	117197	1					api
Druid	Balance	102	Feline Swiftness	131768	talent-passive	TraitNodeEntry	false	0	Rotational	class		82236	103314	1					api
Druid	Balance	102	Fluid Form	449193	talent-passive	TraitNodeEntry	false	0	Rotational	class		82246	103326	1					api
Druid	Balance	102	Forestwalk	400129	talent-passive	TraitNodeEntry	false	0	Rotational	class		82243	103323	2					api
Druid	Balance	102	Gale Winds	400142	talent-passive	TraitNodeEntry	false	0	Rotational	class		104079	128583	1					api
Druid	Balance	102	Gift of the Wild	1262034	talent-passive	TraitNodeEntry	false	0	Rotational	class		100175	123794	1					api
Druid	Balance	102	Glistening Fur	429533	talent-passive	TraitNodeEntry	false	0	Rotational	hero	Elune's Chosen	94594	117769	1					api
Druid	Balance	102	Grievous Wounds	474526	talent-passive	TraitNodeEntry	false	0	Rotational	class		82239	103318	1					api
Druid	Balance	102	Grove's Inspiration	429402	talent-passive	TraitNodeEntry	false	0	Rotational	hero	Keeper of the Grove	94595	117189	1					api
Druid	Balance	102	Hail of Stars	469004	talent-passive	TraitNodeEntry	false	0	Rotational	spec		103846	128230	1					api
Druid	Balance	102	Harmony of the Grove	428731	talent-passive	TraitNodeEntry	false	0	Rotational	hero	Keeper of the Grove	94606	117203	1	Buff		cdm-only:CooldownSetSpell		api
Druid	Balance	102	Harmony of the Heavens	450558	talent-passive	TraitNodeEntry	false	0	Rotational	spec		108032	133404	1					api
Druid	Balance	102	Improved Barkskin	327993	talent-passive	TraitNodeEntry	false	0	Rotational	class		104085	128591	1					api
Druid	Balance	102	Improved Eclipse	1240906	talent-passive	TraitNodeEntry	false	0	Rotational	spec		91048	115458	1					api
Druid	Balance	102	Improved Stampeding Roar	288826	talent-passive	TraitNodeEntry	false	0	Rotational	class		82230	103308	1					api
Druid	Balance	102	Incessant Tempest	400140	talent-passive	TraitNodeEntry	false	0	Rotational	class		104079	128582	1					api
Druid	Balance	102	Instincts of the Claw	449184	talent-passive	TraitNodeEntry	false	0	Rotational	class		104081	128585	1					api
Druid	Balance	102	Killer Instinct	108299	talent-passive	TraitNodeEntry	false	0	Rotational	class		82225	103303	2					api
Druid	Balance	102	Light of the Sun	202918	talent-passive	TraitNodeEntry	false	0	Rotational	class		104083	128588	1					api
Druid	Balance	102	Lingering Healing	231040	talent-passive	TraitNodeEntry	false	0	Rotational	class		82240	103319	1					api
Druid	Balance	102	Lore of the Grove	449185	talent-passive	TraitNodeEntry	false	0	Rotational	class		104080	128584	1					api
Druid	Balance	102	Lunar Calling	429523	talent-passive	TraitNodeEntry	false	0	Rotational	hero	Elune's Chosen	94590	117183	1					api
Druid	Balance	102	Lunar Insight	429530	talent-passive	TraitNodeEntry	false	0	Rotational	hero	Elune's Chosen	94588	117181	1					api
Druid	Balance	102	Lunation	429539	talent-passive	TraitNodeEntry	false	0	Rotational	hero	Elune's Chosen	94586	117177	1					api
Druid	Balance	102	Lycara's Inspiration	1232897	talent-passive	TraitNodeEntry	false	0	Rotational	class		92229	114300	1					api
Druid	Balance	102	Lycara's Teachings	378988	talent-passive	TraitNodeEntry	false	0	Rotational	class		82233	103311	2					api
Druid	Balance	102	Matted Fur	385786	talent-passive	TraitNodeEntry	false	0	Rotational	class		100177	123796	2					api
Druid	Balance	102	Meteor Storm	1240262	talent-passive	TraitNodeEntry	false	0	Rotational	spec		88209	133406	1					api
Druid	Balance	102	Meteorites	1240907	talent-passive	TraitNodeEntry	false	0	Rotational	spec		88232	109868	1					api
Druid	Balance	102	Moon Guardian	429520	talent-passive	TraitNodeEntry	false	0	Rotational	hero	Elune's Chosen	94598	117193	1					api
Druid	Balance	102	Moondust	429538	talent-passive	TraitNodeEntry	false	0	Rotational	hero	Elune's Chosen	94597	117192	1					api
Druid	Balance	102	Natural Recovery	377796	talent-passive	TraitNodeEntry	false	0	Rotational	class		82206	103284	1					api
Druid	Balance	102	Nature's Balance	202430	talent-passive	TraitNodeEntry	false	0	Rotational	spec		88226	109862	1					api
Druid	Balance	102	Nature's Grace	450347	talent-passive	TraitNodeEntry	false	0	Rotational	spec		110279	136832	1	Buff		cdm-only:CooldownSetSpell		api
Druid	Balance	102	Nurturing Instinct	33873	talent-passive	TraitNodeEntry	false	0	Rotational	class		82214	103292	2					api
Druid	Balance	102	Oakskin	449191	talent-passive	TraitNodeEntry	false	0	Rotational	class		100176	123795	1					api
Druid	Balance	102	Orbit Breaker	383197	talent-passive	TraitNodeEntry	false	0	Rotational	spec		88218	133403	1					api
Druid	Balance	102	Orbital Strike	390378	talent-passive	TraitNodeEntry	false	0	Rotational	spec		88221	109855	1	Buff		cdm-only:CooldownSetSpell		api
Druid	Balance	102	Penumbral Swell	1271261	talent-passive	TraitNodeEntry	false	0	Rotational	hero	Elune's Chosen	109719	135977	1					api
Druid	Balance	102	Perfectly-Honed Instincts	1213597	talent-passive	TraitNodeEntry	false	0	Rotational	class		104082	128586	1					api
Druid	Balance	102	Potent Enchantments	429420	talent-passive	TraitNodeEntry	false	0	Rotational	hero	Keeper of the Grove	94595	117188	1					api
Druid	Balance	102	Power of Goldrinn	394046	talent-passive	TraitNodeEntry	false	0	Rotational	spec		88235	109871	1					api
Druid	Balance	102	Power of Nature	428859	talent-passive	TraitNodeEntry	false	0	Rotational	hero	Keeper of the Grove	94605	117201	1					api
Druid	Balance	102	Power of the Dream	434220	talent-passive	TraitNodeEntry	false	0	Rotational	hero	Keeper of the Grove	94592	117185	1					api
Druid	Balance	102	Primal Fury	159286	talent-passive	TraitNodeEntry	false	0	Rotational	class		82224	103302	1					api
Druid	Balance	102	Protective Growth	433748	talent-passive	TraitNodeEntry	false	0	Rotational	hero	Keeper of the Grove	94593	117186	1					api
Druid	Balance	102	Radiant Moonlight	394121	talent-passive	TraitNodeEntry	false	0	Rotational	spec		88213	109847	1					api
Druid	Balance	102	Rattle the Stars	393954	talent-passive	TraitNodeEntry	false	0	Rotational	spec		88236	109872	1					api
Druid	Balance	102	Sculpt the Stars	1240188	talent-passive	TraitNodeEntry	false	0	Rotational	spec		88220	117100	1					api
Druid	Balance	102	Shooting Stars	202342	talent-passive	TraitNodeEntry	false	0	Rotational	spec		88225	109861	1					api
Druid	Balance	102	Solstice	343647	talent-passive	TraitNodeEntry	false	0	Rotational	spec		88203	109835	1	Buff		cdm-only:CooldownSetSpell		api
Druid	Balance	102	Soul of the Forest	114107	talent-passive	TraitNodeEntry	false	0	Rotational	spec		88219	109853	1					api
Druid	Balance	102	Spirit of the Thicket	1264899	talent-passive	TraitNodeEntry	false	0	Rotational	hero	Keeper of the Grove	109712	135970	1					api
Druid	Balance	102	Star Cascade	1271206	talent-passive	TraitNodeEntry	false	0	Rotational	hero	Elune's Chosen	109720	135978	1					api
Druid	Balance	102	Starlight Conduit	451211	talent-passive	TraitNodeEntry	false	0	Rotational	class		100223	123868	1					api
Druid	Balance	102	Starlord	202345	talent-passive	TraitNodeEntry	false	0	Rotational	spec		88207	109840	2	Other		cdm-only:CooldownSetSpell		api
Druid	Balance	102	Starweaver	393940	talent-passive	TraitNodeEntry	false	0	Rotational	spec		88236	109873	1	Buff		cdm-only:CooldownSetSpell		api
Druid	Balance	102	Stellar Amplification	450212	talent-passive	TraitNodeEntry	false	0	Rotational	spec		88212	109846	1					api
Druid	Balance	102	Stellar Command	429668	talent-passive	TraitNodeEntry	false	0	Rotational	hero	Elune's Chosen	94596	117190	1					api
Druid	Balance	102	Sundered Firmament	394094	talent-passive	TraitNodeEntry	false	0	Rotational	spec		88218	109852	1					api
Druid	Balance	102	Sunseeker Mushroom	468936	talent-passive	TraitNodeEntry	false	0	Rotational	spec		88202	109834	1					api
Druid	Balance	102	Sylvan Beckoning	1264614	talent-passive	TraitNodeEntry	false	0	Rotational	hero	Keeper of the Grove	109714	135972	1	Buff		cdm-only:CooldownSetSpell		api
Druid	Balance	102	The Eternal Moon	424113	talent-passive	TraitNodeEntry	false	0	Rotational	hero	Elune's Chosen	94587	117179	1					api
Druid	Balance	102	The Light of Elune	428655	talent-passive	TraitNodeEntry	false	0	Rotational	hero	Elune's Chosen	94585	117176	1					api
Druid	Balance	102	Thick Hide	16931	talent-passive	TraitNodeEntry	false	0	Rotational	class		82228	103306	1					api
Druid	Balance	102	Total Eclipse	1240206	talent-passive	TraitNodeEntry	false	0	Rotational	spec		88200	109832	2					api
Druid	Balance	102	Touch the Cosmos	450356	talent-passive	TraitNodeEntry	false	0	Rotational	spec		88222	109857	1	Buff		cdm-only:CooldownSetSpell		api
Druid	Balance	102	Treants of the Moon	428544	talent-passive	TraitNodeEntry	false	0	Rotational	hero	Keeper of the Grove	94599	117194	1					api
Druid	Balance	102	Twin Moons	279620	talent-passive	TraitNodeEntry	false	0	Rotational	spec		88201	109833	1					api
Druid	Balance	102	Umbral Embrace	393760	talent-passive	TraitNodeEntry	false	0	Rotational	spec		88234	109870	1	Buff		cdm-only:CooldownSetSpell		api
Druid	Balance	102	Umbral Intensity	383195	talent-passive	TraitNodeEntry	false	0	Rotational	spec		88208	109842	1					api
Druid	Balance	102	Ursine Vigor	377842	talent-passive	TraitNodeEntry	false	0	Rotational	class		100174	123793	1	Buff		cdm-only:CooldownSetSpell		api
Druid	Balance	102	Ursoc's Spirit	449182	talent-passive	TraitNodeEntry	false	0	Rotational	class		82219	103297	1					api
Druid	Balance	102	Verdant Heart	301768	talent-passive	TraitNodeEntry	false	0	Rotational	class		82218	103296	1					api
Druid	Balance	102	Well-Honed Instincts	377847	talent-passive	TraitNodeEntry	false	0	Rotational	class		82235	103313	1					api
Druid	Balance	102	Whirling Stars	468743	talent-passive	TraitNodeEntry	false	0	Rotational	spec		88221	109856	1					api
Druid	Balance	102	Wild Surges	406890	talent-passive	TraitNodeEntry	false	0	Rotational	spec		88204	109836	1					api
Druid	Balance	102	Solar Eclipse	1233346	cdm-only	CooldownSetSpell	true	1	Rotational						Essential				db2-template
Druid	Balance	102	Fungal Growth	81281	cdm-only	CooldownSetSpell	true	0	Rotational						Buff				db2-template+redirect
Druid	Balance	102	Owlkin Frenzy	231042	cdm-only	CooldownSetSpell	false	0	Rotational						Buff				api
Druid	Feral	103	Berserk	106951	talent-active	TraitNodeEntry	true	180	Cooldown	spec		82101	103162	1	Essential/Other		cdm-only:CooldownSetSpell		api
Druid	Feral	103	Innervate	29166	talent-active	TraitNodeEntry	true	180	Cooldown	class		82244	103324	1	Utility	Self-Heal 3 (Overflow)	cdm-only:CooldownSetSpell		api
Druid	Feral	103	Heart of the Wild	1261867	talent-active	TraitNodeEntry	true	120	Cooldown	class		82231	103309	1	Buff/Utility	Self-Heal 4 (Emergency/Overflow)	cdm-only:CooldownSetSpell		api
Druid	Feral	103	Stampeding Roar	106898	talent-active	TraitNodeEntry	true	120	Cooldown	class		82234	103312	1	Buff/Utility	Class 1 (Movement)	cdm-only:CooldownSetSpell		api
Druid	Feral	103	Feral Frenzy	274837	talent-active	TraitNodeEntry	true	45	Cooldown	spec		82112	103175	1	Buff/Essential		cdm-only:CooldownSetSpell		api
Druid	Feral	103	Maim	22570	talent-active	TraitNodeEntry	true	30	Rotational	class		82221	103299	1	Buff/Utility	CC 2	cdm-only:CooldownSetSpell		api
Druid	Feral	103	Tiger's Fury	5217	talent-active	TraitNodeEntry	true	30	Rotational	spec		82124	103188	1	Essential/Other	Rotational 5	cdm-only:CooldownSetSpell		api
Druid	Feral	103	Typhoon	132469	talent-active	TraitNodeEntry	true	30	Rotational	class		82209	103287	1	Buff/Utility	Slow	class-baseline:SkillLineAbility:798;cdm-only:CooldownSetSpell		api
Druid	Feral	103	Skull Bash	106839	talent-active	TraitNodeEntry	true	15	Rotational	class		82242	103322	1	Utility	Interrupt	cdm-only:CooldownSetSpell		api
Druid	Feral	103	Starsurge	197626	talent-active	TraitNodeEntry	true	10	Rotational	class		82200	103278	1					api
Druid	Feral	103	Wild Growth	48438	talent-active	TraitNodeEntry	true	10	Rotational	class		82205	103283	1					api
Druid	Feral	103	Remove Corruption	2782	talent-active	TraitNodeEntry	true	8	Rotational	class		82241	103320	1	Utility	Class 6 (Dispel)	cdm-only:CooldownSetSpell		api
Druid	Feral	103	Survival Instincts	61336	talent-active	TraitNodeEntry	true	6	Rotational	spec		82116	103180	1	Buff/Utility	Personal Defensive 2	cdm-only:CooldownSetSpell		api
Druid	Feral	103	Frenzied Regeneration	22842	talent-active	TraitNodeEntry	true	1	Rotational	class		82220	103298	1	Buff/Utility	Self-Heal 2	cdm-only:CooldownSetSpell		api
Druid	Feral	103	Ironfur	192081	talent-active	TraitNodeEntry	true	0.5	Rotational	class		82227	103305	1	Buff/Utility		cdm-only:CooldownSetSpell		api
Druid	Feral	103	Hibernate	2637	talent-active	TraitNodeEntry	true	0	Rotational	class		82211	103289	1	Buff/Utility	Class 4 (Special)	cdm-only:CooldownSetSpell		api
Druid	Feral	103	Moonkin Form	24858	talent-active	TraitNodeEntry	true	0	Rotational	class		82208	103286	1		Stance 4	talent-active:TraitNodeEntry		api
Druid	Feral	103	Primal Wrath	285381	talent-active	TraitNodeEntry	true	0	Rotational	spec		82120	103184	1	Essential		cdm-only:CooldownSetSpell		api
Druid	Feral	103	Rake	1822	talent-active	TraitNodeEntry	true	0	Rotational	class		82199	103277	1	Buff/Essential	Rotational 2	cdm-only:CooldownSetSpell		api
Druid	Feral	103	Rejuvenation	774	talent-active	TraitNodeEntry	true	0	Rotational	class		82217	103295	1					api
Druid	Feral	103	Rip	1079	talent-active	TraitNodeEntry	true	0	Rotational	class		82222	103300	1	Buff/Essential	Rotational 3	cdm-only:CooldownSetSpell		api
Druid	Feral	103	Starfire	197628	talent-active	TraitNodeEntry	true	0	Rotational	class		91044	112967	1			talent-active:TraitNodeEntry		api
Druid	Feral	103	Sunfire	93402	talent-active	TraitNodeEntry	true	0	Rotational	class		93714	116102	1			class-baseline:SkillLineAbility:798		api
Druid	Feral	103	Swipe	213764	talent-active	TraitNodeEntry	true	0	Rotational	class		82223	103301	1	Essential	Rotational 6	cdm-only:CooldownSetSpell		api
Druid	Feral	103	Symbiotic Relationship	474750	talent-active	TraitNodeEntry	true	0	Rotational	class		100173	123792	1		PvP 3			api
Druid	Feral	103	Incarnation: Avatar of Ashamane	102543	talent-choice	TraitNodeEntry	true	180	Cooldown	spec		82114	103178	1					api
Druid	Feral	103	Convoke the Spirits	391528	talent-choice	TraitNodeEntry	true	120	Cooldown	spec		82114	103177	1	Essential		cdm-only:CooldownSetSpell		api
Druid	Feral	103	Mighty Bash	5211	talent-choice	TraitNodeEntry	true	60	Cooldown	class		82237	103315	1	Buff/Utility	CC	cdm-only:CooldownSetSpell		api
Druid	Feral	103	Ursol's Vortex	102793	talent-choice	TraitNodeEntry	true	60	Cooldown	class		82207	128589	1	Utility		class-baseline:SkillLineAbility:798;cdm-only:CooldownSetSpell		api
Druid	Feral	103	Frantic Frenzy	1243807	talent-choice	TraitNodeEntry	true	45	Cooldown	spec		82111	134211	1					api
Druid	Feral	103	Tiger Dash	252216	talent-choice	TraitNodeEntry	true	45	Cooldown	class		82198	103275	1					api
Druid	Feral	103	Incapacitating Roar	99	talent-choice	TraitNodeEntry	true	30	Rotational	class		82237	103316	1	Buff/Utility		cdm-only:CooldownSetSpell		api
Druid	Feral	103	Mass Entanglement	102359	talent-choice	TraitNodeEntry	true	30	Rotational	class		82207	103285	1	Utility	Class 2 (CC)	cdm-only:CooldownSetSpell		api
Druid	Feral	103	Chomp	1244258	talent-choice	TraitNodeEntry	true	20	Rotational	spec		82108	134212	1	Essential		cdm-only:CooldownSetSpell		api
Druid	Feral	103	Wild Charge	102401	talent-choice	TraitNodeEntry	true	15	Rotational	class		82198	103276	1	Utility	Immune/Spell Immune/Movement	cdm-only:CooldownSetSpell		api
Druid	Feral	103	Soothe	2908	talent-choice	TraitNodeEntry	true	10	Rotational	class		82229	103307	1	Utility	Class 5 (Purge)	cdm-only:CooldownSetSpell		api
Druid	Feral	103	Cyclone	33786	talent-choice	TraitNodeEntry	true	0	Rotational	class		82229	128587	1	Buff/Utility		cdm-only:CooldownSetSpell		api
Druid	Feral	103	Rebirth	20484	class-baseline	SkillLineAbility:798	true	600	Cooldown						Utility	Class 8 (Lust/BRes)	cdm-only:CooldownSetSpell		api
Druid	Feral	103	Dash	1850	class-baseline	SkillLineAbility:798	true	120	Cooldown						Buff/Utility	Movement Ability	cdm-only:CooldownSetSpell		api
Druid	Feral	103	Essence of G'Hanir	208253	class-baseline	SkillLineAbility:798	true	90	Cooldown										api
Druid	Feral	103	Ashamane's Frenzy	210722	class-baseline	SkillLineAbility:798	true	75	Cooldown										api
Druid	Feral	103	Barkskin	22812	class-baseline	SkillLineAbility:798	true	60	Cooldown						Buff/Utility	Personal Defensive 1	cdm-only:CooldownSetSpell		api
Druid	Feral	103	Dreamwalk	193753	class-baseline	SkillLineAbility:798	true	60	Cooldown										api
Druid	Feral	103	Charm Woodland Creature	127757	class-baseline	SkillLineAbility:798	true	30	Rotational										api
Druid	Feral	103	Growl	6795	class-baseline	SkillLineAbility:798	true	8	Rotational						Utility		cdm-only:CooldownSetSpell		api
Druid	Feral	103	Prowl	102547	class-baseline	SkillLineAbility:798	true	6	Rotational						Buff/Essential	Taunt/Quick Access	cdm-only:CooldownSetSpell		api
Druid	Feral	103	Thrash	77758	class-baseline	SkillLineAbility:798	true	6	Rotational						Essential		cdm-only:CooldownSetSpell		api
Druid	Feral	103	Strength of the Wild	236716	class-baseline	SkillLineAbility:798	true	3	Rotational						Buff		pvp-talent:PvpTalent;cdm-only:CooldownSetSpell		api
Druid	Feral	103	Track Beasts	210065	class-baseline	SkillLineAbility:798	true	1.5	Rotational										api
Druid	Feral	103	Track Humanoids	5225	class-baseline	SkillLineAbility:798	true	1.5	Rotational										api
Druid	Feral	103	Bear Form	5487	class-baseline	SkillLineAbility:798	true	0	Rotational							Stance 1			api
Druid	Feral	103	Cat Form	768	class-baseline	SkillLineAbility:798	true	0	Rotational							Stance 2			api
Druid	Feral	103	Cenarion Ward	102352	class-baseline	SkillLineAbility:798	true	0	Rotational										api
Druid	Feral	103	Clearcasting	16870	class-baseline	SkillLineAbility:798	true	0	Rotational										api
Druid	Feral	103	Efflorescence	81269	class-baseline	SkillLineAbility:798	true	0	Rotational										api
Druid	Feral	103	Entangling Roots	339	class-baseline	SkillLineAbility:798	true	0	Rotational						Buff	Class 3 (Tag)	cdm-only:CooldownSetSpell		api
Druid	Feral	103	Ferocious Bite	22568	class-baseline	SkillLineAbility:798	true	0	Rotational						Essential	Rotational 4	cdm-only:CooldownSetSpell		api
Druid	Feral	103	Flap	164862	class-baseline	SkillLineAbility:798	true	0	Rotational										api
Druid	Feral	103	Flight Form	165962	class-baseline	SkillLineAbility:798	true	0	Rotational										api
Druid	Feral	103	Force of Nature	37846	class-baseline	SkillLineAbility:798	true	0	Rotational										none
Druid	Feral	103	Incarnation: Tree of Life	81098	class-baseline	SkillLineAbility:798	true	0	Rotational										none
Druid	Feral	103	Mangle	33917	class-baseline	SkillLineAbility:798	true	0	Rotational						Essential		cdm-only:CooldownSetSpell		api
Druid	Feral	103	Mark of the Wild	1126	class-baseline	SkillLineAbility:798	true	0	Rotational							Buff			api
Druid	Feral	103	Moonfire	8921	class-baseline	SkillLineAbility:798	true	0	Rotational						Buff/Essential		cdm-only:CooldownSetSpell		api
Druid	Feral	103	Mount Form	210053	class-baseline	SkillLineAbility:798	true	0	Rotational										api
Druid	Feral	103	Regrowth	8936	class-baseline	SkillLineAbility:798	true	0	Rotational						Utility	Self-Heal 1	cdm-only:CooldownSetSpell		api
Druid	Feral	103	Revive	50769	class-baseline	SkillLineAbility:798	true	0	Rotational							Res			api
Druid	Feral	103	Shapeshift Form	228545	class-baseline	SpecializationSpells	true	0	Rotational										none
Druid	Feral	103	Shred	5221	class-baseline	SkillLineAbility:798	true	0	Rotational						Essential	Rotational 1	cdm-only:CooldownSetSpell		api
Druid	Feral	103	Single-Button Assistant	1229376	class-baseline	SpecializationSpells	true	0	Rotational										api
Druid	Feral	103	Teleport: Moonglade	18960	class-baseline	SkillLineAbility:798	true	0	Rotational										api
Druid	Feral	103	Tranquility	157982	class-baseline	SkillLineAbility:798	true	0	Rotational										api
Druid	Feral	103	Travel Form	783	class-baseline	SkillLineAbility:798	true	0	Rotational							Stance 3			api
Druid	Feral	103	Treant Form	114282	class-baseline	SkillLineAbility:798	true	0	Rotational										api
Druid	Feral	103	Wrath	5176	class-baseline	SkillLineAbility:798	true	0	Rotational										api
Druid	Feral	103	Ysera's Gift	145109	class-baseline	SkillLineAbility:798	true	0	Rotational										api
Druid	Feral	103	Ferocious Wound	236020	pvp-talent	PvpTalent	false	0	Rotational						Buff		cdm-only:CooldownSetSpell		api
Druid	Feral	103	Freedom of the Herd	213200	pvp-talent	PvpTalent	false	0	Rotational										api
Druid	Feral	103	Fresh Wound	203224	pvp-talent	PvpTalent	false	0	Rotational										api
Druid	Feral	103	High Winds	200931	pvp-talent	PvpTalent	false	0	Rotational										api
Druid	Feral	103	Leader of the Pack	202626	pvp-talent	PvpTalent	false	0	Rotational										api
Druid	Feral	103	Malorne's Swiftness	236012	pvp-talent	PvpTalent	false	0	Rotational										api
Druid	Feral	103	Savage Momentum	205673	pvp-talent	PvpTalent	false	0	Rotational										api
Druid	Feral	103	Thorns	1217017	pvp-talent	PvpTalent	false	0	Rotational						Buff		cdm-only:CooldownSetSpell		api
Druid	Feral	103	Tireless Pursuit	377801	pvp-talent	PvpTalent	false	0	Rotational						Buff		cdm-only:CooldownSetSpell		api
Druid	Feral	103	Wicked Claws	203242	pvp-talent	PvpTalent	false	0	Rotational										api
Druid	Feral	103	Aessina's Renewal	474678	talent-passive	TraitNodeEntry	false	0	Rotational	class		82232	128581	1					api
Druid	Feral	103	Aggravate Wounds	441829	talent-passive	TraitNodeEntry	false	0	Rotational	hero	Druid of the Claw	94616	117216	1					api
Druid	Feral	103	Apex Predator's Craving	391881	talent-passive	TraitNodeEntry	false	0	Rotational	spec		82109	103172	1	Buff		cdm-only:CooldownSetSpell		api
Druid	Feral	103	Ashamane's Guidance	391548	talent-passive	TraitNodeEntry	false	0	Rotational	spec		82113	103176	1					api
Druid	Feral	103	Astral Influence	197524	talent-passive	TraitNodeEntry	false	0	Rotational	class		82210	103288	1					api
Druid	Feral	103	Berserk: Heart of the Lion	391174	talent-passive	TraitNodeEntry	false	0	Rotational	spec		82100	103161	1					api
Druid	Feral	103	Bestial Strength	441841	talent-passive	TraitNodeEntry	false	0	Rotational	hero	Druid of the Claw	94611	117208	1					api
Druid	Feral	103	Blood Spattered	1244532	talent-passive	TraitNodeEntry	false	0	Rotational	spec		82090	103149	1					api
Druid	Feral	103	Bond with Nature	439929	talent-passive	TraitNodeEntry	false	0	Rotational	hero	Wildstalker	94625	117225	1					api
Druid	Feral	103	Bursting Growth	440120	talent-passive	TraitNodeEntry	false	0	Rotational	hero	Wildstalker	109716	135974	1					api
Druid	Feral	103	Carnivorous Instinct	390902	talent-passive	TraitNodeEntry	false	0	Rotational	spec		82110	103173	2					api
Druid	Feral	103	Circle of Life and Death	400320	talent-passive	TraitNodeEntry	false	0	Rotational	spec		82092	103152	1					api
Druid	Feral	103	Circle of the Heavens	474541	talent-passive	TraitNodeEntry	false	0	Rotational	class		104078	128579	1					api
Druid	Feral	103	Circle of the Wild	474530	talent-passive	TraitNodeEntry	false	0	Rotational	class		104078	128580	1					api
Druid	Feral	103	Claw Rampage	441835	talent-passive	TraitNodeEntry	false	0	Rotational	hero	Druid of the Claw	94613	117211	1					api
Druid	Feral	103	Coiled to Spring	449537	talent-passive	TraitNodeEntry	false	0	Rotational	spec		82085	103144	1	Buff		cdm-only:CooldownSetSpell		api
Druid	Feral	103	Double-Clawed Rake	391700	talent-passive	TraitNodeEntry	false	0	Rotational	spec		82086	103145	1					api
Druid	Feral	103	Dreadful Bleeding	391045	talent-passive	TraitNodeEntry	false	0	Rotational	spec		82118	103182	1					api
Druid	Feral	103	Dreadful Wound	441809	talent-passive	TraitNodeEntry	false	0	Rotational	hero	Druid of the Claw	94620	117220	1					api
Druid	Feral	103	Empowered Shapeshifting	441689	talent-passive	TraitNodeEntry	false	0	Rotational	hero	Druid of the Claw	94612	117210	1					api
Druid	Feral	103	Entangling Vortex	439895	talent-passive	TraitNodeEntry	false	0	Rotational	hero	Wildstalker	94622	117222	1					api
Druid	Feral	103	Exacerbating Wounds	1271839	talent-passive	TraitNodeEntry	false	0	Rotational	hero	Druid of the Claw	94619	117219	1					api
Druid	Feral	103	Feline Swiftness	131768	talent-passive	TraitNodeEntry	false	0	Rotational	class		82236	103314	1					api
Druid	Feral	103	Flower Walk	439901	talent-passive	TraitNodeEntry	false	0	Rotational	hero	Wildstalker	94622	119855	1					api
Druid	Feral	103	Fluid Form	449193	talent-passive	TraitNodeEntry	false	0	Rotational	class		82246	103326	1					api
Druid	Feral	103	Focused Frenzy	1244544	talent-passive	TraitNodeEntry	false	0	Rotational	spec		82111	103174	1					api
Druid	Feral	103	Forestwalk	400129	talent-passive	TraitNodeEntry	false	0	Rotational	class		82243	103323	2					api
Druid	Feral	103	Fount of Strength	441675	talent-passive	TraitNodeEntry	false	0	Rotational	hero	Druid of the Claw	94618	117218	1					api
Druid	Feral	103	Frantic Momentum	391875	talent-passive	TraitNodeEntry	false	0	Rotational	spec		82115	103179	2	Buff		cdm-only:CooldownSetSpell		api
Druid	Feral	103	Gale Winds	400142	talent-passive	TraitNodeEntry	false	0	Rotational	class		104079	128583	1					api
Druid	Feral	103	Gift of the Wild	1262034	talent-passive	TraitNodeEntry	false	0	Rotational	class		100175	123794	1					api
Druid	Feral	103	Green Thumb	1270565	talent-passive	TraitNodeEntry	false	0	Rotational	hero	Wildstalker	109717	135975	1					api
Druid	Feral	103	Grievous Wounds	474526	talent-passive	TraitNodeEntry	false	0	Rotational	class		82239	103318	1					api
Druid	Feral	103	Harmonious Constitution	440116	talent-passive	TraitNodeEntry	false	0	Rotational	hero	Wildstalker	94625	119854	1					api
Druid	Feral	103	Hunger for Battle	1244547	talent-passive	TraitNodeEntry	false	0	Rotational	spec		82095	103156	1	Buff		cdm-only:CooldownSetSpell		api
Druid	Feral	103	Hunt Beneath the Open Skies	439868	talent-passive	TraitNodeEntry	false	0	Rotational	hero	Wildstalker	94629	117231	1					api
Druid	Feral	103	Implant	440118	talent-passive	TraitNodeEntry	false	0	Rotational	hero	Wildstalker	94628	117229	1					api
Druid	Feral	103	Improved Barkskin	327993	talent-passive	TraitNodeEntry	false	0	Rotational	class		104085	128591	1					api
Druid	Feral	103	Improved Stampeding Roar	288826	talent-passive	TraitNodeEntry	false	0	Rotational	class		82230	103308	1					api
Druid	Feral	103	Incessant Tempest	400140	talent-passive	TraitNodeEntry	false	0	Rotational	class		104079	128582	1					api
Druid	Feral	103	Infected Wounds	48484	talent-passive	TraitNodeEntry	false	0	Rotational	spec		82088	103147	1	Buff		cdm-only:CooldownSetSpell		api
Druid	Feral	103	Instincts of the Claw	449184	talent-passive	TraitNodeEntry	false	0	Rotational	class		104081	128585	1					api
Druid	Feral	103	Killer Instinct	108299	talent-passive	TraitNodeEntry	false	0	Rotational	class		82225	103303	2					api
Druid	Feral	103	Killing Strikes	441824	talent-passive	TraitNodeEntry	false	0	Rotational	hero	Druid of the Claw	109723	136624	1	Buff		cdm-only:CooldownSetSpell		api
Druid	Feral	103	Lacerating Claws	1244632	talent-passive	TraitNodeEntry	false	0	Rotational	spec		82096	103157	1					api
Druid	Feral	103	Lethal Preservation	455461	talent-passive	TraitNodeEntry	false	0	Rotational	hero	Wildstalker	94624	117224	1					api
Druid	Feral	103	Limb from Limb	1271540	talent-passive	TraitNodeEntry	false	0	Rotational	hero	Druid of the Claw	109722	135980	1					api
Druid	Feral	103	Lingering Healing	231040	talent-passive	TraitNodeEntry	false	0	Rotational	class		82240	103319	1					api
Druid	Feral	103	Lore of the Grove	449185	talent-passive	TraitNodeEntry	false	0	Rotational	class		104080	128584	1					api
Druid	Feral	103	Lunar Inspiration	155580	talent-passive	TraitNodeEntry	false	0	Rotational	spec		82108	103170	1					api
Druid	Feral	103	Lycara's Inspiration	1232897	talent-passive	TraitNodeEntry	false	0	Rotational	class		92229	114300	1					api
Druid	Feral	103	Lycara's Teachings	378988	talent-passive	TraitNodeEntry	false	0	Rotational	class		82233	103311	2					api
Druid	Feral	103	Matted Fur	385786	talent-passive	TraitNodeEntry	false	0	Rotational	class		100177	123796	2					api
Druid	Feral	103	Merciless Claws	231063	talent-passive	TraitNodeEntry	false	0	Rotational	spec		82098	103159	1					api
Druid	Feral	103	Moment of Clarity	236068	talent-passive	TraitNodeEntry	false	0	Rotational	spec		82106	103167	1					api
Druid	Feral	103	Natural Recovery	377796	talent-passive	TraitNodeEntry	false	0	Rotational	class		82206	103284	1					api
Druid	Feral	103	Nurturing Instinct	33873	talent-passive	TraitNodeEntry	false	0	Rotational	class		82214	103292	2					api
Druid	Feral	103	Oakskin	449191	talent-passive	TraitNodeEntry	false	0	Rotational	class		100176	123795	1					api
Druid	Feral	103	Omen of Clarity	16864	talent-passive	TraitNodeEntry	false	0	Rotational	spec		82123	103187	1	Buff		cdm-only:CooldownSetSpell		api
Druid	Feral	103	Pack's Endurance	441844	talent-passive	TraitNodeEntry	false	0	Rotational	hero	Druid of the Claw	94615	117215	1					api
Druid	Feral	103	Panther's Guile	1280316	talent-passive	TraitNodeEntry	false	0	Rotational	spec		82103	103164	1					api
Druid	Feral	103	Patient Custodian	1270592	talent-passive	TraitNodeEntry	false	0	Rotational	hero	Wildstalker	94630	117232	1					api
Druid	Feral	103	Perfectly-Honed Instincts	1213597	talent-passive	TraitNodeEntry	false	0	Rotational	class		104082	128586	1					api
Druid	Feral	103	Pouncing Strikes	390772	talent-passive	TraitNodeEntry	false	0	Rotational	spec		82119	103183	1					api
Druid	Feral	103	Predator	202021	talent-passive	TraitNodeEntry	false	0	Rotational	spec		82122	103186	1					api
Druid	Feral	103	Primal Fury	159286	talent-passive	TraitNodeEntry	false	0	Rotational	class		82224	103302	1					api
Druid	Feral	103	Raging Fury	391078	talent-passive	TraitNodeEntry	false	0	Rotational	spec		82107	103169	1					api
Druid	Feral	103	Rampancy	1270586	talent-passive	TraitNodeEntry	false	0	Rotational	hero	Wildstalker	109715	135973	1					api
Druid	Feral	103	Rampant Ferocity	391709	talent-passive	TraitNodeEntry	false	0	Rotational	spec		82117	103181	1					api
Druid	Feral	103	Ravage	441583	talent-passive	TraitNodeEntry	false	0	Rotational	hero	Druid of the Claw	94609	117206	1	Buff		cdm-only:CooldownSetSpell		api
Druid	Feral	103	Resilient Flourishing	439880	talent-passive	TraitNodeEntry	false	0	Rotational	hero	Wildstalker	94631	117234	1					api
Druid	Feral	103	Rip and Tear	391347	talent-passive	TraitNodeEntry	false	0	Rotational	spec		82093	103153	1	Buff		cdm-only:CooldownSetSpell		api
Druid	Feral	103	Root Network	439882	talent-passive	TraitNodeEntry	false	0	Rotational	hero	Wildstalker	94631	117233	1					api
Druid	Feral	103	Ruthless Aggression	441814	talent-passive	TraitNodeEntry	false	0	Rotational	hero	Druid of the Claw	109723	135981	1	Buff		cdm-only:CooldownSetSpell		api
Druid	Feral	103	Saber Jaws	421432	talent-passive	TraitNodeEntry	false	0	Rotational	spec		82094	103155	2					api
Druid	Feral	103	Sabertooth	202031	talent-passive	TraitNodeEntry	false	0	Rotational	spec		82102	103163	1	Buff		cdm-only:CooldownSetSpell		api
Druid	Feral	103	Savage Fury	449645	talent-passive	TraitNodeEntry	false	0	Rotational	spec		82099	103160	1	Buff		cdm-only:CooldownSetSpell		api
Druid	Feral	103	Soul of the Forest	158476	talent-passive	TraitNodeEntry	false	0	Rotational	spec		82091	103150	1					api
Druid	Feral	103	Starlight Conduit	451211	talent-passive	TraitNodeEntry	false	0	Rotational	class		100223	123868	1					api
Druid	Feral	103	Strategic Infusion	439890	talent-passive	TraitNodeEntry	false	0	Rotational	hero	Wildstalker	94623	117223	1	Buff		cdm-only:CooldownSetSpell		api
Druid	Feral	103	Strike for the Heart	441845	talent-passive	TraitNodeEntry	false	0	Rotational	hero	Druid of the Claw	94614	117214	1					api
Druid	Feral	103	Sudden Ambush	384667	talent-passive	TraitNodeEntry	false	0	Rotational	spec		92641	114771	1	Buff		cdm-only:CooldownSetSpell		api
Druid	Feral	103	Taste for Blood	384665	talent-passive	TraitNodeEntry	false	0	Rotational	spec		82104	103165	1					api
Druid	Feral	103	Tear Down the Mighty	441846	talent-passive	TraitNodeEntry	false	0	Rotational	hero	Druid of the Claw	94614	117213	1					api
Druid	Feral	103	Thick Hide	16931	talent-passive	TraitNodeEntry	false	0	Rotational	class		82228	103306	1					api
Druid	Feral	103	Thriving Growth	439528	talent-passive	TraitNodeEntry	false	0	Rotational	hero	Wildstalker	94626	117226	1	Buff		cdm-only:CooldownSetSpell		api
Druid	Feral	103	Tiger's Tenacity	391872	talent-passive	TraitNodeEntry	false	0	Rotational	spec		82107	103168	1	Buff		cdm-only:CooldownSetSpell		api
Druid	Feral	103	Tireless Energy	383352	talent-passive	TraitNodeEntry	false	0	Rotational	spec		82121	103185	2					api
Druid	Feral	103	Twin Claw	1271635	talent-passive	TraitNodeEntry	false	0	Rotational	hero	Druid of the Claw	109721	135979	1					api
Druid	Feral	103	Twin Sprouts	440117	talent-passive	TraitNodeEntry	false	0	Rotational	hero	Wildstalker	94628	117230	1					api
Druid	Feral	103	Unseen Predator	1263657	talent-passive	TraitNodeEntry	false	0	Rotational	spec		110426	137046	1	Buff		talent-passive:TraitNodeEntry;cdm-only:CooldownSetSpell		api
Druid	Feral	103	Ursine Vigor	377842	talent-passive	TraitNodeEntry	false	0	Rotational	class		100174	123793	1	Buff		cdm-only:CooldownSetSpell		api
Druid	Feral	103	Ursoc's Spirit	449182	talent-passive	TraitNodeEntry	false	0	Rotational	class		82219	103297	1					api
Druid	Feral	103	Veinripper	391978	talent-passive	TraitNodeEntry	false	0	Rotational	spec		82093	103154	1					api
Druid	Feral	103	Verdant Heart	301768	talent-passive	TraitNodeEntry	false	0	Rotational	class		82218	103296	1					api
Druid	Feral	103	Vigorous Creepers	440119	talent-passive	TraitNodeEntry	false	0	Rotational	hero	Wildstalker	94627	117227	1					api
Druid	Feral	103	Well-Honed Instincts	377847	talent-passive	TraitNodeEntry	false	0	Rotational	class		82235	103313	1					api
Druid	Feral	103	Wild Slashes	390864	talent-passive	TraitNodeEntry	false	0	Rotational	spec		82105	103166	1					api
Druid	Feral	103	Wildpower Surge	441691	talent-passive	TraitNodeEntry	false	0	Rotational	hero	Druid of the Claw	94612	117209	1	Buff		cdm-only:CooldownSetSpell		api
Druid	Feral	103	Wildshape Mastery	441678	talent-passive	TraitNodeEntry	false	0	Rotational	hero	Druid of the Claw	94610	117207	1	Buff		cdm-only:CooldownSetSpell		api
Druid	Feral	103	Wildstalker's Power	439926	talent-passive	TraitNodeEntry	false	0	Rotational	hero	Wildstalker	94621	117221	1					api
Druid	Feral	103	Overflowing Power	405189	cdm-only	CooldownSetSpell	true	0	Rotational						Buff				db2-template+redirect
Druid	Feral	103	Predatory Swiftness	16974	cdm-only	CooldownSetSpell	false	0	Rotational						Buff				api
Druid	Guardian	104	Berserk	50334	talent-active	TraitNodeEntry	true	180	Cooldown	spec		82149	103216	1	Essential/Other		cdm-only:CooldownSetSpell		api
Druid	Guardian	104	Innervate	29166	talent-active	TraitNodeEntry	true	180	Cooldown	class		82244	103324	1	Utility	Self-Heal 3 (Overflow)	cdm-only:CooldownSetSpell		api
Druid	Guardian	104	Heart of the Wild	1261867	talent-active	TraitNodeEntry	true	120	Cooldown	class		82231	103309	1	Buff/Utility	Self-Heal 4 (Emergency/Overflow)	cdm-only:CooldownSetSpell		api
Druid	Guardian	104	Stampeding Roar	106898	talent-active	TraitNodeEntry	true	120	Cooldown	class		82234	103312	1	Buff/Utility	Class 1 (Movement)	cdm-only:CooldownSetSpell		api
Druid	Guardian	104	Lunar Beam	204066	talent-active	TraitNodeEntry	true	60	Cooldown	spec		92587	114700	1	Buff/Essential		cdm-only:CooldownSetSpell		api
Druid	Guardian	104	Sundering Roar	1253799	talent-active	TraitNodeEntry	true	60	Cooldown	spec		92588	114701	1	Buff/Essential		cdm-only:CooldownSetSpell		api
Druid	Guardian	104	Maim	22570	talent-active	TraitNodeEntry	true	30	Rotational	class		82221	103299	1	Essential		cdm-only:CooldownSetSpell		api
Druid	Guardian	104	Typhoon	132469	talent-active	TraitNodeEntry	true	30	Rotational	class		82209	103287	1	Utility	CC 2	class-baseline:SkillLineAbility:798;cdm-only:CooldownSetSpell		api
Druid	Guardian	104	Skull Bash	106839	talent-active	TraitNodeEntry	true	15	Rotational	class		82242	103322	1	Utility	Interrupt	cdm-only:CooldownSetSpell		api
Druid	Guardian	104	Starsurge	197626	talent-active	TraitNodeEntry	true	10	Rotational	class		82200	103278	1					api
Druid	Guardian	104	Wild Growth	48438	talent-active	TraitNodeEntry	true	10	Rotational	class		82205	103283	1					api
Druid	Guardian	104	Remove Corruption	2782	talent-active	TraitNodeEntry	true	8	Rotational	class		82241	103320	1	Utility	Class 6 (Dispel)	cdm-only:CooldownSetSpell		api
Druid	Guardian	104	Survival Instincts	61336	talent-active	TraitNodeEntry	true	6	Rotational	spec		82129	103193	1	Essential/Other	Personal Defensive 2	cdm-only:CooldownSetSpell		api
Druid	Guardian	104	Frenzied Regeneration	22842	talent-active	TraitNodeEntry	true	1	Rotational	class		82220	103298	1	Buff/Essential	Rotational 6	cdm-only:CooldownSetSpell		api
Druid	Guardian	104	Ironfur	192081	talent-active	TraitNodeEntry	true	0.5	Rotational	class		82227	103305	1	Other/Utility	Rotational 4	cdm-only:CooldownSetSpell		api
Druid	Guardian	104	Hibernate	2637	talent-active	TraitNodeEntry	true	0	Rotational	class		82211	103289	1	Buff	Class 4 (Special)	cdm-only:CooldownSetSpell		api
Druid	Guardian	104	Maul	6807	talent-active	TraitNodeEntry	true	0	Rotational	spec		82127	103191	1	Essential	Rotational 3	cdm-only:CooldownSetSpell		api
Druid	Guardian	104	Moonkin Form	24858	talent-active	TraitNodeEntry	true	0	Rotational	class		82208	103286	1		Stance 4	talent-active:TraitNodeEntry		api
Druid	Guardian	104	Rake	1822	talent-active	TraitNodeEntry	true	0	Rotational	class		82199	103277	1	Buff/Essential		cdm-only:CooldownSetSpell		api
Druid	Guardian	104	Raze	400254	talent-active	TraitNodeEntry	true	0	Rotational	spec		82137	103202	1					api
Druid	Guardian	104	Rejuvenation	774	talent-active	TraitNodeEntry	true	0	Rotational	class		82217	103295	1					api
Druid	Guardian	104	Rip	1079	talent-active	TraitNodeEntry	true	0	Rotational	class		82222	103300	1	Buff/Essential		cdm-only:CooldownSetSpell		api
Druid	Guardian	104	Starfire	197628	talent-active	TraitNodeEntry	true	0	Rotational	class		91044	112967	1			talent-active:TraitNodeEntry		api
Druid	Guardian	104	Sunfire	93402	talent-active	TraitNodeEntry	true	0	Rotational	class		93714	116102	1	Buff		class-baseline:SkillLineAbility:798;cdm-only:CooldownSetSpell		api
Druid	Guardian	104	Survival of the Fittest	203965	talent-active	TraitNodeEntry	true	0	Rotational	spec		82143	103210	2					api
Druid	Guardian	104	Swipe	213764	talent-active	TraitNodeEntry	true	0	Rotational	class		82223	103301	1					api
Druid	Guardian	104	Symbiotic Relationship	474750	talent-active	TraitNodeEntry	true	0	Rotational	class		100173	123792	1		PvP 3			api
Druid	Guardian	104	Incarnation: Guardian of Ursoc	102558	talent-choice	TraitNodeEntry	true	180	Cooldown	spec		82136	103201	1					api
Druid	Guardian	104	Convoke the Spirits	391528	talent-choice	TraitNodeEntry	true	120	Cooldown	spec		82136	103200	1	Essential		cdm-only:CooldownSetSpell		api
Druid	Guardian	104	Mighty Bash	5211	talent-choice	TraitNodeEntry	true	60	Cooldown	class		82237	103315	1	Utility	CC	cdm-only:CooldownSetSpell		api
Druid	Guardian	104	Ursol's Vortex	102793	talent-choice	TraitNodeEntry	true	60	Cooldown	class		82207	128589	1	Utility		class-baseline:SkillLineAbility:798;cdm-only:CooldownSetSpell		api
Druid	Guardian	104	Tiger Dash	252216	talent-choice	TraitNodeEntry	true	45	Cooldown	class		82198	103275	1					api
Druid	Guardian	104	Bristling Fur	155835	talent-choice	TraitNodeEntry	true	40	Rotational	spec		82161	103230	1	Buff/Essential		cdm-only:CooldownSetSpell		api
Druid	Guardian	104	Incapacitating Roar	99	talent-choice	TraitNodeEntry	true	30	Rotational	class		82237	103316	1	Utility		cdm-only:CooldownSetSpell		api
Druid	Guardian	104	Mass Entanglement	102359	talent-choice	TraitNodeEntry	true	30	Rotational	class		82207	103285	1	Utility	Class 2 (CC)	cdm-only:CooldownSetSpell		api
Druid	Guardian	104	Red Moon	1252871	talent-choice	TraitNodeEntry	true	30	Rotational	spec		82147	135336	1					api
Druid	Guardian	104	Wild Charge	102401	talent-choice	TraitNodeEntry	true	15	Rotational	class		82198	103276	1	Utility	Immune/Spell Immune/Movement	cdm-only:CooldownSetSpell		api
Druid	Guardian	104	Soothe	2908	talent-choice	TraitNodeEntry	true	10	Rotational	class		82229	103307	1	Utility	Class 5 (Purge)	cdm-only:CooldownSetSpell		api
Druid	Guardian	104	Cyclone	33786	talent-choice	TraitNodeEntry	true	0	Rotational	class		82229	128587	1					api
Druid	Guardian	104	Rebirth	20484	class-baseline	SkillLineAbility:798	true	600	Cooldown						Utility	Class 8 (Lust/BRes)	cdm-only:CooldownSetSpell		api
Druid	Guardian	104	Dash	1850	class-baseline	SkillLineAbility:798	true	120	Cooldown						Buff/Utility	Movement Ability	cdm-only:CooldownSetSpell		api
Druid	Guardian	104	Essence of G'Hanir	208253	class-baseline	SkillLineAbility:798	true	90	Cooldown										api
Druid	Guardian	104	Ashamane's Frenzy	210722	class-baseline	SkillLineAbility:798	true	75	Cooldown										api
Druid	Guardian	104	Barkskin	22812	class-baseline	SkillLineAbility:798	true	60	Cooldown						Buff/Essential	Personal Defensive 1	cdm-only:CooldownSetSpell		api
Druid	Guardian	104	Dreamwalk	193753	class-baseline	SkillLineAbility:798	true	60	Cooldown										api
Druid	Guardian	104	Charm Woodland Creature	127757	class-baseline	SkillLineAbility:798	true	30	Rotational										api
Druid	Guardian	104	Growl	6795	class-baseline	SkillLineAbility:798	true	8	Rotational						Utility	Taunt/Quick Access	cdm-only:CooldownSetSpell		api
Druid	Guardian	104	Prowl	102547	class-baseline	SkillLineAbility:798	true	6	Rotational						Buff/Essential		cdm-only:CooldownSetSpell		api
Druid	Guardian	104	Thrash	77758	class-baseline	SkillLineAbility:798	true	6	Rotational						Buff/Essential	Rotational 2	cdm-only:CooldownSetSpell		api
Druid	Guardian	104	Strength of the Wild	236716	class-baseline	SkillLineAbility:798	true	3	Rotational										api
Druid	Guardian	104	Track Beasts	210065	class-baseline	SkillLineAbility:798	true	1.5	Rotational										api
Druid	Guardian	104	Track Humanoids	5225	class-baseline	SkillLineAbility:798	true	1.5	Rotational										api
Druid	Guardian	104	Bear Form	5487	class-baseline	SkillLineAbility:798	true	0	Rotational							Stance 1			api
Druid	Guardian	104	Cat Form	768	class-baseline	SkillLineAbility:798	true	0	Rotational							Stance 2			api
Druid	Guardian	104	Cenarion Ward	102352	class-baseline	SkillLineAbility:798	true	0	Rotational										api
Druid	Guardian	104	Clearcasting	16870	class-baseline	SkillLineAbility:798	true	0	Rotational										api
Druid	Guardian	104	Efflorescence	81269	class-baseline	SkillLineAbility:798	true	0	Rotational										api
Druid	Guardian	104	Entangling Roots	339	class-baseline	SkillLineAbility:798	true	0	Rotational							Class 3 (Tag)			api
Druid	Guardian	104	Ferocious Bite	22568	class-baseline	SkillLineAbility:798	true	0	Rotational										api
Druid	Guardian	104	Flap	164862	class-baseline	SkillLineAbility:798	true	0	Rotational										api
Druid	Guardian	104	Flight Form	165962	class-baseline	SkillLineAbility:798	true	0	Rotational										api
Druid	Guardian	104	Force of Nature	37846	class-baseline	SkillLineAbility:798	true	0	Rotational										none
Druid	Guardian	104	Incarnation: Tree of Life	81098	class-baseline	SkillLineAbility:798	true	0	Rotational										none
Druid	Guardian	104	Mangle	33917	class-baseline	SkillLineAbility:798	true	0	Rotational						Essential	Rotational 1	cdm-only:CooldownSetSpell		api
Druid	Guardian	104	Mark of the Wild	1126	class-baseline	SkillLineAbility:798	true	0	Rotational							Buff			api
Druid	Guardian	104	Moonfire	8921	class-baseline	SkillLineAbility:798	true	0	Rotational						Buff/Essential	Rotational 5	cdm-only:CooldownSetSpell		api
Druid	Guardian	104	Mount Form	210053	class-baseline	SkillLineAbility:798	true	0	Rotational										api
Druid	Guardian	104	Regrowth	8936	class-baseline	SkillLineAbility:798	true	0	Rotational						Essential	Self-Heal 1	cdm-only:CooldownSetSpell		api
Druid	Guardian	104	Revive	50769	class-baseline	SkillLineAbility:798	true	0	Rotational							Res			api
Druid	Guardian	104	Shapeshift Form	228545	class-baseline	SpecializationSpells	true	0	Rotational										none
Druid	Guardian	104	Shred	5221	class-baseline	SkillLineAbility:798	true	0	Rotational										api
Druid	Guardian	104	Single-Button Assistant	1229376	class-baseline	SpecializationSpells	true	0	Rotational										api
Druid	Guardian	104	Teleport: Moonglade	18960	class-baseline	SkillLineAbility:798	true	0	Rotational										api
Druid	Guardian	104	Tranquility	157982	class-baseline	SkillLineAbility:798	true	0	Rotational										api
Druid	Guardian	104	Travel Form	783	class-baseline	SkillLineAbility:798	true	0	Rotational							Stance 3			api
Druid	Guardian	104	Treant Form	114282	class-baseline	SkillLineAbility:798	true	0	Rotational										api
Druid	Guardian	104	Wrath	5176	class-baseline	SkillLineAbility:798	true	0	Rotational										api
Druid	Guardian	104	Ysera's Gift	145109	class-baseline	SkillLineAbility:798	true	0	Rotational										api
Druid	Guardian	104	Emerald Slumber	329042	pvp-talent	PvpTalent	true	120	Cooldown						Utility		cdm-only:CooldownSetSpell		api
Druid	Guardian	104	Grove Protection	354654	pvp-talent	PvpTalent	true	60	Cooldown						Utility		cdm-only:CooldownSetSpell		api
Druid	Guardian	104	Demoralizing Roar	201664	pvp-talent	PvpTalent	true	30	Rotational						Utility		cdm-only:CooldownSetSpell		api
Druid	Guardian	104	Overrun	202246	pvp-talent	PvpTalent	true	25	Rotational						Utility		cdm-only:CooldownSetSpell		api
Druid	Guardian	104	Alpha Challenge	207017	pvp-talent	PvpTalent	true	20	Rotational										api
Druid	Guardian	104	Charging Bash	228431	pvp-talent	PvpTalent	false	0	Rotational										api
Druid	Guardian	104	Den Mother	236180	pvp-talent	PvpTalent	false	0	Rotational										api
Druid	Guardian	104	Entangling Claws	202226	pvp-talent	PvpTalent	false	0	Rotational						Utility		cdm-only:CooldownSetSpell		api
Druid	Guardian	104	Freedom of the Herd	213200	pvp-talent	PvpTalent	false	0	Rotational										api
Druid	Guardian	104	Malorne's Swiftness	236147	pvp-talent	PvpTalent	false	0	Rotational										api
Druid	Guardian	104	Master Shapeshifter	236144	pvp-talent	PvpTalent	false	0	Rotational										api
Druid	Guardian	104	Tireless Pursuit	377801	pvp-talent	PvpTalent	false	0	Rotational										api
Druid	Guardian	104	Aessina's Renewal	474678	talent-passive	TraitNodeEntry	false	0	Rotational	class		82232	128581	1					api
Druid	Guardian	104	After the Wildfire	371905	talent-passive	TraitNodeEntry	false	0	Rotational	spec		82140	103206	1	Buff		cdm-only:CooldownSetSpell		api
Druid	Guardian	104	Aggravate Wounds	441829	talent-passive	TraitNodeEntry	false	0	Rotational	hero	Druid of the Claw	94616	117216	1					api
Druid	Guardian	104	Arcane Affinity	429540	talent-passive	TraitNodeEntry	false	0	Rotational	hero	Elune's Chosen	94586	117178	1					api
Druid	Guardian	104	Astral Influence	197524	talent-passive	TraitNodeEntry	false	0	Rotational	class		82210	103288	1					api
Druid	Guardian	104	Astral Insight	429536	talent-passive	TraitNodeEntry	false	0	Rotational	hero	Elune's Chosen	94585	117772	1					api
Druid	Guardian	104	Atmospheric Exposure	429532	talent-passive	TraitNodeEntry	false	0	Rotational	hero	Elune's Chosen	94607	117204	1	Buff		cdm-only:CooldownSetSpell		api
Druid	Guardian	104	Bask in Moonlight	1271305	talent-passive	TraitNodeEntry	false	0	Rotational	hero	Elune's Chosen	109718	135976	1					api
Druid	Guardian	104	Bestial Strength	441841	talent-passive	TraitNodeEntry	false	0	Rotational	hero	Druid of the Claw	94611	117208	1					api
Druid	Guardian	104	Blood Frenzy	203962	talent-passive	TraitNodeEntry	false	0	Rotational	spec		82142	103209	1					api
Druid	Guardian	104	Boundless Moonlight	424058	talent-passive	TraitNodeEntry	false	0	Rotational	hero	Elune's Chosen	94608	117205	1					api
Druid	Guardian	104	Brambles	203953	talent-passive	TraitNodeEntry	false	0	Rotational	spec		109378	135570	1					api
Druid	Guardian	104	Circle of the Heavens	474541	talent-passive	TraitNodeEntry	false	0	Rotational	class		104078	128579	1					api
Druid	Guardian	104	Circle of the Wild	474530	talent-passive	TraitNodeEntry	false	0	Rotational	class		104078	128580	1					api
Druid	Guardian	104	Claw Rampage	441835	talent-passive	TraitNodeEntry	false	0	Rotational	hero	Druid of the Claw	94613	117211	1					api
Druid	Guardian	104	Dreadful Wound	441809	talent-passive	TraitNodeEntry	false	0	Rotational	hero	Druid of the Claw	94620	117220	1	Buff		cdm-only:CooldownSetSpell		api
Druid	Guardian	104	Dream Guide	1278886	talent-passive	TraitNodeEntry	false	0	Rotational	spec		92585	136806	1	Buff		cdm-only:CooldownSetSpell		api
Druid	Guardian	104	Dream of Cenarius	372119	talent-passive	TraitNodeEntry	false	0	Rotational	spec		92585	114698	1	Buff		cdm-only:CooldownSetSpell		api
Druid	Guardian	104	Elune's Favored	370586	talent-passive	TraitNodeEntry	false	0	Rotational	spec		82134	103198	1					api
Druid	Guardian	104	Elune's Grace	443046	talent-passive	TraitNodeEntry	false	0	Rotational	hero	Elune's Chosen	94597	123304	1					api
Druid	Guardian	104	Empowered Shapeshifting	441689	talent-passive	TraitNodeEntry	false	0	Rotational	hero	Druid of the Claw	94612	117210	1					api
Druid	Guardian	104	Exacerbating Wounds	1271839	talent-passive	TraitNodeEntry	false	0	Rotational	hero	Druid of the Claw	94619	117219	1					api
Druid	Guardian	104	Feline Swiftness	131768	talent-passive	TraitNodeEntry	false	0	Rotational	class		82236	103314	1					api
Druid	Guardian	104	Flashing Claws	393427	talent-passive	TraitNodeEntry	false	0	Rotational	spec		82154	103223	2					api
Druid	Guardian	104	Fluid Form	449193	talent-passive	TraitNodeEntry	false	0	Rotational	class		82246	103326	1					api
Druid	Guardian	104	Forestwalk	400129	talent-passive	TraitNodeEntry	false	0	Rotational	class		82243	103323	2					api
Druid	Guardian	104	Fount of Strength	441675	talent-passive	TraitNodeEntry	false	0	Rotational	hero	Druid of the Claw	94618	117218	1					api
Druid	Guardian	104	Front of the Pack	377835	talent-passive	TraitNodeEntry	false	0	Rotational	spec		109275	103205	1					api
Druid	Guardian	104	Fury of Nature	370695	talent-passive	TraitNodeEntry	false	0	Rotational	spec		82138	103203	2					api
Druid	Guardian	104	Galactic Guardian	203964	talent-passive	TraitNodeEntry	false	0	Rotational	spec		82145	103212	1	Buff		cdm-only:CooldownSetSpell		api
Druid	Guardian	104	Gale Winds	400142	talent-passive	TraitNodeEntry	false	0	Rotational	class		104079	128583	1					api
Druid	Guardian	104	Gift of an Ancient Guardian	1251876	talent-passive	TraitNodeEntry	false	0	Rotational	spec		109377	135491	1					api
Druid	Guardian	104	Gift of the Wild	1262034	talent-passive	TraitNodeEntry	false	0	Rotational	class		100175	123794	1					api
Druid	Guardian	104	Glistening Fur	429533	talent-passive	TraitNodeEntry	false	0	Rotational	hero	Elune's Chosen	94594	117769	1					api
Druid	Guardian	104	Gore	210706	talent-passive	TraitNodeEntry	false	0	Rotational	spec		82126	103190	1					api
Druid	Guardian	104	Gory Fur	200854	talent-passive	TraitNodeEntry	false	0	Rotational	spec		109375	135566	1					api
Druid	Guardian	104	Grievous Wounds	474526	talent-passive	TraitNodeEntry	false	0	Rotational	class		82239	103318	1					api
Druid	Guardian	104	Guardian of Elune	155578	talent-passive	TraitNodeEntry	false	0	Rotational	spec		109377	135569	1	Buff		cdm-only:CooldownSetSpell		api
Druid	Guardian	104	Harnessed Rage	1253035	talent-passive	TraitNodeEntry	false	0	Rotational	spec		109379	135490	1					api
Druid	Guardian	104	Improved Barkskin	327993	talent-passive	TraitNodeEntry	false	0	Rotational	class		104085	128591	1					api
Druid	Guardian	104	Improved Stampeding Roar	288826	talent-passive	TraitNodeEntry	false	0	Rotational	class		82230	103308	1					api
Druid	Guardian	104	Incessant Tempest	400140	talent-passive	TraitNodeEntry	false	0	Rotational	class		104079	128582	1					api
Druid	Guardian	104	Infected Wounds	345208	talent-passive	TraitNodeEntry	false	0	Rotational	spec		109376	135567	1	Buff		cdm-only:CooldownSetSpell		api
Druid	Guardian	104	Innate Resolve	377811	talent-passive	TraitNodeEntry	false	0	Rotational	spec		82160	103229	1					api
Druid	Guardian	104	Instincts of the Claw	449184	talent-passive	TraitNodeEntry	false	0	Rotational	class		104081	128585	1					api
Druid	Guardian	104	Killer Instinct	108299	talent-passive	TraitNodeEntry	false	0	Rotational	class		82225	103303	2					api
Druid	Guardian	104	Killing Blow	1252994	talent-passive	TraitNodeEntry	false	0	Rotational	spec		82153	103222	1					api
Druid	Guardian	104	Killing Strikes	441824	talent-passive	TraitNodeEntry	false	0	Rotational	hero	Druid of the Claw	109723	136624	1	Buff		cdm-only:CooldownSetSpell		api
Druid	Guardian	104	Limb from Limb	1271540	talent-passive	TraitNodeEntry	false	0	Rotational	hero	Druid of the Claw	109722	135980	1					api
Druid	Guardian	104	Lingering Healing	231040	talent-passive	TraitNodeEntry	false	0	Rotational	class		82240	103319	1					api
Druid	Guardian	104	Lore of the Grove	449185	talent-passive	TraitNodeEntry	false	0	Rotational	class		104080	128584	1					api
Druid	Guardian	104	Lunar Calling	429523	talent-passive	TraitNodeEntry	false	0	Rotational	hero	Elune's Chosen	94590	117183	1					api
Druid	Guardian	104	Lunar Insight	429530	talent-passive	TraitNodeEntry	false	0	Rotational	hero	Elune's Chosen	94588	117181	1					api
Druid	Guardian	104	Lunation	429539	talent-passive	TraitNodeEntry	false	0	Rotational	hero	Elune's Chosen	94586	117177	1					api
Druid	Guardian	104	Lycara's Inspiration	1232897	talent-passive	TraitNodeEntry	false	0	Rotational	class		92229	114300	1					api
Druid	Guardian	104	Lycara's Teachings	378988	talent-passive	TraitNodeEntry	false	0	Rotational	class		82233	103311	2					api
Druid	Guardian	104	Matted Fur	385786	talent-passive	TraitNodeEntry	false	0	Rotational	class		100177	123796	2					api
Druid	Guardian	104	Memory of Ysera	1250906	talent-passive	TraitNodeEntry	false	0	Rotational	spec		82144	103211	2					api
Druid	Guardian	104	Moon Guardian	429520	talent-passive	TraitNodeEntry	false	0	Rotational	hero	Elune's Chosen	94598	117193	1					api
Druid	Guardian	104	Moondust	429538	talent-passive	TraitNodeEntry	false	0	Rotational	hero	Elune's Chosen	94597	117192	1					api
Druid	Guardian	104	Moonless Night	400278	talent-passive	TraitNodeEntry	false	0	Rotational	spec		92586	114699	1					api
Druid	Guardian	104	Natural Recovery	377796	talent-passive	TraitNodeEntry	false	0	Rotational	class		82206	103284	1					api
Druid	Guardian	104	Natural Resilience	1278789	talent-passive	TraitNodeEntry	false	0	Rotational	spec		82156	103225	1					api
Druid	Guardian	104	Nurturing Instinct	33873	talent-passive	TraitNodeEntry	false	0	Rotational	class		82214	103292	2					api
Druid	Guardian	104	Oakskin	449191	talent-passive	TraitNodeEntry	false	0	Rotational	class		100176	123795	1					api
Druid	Guardian	104	Pack's Endurance	441844	talent-passive	TraitNodeEntry	false	0	Rotational	hero	Druid of the Claw	94615	117215	1					api
Druid	Guardian	104	Penumbral Swell	1271261	talent-passive	TraitNodeEntry	false	0	Rotational	hero	Elune's Chosen	109719	135977	1					api
Druid	Guardian	104	Perfectly-Honed Instincts	1213597	talent-passive	TraitNodeEntry	false	0	Rotational	class		104082	128586	1					api
Druid	Guardian	104	Persistence	1251406	talent-passive	TraitNodeEntry	false	0	Rotational	spec		92227	103218	1	Buff		cdm-only:CooldownSetSpell		api
Druid	Guardian	104	Primal Fury	159286	talent-passive	TraitNodeEntry	false	0	Rotational	class		82224	103302	1					api
Druid	Guardian	104	Ravage	441583	talent-passive	TraitNodeEntry	false	0	Rotational	hero	Druid of the Claw	94609	117206	1	Buff		cdm-only:CooldownSetSpell		api
Druid	Guardian	104	Reinforced Fur	393618	talent-passive	TraitNodeEntry	false	0	Rotational	spec		82161	103231	1					api
Druid	Guardian	104	Reinvigoration	372945	talent-passive	TraitNodeEntry	false	0	Rotational	spec		82157	103226	2					api
Druid	Guardian	104	Rend and Tear	204053	talent-passive	TraitNodeEntry	false	0	Rotational	spec		82152	103221	1					api
Druid	Guardian	104	Ruthless Aggression	441814	talent-passive	TraitNodeEntry	false	0	Rotational	hero	Druid of the Claw	109723	135981	1	Buff		cdm-only:CooldownSetSpell		api
Druid	Guardian	104	Scintillating Moonlight	238049	talent-passive	TraitNodeEntry	false	0	Rotational	spec		82146	103213	2					api
Druid	Guardian	104	Soul of the Forest	158477	talent-passive	TraitNodeEntry	false	0	Rotational	spec		92226	103208	1					api
Druid	Guardian	104	Star Cascade	1271206	talent-passive	TraitNodeEntry	false	0	Rotational	hero	Elune's Chosen	109720	135978	1					api
Druid	Guardian	104	Starlight Conduit	451211	talent-passive	TraitNodeEntry	false	0	Rotational	class		100223	123868	1					api
Druid	Guardian	104	Stellar Command	429668	talent-passive	TraitNodeEntry	false	0	Rotational	hero	Elune's Chosen	94596	117190	1					api
Druid	Guardian	104	Strike for the Heart	441845	talent-passive	TraitNodeEntry	false	0	Rotational	hero	Druid of the Claw	94614	117214	1					api
Druid	Guardian	104	Tear Down the Mighty	441846	talent-passive	TraitNodeEntry	false	0	Rotational	hero	Druid of the Claw	94614	117213	1					api
Druid	Guardian	104	The Eternal Moon	424113	talent-passive	TraitNodeEntry	false	0	Rotational	hero	Elune's Chosen	94587	117179	1					api
Druid	Guardian	104	The Light of Elune	428655	talent-passive	TraitNodeEntry	false	0	Rotational	hero	Elune's Chosen	94585	117176	1					api
Druid	Guardian	104	Thick Hide	16931	talent-passive	TraitNodeEntry	false	0	Rotational	class		82228	103306	1					api
Druid	Guardian	104	Twin Claw	1271635	talent-passive	TraitNodeEntry	false	0	Rotational	hero	Druid of the Claw	109721	135979	1					api
Druid	Guardian	104	Twin Moonfire	372567	talent-passive	TraitNodeEntry	false	0	Rotational	spec		82147	103214	1					api
Druid	Guardian	104	Untamed Savagery	372943	talent-passive	TraitNodeEntry	false	0	Rotational	spec		82152	103220	1					api
Druid	Guardian	104	Ursine Vigor	377842	talent-passive	TraitNodeEntry	false	0	Rotational	class		100174	123793	1	Buff		cdm-only:CooldownSetSpell		api
Druid	Guardian	104	Ursoc's Endurance	393611	talent-passive	TraitNodeEntry	false	0	Rotational	spec		109375	135568	1					api
Druid	Guardian	104	Ursoc's Fury	377210	talent-passive	TraitNodeEntry	false	0	Rotational	spec		82159	103228	1					api
Druid	Guardian	104	Ursoc's Guidance	393414	talent-passive	TraitNodeEntry	false	0	Rotational	spec		82135	103199	1					api
Druid	Guardian	104	Ursoc's Spirit	449182	talent-passive	TraitNodeEntry	false	0	Rotational	class		82219	103297	1					api
Druid	Guardian	104	Ursol's Warding	471492	talent-passive	TraitNodeEntry	false	0	Rotational	spec		82148	103215	1					api
Druid	Guardian	104	Verdant Heart	301768	talent-passive	TraitNodeEntry	false	0	Rotational	class		82218	103296	1					api
Druid	Guardian	104	Vulnerable Flesh	372618	talent-passive	TraitNodeEntry	false	0	Rotational	spec		82131	103195	1					api
Druid	Guardian	104	Waking Nightmare	1253461	talent-passive	TraitNodeEntry	false	0	Rotational	spec		109302	135488	1					api
Druid	Guardian	104	Ward of the Forest	1250923	talent-passive	TraitNodeEntry	false	0	Rotational	spec		109378	135337	1					api
Druid	Guardian	104	Well-Honed Instincts	377847	talent-passive	TraitNodeEntry	false	0	Rotational	class		82235	103313	1					api
Druid	Guardian	104	Wild Guardian	1269614	talent-passive	TraitNodeEntry	false	0	Rotational	spec		110431	137061	1	Buff		talent-passive:TraitNodeEntry;cdm-only:CooldownSetSpell		api
Druid	Guardian	104	Wildpower Surge	441691	talent-passive	TraitNodeEntry	false	0	Rotational	hero	Druid of the Claw	94612	117209	1	Buff		cdm-only:CooldownSetSpell		api
Druid	Guardian	104	Wildshape Mastery	441678	talent-passive	TraitNodeEntry	false	0	Rotational	hero	Druid of the Claw	94610	117207	1	Buff		cdm-only:CooldownSetSpell		api
Druid	Restoration	105	Innervate	29166	talent-active	TraitNodeEntry	true	180	Cooldown	class		82244	103324	1	Other/Utility	Self-Heal 3 (Overflow)	cdm-only:CooldownSetSpell		api
Druid	Restoration	105	Tranquility	740	talent-active	TraitNodeEntry	true	180	Cooldown	spec		82054	103108	1	Essential	Cooldown 1	class-baseline:SkillLineAbility:798;cdm-only:CooldownSetSpell		api
Druid	Restoration	105	Heart of the Wild	1261867	talent-active	TraitNodeEntry	true	120	Cooldown	class		82231	103309	1	Buff/Utility	Self-Heal 4 (Emergency/Overflow)	cdm-only:CooldownSetSpell		api
Druid	Restoration	105	Stampeding Roar	106898	talent-active	TraitNodeEntry	true	120	Cooldown	class		82234	103312	1	Buff/Utility	Class 1 (Movement)	cdm-only:CooldownSetSpell		api
Druid	Restoration	105	Ironbark	102342	talent-active	TraitNodeEntry	true	90	Cooldown	spec		82082	103141	1	Buff/Essential	Cooldown 4	cdm-only:CooldownSetSpell		api
Druid	Restoration	105	Nature's Swiftness	132158	talent-active	TraitNodeEntry	true	60	Cooldown	spec		82050	103101	1	Buff/Essential	Self-Heal 1	cdm-only:CooldownSetSpell		api
Druid	Restoration	105	Maim	22570	talent-active	TraitNodeEntry	true	30	Rotational	class		82221	103299	1	Essential		cdm-only:CooldownSetSpell		api
Druid	Restoration	105	Typhoon	132469	talent-active	TraitNodeEntry	true	30	Rotational	class		82209	103287	1	Utility	CC 2	class-baseline:SkillLineAbility:798;cdm-only:CooldownSetSpell		api
Druid	Restoration	105	Starsurge	197626	talent-active	TraitNodeEntry	true	10	Rotational	class		82200	103278	1	Essential/Utility		cdm-only:CooldownSetSpell		api
Druid	Restoration	105	Wild Growth	48438	talent-active	TraitNodeEntry	true	10	Rotational	class		82205	103283	1	Essential	Cooldown 3	cdm-only:CooldownSetSpell		api
Druid	Restoration	105	Frenzied Regeneration	22842	talent-active	TraitNodeEntry	true	1	Rotational	class		82220	103298	1	Buff/Utility		cdm-only:CooldownSetSpell		api
Druid	Restoration	105	Ironfur	192081	talent-active	TraitNodeEntry	true	0.5	Rotational	class		82227	103305	1	Essential		cdm-only:CooldownSetSpell		api
Druid	Restoration	105	Efflorescence	145205	talent-active	TraitNodeEntry	true	0	Rotational	spec		82057	103111	1	Buff/Essential		class-baseline:SkillLineAbility:798;cdm-only:CooldownSetSpell		api
Druid	Restoration	105	Hibernate	2637	talent-active	TraitNodeEntry	true	0	Rotational	class		82211	103289	1	Buff/Utility	Class 4 (Special)	cdm-only:CooldownSetSpell		api
Druid	Restoration	105	Lifebloom	33763	talent-active	TraitNodeEntry	true	0	Rotational	spec		82049	103100	1	Essential/Other	Rotational 7	cdm-only:CooldownSetSpell		api
Druid	Restoration	105	Moonkin Form	24858	talent-active	TraitNodeEntry	true	0	Rotational	class		82208	103286	1		Stance 4			api
Druid	Restoration	105	Rake	1822	talent-active	TraitNodeEntry	true	0	Rotational	class		82199	103277	1	Buff/Essential		cdm-only:CooldownSetSpell		api
Druid	Restoration	105	Rejuvenation	774	talent-active	TraitNodeEntry	true	0	Rotational	class		82217	103295	1	Essential	Rotational 5	cdm-only:CooldownSetSpell		api
Druid	Restoration	105	Rip	1079	talent-active	TraitNodeEntry	true	0	Rotational	class		82222	103300	1	Buff/Essential		cdm-only:CooldownSetSpell		api
Druid	Restoration	105	Starfire	197628	talent-active	TraitNodeEntry	true	0	Rotational	class		91044	112967	1	Essential	Rotational 2	cdm-only:CooldownSetSpell		api
Druid	Restoration	105	Sunfire	93402	talent-active	TraitNodeEntry	true	0	Rotational	class		93714	116102	1	Buff/Essential	Rotational 4	class-baseline:SkillLineAbility:798;cdm-only:CooldownSetSpell		api
Druid	Restoration	105	Swiftmend	18562	talent-active	TraitNodeEntry	true	0	Rotational	spec		82047	103098	1	Essential	Rotational 8	cdm-only:CooldownSetSpell		api
Druid	Restoration	105	Swipe	213764	talent-active	TraitNodeEntry	true	0	Rotational	class		82223	103301	1	Essential		cdm-only:CooldownSetSpell		api
Druid	Restoration	105	Symbiotic Relationship	474750	talent-active	TraitNodeEntry	true	0	Rotational	class		100173	123792	1	Essential	PvP 3	cdm-only:CooldownSetSpell		api
Druid	Restoration	105	Incarnation: Tree of Life	33891	talent-choice	TraitNodeEntry	true	180	Cooldown	spec		82064	103120	1	Essential	Cooldown 2	class-baseline:SkillLineAbility:798;cdm-only:CooldownSetSpell		api
Druid	Restoration	105	Convoke the Spirits	391528	talent-choice	TraitNodeEntry	true	120	Cooldown	spec		82064	103119	1	Essential		cdm-only:CooldownSetSpell		api
Druid	Restoration	105	Mighty Bash	5211	talent-choice	TraitNodeEntry	true	60	Cooldown	class		82237	103315	1	Utility	CC	cdm-only:CooldownSetSpell		api
Druid	Restoration	105	Ursol's Vortex	102793	talent-choice	TraitNodeEntry	true	60	Cooldown	class		82207	128589	1	Utility		class-baseline:SkillLineAbility:798;cdm-only:CooldownSetSpell		api
Druid	Restoration	105	Tiger Dash	252216	talent-choice	TraitNodeEntry	true	45	Cooldown	class		82198	103275	1					api
Druid	Restoration	105	Incapacitating Roar	99	talent-choice	TraitNodeEntry	true	30	Rotational	class		82237	103316	1	Utility		cdm-only:CooldownSetSpell		api
Druid	Restoration	105	Mass Entanglement	102359	talent-choice	TraitNodeEntry	true	30	Rotational	class		82207	103285	1	Utility	Class 2 (CC)	cdm-only:CooldownSetSpell		api
Druid	Restoration	105	Wild Charge	102401	talent-choice	TraitNodeEntry	true	15	Rotational	class		82198	103276	1	Utility	Immune/Spell Immune/Movement	cdm-only:CooldownSetSpell		api
Druid	Restoration	105	Soothe	2908	talent-choice	TraitNodeEntry	true	10	Rotational	class		82229	103307	1	Utility	Class 5 (Purge)	cdm-only:CooldownSetSpell		api
Druid	Restoration	105	Cyclone	33786	talent-choice	TraitNodeEntry	true	0	Rotational	class		82229	128587	1	Buff/Utility		cdm-only:CooldownSetSpell		api
Druid	Restoration	105	Rebirth	20484	class-baseline	SkillLineAbility:798	true	600	Cooldown						Utility	Class 8 (Lust/BRes)	cdm-only:CooldownSetSpell		api
Druid	Restoration	105	Dash	1850	class-baseline	SkillLineAbility:798	true	120	Cooldown						Buff/Utility	Movement Ability	cdm-only:CooldownSetSpell		api
Druid	Restoration	105	Essence of G'Hanir	208253	class-baseline	SkillLineAbility:798	true	90	Cooldown										api
Druid	Restoration	105	Ashamane's Frenzy	210722	class-baseline	SkillLineAbility:798	true	75	Cooldown										api
Druid	Restoration	105	Barkskin	22812	class-baseline	SkillLineAbility:798	true	60	Cooldown						Buff/Utility	Personal Defensive 1	cdm-only:CooldownSetSpell		api
Druid	Restoration	105	Dreamwalk	193753	class-baseline	SkillLineAbility:798	true	60	Cooldown										api
Druid	Restoration	105	Charm Woodland Creature	127757	class-baseline	SkillLineAbility:798	true	30	Rotational										api
Druid	Restoration	105	Growl	6795	class-baseline	SkillLineAbility:798	true	8	Rotational										api
Druid	Restoration	105	Remove Corruption	440015	class-baseline	SpecializationSpells	true	8	Rotational										api
Druid	Restoration	105	Prowl	102547	class-baseline	SkillLineAbility:798	true	6	Rotational						Buff/Essential	Taunt/Quick Access	cdm-only:CooldownSetSpell		api
Druid	Restoration	105	Thrash	77758	class-baseline	SkillLineAbility:798	true	6	Rotational										api
Druid	Restoration	105	Strength of the Wild	236716	class-baseline	SkillLineAbility:798	true	3	Rotational										api
Druid	Restoration	105	Track Beasts	210065	class-baseline	SkillLineAbility:798	true	1.5	Rotational										api
Druid	Restoration	105	Track Humanoids	5225	class-baseline	SkillLineAbility:798	true	1.5	Rotational										api
Druid	Restoration	105	Bear Form	5487	class-baseline	SkillLineAbility:798	true	0	Rotational							Stance 1			api
Druid	Restoration	105	Cat Form	768	class-baseline	SkillLineAbility:798	true	0	Rotational							Stance 2			api
Druid	Restoration	105	Cenarion Ward	102352	class-baseline	SkillLineAbility:798	true	0	Rotational										api
Druid	Restoration	105	Clearcasting	16870	class-baseline	SkillLineAbility:798	true	0	Rotational										api
Druid	Restoration	105	Entangling Roots	339	class-baseline	SkillLineAbility:798	true	0	Rotational						Buff	Class 3 (Tag)	cdm-only:CooldownSetSpell		api
Druid	Restoration	105	Ferocious Bite	22568	class-baseline	SkillLineAbility:798	true	0	Rotational						Essential		cdm-only:CooldownSetSpell		api
Druid	Restoration	105	Flap	164862	class-baseline	SkillLineAbility:798	true	0	Rotational										api
Druid	Restoration	105	Flight Form	165962	class-baseline	SkillLineAbility:798	true	0	Rotational										api
Druid	Restoration	105	Force of Nature	37846	class-baseline	SkillLineAbility:798	true	0	Rotational										none
Druid	Restoration	105	Mangle	33917	class-baseline	SkillLineAbility:798	true	0	Rotational						Essential		cdm-only:CooldownSetSpell		api
Druid	Restoration	105	Mark of the Wild	1126	class-baseline	SkillLineAbility:798	true	0	Rotational							Buff			api
Druid	Restoration	105	Moonfire	8921	class-baseline	SkillLineAbility:798	true	0	Rotational						Buff	Rotational 3	cdm-only:CooldownSetSpell		api
Druid	Restoration	105	Mount Form	210053	class-baseline	SkillLineAbility:798	true	0	Rotational										api
Druid	Restoration	105	Nature's Cure	88423	class-baseline	SpecializationSpells	true	0	Rotational						Utility	Class 6 (Dispel)	cdm-only:CooldownSetSpell		api
Druid	Restoration	105	Regrowth	8936	class-baseline	SkillLineAbility:798	true	0	Rotational						Essential	Rotational 6	cdm-only:CooldownSetSpell		api
Druid	Restoration	105	Revitalize	212040	class-baseline	SpecializationSpells	true	0	Rotational										api
Druid	Restoration	105	Revive	50769	class-baseline	SkillLineAbility:798	true	0	Rotational							Res			api
Druid	Restoration	105	Shred	5221	class-baseline	SkillLineAbility:798	true	0	Rotational						Essential		cdm-only:CooldownSetSpell		api
Druid	Restoration	105	Single-Button Assistant	1229376	class-baseline	SpecializationSpells	true	0	Rotational										api
Druid	Restoration	105	Teleport: Moonglade	18960	class-baseline	SkillLineAbility:798	true	0	Rotational										api
Druid	Restoration	105	Travel Form	783	class-baseline	SkillLineAbility:798	true	0	Rotational							Stance 3			api
Druid	Restoration	105	Treant Form	114282	class-baseline	SkillLineAbility:798	true	0	Rotational										api
Druid	Restoration	105	Wrath	5176	class-baseline	SkillLineAbility:798	true	0	Rotational						Essential	Rotational 1	cdm-only:CooldownSetSpell		api
Druid	Restoration	105	Ysera's Gift	145109	class-baseline	SkillLineAbility:798	true	0	Rotational								talent-passive:TraitNodeEntry		api
Druid	Restoration	105	Call of Ohn'ahra	1246126	pvp-talent	PvpTalent	false	0	Rotational										api
Druid	Restoration	105	Deep Roots	233755	pvp-talent	PvpTalent	false	0	Rotational										api
Druid	Restoration	105	Disentanglement	233673	pvp-talent	PvpTalent	false	0	Rotational										api
Druid	Restoration	105	Early Spring	203624	pvp-talent	PvpTalent	false	0	Rotational								talent-passive:TraitNodeEntry		api
Druid	Restoration	105	Entangling Bark	247543	pvp-talent	PvpTalent	false	0	Rotational										api
Druid	Restoration	105	Forest Guardian	1217474	pvp-talent	PvpTalent	false	0	Rotational										api
Druid	Restoration	105	High Winds	200931	pvp-talent	PvpTalent	false	0	Rotational										api
Druid	Restoration	105	Malorne's Swiftness	236147	pvp-talent	PvpTalent	false	0	Rotational										api
Druid	Restoration	105	Thorns	1217017	pvp-talent	PvpTalent	false	0	Rotational										api
Druid	Restoration	105	Tireless Pursuit	377801	pvp-talent	PvpTalent	false	0	Rotational										api
Druid	Restoration	105	Abundance	207383	talent-passive	TraitNodeEntry	false	0	Rotational	spec		103876	128277	1	Buff		cdm-only:CooldownSetSpell		api
Druid	Restoration	105	Aessina's Renewal	474678	talent-passive	TraitNodeEntry	false	0	Rotational	class		82232	128581	1					api
Druid	Restoration	105	Astral Influence	197524	talent-passive	TraitNodeEntry	false	0	Rotational	class		82210	103288	1					api
Druid	Restoration	105	Blooming Infusion	429433	talent-passive	TraitNodeEntry	false	0	Rotational	hero	Keeper of the Grove	94601	117196	1	Buff		cdm-only:CooldownSetSpell		api
Druid	Restoration	105	Bond with Nature	439929	talent-passive	TraitNodeEntry	false	0	Rotational	hero	Wildstalker	94625	117225	1					api
Druid	Restoration	105	Bounteous Bloom	429215	talent-passive	TraitNodeEntry	false	0	Rotational	hero	Keeper of the Grove	94591	117184	1					api
Druid	Restoration	105	Bursting Growth	440120	talent-passive	TraitNodeEntry	false	0	Rotational	hero	Wildstalker	109716	135974	1					api
Druid	Restoration	105	Call of the Elder Druid	426784	talent-passive	TraitNodeEntry	false	0	Rotational	spec		82067	103123	1	Buff/Essential		cdm-only:CooldownSetSpell		api
Druid	Restoration	105	Cenarius' Guidance	393371	talent-passive	TraitNodeEntry	false	0	Rotational	spec		82063	103118	1					api
Druid	Restoration	105	Cenarius' Might	455797	talent-passive	TraitNodeEntry	false	0	Rotational	hero	Keeper of the Grove	94604	117199	1					api
Druid	Restoration	105	Circle of the Heavens	474541	talent-passive	TraitNodeEntry	false	0	Rotational	class		104078	128579	1					api
Druid	Restoration	105	Circle of the Wild	474530	talent-passive	TraitNodeEntry	false	0	Rotational	class		104078	128580	1					api
Druid	Restoration	105	Control of the Dream	434249	talent-passive	TraitNodeEntry	false	0	Rotational	hero	Keeper of the Grove	94592	117894	1					api
Druid	Restoration	105	Cultivation	200390	talent-passive	TraitNodeEntry	false	0	Rotational	spec		82056	103110	1					api
Druid	Restoration	105	Dream Surge	433831	talent-passive	TraitNodeEntry	false	0	Rotational	hero	Keeper of the Grove	94600	117195	1	Buff		cdm-only:CooldownSetSpell		api
Druid	Restoration	105	Dream of Cenarius	158504	talent-passive	TraitNodeEntry	false	0	Rotational	spec		82066	103122	1					api
Druid	Restoration	105	Dryad's Dance	1264776	talent-passive	TraitNodeEntry	false	0	Rotational	hero	Keeper of the Grove	109713	135971	1					api
Druid	Restoration	105	Durability of Nature	429227	talent-passive	TraitNodeEntry	false	0	Rotational	hero	Keeper of the Grove	94605	117200	1					api
Druid	Restoration	105	Embrace of the Dream	392124	talent-passive	TraitNodeEntry	false	0	Rotational	spec		82070	103126	1					api
Druid	Restoration	105	Entangling Vortex	439895	talent-passive	TraitNodeEntry	false	0	Rotational	hero	Wildstalker	94622	117222	1					api
Druid	Restoration	105	Everbloom	392167	talent-passive	TraitNodeEntry	false	0	Rotational	spec		110424	137040	1			talent-passive:TraitNodeEntry		api
Druid	Restoration	105	Expansiveness	429399	talent-passive	TraitNodeEntry	false	0	Rotational	hero	Keeper of the Grove	94602	117197	1					api
Druid	Restoration	105	Feline Swiftness	131768	talent-passive	TraitNodeEntry	false	0	Rotational	class		82236	103314	1					api
Druid	Restoration	105	Flourish	197721	talent-passive	TraitNodeEntry	false	0	Rotational	spec		82053	103106	1					api
Druid	Restoration	105	Flower Walk	439901	talent-passive	TraitNodeEntry	false	0	Rotational	hero	Wildstalker	94622	119855	1					api
Druid	Restoration	105	Fluid Form	449193	talent-passive	TraitNodeEntry	false	0	Rotational	class		82246	103326	1					api
Druid	Restoration	105	Forestwalk	400129	talent-passive	TraitNodeEntry	false	0	Rotational	class		82243	103323	2	Buff		cdm-only:CooldownSetSpell		api
Druid	Restoration	105	Gale Winds	400142	talent-passive	TraitNodeEntry	false	0	Rotational	class		104079	128583	1					api
Druid	Restoration	105	Germination	155675	talent-passive	TraitNodeEntry	false	0	Rotational	spec		82071	103127	1					api
Druid	Restoration	105	Gift of the Wild	1262034	talent-passive	TraitNodeEntry	false	0	Rotational	class		100175	123794	1					api
Druid	Restoration	105	Green Thumb	1270565	talent-passive	TraitNodeEntry	false	0	Rotational	hero	Wildstalker	109717	135975	1					api
Druid	Restoration	105	Grievous Wounds	474526	talent-passive	TraitNodeEntry	false	0	Rotational	class		82239	103318	1					api
Druid	Restoration	105	Grove Guardians	1226140	talent-passive	TraitNodeEntry	false	0	Rotational	spec		82043	117104	1					api
Druid	Restoration	105	Grove's Inspiration	429402	talent-passive	TraitNodeEntry	false	0	Rotational	hero	Keeper of the Grove	94595	117189	1					api
Druid	Restoration	105	Harmonious Blooming	392256	talent-passive	TraitNodeEntry	false	0	Rotational	spec		82077	103134	1					api
Druid	Restoration	105	Harmonious Constitution	440116	talent-passive	TraitNodeEntry	false	0	Rotational	hero	Wildstalker	94625	119854	1					api
Druid	Restoration	105	Harmony of the Grove	428731	talent-passive	TraitNodeEntry	false	0	Rotational	hero	Keeper of the Grove	94606	117203	1	Other		cdm-only:CooldownSetSpell		api
Druid	Restoration	105	Hunt Beneath the Open Skies	439868	talent-passive	TraitNodeEntry	false	0	Rotational	hero	Wildstalker	94629	117231	1					api
Druid	Restoration	105	Implant	440118	talent-passive	TraitNodeEntry	false	0	Rotational	hero	Wildstalker	94628	117229	1					api
Druid	Restoration	105	Improved Barkskin	327993	talent-passive	TraitNodeEntry	false	0	Rotational	class		104085	128591	1					api
Druid	Restoration	105	Improved Ironbark	382552	talent-passive	TraitNodeEntry	false	0	Rotational	spec		82081	103139	1					api
Druid	Restoration	105	Improved Nature's Cure	392378	talent-passive	TraitNodeEntry	false	0	Rotational	class		104084	128590	1					api
Druid	Restoration	105	Improved Regrowth	231032	talent-passive	TraitNodeEntry	false	0	Rotational	spec		82083	103142	1					api
Druid	Restoration	105	Improved Stampeding Roar	288826	talent-passive	TraitNodeEntry	false	0	Rotational	class		82230	103308	1					api
Druid	Restoration	105	Improved Swiftmend	470549	talent-passive	TraitNodeEntry	false	0	Rotational	spec		103873	128274	1					api
Druid	Restoration	105	Improved Wild Growth	328025	talent-passive	TraitNodeEntry	false	0	Rotational	spec		82045	103096	1					api
Druid	Restoration	105	Incessant Tempest	400140	talent-passive	TraitNodeEntry	false	0	Rotational	class		104079	128582	1					api
Druid	Restoration	105	Inner Peace	197073	talent-passive	TraitNodeEntry	false	0	Rotational	spec		82053	103107	1					api
Druid	Restoration	105	Instincts of the Claw	449184	talent-passive	TraitNodeEntry	false	0	Rotational	class		104081	128585	1					api
Druid	Restoration	105	Intensity	1264649	talent-passive	TraitNodeEntry	false	0	Rotational	spec		82052	103105	1					api
Druid	Restoration	105	Killer Instinct	108299	talent-passive	TraitNodeEntry	false	0	Rotational	class		82225	103303	2					api
Druid	Restoration	105	Lethal Preservation	455461	talent-passive	TraitNodeEntry	false	0	Rotational	hero	Wildstalker	94624	117224	1					api
Druid	Restoration	105	Lifetreading	1217941	talent-passive	TraitNodeEntry	false	0	Rotational	spec		103874	128708	1					api
Druid	Restoration	105	Lingering Healing	231040	talent-passive	TraitNodeEntry	false	0	Rotational	class		82240	103319	1					api
Druid	Restoration	105	Liveliness	426702	talent-passive	TraitNodeEntry	false	0	Rotational	spec		82074	103130	1					api
Druid	Restoration	105	Lore of the Grove	449185	talent-passive	TraitNodeEntry	false	0	Rotational	class		104080	128584	1					api
Druid	Restoration	105	Lycara's Inspiration	1232897	talent-passive	TraitNodeEntry	false	0	Rotational	class		92229	114300	1					api
Druid	Restoration	105	Lycara's Teachings	378988	talent-passive	TraitNodeEntry	false	0	Rotational	class		82233	103311	2					api
Druid	Restoration	105	Master Shapeshifter	289237	talent-passive	TraitNodeEntry	false	0	Rotational	spec		82074	114809	1					api
Druid	Restoration	105	Matted Fur	385786	talent-passive	TraitNodeEntry	false	0	Rotational	class		100177	123796	2	Buff		cdm-only:CooldownSetSpell		api
Druid	Restoration	105	Natural Recovery	377796	talent-passive	TraitNodeEntry	false	0	Rotational	class		82206	103284	1					api
Druid	Restoration	105	Nature's Bounty	1263879	talent-passive	TraitNodeEntry	false	0	Rotational	spec		82072	103128	1					api
Druid	Restoration	105	Nature's Splendor	392288	talent-passive	TraitNodeEntry	false	0	Rotational	spec		82051	103103	1					api
Druid	Restoration	105	Nurturing Dormancy	392099	talent-passive	TraitNodeEntry	false	0	Rotational	spec		82076	103132	1					api
Druid	Restoration	105	Nurturing Instinct	33873	talent-passive	TraitNodeEntry	false	0	Rotational	class		82214	103292	2					api
Druid	Restoration	105	Oakskin	449191	talent-passive	TraitNodeEntry	false	0	Rotational	class		100176	123795	1					api
Druid	Restoration	105	Omen of Clarity	113043	talent-passive	TraitNodeEntry	false	0	Rotational	spec		104125	128707	1	Buff		cdm-only:CooldownSetSpell		api
Druid	Restoration	105	Passing Seasons	382550	talent-passive	TraitNodeEntry	false	0	Rotational	spec		82051	103102	1					api
Druid	Restoration	105	Patient Custodian	1270592	talent-passive	TraitNodeEntry	false	0	Rotational	hero	Wildstalker	94630	117232	1					api
Druid	Restoration	105	Perfectly-Honed Instincts	1213597	talent-passive	TraitNodeEntry	false	0	Rotational	class		104082	128586	1					api
Druid	Restoration	105	Photosynthesis	274902	talent-passive	TraitNodeEntry	false	0	Rotational	spec		82073	103129	1					api
Druid	Restoration	105	Potent Enchantments	429420	talent-passive	TraitNodeEntry	false	0	Rotational	hero	Keeper of the Grove	94595	117188	1					api
Druid	Restoration	105	Power of Nature	428859	talent-passive	TraitNodeEntry	false	0	Rotational	hero	Keeper of the Grove	94605	117201	1	Buff		cdm-only:CooldownSetSpell		api
Druid	Restoration	105	Power of the Archdruid	392302	talent-passive	TraitNodeEntry	false	0	Rotational	spec		82065	103121	1					api
Druid	Restoration	105	Power of the Dream	434220	talent-passive	TraitNodeEntry	false	0	Rotational	hero	Keeper of the Grove	94592	117185	1					api
Druid	Restoration	105	Primal Fury	159286	talent-passive	TraitNodeEntry	false	0	Rotational	class		82224	103302	1					api
Druid	Restoration	105	Prosperity	200383	talent-passive	TraitNodeEntry	false	0	Rotational	spec		82079	103136	1					api
Druid	Restoration	105	Protective Growth	433748	talent-passive	TraitNodeEntry	false	0	Rotational	hero	Keeper of the Grove	94593	117186	1					api
Druid	Restoration	105	Rampancy	1270586	talent-passive	TraitNodeEntry	false	0	Rotational	hero	Wildstalker	109715	135973	1					api
Druid	Restoration	105	Rampant Growth	404521	talent-passive	TraitNodeEntry	false	0	Rotational	spec		82058	103112	1					api
Druid	Restoration	105	Reforestation	392356	talent-passive	TraitNodeEntry	false	0	Rotational	spec		82069	103125	1	Buff		cdm-only:CooldownSetSpell		api
Druid	Restoration	105	Regenerative Heartwood	392116	talent-passive	TraitNodeEntry	false	0	Rotational	spec		82075	103131	1					api
Druid	Restoration	105	Regenesis	383191	talent-passive	TraitNodeEntry	false	0	Rotational	spec		82062	103117	2					api
Druid	Restoration	105	Renewing Surge	470562	talent-passive	TraitNodeEntry	false	0	Rotational	spec		82060	103114	1					api
Druid	Restoration	105	Resilient Flourishing	439880	talent-passive	TraitNodeEntry	false	0	Rotational	hero	Wildstalker	94631	117234	1					api
Druid	Restoration	105	Root Network	439882	talent-passive	TraitNodeEntry	false	0	Rotational	hero	Wildstalker	94631	117233	1	Buff		cdm-only:CooldownSetSpell		api
Druid	Restoration	105	Soul of the Forest	158478	talent-passive	TraitNodeEntry	false	0	Rotational	spec		82055	103109	1	Buff		cdm-only:CooldownSetSpell		api
Druid	Restoration	105	Spirit of the Thicket	1264899	talent-passive	TraitNodeEntry	false	0	Rotational	hero	Keeper of the Grove	109712	135970	1					api
Druid	Restoration	105	Starlight Conduit	451211	talent-passive	TraitNodeEntry	false	0	Rotational	class		100223	123868	1					api
Druid	Restoration	105	Stonebark	197061	talent-passive	TraitNodeEntry	false	0	Rotational	spec		82081	103140	1					api
Druid	Restoration	105	Strategic Infusion	439890	talent-passive	TraitNodeEntry	false	0	Rotational	hero	Wildstalker	94623	117223	1	Buff		cdm-only:CooldownSetSpell		api
Druid	Restoration	105	Sylvan Beckoning	1264614	talent-passive	TraitNodeEntry	false	0	Rotational	hero	Keeper of the Grove	109714	135972	1	Buff		cdm-only:CooldownSetSpell		api
Druid	Restoration	105	Thick Hide	16931	talent-passive	TraitNodeEntry	false	0	Rotational	class		82228	103306	1					api
Druid	Restoration	105	Thriving Growth	439528	talent-passive	TraitNodeEntry	false	0	Rotational	hero	Wildstalker	94626	117226	1	Buff		cdm-only:CooldownSetSpell		api
Druid	Restoration	105	Thriving Vegetation	447131	talent-passive	TraitNodeEntry	false	0	Rotational	spec		82068	103124	2					api
Druid	Restoration	105	Tranquil Mind	403521	talent-passive	TraitNodeEntry	false	0	Rotational	spec		92674	114808	1					api
Druid	Restoration	105	Treants of the Moon	428544	talent-passive	TraitNodeEntry	false	0	Rotational	hero	Keeper of the Grove	94599	117194	1					api
Druid	Restoration	105	Twin Sprouts	440117	talent-passive	TraitNodeEntry	false	0	Rotational	hero	Wildstalker	94628	117230	1					api
Druid	Restoration	105	Unstoppable Growth	382559	talent-passive	TraitNodeEntry	false	0	Rotational	spec		82080	103138	2					api
Druid	Restoration	105	Ursine Vigor	377842	talent-passive	TraitNodeEntry	false	0	Rotational	class		100174	123793	1	Buff		cdm-only:CooldownSetSpell		api
Druid	Restoration	105	Ursoc's Spirit	449182	talent-passive	TraitNodeEntry	false	0	Rotational	class		82219	103297	1					api
Druid	Restoration	105	Verdancy	392325	talent-passive	TraitNodeEntry	false	0	Rotational	spec		82059	103113	1					api
Druid	Restoration	105	Verdant Heart	301768	talent-passive	TraitNodeEntry	false	0	Rotational	class		82218	103296	1					api
Druid	Restoration	105	Verdant Infusion	392410	talent-passive	TraitNodeEntry	false	0	Rotational	spec		82079	103137	1					api
Druid	Restoration	105	Vigorous Creepers	440119	talent-passive	TraitNodeEntry	false	0	Rotational	hero	Wildstalker	94627	117227	1					api
Druid	Restoration	105	Waking Dream	392221	talent-passive	TraitNodeEntry	false	0	Rotational	spec		82046	103097	1					api
Druid	Restoration	105	Well-Honed Instincts	377847	talent-passive	TraitNodeEntry	false	0	Rotational	class		82235	103313	1					api
Druid	Restoration	105	Wild Synthesis	400533	talent-passive	TraitNodeEntry	false	0	Rotational	spec		94535	117105	1					api
Druid	Restoration	105	Wildstalker's Power	439926	talent-passive	TraitNodeEntry	false	0	Rotational	hero	Wildstalker	94621	117221	1					api
Druid	Restoration	105	Incarnation	117679	cdm-only	CooldownSetSpell	true	0	Rotational						Other				db2-template
Evoker	Augmentation	1473	Time Skip	404977	talent-active	TraitNodeEntry	true	180	Cooldown	spec		93232	115533	1	Essential		cdm-only:CooldownSetSpell		api
Evoker	Augmentation	1473	Breath of Eons	403631	talent-active	TraitNodeEntry	true	120	Cooldown	spec		93234	115536	1	Buff	Cooldown 1	cdm-only:CooldownSetSpell		api
Evoker	Augmentation	1473	Oppressing Roar	372048	talent-active	TraitNodeEntry	true	120	Cooldown	class		93298	115607	1	Buff/Utility	CC 2	cdm-only:CooldownSetSpell		api
Evoker	Augmentation	1473	Tip the Scales	370553	talent-active	TraitNodeEntry	true	120	Cooldown	class		93350	115665	1	Essential	Self-Heal 3 (Overflow)	cdm-only:CooldownSetSpell		api
Evoker	Augmentation	1473	Zephyr	374227	talent-active	TraitNodeEntry	true	120	Cooldown	class		93346	115661	1	Buff/Utility	Class 7 (Raid Defensive)	cdm-only:CooldownSetSpell		api
Evoker	Augmentation	1473	Landslide	358385	talent-active	TraitNodeEntry	true	90	Cooldown	class		93305	115614	1	Utility	Class 3 (Tag)	cdm-only:CooldownSetSpell		api
Evoker	Augmentation	1473	Bestow Weyrnstone	408233	talent-active	TraitNodeEntry	true	60	Cooldown	spec		93382	115534	1	Utility		cdm-only:CooldownSetSpell		api
Evoker	Augmentation	1473	Cauterizing Flame	374251	talent-active	TraitNodeEntry	true	60	Cooldown	class		93294	115602	1	Utility	Self-Heal 4 (Emergency/Overflow)	cdm-only:CooldownSetSpell		api
Evoker	Augmentation	1473	Rescue	370665	talent-active	TraitNodeEntry	true	60	Cooldown	class		93288	115596	1	Utility	Class 5 (Purge)	cdm-only:CooldownSetSpell		api
Evoker	Augmentation	1473	Upheaval	396286	talent-active	TraitNodeEntry	true	40	Rotational	spec		93203	115502	1	Essential	Rotational 7	cdm-only:CooldownSetSpell		api
Evoker	Augmentation	1473	Blistering Scales	360827	talent-active	TraitNodeEntry	true	30	Rotational	spec		93209	115508	1	Buff/Essential		cdm-only:CooldownSetSpell		api
Evoker	Augmentation	1473	Ebon Might	395152	talent-active	TraitNodeEntry	true	30	Rotational	spec		93198	115496	1	Essential/Other	Rotational 2	cdm-only:CooldownSetSpell		api
Evoker	Augmentation	1473	Quell	351338	talent-active	TraitNodeEntry	true	20	Rotational	spec		93199	115690	1	Utility	Interrupt	cdm-only:CooldownSetSpell		api
Evoker	Augmentation	1473	Expunge	365585	talent-active	TraitNodeEntry	true	8	Rotational	class		93306	115615	1	Utility	Class 6 (Dispel)	cdm-only:CooldownSetSpell		api
Evoker	Augmentation	1473	Obsidian Scales	363916	talent-active	TraitNodeEntry	true	1	Rotational	class		93304	115613	1	Buff/Utility	Personal Defensive 1	cdm-only:CooldownSetSpell		api
Evoker	Augmentation	1473	Verdant Embrace	360995	talent-active	TraitNodeEntry	true	0.5	Rotational	class		93341	115655	1	Utility	Self-Heal 1	cdm-only:CooldownSetSpell		api
Evoker	Augmentation	1473	Eruption	395160	talent-active	TraitNodeEntry	true	0	Rotational	spec		93200	115498	1	Essential	Rotational 1	cdm-only:CooldownSetSpell		api
Evoker	Augmentation	1473	Prescience	409311	talent-active	TraitNodeEntry	true	0	Rotational	spec		93358	115675	1	Essential	Rotational 3	cdm-only:CooldownSetSpell		api
Evoker	Augmentation	1473	Renewing Blaze	374348	talent-active	TraitNodeEntry	true	0	Rotational	class		93354	115669	1	Buff		cdm-only:CooldownSetSpell		api
Evoker	Augmentation	1473	Sleep Walk	360806	talent-active	TraitNodeEntry	true	0	Rotational	class		93293	115601	1	Buff	Class 2 (CC)	cdm-only:CooldownSetSpell		api
Evoker	Augmentation	1473	Source of Magic	369459	talent-active	TraitNodeEntry	true	0	Rotational	class		93344	115658	1	Buff		cdm-only:CooldownSetSpell		api
Evoker	Augmentation	1473	Timelessness	412710	talent-active	TraitNodeEntry	true	0	Rotational	spec		93360	115679	1	Buff/Essential		cdm-only:CooldownSetSpell		api
Evoker	Augmentation	1473	Spatial Paradox	406732	talent-choice	TraitNodeEntry	true	180	Cooldown	class		93351	125610	1	Buff/Utility	Class 4 (Special)	cdm-only:CooldownSetSpell		api
Evoker	Augmentation	1473	Time Spiral	374968	talent-choice	TraitNodeEntry	true	120	Cooldown	class		93351	115666	1	Utility		cdm-only:CooldownSetSpell		api
Evoker	Augmentation	1473	Fury of the Aspects	390386	class-baseline	SkillLineAbility:2810	true	300	Cooldown							Class 8 (Lust/BRes)			api
Evoker	Augmentation	1473	Tail Swipe	368970	class-baseline	SkillLineAbility:2810	true	180	Cooldown						Utility	CC	cdm-only:CooldownSetSpell		api
Evoker	Augmentation	1473	Emerald Blossom	355913	class-baseline	SkillLineAbility:2810	true	30	Rotational						Utility	Self-Heal 2	cdm-only:CooldownSetSpell		api
Evoker	Augmentation	1473	Blessing of the Bronze	364342	class-baseline	SkillLineAbility:2810	true	15	Rotational							Buff			api
Evoker	Augmentation	1473	Deep Breath	357210	class-baseline	SkillLineAbility:2810	true	1	Rotational						Essential	Cooldown 4	cdm-only:CooldownSetSpell		api
Evoker	Augmentation	1473	Hover	358267	class-baseline	SkillLineAbility:2810	true	1	Rotational						Other/Utility	Movement Ability	cdm-only:CooldownSetSpell		api
Evoker	Augmentation	1473	Sense Power	361021	class-baseline	SpecializationSpells	true	1	Rotational										api
Evoker	Augmentation	1473	Azure Strike	362969	class-baseline	SkillLineAbility:2810	true	0	Rotational							Rotational 4			api
Evoker	Augmentation	1473	Disintegrate	356995	class-baseline	SkillLineAbility:2810	true	0	Rotational										api
Evoker	Augmentation	1473	Fire Breath	357208	class-baseline	SkillLineAbility:2810	true	0	Rotational						Buff/Essential	Rotational 6	cdm-only:CooldownSetSpell		api
Evoker	Augmentation	1473	Living Flame	361469	class-baseline	SkillLineAbility:2810	true	0	Rotational						Essential	Rotational 5	cdm-only:CooldownSetSpell		api
Evoker	Augmentation	1473	Return	361227	class-baseline	SkillLineAbility:2810	true	0	Rotational							Res			api
Evoker	Augmentation	1473	Single-Button Assistant	1229376	class-baseline	SpecializationSpells	true	0	Rotational										api
Evoker	Augmentation	1473	Swoop Up	370388	pvp-talent	PvpTalent	true	90	Cooldown							PvP 2			api
Evoker	Augmentation	1473	Chrono Loop	383005	pvp-talent	PvpTalent	true	45	Cooldown						Utility	PvP 3	cdm-only:CooldownSetSpell		api
Evoker	Augmentation	1473	Time Stop	378441	pvp-talent	PvpTalent	true	45	Cooldown						Utility	PvP	cdm-only:CooldownSetSpell		api
Evoker	Augmentation	1473	Born in Flame	414937	pvp-talent	PvpTalent	false	0	Rotational						Buff		cdm-only:CooldownSetSpell		api
Evoker	Augmentation	1473	Divide and Conquer	384689	pvp-talent	PvpTalent	false	0	Rotational										api
Evoker	Augmentation	1473	Dreamwalker's Embrace	415651	pvp-talent	PvpTalent	false	0	Rotational										api
Evoker	Augmentation	1473	Nullifying Shroud	1241352	pvp-talent	PvpTalent	false	0	Rotational										api
Evoker	Augmentation	1473	Obsidian Mettle	378444	pvp-talent	PvpTalent	false	0	Rotational										api
Evoker	Augmentation	1473	Scouring Flame	378438	pvp-talent	PvpTalent	false	0	Rotational										api
Evoker	Augmentation	1473	Seismic Slam	408543	pvp-talent	PvpTalent	false	0	Rotational										api
Evoker	Augmentation	1473	Unburdened Flight	378437	pvp-talent	PvpTalent	false	0	Rotational										api
Evoker	Augmentation	1473	Duplicate	1259173	talent-passive	TraitNodeEntry	false	120	Cooldown	spec		110415	137013	1	Buff		talent-passive:TraitNodeEntry;cdm-only:CooldownSetSpell		api
Evoker	Augmentation	1473	Accretion	407876	talent-passive	TraitNodeEntry	false	0	Rotational	spec		93229	115530	1					api
Evoker	Augmentation	1473	Aerial Mastery	365933	talent-passive	TraitNodeEntry	false	0	Rotational	class		93352	115667	1					api
Evoker	Augmentation	1473	Afterimage	431875	talent-passive	TraitNodeEntry	false	0	Rotational	hero	Chronowarden	94929	117526	1					api
Evoker	Augmentation	1473	Anachronism	407869	talent-passive	TraitNodeEntry	false	0	Rotational	spec		93223	115523	1					api
Evoker	Augmentation	1473	Ancient Flame	369990	talent-passive	TraitNodeEntry	false	0	Rotational	class		93271	115577	1					api
Evoker	Augmentation	1473	Arcane Reach	454983	talent-passive	TraitNodeEntry	false	0	Rotational	spec		93225	115526	1					api
Evoker	Augmentation	1473	Aspects' Favor	407243	talent-passive	TraitNodeEntry	false	0	Rotational	spec		93217	115517	2					api
Evoker	Augmentation	1473	Attuned to the Dream	376930	talent-passive	TraitNodeEntry	false	0	Rotational	class		93292	115600	2					api
Evoker	Augmentation	1473	Blast Furnace	375510	talent-passive	TraitNodeEntry	false	0	Rotational	class		93309	115618	1					api
Evoker	Augmentation	1473	Bombardments	434300	talent-passive	TraitNodeEntry	false	0	Rotational	hero	Scalecommander	94936	117533	1	Buff		cdm-only:CooldownSetSpell		api
Evoker	Augmentation	1473	Bountiful Bloom	370886	talent-passive	TraitNodeEntry	false	0	Rotational	class		93291	115599	1					api
Evoker	Augmentation	1473	Chronal Dynamo	1291522	talent-passive	TraitNodeEntry	false	0	Rotational	hero	Chronowarden	109509	135742	1					api
Evoker	Augmentation	1473	Chrono Flame	431442	talent-passive	TraitNodeEntry	false	0	Rotational	hero	Chronowarden	94954	117551	1					api
Evoker	Augmentation	1473	Chrono Ward	409676	talent-passive	TraitNodeEntry	false	0	Rotational	spec		93235	115706	1					api
Evoker	Augmentation	1473	Chronoboon	1260484	talent-passive	TraitNodeEntry	false	0	Rotational	hero	Chronowarden	109510	135743	1					api
Evoker	Augmentation	1473	Clairvoyant	1250914	talent-passive	TraitNodeEntry	false	0	Rotational	spec		93227	115528	1					api
Evoker	Augmentation	1473	Clobbering Sweep	375443	talent-passive	TraitNodeEntry	false	0	Rotational	class		103844	128217	1					api
Evoker	Augmentation	1473	Command Squadron	1260745	talent-passive	TraitNodeEntry	false	0	Rotational	hero	Scalecommander	109795	136053	1	Buff		cdm-only:CooldownSetSpell		api
Evoker	Augmentation	1473	Concentrated Power	1261448	talent-passive	TraitNodeEntry	false	0	Rotational	hero	Scalecommander	109794	136052	1					api
Evoker	Augmentation	1473	Defy Fate	404195	talent-passive	TraitNodeEntry	false	0	Rotational	spec		93222	115522	1					api
Evoker	Augmentation	1473	Diverted Power	441219	talent-passive	TraitNodeEntry	false	0	Rotational	hero	Scalecommander	94928	120124	1					api
Evoker	Augmentation	1473	Double-time	431874	talent-passive	TraitNodeEntry	false	0	Rotational	hero	Chronowarden	94932	117529	1					api
Evoker	Augmentation	1473	Draconic Attunements	403208	talent-passive	TraitNodeEntry	false	0	Rotational	spec		93218	115518	1	Buff		cdm-only:CooldownSetSpell		api
Evoker	Augmentation	1473	Draconic Legacy	376166	talent-passive	TraitNodeEntry	false	0	Rotational	class		93300	115609	1					api
Evoker	Augmentation	1473	Dream of Spring	414969	talent-passive	TraitNodeEntry	false	0	Rotational	spec		93359	115881	1					api
Evoker	Augmentation	1473	Echoing Strike	410784	talent-passive	TraitNodeEntry	false	0	Rotational	spec		93221	115680	1					api
Evoker	Augmentation	1473	Enkindled	375554	talent-passive	TraitNodeEntry	false	0	Rotational	class		93295	115603	2					api
Evoker	Augmentation	1473	Essence Attunement	375722	talent-passive	TraitNodeEntry	false	0	Rotational	spec		93219	115519	1					api
Evoker	Augmentation	1473	Essence Burst	396187	talent-passive	TraitNodeEntry	false	0	Rotational	spec		93220	115520	1	Buff		cdm-only:CooldownSetSpell		api
Evoker	Augmentation	1473	Extended Battle	441212	talent-passive	TraitNodeEntry	false	0	Rotational	hero	Scalecommander	94928	117525	1					api
Evoker	Augmentation	1473	Extended Flight	375517	talent-passive	TraitNodeEntry	false	0	Rotational	class		93349	115664	2					api
Evoker	Augmentation	1473	Exuberance	375542	talent-passive	TraitNodeEntry	false	0	Rotational	class		93299	115608	1					api
Evoker	Augmentation	1473	Fate Mirror	412774	talent-passive	TraitNodeEntry	false	0	Rotational	spec		93367	115685	1					api
Evoker	Augmentation	1473	Foci of Life	375574	talent-passive	TraitNodeEntry	false	0	Rotational	class		93345	115660	1					api
Evoker	Augmentation	1473	Font of Magic	408083	talent-passive	TraitNodeEntry	false	0	Rotational	spec		93231	115532	1					api
Evoker	Augmentation	1473	Forger of Mountains	375528	talent-passive	TraitNodeEntry	false	0	Rotational	class		93270	115576	1					api
Evoker	Augmentation	1473	Golden Opportunity	432004	talent-passive	TraitNodeEntry	false	0	Rotational	hero	Chronowarden	94942	117539	1					api
Evoker	Augmentation	1473	Hardened Scales	441180	talent-passive	TraitNodeEntry	false	0	Rotational	hero	Scalecommander	94933	117530	1					api
Evoker	Augmentation	1473	Heavy Wingbeats	368838	talent-passive	TraitNodeEntry	false	0	Rotational	class		103843	128216	1					api
Evoker	Augmentation	1473	Hoarded Power	375796	talent-passive	TraitNodeEntry	false	0	Rotational	spec		93212	115512	1					api
Evoker	Augmentation	1473	Ignition Rush	408775	talent-passive	TraitNodeEntry	false	0	Rotational	spec		93368	115688	1					api
Evoker	Augmentation	1473	Imminent Destruction	459537	talent-passive	TraitNodeEntry	false	0	Rotational	spec		102248	126304	1	Buff		cdm-only:CooldownSetSpell		api
Evoker	Augmentation	1473	Improved Defy Fate	1268881	talent-passive	TraitNodeEntry	false	0	Rotational	spec		93195	115493	1					api
Evoker	Augmentation	1473	Inferno's Blessing	410261	talent-passive	TraitNodeEntry	false	0	Rotational	spec		93197	115495	1	Buff		cdm-only:CooldownSetSpell		api
Evoker	Augmentation	1473	Inherent Resistance	375544	talent-passive	TraitNodeEntry	false	0	Rotational	class		93355	115670	2					api
Evoker	Augmentation	1473	Innate Magic	375520	talent-passive	TraitNodeEntry	false	0	Rotational	class		93302	115611	2					api
Evoker	Augmentation	1473	Inner Radiance	386405	talent-passive	TraitNodeEntry	false	0	Rotational	class		93311	115620	1					api
Evoker	Augmentation	1473	Instability Matrix	431484	talent-passive	TraitNodeEntry	false	0	Rotational	hero	Chronowarden	94930	126310	1					api
Evoker	Augmentation	1473	Instinctive Arcana	376164	talent-passive	TraitNodeEntry	false	0	Rotational	class		93310	115619	2					api
Evoker	Augmentation	1473	Interwoven Threads	412713	talent-passive	TraitNodeEntry	false	0	Rotational	spec		93369	115686	1					api
Evoker	Augmentation	1473	Leaping Flames	369939	talent-passive	TraitNodeEntry	false	0	Rotational	class		93343	115657	1	Buff		cdm-only:CooldownSetSpell		api
Evoker	Augmentation	1473	Lush Growth	375561	talent-passive	TraitNodeEntry	false	0	Rotational	class		93347	115662	2					api
Evoker	Augmentation	1473	Maneuverability	433871	talent-passive	TraitNodeEntry	false	0	Rotational	hero	Scalecommander	94941	117538	1	Buff		cdm-only:CooldownSetSpell		api
Evoker	Augmentation	1473	Mass Disintegrate	436335	talent-passive	TraitNodeEntry	false	0	Rotational	hero	Scalecommander	94939	117536	1					api
Evoker	Augmentation	1473	Mass Eruption	438587	talent-passive	TraitNodeEntry	false	0	Rotational	hero	Scalecommander	98931	122279	1	Buff		cdm-only:CooldownSetSpell		api
Evoker	Augmentation	1473	Melt Armor	441176	talent-passive	TraitNodeEntry	false	0	Rotational	hero	Scalecommander	94921	117518	1					api
Evoker	Augmentation	1473	Menacing Presence	441181	talent-passive	TraitNodeEntry	false	0	Rotational	hero	Scalecommander	94933	120125	1					api
Evoker	Augmentation	1473	Might of the Black Dragonflight	441705	talent-passive	TraitNodeEntry	false	0	Rotational	hero	Scalecommander	94952	117549	1					api
Evoker	Augmentation	1473	Mighty Inferno	1291457	talent-passive	TraitNodeEntry	false	0	Rotational	spec		102249	126305	1					api
Evoker	Augmentation	1473	Molten Blood	410643	talent-passive	TraitNodeEntry	false	0	Rotational	spec		93211	115510	1					api
Evoker	Augmentation	1473	Momentum Shift	408004	talent-passive	TraitNodeEntry	false	0	Rotational	spec		93207	115506	1	Other		cdm-only:CooldownSetSpell		api
Evoker	Augmentation	1473	Motes of Acceleration	432008	talent-passive	TraitNodeEntry	false	0	Rotational	hero	Chronowarden	94935	117784	1					api
Evoker	Augmentation	1473	Motes of Possibility	409267	talent-passive	TraitNodeEntry	false	0	Rotational	spec		93230	115531	1					api
Evoker	Augmentation	1473	Natural Convergence	369913	talent-passive	TraitNodeEntry	false	0	Rotational	class		93312	115621	1					api
Evoker	Augmentation	1473	Nimble Flyer	441253	talent-passive	TraitNodeEntry	false	0	Rotational	hero	Scalecommander	94943	117540	1					api
Evoker	Augmentation	1473	Nozdormu Adept	431715	talent-passive	TraitNodeEntry	false	0	Rotational	hero	Chronowarden	94947	117544	1					api
Evoker	Augmentation	1473	Obsidian Bulwark	375406	talent-passive	TraitNodeEntry	false	0	Rotational	class		93289	115597	1					api
Evoker	Augmentation	1473	Onslaught	441245	talent-passive	TraitNodeEntry	false	0	Rotational	hero	Scalecommander	94944	117541	1					api
Evoker	Augmentation	1473	Overawe	374346	talent-passive	TraitNodeEntry	false	0	Rotational	class		93297	115606	1					api
Evoker	Augmentation	1473	Overclock	1260647	talent-passive	TraitNodeEntry	false	0	Rotational	hero	Chronowarden	109508	135741	1					api
Evoker	Augmentation	1473	Overlord	410260	talent-passive	TraitNodeEntry	false	0	Rotational	spec		93213	115513	1					api
Evoker	Augmentation	1473	Panacea	387761	talent-passive	TraitNodeEntry	false	0	Rotational	class		93348	115663	1					api
Evoker	Augmentation	1473	Perilous Fate	410253	talent-passive	TraitNodeEntry	false	0	Rotational	spec		93235	115537	1					api
Evoker	Augmentation	1473	Plot the Future	407866	talent-passive	TraitNodeEntry	false	0	Rotational	spec		93226	115527	1					api
Evoker	Augmentation	1473	Potent Mana	418101	talent-passive	TraitNodeEntry	false	0	Rotational	class		93715	116103	1					api
Evoker	Augmentation	1473	Power Nexus	369908	talent-passive	TraitNodeEntry	false	0	Rotational	spec		93201	115499	1					api
Evoker	Augmentation	1473	Primacy	431657	talent-passive	TraitNodeEntry	false	0	Rotational	hero	Chronowarden	94951	117548	1					api
Evoker	Augmentation	1473	Prolong Life	410687	talent-passive	TraitNodeEntry	false	0	Rotational	spec		93359	115678	1					api
Evoker	Augmentation	1473	Protracted Talons	369909	talent-passive	TraitNodeEntry	false	0	Rotational	class		110064	136559	1					api
Evoker	Augmentation	1473	Pupil of Alexstrasza	407814	talent-passive	TraitNodeEntry	false	0	Rotational	spec		93221	115521	1					api
Evoker	Augmentation	1473	Reactive Hide	409329	talent-passive	TraitNodeEntry	false	0	Rotational	spec		93210	115509	1	Buff		cdm-only:CooldownSetSpell		api
Evoker	Augmentation	1473	Recall	371806	talent-passive	TraitNodeEntry	false	0	Rotational	class		93301	115610	1					api
Evoker	Augmentation	1473	Refined Essence	1261452	talent-passive	TraitNodeEntry	false	0	Rotational	hero	Scalecommander	109793	136051	1					api
Evoker	Augmentation	1473	Regenerative Chitin	406907	talent-passive	TraitNodeEntry	false	0	Rotational	spec		93211	115511	1					api
Evoker	Augmentation	1473	Regenerative Magic	387787	talent-passive	TraitNodeEntry	false	0	Rotational	class		93353	115668	1					api
Evoker	Augmentation	1473	Reverberations	431615	talent-passive	TraitNodeEntry	false	0	Rotational	hero	Chronowarden	94925	117522	1	Buff		cdm-only:CooldownSetSpell		api
Evoker	Augmentation	1473	Ricocheting Pyroclast	406659	talent-passive	TraitNodeEntry	false	0	Rotational	spec		93208	115507	1					api
Evoker	Augmentation	1473	Rumbling Earth	459120	talent-passive	TraitNodeEntry	false	0	Rotational	spec		93205	115504	1					api
Evoker	Augmentation	1473	Scarlet Adaptation	372469	talent-passive	TraitNodeEntry	false	0	Rotational	class		93340	115654	1					api
Evoker	Augmentation	1473	Slipstream	441257	talent-passive	TraitNodeEntry	false	0	Rotational	hero	Scalecommander	94943	120123	1					api
Evoker	Augmentation	1473	Stretch Time	410352	talent-passive	TraitNodeEntry	false	0	Rotational	class		93308	115617	1					api
Evoker	Augmentation	1473	Strike from Above	1267206	talent-passive	TraitNodeEntry	false	0	Rotational	class		110065	136560	1					api
Evoker	Augmentation	1473	Symbiotic Bloom	410685	talent-passive	TraitNodeEntry	false	0	Rotational	spec		93215	115515	2					api
Evoker	Augmentation	1473	Tailwind	375556	talent-passive	TraitNodeEntry	false	0	Rotational	class		93290	115598	1					api
Evoker	Augmentation	1473	Tectonic Locus	408002	talent-passive	TraitNodeEntry	false	0	Rotational	spec		93202	115500	1					api
Evoker	Augmentation	1473	Temporal Burst	431695	talent-passive	TraitNodeEntry	false	0	Rotational	hero	Chronowarden	94955	117552	1	Buff		cdm-only:CooldownSetSpell		api
Evoker	Augmentation	1473	Temporality	431873	talent-passive	TraitNodeEntry	false	0	Rotational	hero	Chronowarden	94935	117532	1	Buff		cdm-only:CooldownSetSpell		api
Evoker	Augmentation	1473	Terror of the Skies	371032	talent-passive	TraitNodeEntry	false	0	Rotational	class		93342	115656	1					api
Evoker	Augmentation	1473	Time Convergence	431984	talent-passive	TraitNodeEntry	false	0	Rotational	hero	Chronowarden	94932	117786	1	Buff		cdm-only:CooldownSetSpell		api
Evoker	Augmentation	1473	Tomorrow, Today	412723	talent-passive	TraitNodeEntry	false	0	Rotational	spec		93369	115687	1					api
Evoker	Augmentation	1473	Twin Guardian	370888	talent-passive	TraitNodeEntry	false	0	Rotational	class		93287	115595	1					api
Evoker	Augmentation	1473	Unravel	1264378	talent-passive	TraitNodeEntry	false	0	Rotational	class		93307	115616	1					api
Evoker	Augmentation	1473	Unrelenting Siege	441246	talent-passive	TraitNodeEntry	false	0	Rotational	hero	Scalecommander	94934	117531	1					api
Evoker	Augmentation	1473	Unyielding Domain	412733	talent-passive	TraitNodeEntry	false	0	Rotational	spec		93202	115501	1					api
Evoker	Augmentation	1473	Volcanism	406904	talent-passive	TraitNodeEntry	false	0	Rotational	spec		93206	115505	1					api
Evoker	Augmentation	1473	Walloping Blow	387341	talent-passive	TraitNodeEntry	false	0	Rotational	class		93286	115594	1					api
Evoker	Augmentation	1473	Warp	429483	talent-passive	TraitNodeEntry	false	0	Rotational	hero	Chronowarden	94948	117545	1					api
Evoker	Augmentation	1473	Wingleader	441206	talent-passive	TraitNodeEntry	false	0	Rotational	hero	Scalecommander	94953	117550	1					api
Evoker	Augmentation	1473	Wing Buffet	357214	cdm-only	CooldownSetSpell	true	180	Cooldown						Utility				api
Evoker	Augmentation	1473	Black Aspect's Favor	407254	cdm-only	CooldownSetSpell	true	0	Rotational						Buff				db2-template+redirect
Evoker	Augmentation	1473	Bronze Aspect's Favor	407244	cdm-only	CooldownSetSpell	true	0	Rotational						Buff				db2-template+redirect
Evoker	Devastation	1467	Dragonrage	375087	talent-active	TraitNodeEntry	true	120	Cooldown	spec		93331	115643	1	Buff/Essential	Cooldown 1	cdm-only:CooldownSetSpell		api
Evoker	Devastation	1467	Oppressing Roar	372048	talent-active	TraitNodeEntry	true	120	Cooldown	class		93298	115607	1	Buff/Utility	CC 2	cdm-only:CooldownSetSpell		api
Evoker	Devastation	1467	Tip the Scales	370553	talent-active	TraitNodeEntry	true	120	Cooldown	class		93350	115665	1	Buff/Essential	Self-Heal 3 (Overflow)	cdm-only:CooldownSetSpell		api
Evoker	Devastation	1467	Zephyr	374227	talent-active	TraitNodeEntry	true	120	Cooldown	class		93346	115661	1	Buff/Utility	Class 7 (Raid Defensive)	cdm-only:CooldownSetSpell		api
Evoker	Devastation	1467	Landslide	358385	talent-active	TraitNodeEntry	true	90	Cooldown	class		93305	115614	1	Buff/Utility	Class 3 (Tag)	cdm-only:CooldownSetSpell		api
Evoker	Devastation	1467	Cauterizing Flame	374251	talent-active	TraitNodeEntry	true	60	Cooldown	class		93294	115602	1	Utility	Self-Heal 4 (Emergency/Overflow)	cdm-only:CooldownSetSpell		api
Evoker	Devastation	1467	Rescue	370665	talent-active	TraitNodeEntry	true	60	Cooldown	class		93288	115596	1	Utility	Class 5 (Purge)	cdm-only:CooldownSetSpell		api
Evoker	Devastation	1467	Eternity Surge	359073	talent-active	TraitNodeEntry	true	30	Rotational	spec		93275	115581	1	Essential	Rotational 4	cdm-only:CooldownSetSpell		api
Evoker	Devastation	1467	Quell	351338	talent-active	TraitNodeEntry	true	20	Rotational	spec		93332	115645	1	Utility	Interrupt	cdm-only:CooldownSetSpell		api
Evoker	Devastation	1467	Expunge	365585	talent-active	TraitNodeEntry	true	8	Rotational	class		93306	115615	1	Utility	Class 6 (Dispel)	cdm-only:CooldownSetSpell		api
Evoker	Devastation	1467	Obsidian Scales	363916	talent-active	TraitNodeEntry	true	1	Rotational	class		93304	115613	1	Buff/Utility	Personal Defensive 1	cdm-only:CooldownSetSpell		api
Evoker	Devastation	1467	Verdant Embrace	360995	talent-active	TraitNodeEntry	true	0.5	Rotational	class		93341	115655	1	Essential	Self-Heal 1	cdm-only:CooldownSetSpell		api
Evoker	Devastation	1467	Pyre	357211	talent-active	TraitNodeEntry	true	0	Rotational	spec		93334	115647	1	Essential		cdm-only:CooldownSetSpell		api
Evoker	Devastation	1467	Renewing Blaze	374348	talent-active	TraitNodeEntry	true	0	Rotational	class		93354	115669	1		Personal Defensive 2			api
Evoker	Devastation	1467	Sleep Walk	360806	talent-active	TraitNodeEntry	true	0	Rotational	class		93293	115601	1	Buff/Essential	Class 2 (CC)	cdm-only:CooldownSetSpell		api
Evoker	Devastation	1467	Source of Magic	369459	talent-active	TraitNodeEntry	true	0	Rotational	class		93344	115658	1	Buff		cdm-only:CooldownSetSpell		api
Evoker	Devastation	1467	Spatial Paradox	406732	talent-choice	TraitNodeEntry	true	180	Cooldown	class		93351	125610	1	Buff/Utility	Class 4 (Special)	cdm-only:CooldownSetSpell		api
Evoker	Devastation	1467	Time Spiral	374968	talent-choice	TraitNodeEntry	true	120	Cooldown	class		93351	115666	1	Utility		cdm-only:CooldownSetSpell		api
Evoker	Devastation	1467	Fury of the Aspects	390386	class-baseline	SkillLineAbility:2810	true	300	Cooldown						Essential	Class 8 (Lust/BRes)	cdm-only:CooldownSetSpell		api
Evoker	Devastation	1467	Tail Swipe	368970	class-baseline	SkillLineAbility:2810	true	180	Cooldown						Utility	CC	cdm-only:CooldownSetSpell		api
Evoker	Devastation	1467	Emerald Blossom	355913	class-baseline	SkillLineAbility:2810	true	30	Rotational						Utility	Self-Heal 2	cdm-only:CooldownSetSpell		api
Evoker	Devastation	1467	Blessing of the Bronze	364342	class-baseline	SkillLineAbility:2810	true	15	Rotational						Essential	Buff	cdm-only:CooldownSetSpell		api
Evoker	Devastation	1467	Deep Breath	357210	class-baseline	SkillLineAbility:2810	true	1	Rotational						Essential	Cooldown 2	cdm-only:CooldownSetSpell		api
Evoker	Devastation	1467	Hover	358267	class-baseline	SkillLineAbility:2810	true	1	Rotational						Other/Utility	Movement Ability	cdm-only:CooldownSetSpell		api
Evoker	Devastation	1467	Azure Strike	362969	class-baseline	SkillLineAbility:2810	true	0	Rotational						Essential	Rotational 6	cdm-only:CooldownSetSpell		api
Evoker	Devastation	1467	Disintegrate	356995	class-baseline	SkillLineAbility:2810	true	0	Rotational						Essential	Rotational 1	cdm-only:CooldownSetSpell		api
Evoker	Devastation	1467	Fire Breath	357208	class-baseline	SkillLineAbility:2810	true	0	Rotational						Buff/Essential	Rotational 3	cdm-only:CooldownSetSpell		api
Evoker	Devastation	1467	Living Flame	361469	class-baseline	SkillLineAbility:2810	true	0	Rotational						Essential	Rotational 2	cdm-only:CooldownSetSpell		api
Evoker	Devastation	1467	Return	361227	class-baseline	SkillLineAbility:2810	true	0	Rotational							Res			api
Evoker	Devastation	1467	Single-Button Assistant	1229376	class-baseline	SpecializationSpells	true	0	Rotational										api
Evoker	Devastation	1467	Swoop Up	370388	pvp-talent	PvpTalent	true	90	Cooldown						Utility	PvP 2	cdm-only:CooldownSetSpell		api
Evoker	Devastation	1467	Chrono Loop	383005	pvp-talent	PvpTalent	true	45	Cooldown						Buff/Utility	PvP 3	cdm-only:CooldownSetSpell		api
Evoker	Devastation	1467	Time Stop	378441	pvp-talent	PvpTalent	true	45	Cooldown						Utility	PvP	cdm-only:CooldownSetSpell		api
Evoker	Devastation	1467	Divide and Conquer	384689	pvp-talent	PvpTalent	false	0	Rotational										api
Evoker	Devastation	1467	Dreamwalker's Embrace	415651	pvp-talent	PvpTalent	false	0	Rotational						Buff		cdm-only:CooldownSetSpell		api
Evoker	Devastation	1467	Nullifying Shroud	1241352	pvp-talent	PvpTalent	false	0	Rotational						Buff		cdm-only:CooldownSetSpell		api
Evoker	Devastation	1467	Obsidian Mettle	378444	pvp-talent	PvpTalent	false	0	Rotational										api
Evoker	Devastation	1467	Scouring Flame	378438	pvp-talent	PvpTalent	false	0	Rotational										api
Evoker	Devastation	1467	Unburdened Flight	378437	pvp-talent	PvpTalent	false	0	Rotational										api
Evoker	Devastation	1467	Aerial Mastery	365933	talent-passive	TraitNodeEntry	false	0	Rotational	class		93352	115667	1					api
Evoker	Devastation	1467	Ancient Flame	369990	talent-passive	TraitNodeEntry	false	0	Rotational	class		93271	115577	1					api
Evoker	Devastation	1467	Animosity	375797	talent-passive	TraitNodeEntry	false	0	Rotational	spec		93330	115642	1					api
Evoker	Devastation	1467	Arcane Intensity	375618	talent-passive	TraitNodeEntry	false	0	Rotational	spec		93274	115580	2					api
Evoker	Devastation	1467	Ashes in Motion	1264365	talent-passive	TraitNodeEntry	false	0	Rotational	hero	Flameshaper	99857	123416	1					api
Evoker	Devastation	1467	Attuned to the Dream	376930	talent-passive	TraitNodeEntry	false	0	Rotational	class		93292	115600	2					api
Evoker	Devastation	1467	Azure Celerity	1219723	talent-passive	TraitNodeEntry	false	0	Rotational	spec		93325	115637	1					api
Evoker	Devastation	1467	Azure Essence Burst	375721	talent-passive	TraitNodeEntry	false	0	Rotational	spec		93333	115646	1					api
Evoker	Devastation	1467	Azure Sweep	1265867	talent-passive	TraitNodeEntry	false	0	Rotational	spec		93273	115579	1	Buff		cdm-only:CooldownSetSpell		api
Evoker	Devastation	1467	Blast Furnace	375510	talent-passive	TraitNodeEntry	false	0	Rotational	class		93309	115618	1					api
Evoker	Devastation	1467	Bombardments	434300	talent-passive	TraitNodeEntry	false	0	Rotational	hero	Scalecommander	94936	117533	1	Buff		cdm-only:CooldownSetSpell		api
Evoker	Devastation	1467	Bountiful Bloom	370886	talent-passive	TraitNodeEntry	false	0	Rotational	class		93291	115599	1					api
Evoker	Devastation	1467	Burning Adrenaline	444020	talent-passive	TraitNodeEntry	false	0	Rotational	hero	Flameshaper	94946	117543	1					api
Evoker	Devastation	1467	Burnout	375801	talent-passive	TraitNodeEntry	false	0	Rotational	spec		93314	115624	1	Buff		cdm-only:CooldownSetSpell		api
Evoker	Devastation	1467	Catalyze	386283	talent-passive	TraitNodeEntry	false	0	Rotational	spec		93280	115587	1					api
Evoker	Devastation	1467	Causality	375777	talent-passive	TraitNodeEntry	false	0	Rotational	spec		93366	115683	1					api
Evoker	Devastation	1467	Charged Blast	370455	talent-passive	TraitNodeEntry	false	0	Rotational	spec		93317	115628	1	Buff		cdm-only:CooldownSetSpell		api
Evoker	Devastation	1467	Clobbering Sweep	375443	talent-passive	TraitNodeEntry	false	0	Rotational	class		103844	128217	1					api
Evoker	Devastation	1467	Command Squadron	1260745	talent-passive	TraitNodeEntry	false	0	Rotational	hero	Scalecommander	109795	136053	1	Buff		cdm-only:CooldownSetSpell		api
Evoker	Devastation	1467	Concentrated Power	1261448	talent-passive	TraitNodeEntry	false	0	Rotational	hero	Scalecommander	109794	136052	1					api
Evoker	Devastation	1467	Conduit of Flame	444843	talent-passive	TraitNodeEntry	false	0	Rotational	hero	Flameshaper	94949	117546	1					api
Evoker	Devastation	1467	Consume Flame	444088	talent-passive	TraitNodeEntry	false	0	Rotational	hero	Flameshaper	94922	117519	1					api
Evoker	Devastation	1467	Deep Exhalation	1264321	talent-passive	TraitNodeEntry	false	0	Rotational	hero	Flameshaper	94945	117542	1					api
Evoker	Devastation	1467	Diverted Power	441219	talent-passive	TraitNodeEntry	false	0	Rotational	hero	Scalecommander	94928	120124	1					api
Evoker	Devastation	1467	Draconic Instincts	445958	talent-passive	TraitNodeEntry	false	0	Rotational	hero	Flameshaper	94931	123405	1					api
Evoker	Devastation	1467	Draconic Legacy	376166	talent-passive	TraitNodeEntry	false	0	Rotational	class		93300	115609	1					api
Evoker	Devastation	1467	Engulfing Blaze	370837	talent-passive	TraitNodeEntry	false	0	Rotational	spec		93278	115585	1					api
Evoker	Devastation	1467	Enkindle	444016	talent-passive	TraitNodeEntry	false	0	Rotational	hero	Flameshaper	94956	117553	1	Buff		cdm-only:CooldownSetSpell		api
Evoker	Devastation	1467	Enkindled	375554	talent-passive	TraitNodeEntry	false	0	Rotational	class		93295	115603	2					api
Evoker	Devastation	1467	Essence Attunement	375722	talent-passive	TraitNodeEntry	false	0	Rotational	spec		93319	115631	1					api
Evoker	Devastation	1467	Essence Well	1265993	talent-passive	TraitNodeEntry	false	0	Rotational	hero	Flameshaper	109797	136055	1					api
Evoker	Devastation	1467	Eternity's Span	375757	talent-passive	TraitNodeEntry	false	0	Rotational	spec		93320	115632	1					api
Evoker	Devastation	1467	Event Horizon	411164	talent-passive	TraitNodeEntry	false	0	Rotational	spec		93318	115629	1					api
Evoker	Devastation	1467	Expanded Lungs	444845	talent-passive	TraitNodeEntry	false	0	Rotational	hero	Flameshaper	94956	128713	1					api
Evoker	Devastation	1467	Extended Battle	441212	talent-passive	TraitNodeEntry	false	0	Rotational	hero	Scalecommander	94928	117525	1					api
Evoker	Devastation	1467	Extended Flight	375517	talent-passive	TraitNodeEntry	false	0	Rotational	class		93349	115664	2					api
Evoker	Devastation	1467	Exuberance	375542	talent-passive	TraitNodeEntry	false	0	Rotational	class		93299	115608	1					api
Evoker	Devastation	1467	Eye of Infinity	411165	talent-passive	TraitNodeEntry	false	0	Rotational	spec		93318	115630	1					api
Evoker	Devastation	1467	Feed the Flames	369846	talent-passive	TraitNodeEntry	false	0	Rotational	spec		93277	115584	1	Buff		cdm-only:CooldownSetSpell		api
Evoker	Devastation	1467	Fire Torrent	1265992	talent-passive	TraitNodeEntry	false	0	Rotational	hero	Flameshaper	109796	136054	1					api
Evoker	Devastation	1467	Foci of Life	375574	talent-passive	TraitNodeEntry	false	0	Rotational	class		93345	115660	1					api
Evoker	Devastation	1467	Font of Magic	411212	talent-passive	TraitNodeEntry	false	0	Rotational	spec		93279	115586	1					api
Evoker	Devastation	1467	Forger of Mountains	375528	talent-passive	TraitNodeEntry	false	0	Rotational	class		93270	115576	1					api
Evoker	Devastation	1467	Fulminous Roar	1218447	talent-passive	TraitNodeEntry	false	0	Rotational	hero	Flameshaper	94923	117520	1					api
Evoker	Devastation	1467	Hardened Scales	441180	talent-passive	TraitNodeEntry	false	0	Rotational	hero	Scalecommander	94933	117530	1					api
Evoker	Devastation	1467	Heat Wave	375725	talent-passive	TraitNodeEntry	false	0	Rotational	spec		93281	115588	2					api
Evoker	Devastation	1467	Heavy Wingbeats	368838	talent-passive	TraitNodeEntry	false	0	Rotational	class		103843	128216	1					api
Evoker	Devastation	1467	Honed Aggression	371038	talent-passive	TraitNodeEntry	false	0	Rotational	spec		93329	115641	2					api
Evoker	Devastation	1467	Imminent Destruction	370781	talent-passive	TraitNodeEntry	false	0	Rotational	spec		93326	115638	1	Buff		cdm-only:CooldownSetSpell		api
Evoker	Devastation	1467	Inherent Resistance	375544	talent-passive	TraitNodeEntry	false	0	Rotational	class		93355	115670	2					api
Evoker	Devastation	1467	Innate Magic	375520	talent-passive	TraitNodeEntry	false	0	Rotational	class		93302	115611	2					api
Evoker	Devastation	1467	Inner Radiance	386405	talent-passive	TraitNodeEntry	false	0	Rotational	class		93311	115620	1					api
Evoker	Devastation	1467	Instinctive Arcana	376164	talent-passive	TraitNodeEntry	false	0	Rotational	class		93310	115619	2					api
Evoker	Devastation	1467	Iridescence	370867	talent-passive	TraitNodeEntry	false	0	Rotational	spec		93321	115633	1					api
Evoker	Devastation	1467	Lay Waste	371034	talent-passive	TraitNodeEntry	false	0	Rotational	spec		93284	115592	1					api
Evoker	Devastation	1467	Leaping Flames	369939	talent-passive	TraitNodeEntry	false	0	Rotational	class		93343	115657	1	Buff		cdm-only:CooldownSetSpell		api
Evoker	Devastation	1467	Legacy of the Lifebinder	1264269	talent-passive	TraitNodeEntry	false	0	Rotational	hero	Flameshaper	94950	117547	1					api
Evoker	Devastation	1467	Lifecinders	444322	talent-passive	TraitNodeEntry	false	0	Rotational	hero	Flameshaper	94931	117528	1					api
Evoker	Devastation	1467	Lush Growth	375561	talent-passive	TraitNodeEntry	false	0	Rotational	class		93347	115662	2					api
Evoker	Devastation	1467	Maneuverability	433871	talent-passive	TraitNodeEntry	false	0	Rotational	hero	Scalecommander	94941	117538	1					api
Evoker	Devastation	1467	Mass Disintegrate	436335	talent-passive	TraitNodeEntry	false	0	Rotational	hero	Scalecommander	94939	117536	1	Buff		cdm-only:CooldownSetSpell		api
Evoker	Devastation	1467	Mass Eruption	438587	talent-passive	TraitNodeEntry	false	0	Rotational	hero	Scalecommander	98931	122279	1					api
Evoker	Devastation	1467	Melt Armor	441176	talent-passive	TraitNodeEntry	false	0	Rotational	hero	Scalecommander	94921	117518	1	Buff		cdm-only:CooldownSetSpell		api
Evoker	Devastation	1467	Menacing Presence	441181	talent-passive	TraitNodeEntry	false	0	Rotational	hero	Scalecommander	94933	120125	1	Buff		cdm-only:CooldownSetSpell		api
Evoker	Devastation	1467	Might of the Black Dragonflight	441705	talent-passive	TraitNodeEntry	false	0	Rotational	hero	Scalecommander	94952	117549	1					api
Evoker	Devastation	1467	Natural Convergence	369913	talent-passive	TraitNodeEntry	false	0	Rotational	class		93312	115621	1					api
Evoker	Devastation	1467	Nimble Flyer	441253	talent-passive	TraitNodeEntry	false	0	Rotational	hero	Scalecommander	94943	117540	1					api
Evoker	Devastation	1467	Obsidian Bulwark	375406	talent-passive	TraitNodeEntry	false	0	Rotational	class		93289	115597	1					api
Evoker	Devastation	1467	Onslaught	441245	talent-passive	TraitNodeEntry	false	0	Rotational	hero	Scalecommander	94944	117541	1					api
Evoker	Devastation	1467	Onyx Legacy	386348	talent-passive	TraitNodeEntry	false	0	Rotational	spec		93327	115639	1					api
Evoker	Devastation	1467	Overawe	374346	talent-passive	TraitNodeEntry	false	0	Rotational	class		93297	115606	1					api
Evoker	Devastation	1467	Panacea	387761	talent-passive	TraitNodeEntry	false	0	Rotational	class		93348	115663	1					api
Evoker	Devastation	1467	Potent Mana	418101	talent-passive	TraitNodeEntry	false	0	Rotational	class		93715	116103	1					api
Evoker	Devastation	1467	Power Nexus	369908	talent-passive	TraitNodeEntry	false	0	Rotational	spec		93276	115582	1					api
Evoker	Devastation	1467	Power Swell	370839	talent-passive	TraitNodeEntry	false	0	Rotational	spec		93322	115634	1	Buff		cdm-only:CooldownSetSpell		api
Evoker	Devastation	1467	Protracted Talons	369909	talent-passive	TraitNodeEntry	false	0	Rotational	class		110064	136559	1					api
Evoker	Devastation	1467	Recall	371806	talent-passive	TraitNodeEntry	false	0	Rotational	class		93301	115610	1	Buff		cdm-only:CooldownSetSpell		api
Evoker	Devastation	1467	Refined Essence	1261452	talent-passive	TraitNodeEntry	false	0	Rotational	hero	Scalecommander	109793	136051	1					api
Evoker	Devastation	1467	Regenerative Magic	387787	talent-passive	TraitNodeEntry	false	0	Rotational	class		93353	115668	1					api
Evoker	Devastation	1467	Rising Fury	1271687	talent-passive	TraitNodeEntry	false	0	Rotational	spec		110414	137010	1	Buff		talent-passive:TraitNodeEntry;cdm-only:CooldownSetSpell		api
Evoker	Devastation	1467	Ruby Embers	365937	talent-passive	TraitNodeEntry	false	0	Rotational	spec		93282	115590	1	Buff		cdm-only:CooldownSetSpell		api
Evoker	Devastation	1467	Ruby Essence Burst	376872	talent-passive	TraitNodeEntry	false	0	Rotational	spec		93285	115593	1					api
Evoker	Devastation	1467	Scarlet Adaptation	372469	talent-passive	TraitNodeEntry	false	0	Rotational	class		93340	115654	1					api
Evoker	Devastation	1467	Scintillation	370821	talent-passive	TraitNodeEntry	false	0	Rotational	spec		93324	115636	1					api
Evoker	Devastation	1467	Scorching Embers	370819	talent-passive	TraitNodeEntry	false	0	Rotational	spec		93365	115622	1					api
Evoker	Devastation	1467	Shape of Flame	445074	talent-passive	TraitNodeEntry	false	0	Rotational	hero	Flameshaper	94937	123404	1					api
Evoker	Devastation	1467	Shattering Stars	1265802	talent-passive	TraitNodeEntry	false	0	Rotational	spec		93316	115627	1					api
Evoker	Devastation	1467	Slipstream	441257	talent-passive	TraitNodeEntry	false	0	Rotational	hero	Scalecommander	94943	120123	1					api
Evoker	Devastation	1467	Spellweaver's Dominance	370845	talent-passive	TraitNodeEntry	false	0	Rotational	spec		93323	115635	1					api
Evoker	Devastation	1467	Star Salvo	1265826	talent-passive	TraitNodeEntry	false	0	Rotational	spec		93315	115626	1					api
Evoker	Devastation	1467	Strafing Run	1266151	talent-passive	TraitNodeEntry	false	0	Rotational	spec		93313	115623	1	Buff		cdm-only:CooldownSetSpell		api
Evoker	Devastation	1467	Stretch Time	410352	talent-passive	TraitNodeEntry	false	0	Rotational	class		93308	115617	1					api
Evoker	Devastation	1467	Strike from Above	1267206	talent-passive	TraitNodeEntry	false	0	Rotational	class		110065	136560	1					api
Evoker	Devastation	1467	Tailwind	375556	talent-passive	TraitNodeEntry	false	0	Rotational	class		93290	115598	1					api
Evoker	Devastation	1467	Terror of the Skies	371032	talent-passive	TraitNodeEntry	false	0	Rotational	class		93342	115656	1	Buff		cdm-only:CooldownSetSpell		api
Evoker	Devastation	1467	Titanic Precision	445625	talent-passive	TraitNodeEntry	false	0	Rotational	hero	Flameshaper	94920	117517	1					api
Evoker	Devastation	1467	Titanic Wrath	386272	talent-passive	TraitNodeEntry	false	0	Rotational	spec		93272	115578	1					api
Evoker	Devastation	1467	Trailblazer	444849	talent-passive	TraitNodeEntry	false	0	Rotational	hero	Flameshaper	94937	117534	1					api
Evoker	Devastation	1467	Twin Flame	1265979	talent-passive	TraitNodeEntry	false	0	Rotational	hero	Flameshaper	109798	136056	1					api
Evoker	Devastation	1467	Twin Guardian	370888	talent-passive	TraitNodeEntry	false	0	Rotational	class		93287	115595	1	Buff		cdm-only:CooldownSetSpell		api
Evoker	Devastation	1467	Tyranny	376888	talent-passive	TraitNodeEntry	false	0	Rotational	spec		93328	115640	1					api
Evoker	Devastation	1467	Unravel	1264378	talent-passive	TraitNodeEntry	false	0	Rotational	class		93307	115616	1					api
Evoker	Devastation	1467	Unrelenting Siege	441246	talent-passive	TraitNodeEntry	false	0	Rotational	hero	Scalecommander	94934	117531	1	Buff		cdm-only:CooldownSetSpell		api
Evoker	Devastation	1467	Volatility	369089	talent-passive	TraitNodeEntry	false	0	Rotational	spec		93283	115591	2					api
Evoker	Devastation	1467	Walloping Blow	387341	talent-passive	TraitNodeEntry	false	0	Rotational	class		93286	115594	1					api
Evoker	Devastation	1467	Wingleader	441206	talent-passive	TraitNodeEntry	false	0	Rotational	hero	Scalecommander	94953	117550	1					api
Evoker	Devastation	1467	Wing Buffet	357214	cdm-only	CooldownSetSpell	true	180	Cooldown						Utility				api
Evoker	Devastation	1467	Essence Burst	359618	cdm-only	CooldownSetSpell	true	0	Rotational						Buff				db2-template+redirect
Evoker	Devastation	1467	Iridescence: Blue	386399	cdm-only	CooldownSetSpell	true	0	Rotational						Buff				db2-template+redirect
Evoker	Devastation	1467	Iridescence: Red	386353	cdm-only	CooldownSetSpell	true	0	Rotational						Buff				db2-template+redirect
Evoker	Devastation	1467	Permeating Chill	370898	cdm-only	CooldownSetSpell	true	0	Rotational						Buff				db2-template+redirect
Evoker	Preservation	1468	Oppressing Roar	372048	talent-active	TraitNodeEntry	true	120	Cooldown	class		93298	115607	1	Buff/Utility	CC 2	cdm-only:CooldownSetSpell		api
Evoker	Preservation	1468	Tip the Scales	370553	talent-active	TraitNodeEntry	true	120	Cooldown	class		93350	115665	1	Essential	Self-Heal 3 (Overflow)	cdm-only:CooldownSetSpell		api
Evoker	Preservation	1468	Zephyr	374227	talent-active	TraitNodeEntry	true	120	Cooldown	class		93346	115661	1	Buff/Utility	Class 7 (Raid Defensive)	cdm-only:CooldownSetSpell		api
Evoker	Preservation	1468	Landslide	358385	talent-active	TraitNodeEntry	true	90	Cooldown	class		93305	115614	1	Utility	Class 3 (Tag)	cdm-only:CooldownSetSpell		api
Evoker	Preservation	1468	Cauterizing Flame	374251	talent-active	TraitNodeEntry	true	60	Cooldown	class		93294	115602	1	Utility	Self-Heal 4 (Emergency/Overflow)	cdm-only:CooldownSetSpell		api
Evoker	Preservation	1468	Rescue	370665	talent-active	TraitNodeEntry	true	60	Cooldown	class		93288	115596	1	Utility	Class 5 (Purge)	cdm-only:CooldownSetSpell		api
Evoker	Preservation	1468	Temporal Anomaly	373861	talent-active	TraitNodeEntry	true	15	Rotational	spec		93257	115561	1	Essential	Rotational 8	cdm-only:CooldownSetSpell		api
Evoker	Preservation	1468	Expunge	365585	talent-active	TraitNodeEntry	true	8	Rotational	class		93306	115615	1					api
Evoker	Preservation	1468	Dream Breath	355936	talent-active	TraitNodeEntry	true	1	Rotational	spec		93240	115542	1	Essential	Cooldown 4	cdm-only:CooldownSetSpell		api
Evoker	Preservation	1468	Obsidian Scales	363916	talent-active	TraitNodeEntry	true	1	Rotational	class		93304	115613	1	Buff/Utility	Personal Defensive 1	cdm-only:CooldownSetSpell		api
Evoker	Preservation	1468	Time Dilation	357170	talent-active	TraitNodeEntry	true	1	Rotational	spec		93336	115650	1	Essential	Rotational 7	cdm-only:CooldownSetSpell		api
Evoker	Preservation	1468	Verdant Embrace	360995	talent-active	TraitNodeEntry	true	0.5	Rotational	class		93341	115655	1	Essential	Self-Heal 1	cdm-only:CooldownSetSpell		api
Evoker	Preservation	1468	Echo	364343	talent-active	TraitNodeEntry	true	0	Rotational	spec		93339	115653	1	Essential	Rotational 5	cdm-only:CooldownSetSpell		api
Evoker	Preservation	1468	Renewing Blaze	374348	talent-active	TraitNodeEntry	true	0	Rotational	class		93354	115669	1					api
Evoker	Preservation	1468	Reversion	366155	talent-active	TraitNodeEntry	true	0	Rotational	spec		93338	115652	1	Essential	Rotational 6	cdm-only:CooldownSetSpell		api
Evoker	Preservation	1468	Rewind	363534	talent-active	TraitNodeEntry	true	0	Rotational	spec		93337	115651	1	Essential	Cooldown 3	cdm-only:CooldownSetSpell		api
Evoker	Preservation	1468	Sleep Walk	360806	talent-active	TraitNodeEntry	true	0	Rotational	class		93293	115601	1		Class 2 (CC)			api
Evoker	Preservation	1468	Source of Magic	369459	talent-active	TraitNodeEntry	true	0	Rotational	class		93344	115658	1	Buff		cdm-only:CooldownSetSpell		api
Evoker	Preservation	1468	Spatial Paradox	406732	talent-choice	TraitNodeEntry	true	180	Cooldown	class		93351	125610	1	Buff/Utility	Class 4 (Special)	cdm-only:CooldownSetSpell		api
Evoker	Preservation	1468	Dream Flight	359816	talent-choice	TraitNodeEntry	true	120	Cooldown	spec		93267	115573	1	Essential	Cooldown 2	cdm-only:CooldownSetSpell		api
Evoker	Preservation	1468	Time Spiral	374968	talent-choice	TraitNodeEntry	true	120	Cooldown	class		93351	115666	1	Utility		cdm-only:CooldownSetSpell		api
Evoker	Preservation	1468	Stasis	370537	talent-choice	TraitNodeEntry	true	90	Cooldown	spec		93267	133527	1	Buff/Essential		cdm-only:CooldownSetSpell		api
Evoker	Preservation	1468	Temporal Barrier	1291636	talent-choice	TraitNodeEntry	true	15	Rotational	spec		93258	115563	1					api
Evoker	Preservation	1468	Fury of the Aspects	390386	class-baseline	SkillLineAbility:2810	true	300	Cooldown							Class 8 (Lust/BRes)			api
Evoker	Preservation	1468	Tail Swipe	368970	class-baseline	SkillLineAbility:2810	true	180	Cooldown						Utility	CC	cdm-only:CooldownSetSpell		api
Evoker	Preservation	1468	Emerald Blossom	355913	class-baseline	SkillLineAbility:2810	true	30	Rotational						Essential	Self-Heal 2	cdm-only:CooldownSetSpell		api
Evoker	Preservation	1468	Blessing of the Bronze	364342	class-baseline	SkillLineAbility:2810	true	15	Rotational							Buff			api
Evoker	Preservation	1468	Naturalize	360823	class-baseline	SpecializationSpells	true	8	Rotational						Utility	Class 6 (Dispel)	cdm-only:CooldownSetSpell		api
Evoker	Preservation	1468	Deep Breath	357210	class-baseline	SkillLineAbility:2810	true	1	Rotational						Essential	Cooldown 1	cdm-only:CooldownSetSpell		api
Evoker	Preservation	1468	Hover	358267	class-baseline	SkillLineAbility:2810	true	1	Rotational						Other/Utility	Movement Ability	cdm-only:CooldownSetSpell		api
Evoker	Preservation	1468	Azure Strike	362969	class-baseline	SkillLineAbility:2810	true	0	Rotational							Rotational 2			api
Evoker	Preservation	1468	Disintegrate	356995	class-baseline	SkillLineAbility:2810	true	0	Rotational							Rotational 3			api
Evoker	Preservation	1468	Fire Breath	357208	class-baseline	SkillLineAbility:2810	true	0	Rotational						Buff/Essential	Rotational 4	cdm-only:CooldownSetSpell		api
Evoker	Preservation	1468	Living Flame	361469	class-baseline	SkillLineAbility:2810	true	0	Rotational						Essential	Rotational 1	cdm-only:CooldownSetSpell		api
Evoker	Preservation	1468	Mass Return	361178	class-baseline	SpecializationSpells	true	0	Rotational										api
Evoker	Preservation	1468	Return	361227	class-baseline	SkillLineAbility:2810	true	0	Rotational							Res			api
Evoker	Preservation	1468	Single-Button Assistant	1229376	class-baseline	SpecializationSpells	true	0	Rotational										api
Evoker	Preservation	1468	Emerald Communion	370960	pvp-talent	PvpTalent	true	180	Cooldown						Essential		cdm-only:CooldownSetSpell		api
Evoker	Preservation	1468	Swoop Up	370388	pvp-talent	PvpTalent	true	90	Cooldown						Utility	PvP 2	cdm-only:CooldownSetSpell		api
Evoker	Preservation	1468	Dream Projection	377509	pvp-talent	PvpTalent	true	60	Cooldown						Essential		cdm-only:CooldownSetSpell		api
Evoker	Preservation	1468	Chrono Loop	383005	pvp-talent	PvpTalent	true	45	Cooldown						Utility	PvP 3	cdm-only:CooldownSetSpell		api
Evoker	Preservation	1468	Time Stop	378441	pvp-talent	PvpTalent	true	45	Cooldown						Essential	PvP	cdm-only:CooldownSetSpell		api
Evoker	Preservation	1468	Divide and Conquer	384689	pvp-talent	PvpTalent	false	0	Rotational										api
Evoker	Preservation	1468	Dreamwalker's Embrace	415651	pvp-talent	PvpTalent	false	0	Rotational										api
Evoker	Preservation	1468	Nullifying Shroud	1241352	pvp-talent	PvpTalent	false	0	Rotational						Buff		cdm-only:CooldownSetSpell		api
Evoker	Preservation	1468	Obsidian Mettle	378444	pvp-talent	PvpTalent	false	0	Rotational										api
Evoker	Preservation	1468	Scouring Flame	378438	pvp-talent	PvpTalent	false	0	Rotational										api
Evoker	Preservation	1468	Unburdened Flight	378437	pvp-talent	PvpTalent	false	0	Rotational										api
Evoker	Preservation	1468	Time of Need	368412	talent-passive	TraitNodeEntry	false	120	Cooldown	spec		93259	115564	1	Essential		cdm-only:CooldownSetSpell		api
Evoker	Preservation	1468	Aerial Mastery	365933	talent-passive	TraitNodeEntry	false	0	Rotational	class		93352	115667	1					api
Evoker	Preservation	1468	Afterimage	431875	talent-passive	TraitNodeEntry	false	0	Rotational	hero	Chronowarden	94929	117526	1					api
Evoker	Preservation	1468	Ancient Flame	369990	talent-passive	TraitNodeEntry	false	0	Rotational	class		93271	115577	1					api
Evoker	Preservation	1468	Ashes in Motion	1264365	talent-passive	TraitNodeEntry	false	0	Rotational	hero	Flameshaper	99857	123416	1					api
Evoker	Preservation	1468	Attuned to the Dream	376930	talent-passive	TraitNodeEntry	false	0	Rotational	class		93292	115600	2					api
Evoker	Preservation	1468	Blast Furnace	375510	talent-passive	TraitNodeEntry	false	0	Rotational	class		93309	115618	1					api
Evoker	Preservation	1468	Bountiful Bloom	370886	talent-passive	TraitNodeEntry	false	0	Rotational	class		93291	115599	1					api
Evoker	Preservation	1468	Burning Adrenaline	444020	talent-passive	TraitNodeEntry	false	0	Rotational	hero	Flameshaper	94946	117543	1					api
Evoker	Preservation	1468	Call of Ysera	373834	talent-passive	TraitNodeEntry	false	0	Rotational	spec		93250	115554	1					api
Evoker	Preservation	1468	Chronal Dynamo	1291522	talent-passive	TraitNodeEntry	false	0	Rotational	hero	Chronowarden	109509	135742	1					api
Evoker	Preservation	1468	Chrono Flame	431442	talent-passive	TraitNodeEntry	false	0	Rotational	hero	Chronowarden	94954	117551	1					api
Evoker	Preservation	1468	Chronoboon	1260484	talent-passive	TraitNodeEntry	false	0	Rotational	hero	Chronowarden	109510	135743	1					api
Evoker	Preservation	1468	Clobbering Sweep	375443	talent-passive	TraitNodeEntry	false	0	Rotational	class		103844	128217	1					api
Evoker	Preservation	1468	Conduit of Flame	444843	talent-passive	TraitNodeEntry	false	0	Rotational	hero	Flameshaper	94949	117546	1					api
Evoker	Preservation	1468	Consume Flame	444088	talent-passive	TraitNodeEntry	false	0	Rotational	hero	Flameshaper	94922	117519	1					api
Evoker	Preservation	1468	Deep Exhalation	1264321	talent-passive	TraitNodeEntry	false	0	Rotational	hero	Flameshaper	94945	117542	1					api
Evoker	Preservation	1468	Delay Harm	376207	talent-passive	TraitNodeEntry	false	0	Rotational	spec		93335	115649	1					api
Evoker	Preservation	1468	Double-time	431874	talent-passive	TraitNodeEntry	false	0	Rotational	hero	Chronowarden	94932	117529	1					api
Evoker	Preservation	1468	Draconic Instincts	445958	talent-passive	TraitNodeEntry	false	0	Rotational	hero	Flameshaper	94931	123405	1					api
Evoker	Preservation	1468	Draconic Legacy	376166	talent-passive	TraitNodeEntry	false	0	Rotational	class		93300	115609	1					api
Evoker	Preservation	1468	Dream Simulacrum	1241669	talent-passive	TraitNodeEntry	false	0	Rotational	spec		93243	115546	1					api
Evoker	Preservation	1468	Empath	376138	talent-passive	TraitNodeEntry	false	0	Rotational	spec		93242	115545	1	Buff		cdm-only:CooldownSetSpell		api
Evoker	Preservation	1468	Energy Loop	372233	talent-passive	TraitNodeEntry	false	0	Rotational	spec		93261	115566	1					api
Evoker	Preservation	1468	Enkindle	444016	talent-passive	TraitNodeEntry	false	0	Rotational	hero	Flameshaper	94956	117553	1					api
Evoker	Preservation	1468	Enkindled	375554	talent-passive	TraitNodeEntry	false	0	Rotational	class		93295	115603	2					api
Evoker	Preservation	1468	Essence Attunement	375722	talent-passive	TraitNodeEntry	false	0	Rotational	spec		93238	115540	1					api
Evoker	Preservation	1468	Essence Burst	369297	talent-passive	TraitNodeEntry	false	0	Rotational	spec		93239	115541	1	Buff		cdm-only:CooldownSetSpell		api
Evoker	Preservation	1468	Essence Well	1265993	talent-passive	TraitNodeEntry	false	0	Rotational	hero	Flameshaper	109797	136055	1					api
Evoker	Preservation	1468	Exhilarating Burst	377100	talent-passive	TraitNodeEntry	false	0	Rotational	spec		93246	115550	2	Buff		cdm-only:CooldownSetSpell		api
Evoker	Preservation	1468	Expanded Lungs	444845	talent-passive	TraitNodeEntry	false	0	Rotational	hero	Flameshaper	94956	128713	1					api
Evoker	Preservation	1468	Extended Flight	375517	talent-passive	TraitNodeEntry	false	0	Rotational	class		93349	115664	2					api
Evoker	Preservation	1468	Exuberance	375542	talent-passive	TraitNodeEntry	false	0	Rotational	class		93299	115608	1					api
Evoker	Preservation	1468	Field of Dreams	370062	talent-passive	TraitNodeEntry	false	0	Rotational	spec		93248	115552	1					api
Evoker	Preservation	1468	Fire Torrent	1265992	talent-passive	TraitNodeEntry	false	0	Rotational	hero	Flameshaper	109796	136054	1					api
Evoker	Preservation	1468	Flow State	385696	talent-passive	TraitNodeEntry	false	0	Rotational	spec		93256	115560	2	Buff		cdm-only:CooldownSetSpell		api
Evoker	Preservation	1468	Fluttering Seedlings	359793	talent-passive	TraitNodeEntry	false	0	Rotational	spec		93247	115551	2					api
Evoker	Preservation	1468	Foci of Life	375574	talent-passive	TraitNodeEntry	false	0	Rotational	class		93345	115660	1					api
Evoker	Preservation	1468	Font of Magic	375783	talent-passive	TraitNodeEntry	false	0	Rotational	spec		93252	115556	1					api
Evoker	Preservation	1468	Forger of Mountains	375528	talent-passive	TraitNodeEntry	false	0	Rotational	class		93270	115576	1					api
Evoker	Preservation	1468	Fulminous Roar	1218447	talent-passive	TraitNodeEntry	false	0	Rotational	hero	Flameshaper	94923	117520	1					api
Evoker	Preservation	1468	Golden Hour	378196	talent-passive	TraitNodeEntry	false	0	Rotational	spec		93255	115559	1					api
Evoker	Preservation	1468	Golden Opportunity	432004	talent-passive	TraitNodeEntry	false	0	Rotational	hero	Chronowarden	94942	117539	1					api
Evoker	Preservation	1468	Grace Period	376239	talent-passive	TraitNodeEntry	false	0	Rotational	spec		93260	115565	1					api
Evoker	Preservation	1468	Heavy Wingbeats	368838	talent-passive	TraitNodeEntry	false	0	Rotational	class		103843	128216	1					api
Evoker	Preservation	1468	Inherent Resistance	375544	talent-passive	TraitNodeEntry	false	0	Rotational	class		93355	115670	2					api
Evoker	Preservation	1468	Innate Magic	375520	talent-passive	TraitNodeEntry	false	0	Rotational	class		93302	115611	2					api
Evoker	Preservation	1468	Inner Flame	1242745	talent-passive	TraitNodeEntry	false	0	Rotational	spec		93266	115572	1	Buff		cdm-only:CooldownSetSpell		api
Evoker	Preservation	1468	Inner Radiance	386405	talent-passive	TraitNodeEntry	false	0	Rotational	class		93311	115620	1					api
Evoker	Preservation	1468	Instability Matrix	431484	talent-passive	TraitNodeEntry	false	0	Rotational	hero	Chronowarden	94930	126310	1					api
Evoker	Preservation	1468	Instinctive Arcana	376164	talent-passive	TraitNodeEntry	false	0	Rotational	class		93310	115619	2					api
Evoker	Preservation	1468	Just in Time	376204	talent-passive	TraitNodeEntry	false	0	Rotational	spec		93335	115648	1					api
Evoker	Preservation	1468	Leaping Flames	369939	talent-passive	TraitNodeEntry	false	0	Rotational	class		93343	115657	1	Buff		cdm-only:CooldownSetSpell		api
Evoker	Preservation	1468	Legacy of the Lifebinder	1264269	talent-passive	TraitNodeEntry	false	0	Rotational	hero	Flameshaper	94950	117547	1					api
Evoker	Preservation	1468	Life-Giver's Flame	371426	talent-passive	TraitNodeEntry	false	0	Rotational	spec		93237	115539	1					api
Evoker	Preservation	1468	Lifebind	373270	talent-passive	TraitNodeEntry	false	0	Rotational	spec		93253	115557	1	Other		cdm-only:CooldownSetSpell		api
Evoker	Preservation	1468	Lifecinders	444322	talent-passive	TraitNodeEntry	false	0	Rotational	hero	Flameshaper	94931	117528	1					api
Evoker	Preservation	1468	Lifeforce Mender	376179	talent-passive	TraitNodeEntry	false	0	Rotational	spec		93236	115538	2					api
Evoker	Preservation	1468	Lifespark	443177	talent-passive	TraitNodeEntry	false	0	Rotational	spec		99804	123294	1	Buff		cdm-only:CooldownSetSpell		api
Evoker	Preservation	1468	Lush Growth	375561	talent-passive	TraitNodeEntry	false	0	Rotational	class		93347	115662	2					api
Evoker	Preservation	1468	Merithra's Blessing	1256577	talent-passive	TraitNodeEntry	false	0	Rotational	spec		110413	137007	1	Buff		talent-passive:TraitNodeEntry;cdm-only:CooldownSetSpell		api
Evoker	Preservation	1468	Motes of Acceleration	432008	talent-passive	TraitNodeEntry	false	0	Rotational	hero	Chronowarden	94935	117784	1					api
Evoker	Preservation	1468	Natural Convergence	369913	talent-passive	TraitNodeEntry	false	0	Rotational	class		93312	115621	1					api
Evoker	Preservation	1468	Nozdormu Adept	431715	talent-passive	TraitNodeEntry	false	0	Rotational	hero	Chronowarden	94947	117544	1					api
Evoker	Preservation	1468	Nozdormu's Teachings	376237	talent-passive	TraitNodeEntry	false	0	Rotational	spec		93258	115562	1					api
Evoker	Preservation	1468	Obsidian Bulwark	375406	talent-passive	TraitNodeEntry	false	0	Rotational	class		93289	115597	1					api
Evoker	Preservation	1468	Ouroboros	381921	talent-passive	TraitNodeEntry	false	0	Rotational	spec		93251	115555	1	Buff		cdm-only:CooldownSetSpell		api
Evoker	Preservation	1468	Overawe	374346	talent-passive	TraitNodeEntry	false	0	Rotational	class		93297	115606	1					api
Evoker	Preservation	1468	Overclock	1260647	talent-passive	TraitNodeEntry	false	0	Rotational	hero	Chronowarden	109508	135741	1					api
Evoker	Preservation	1468	Panacea	387761	talent-passive	TraitNodeEntry	false	0	Rotational	class		93348	115663	1					api
Evoker	Preservation	1468	Potent Mana	418101	talent-passive	TraitNodeEntry	false	0	Rotational	class		93715	116103	1					api
Evoker	Preservation	1468	Power Nexus	369908	talent-passive	TraitNodeEntry	false	0	Rotational	spec		93249	115553	1					api
Evoker	Preservation	1468	Primacy	431657	talent-passive	TraitNodeEntry	false	0	Rotational	hero	Chronowarden	94951	117548	1	Buff		cdm-only:CooldownSetSpell		api
Evoker	Preservation	1468	Protracted Talons	369909	talent-passive	TraitNodeEntry	false	0	Rotational	class		110064	136559	1					api
Evoker	Preservation	1468	Recall	371806	talent-passive	TraitNodeEntry	false	0	Rotational	class		93301	115610	1					api
Evoker	Preservation	1468	Regenerative Magic	387787	talent-passive	TraitNodeEntry	false	0	Rotational	class		93353	115668	1					api
Evoker	Preservation	1468	Renewing Breath	371257	talent-passive	TraitNodeEntry	false	0	Rotational	spec		93268	115574	2					api
Evoker	Preservation	1468	Reverberations	431615	talent-passive	TraitNodeEntry	false	0	Rotational	hero	Chronowarden	94925	117522	1					api
Evoker	Preservation	1468	Scarlet Adaptation	372469	talent-passive	TraitNodeEntry	false	0	Rotational	class		93340	115654	1					api
Evoker	Preservation	1468	Shape of Flame	445074	talent-passive	TraitNodeEntry	false	0	Rotational	hero	Flameshaper	94937	123404	1					api
Evoker	Preservation	1468	Spark of Insight	377099	talent-passive	TraitNodeEntry	false	0	Rotational	spec		93269	115575	1					api
Evoker	Preservation	1468	Spiritual Clarity	376150	talent-passive	TraitNodeEntry	false	0	Rotational	spec		93242	115544	1					api
Evoker	Preservation	1468	Stretch Time	410352	talent-passive	TraitNodeEntry	false	0	Rotational	class		93308	115617	1					api
Evoker	Preservation	1468	Strike from Above	1267206	talent-passive	TraitNodeEntry	false	0	Rotational	class		110065	136560	1					api
Evoker	Preservation	1468	Tailwind	375556	talent-passive	TraitNodeEntry	false	0	Rotational	class		93290	115598	1					api
Evoker	Preservation	1468	Tempo Charged	1237978	talent-passive	TraitNodeEntry	false	0	Rotational	spec		93262	115567	1					api
Evoker	Preservation	1468	Temporal Artificer	381922	talent-passive	TraitNodeEntry	false	0	Rotational	spec		93264	115570	1					api
Evoker	Preservation	1468	Temporal Burst	431695	talent-passive	TraitNodeEntry	false	0	Rotational	hero	Chronowarden	94955	117552	1	Buff		cdm-only:CooldownSetSpell		api
Evoker	Preservation	1468	Temporal Compression	362874	talent-passive	TraitNodeEntry	false	0	Rotational	spec		93241	115543	1	Buff		cdm-only:CooldownSetSpell		api
Evoker	Preservation	1468	Temporality	431873	talent-passive	TraitNodeEntry	false	0	Rotational	hero	Chronowarden	94935	117532	1	Buff		cdm-only:CooldownSetSpell		api
Evoker	Preservation	1468	Terror of the Skies	371032	talent-passive	TraitNodeEntry	false	0	Rotational	class		93342	115656	1					api
Evoker	Preservation	1468	Time Convergence	431984	talent-passive	TraitNodeEntry	false	0	Rotational	hero	Chronowarden	94932	117786	1	Buff		cdm-only:CooldownSetSpell		api
Evoker	Preservation	1468	Time Lord	372527	talent-passive	TraitNodeEntry	false	0	Rotational	spec		93254	115558	2					api
Evoker	Preservation	1468	Timeless Magic	376240	talent-passive	TraitNodeEntry	false	0	Rotational	spec		93263	115568	2					api
Evoker	Preservation	1468	Titan's Gift	443264	talent-passive	TraitNodeEntry	false	0	Rotational	spec		99803	123293	1					api
Evoker	Preservation	1468	Titanic Precision	445625	talent-passive	TraitNodeEntry	false	0	Rotational	hero	Flameshaper	94920	117517	1					api
Evoker	Preservation	1468	Trailblazer	444849	talent-passive	TraitNodeEntry	false	0	Rotational	hero	Flameshaper	94937	117534	1					api
Evoker	Preservation	1468	Twin Echoes	1242031	talent-passive	TraitNodeEntry	false	0	Rotational	spec		93265	115571	1	Buff		cdm-only:CooldownSetSpell		api
Evoker	Preservation	1468	Twin Flame	1265979	talent-passive	TraitNodeEntry	false	0	Rotational	hero	Flameshaper	109798	136056	1					api
Evoker	Preservation	1468	Twin Guardian	370888	talent-passive	TraitNodeEntry	false	0	Rotational	class		93287	115595	1					api
Evoker	Preservation	1468	Unravel	1264378	talent-passive	TraitNodeEntry	false	0	Rotational	class		93307	115616	1					api
Evoker	Preservation	1468	Unshakable	1239581	talent-passive	TraitNodeEntry	false	0	Rotational	spec		93245	115549	1					api
Evoker	Preservation	1468	Walloping Blow	387341	talent-passive	TraitNodeEntry	false	0	Rotational	class		93286	115594	1					api
Evoker	Preservation	1468	Warp	429483	talent-passive	TraitNodeEntry	false	0	Rotational	hero	Chronowarden	94948	117545	1					api
Evoker	Preservation	1468	Wings of Liberty	1241704	talent-passive	TraitNodeEntry	false	0	Rotational	spec		93243	133503	1					api
Evoker	Preservation	1468	Wing Buffet	357214	cdm-only	CooldownSetSpell	true	180	Cooldown						Utility				api
Hunter	Beast Mastery	253	Bestial Wrath	19574	talent-active	TraitNodeEntry	true	90	Cooldown	spec		102340	126402	1	Buff/Essential	Rotational 4	class-baseline:SkillLineAbility:795;cdm-only:CooldownSetSpell		api
Hunter	Beast Mastery	253	Camouflage	199483	talent-active	TraitNodeEntry	true	60	Cooldown	class		110156	136676	1	Buff/Utility	Self-Heal 4 (Emergency/Overflow)	cdm-only:CooldownSetSpell		api
Hunter	Beast Mastery	253	Intimidation	19577	talent-active	TraitNodeEntry	true	60	Cooldown	class		102397	126461	1	Buff/Utility	CC	pet:SkillLineAbility:270;cdm-only:CooldownSetSpell		api
Hunter	Beast Mastery	253	Binding Shot	109248	talent-active	TraitNodeEntry	true	45	Cooldown	class		109488	135711	1	Buff/Utility	CC 2	class-baseline:SkillLineAbility:795;cdm-only:CooldownSetSpell		api
Hunter	Beast Mastery	253	Misdirection	34477	talent-active	TraitNodeEntry	true	30	Rotational	class		102419	126484	1	Utility	Class 4 (Special)	cdm-only:CooldownSetSpell		api
Hunter	Beast Mastery	253	Counter Shot	147362	talent-active	TraitNodeEntry	true	24	Rotational	class		102292	126352	1	Utility	Interrupt	cdm-only:CooldownSetSpell		api
Hunter	Beast Mastery	253	Tranquilizing Shot	19801	talent-active	TraitNodeEntry	true	10	Rotational	class		109489	135712	1	Utility	Class 5 (Purge)	cdm-only:CooldownSetSpell		api
Hunter	Beast Mastery	253	Wild Thrash	1264359	talent-active	TraitNodeEntry	true	8	Rotational	spec		102363	126425	1	Essential		cdm-only:CooldownSetSpell		api
Hunter	Beast Mastery	253	Concussive Shot	5116	talent-active	TraitNodeEntry	true	5	Rotational	class		102407	126471	1		Slow			api
Hunter	Beast Mastery	253	Kill Command	34026	talent-active	TraitNodeEntry	true	0.5	Rotational	spec		102346	126408	1	Essential	Rotational 1	cdm-only:CooldownSetSpell		api
Hunter	Beast Mastery	253	Barbed Shot	217200	talent-active	TraitNodeEntry	true	0	Rotational	spec		102377	126440	1	Essential/Other	Rotational 2	cdm-only:CooldownSetSpell		api
Hunter	Beast Mastery	253	Black Arrow	466930	talent-active	TraitNodeEntry	true	0	Rotational	hero	Dark Ranger	109961	136446	1	Buff/Essential		talent-passive:TraitNodeEntry;cdm-only:CooldownSetSpell		api
Hunter	Beast Mastery	253	Cobra Shot	193455	talent-active	TraitNodeEntry	true	0	Rotational	spec		102354	126416	1	Essential	Rotational 3	cdm-only:CooldownSetSpell		api
Hunter	Beast Mastery	253	Survival of the Fittest	264735	talent-active	TraitNodeEntry	true	0	Rotational	class		102422	126488	1	Buff/Utility	Personal Defensive 1	cdm-only:CooldownSetSpell		api
Hunter	Beast Mastery	253	Roar of Sacrifice	53480	talent-choice	TraitNodeEntry	true	120	Cooldown	class		110164	136686	1	Buff/Utility	Class 7 (Raid Defensive)	cdm-only:CooldownSetSpell		api
Hunter	Beast Mastery	253	Tar Trap	187698	talent-choice	TraitNodeEntry	true	30	Rotational	class		102393	126457	1	Buff/Utility	Class 1 (Movement)	cdm-only:CooldownSetSpell		api
Hunter	Beast Mastery	253	Scare Beast	1513	talent-choice	TraitNodeEntry	true	0	Rotational	class		102393	135707	1	Buff/Utility		cdm-only:CooldownSetSpell		api
Hunter	Beast Mastery	253	Aspect of the Chameleon	61648	class-baseline	SkillLineAbility:795	true	180	Cooldown										api
Hunter	Beast Mastery	253	Aspect of the Cheetah	186257	class-baseline	SkillLineAbility:795	true	180	Cooldown						Buff/Utility	Movement Ability	cdm-only:CooldownSetSpell		api
Hunter	Beast Mastery	253	Aspect of the Turtle	186265	class-baseline	SkillLineAbility:795	true	180	Cooldown						Buff/Utility	Immune/Spell Immune/Movement	cdm-only:CooldownSetSpell		api
Hunter	Beast Mastery	253	Exhilaration	109304	class-baseline	SkillLineAbility:795	true	120	Cooldown						Utility	Self-Heal 1	cdm-only:CooldownSetSpell		api
Hunter	Beast Mastery	253	Titan's Thunder	207068	class-baseline	SkillLineAbility:795	true	60	Cooldown										api
Hunter	Beast Mastery	253	Death Chakram	325028	class-baseline	SkillLineAbility:795	true	45	Cooldown										api
Hunter	Beast Mastery	253	Fury of the Eagle	203415	class-baseline	SkillLineAbility:795	true	45	Cooldown										api
Hunter	Beast Mastery	253	Feign Death	5384	class-baseline	SkillLineAbility:795	true	30	Rotational						Buff/Utility	Personal Defensive 2	cdm-only:CooldownSetSpell		api
Hunter	Beast Mastery	253	Freezing Trap	187650	class-baseline	SkillLineAbility:795	true	30	Rotational						Buff/Utility	Class 2 (CC)	cdm-only:CooldownSetSpell		api
Hunter	Beast Mastery	253	Play Dead	209997	class-baseline	SkillLineAbility:795	true	30	Rotational										api
Hunter	Beast Mastery	253	Wake Up	210000	class-baseline	SkillLineAbility:795	true	30	Rotational										api
Hunter	Beast Mastery	253	Flare	1543	class-baseline	SkillLineAbility:795	true	20	Rotational										api
Hunter	Beast Mastery	253	Windburst	204147	class-baseline	SkillLineAbility:795	true	20	Rotational										api
Hunter	Beast Mastery	253	Feed Pet	6991	class-baseline	SkillLineAbility:795	true	10	Rotational										api
Hunter	Beast Mastery	253	Mend Pet	136	class-baseline	SkillLineAbility:795	true	10	Rotational						Utility	Self-Heal 2	cdm-only:CooldownSetSpell		api
Hunter	Beast Mastery	253	Disengage	781	class-baseline	SkillLineAbility:795	true	1	Rotational						Utility	Taunt/Quick Access	cdm-only:CooldownSetSpell		api
Hunter	Beast Mastery	253	Ancient Zandalari Knowledge	138430	class-baseline	SkillLineAbility:795	true	0	Rotational										api
Hunter	Beast Mastery	253	Arcane Shot	185358	class-baseline	SkillLineAbility:795	true	0	Rotational										api
Hunter	Beast Mastery	253	Beast Lore	1462	class-baseline	SkillLineAbility:795	true	0	Rotational										api
Hunter	Beast Mastery	253	Call Pet 1	883	class-baseline	SkillLineAbility:795	true	0	Rotational							Buff			api
Hunter	Beast Mastery	253	Call Pet 2	83242	class-baseline	SkillLineAbility:795	true	0	Rotational										api
Hunter	Beast Mastery	253	Call Pet 3	83243	class-baseline	SkillLineAbility:795	true	0	Rotational										api
Hunter	Beast Mastery	253	Call Pet 4	83244	class-baseline	SkillLineAbility:795	true	0	Rotational										api
Hunter	Beast Mastery	253	Call Pet 5	83245	class-baseline	SkillLineAbility:795	true	0	Rotational										api
Hunter	Beast Mastery	253	Chakrams	259398	class-baseline	SkillLineAbility:795	true	0	Rotational										db2-template+redirect-unresolved
Hunter	Beast Mastery	253	Command Pet	272651	class-baseline	SkillLineAbility:795	true	0	Rotational						Utility		cdm-only:CooldownSetSpell		api
Hunter	Beast Mastery	253	Control Pet	93322	class-baseline	SkillLineAbility:795	true	0	Rotational										api
Hunter	Beast Mastery	253	Dismiss Pet	2641	class-baseline	SkillLineAbility:795	true	0	Rotational										api
Hunter	Beast Mastery	253	Eyes of the Beast	321297	class-baseline	SpecializationSpells	true	0	Rotational										api
Hunter	Beast Mastery	253	Fetch	125050	class-baseline	SkillLineAbility:795	true	0	Rotational										api
Hunter	Beast Mastery	253	Fireworks	127933	class-baseline	SkillLineAbility:795	true	0	Rotational										api
Hunter	Beast Mastery	253	Hunter's Mark	257284	class-baseline	SkillLineAbility:795	true	0	Rotational						Buff	Class 3 (Tag)	cdm-only:CooldownSetSpell		api
Hunter	Beast Mastery	253	Hybrid Kinship	242155	class-baseline	SkillLineAbility:795	true	0	Rotational										api
Hunter	Beast Mastery	253	Mecha-Bond Imprint Matrix	205154	class-baseline	SkillLineAbility:795	true	0	Rotational										api
Hunter	Beast Mastery	253	Revive Pet	982	class-baseline	SkillLineAbility:795	true	0	Rotational							Self-Heal 3 (Overflow)			api
Hunter	Beast Mastery	253	Single-Button Assistant	1229376	class-baseline	SpecializationSpells	true	0	Rotational										api
Hunter	Beast Mastery	253	Steady Shot	56641	class-baseline	SkillLineAbility:795	true	0	Rotational										api
Hunter	Beast Mastery	253	Steel Trap	162487	class-baseline	SkillLineAbility:795	true	0	Rotational										api
Hunter	Beast Mastery	253	Stopping Power	175686	class-baseline	SkillLineAbility:795	true	0	Rotational										api
Hunter	Beast Mastery	253	Tame Beast	1515	class-baseline	SkillLineAbility:795	true	0	Rotational										api
Hunter	Beast Mastery	253	Track Beasts	1494	class-baseline	SkillLineAbility:795	true	0	Rotational										api
Hunter	Beast Mastery	253	Track Demons	19878	class-baseline	SkillLineAbility:795	true	0	Rotational										api
Hunter	Beast Mastery	253	Track Dragonkin	19879	class-baseline	SkillLineAbility:795	true	0	Rotational										api
Hunter	Beast Mastery	253	Track Elementals	19880	class-baseline	SkillLineAbility:795	true	0	Rotational										api
Hunter	Beast Mastery	253	Track Giants	19882	class-baseline	SkillLineAbility:795	true	0	Rotational										api
Hunter	Beast Mastery	253	Track Hidden	19885	class-baseline	SkillLineAbility:795	true	0	Rotational										api
Hunter	Beast Mastery	253	Track Humanoids	19883	class-baseline	SkillLineAbility:795	true	0	Rotational										api
Hunter	Beast Mastery	253	Track Mechanicals	229533	class-baseline	SkillLineAbility:795	true	0	Rotational										api
Hunter	Beast Mastery	253	Track Undead	19884	class-baseline	SkillLineAbility:795	true	0	Rotational										api
Hunter	Beast Mastery	253	Wailing Arrow	354831	class-baseline	SkillLineAbility:795	true	0	Rotational										api
Hunter	Beast Mastery	253	Wing Clip	195645	class-baseline	SkillLineAbility:795	true	0	Rotational						Buff/Utility		cdm-only:CooldownSetSpell		api
Hunter	Beast Mastery	253	Chimaeral Sting	356719	pvp-talent	PvpTalent	true	60	Cooldown						Utility	PvP	cdm-only:CooldownSetSpell		api
Hunter	Beast Mastery	253	Wild Kingdom	356707	pvp-talent	PvpTalent	true	60	Cooldown							PvP 3			api
Hunter	Beast Mastery	253	Dire Beast: Hawk	208652	pvp-talent	PvpTalent	true	30	Rotational										api
Hunter	Beast Mastery	253	Diamond Ice	203340	pvp-talent	PvpTalent	false	0	Rotational										api
Hunter	Beast Mastery	253	Hunting Pack	203235	pvp-talent	PvpTalent	false	0	Rotational										api
Hunter	Beast Mastery	253	Interlope	248518	pvp-talent	PvpTalent	false	0	Rotational										api
Hunter	Beast Mastery	253	Kindred Beasts	356962	pvp-talent	PvpTalent	false	0	Rotational										api
Hunter	Beast Mastery	253	Survival Tactics	202746	pvp-talent	PvpTalent	false	0	Rotational										api
Hunter	Beast Mastery	253	The Beast Within	356976	pvp-talent	PvpTalent	false	0	Rotational								talent-passive:TraitNodeEntry		api
Hunter	Beast Mastery	253	Dash	61684	pet	SkillLineAbility:270	true	20	Rotational										db2-template
Hunter	Beast Mastery	253	Growl	2649	pet	SkillLineAbility:270	true	8	Rotational										db2-plain
Hunter	Beast Mastery	253	Alpha Predator	269737	talent-passive	TraitNodeEntry	false	0	Rotational	spec		102368	126431	1					api
Hunter	Beast Mastery	253	Animal Companion	267116	talent-passive	TraitNodeEntry	false	0	Rotational	spec		110158	136679	1					api
Hunter	Beast Mastery	253	Aspect of the Beast	191384	talent-passive	TraitNodeEntry	false	0	Rotational	spec		102351	126413	1					api
Hunter	Beast Mastery	253	Banshee's Mark	467902	talent-passive	TraitNodeEntry	false	0	Rotational	hero	Dark Ranger	94957	117554	1					api
Hunter	Beast Mastery	253	Barbed Scales	469880	talent-passive	TraitNodeEntry	false	0	Rotational	spec		102353	126415	1					api
Hunter	Beast Mastery	253	Beast Cleave	115939	talent-passive	TraitNodeEntry	false	0	Rotational	spec		102341	126403	1	Other		cdm-only:CooldownSetSpell		api
Hunter	Beast Mastery	253	Better Together	472357	talent-passive	TraitNodeEntry	false	0	Rotational	hero	Pack Leader	94962	117559	1					api
Hunter	Beast Mastery	253	Bleak Arrows	467749	talent-passive	TraitNodeEntry	false	0	Rotational	hero	Dark Ranger	94961	117558	1					api
Hunter	Beast Mastery	253	Bleak Powder	467911	talent-passive	TraitNodeEntry	false	0	Rotational	hero	Dark Ranger	94974	117571	1					api
Hunter	Beast Mastery	253	Blighted Quiver	1264291	talent-passive	TraitNodeEntry	false	0	Rotational	hero	Dark Ranger	94983	128238	1					api
Hunter	Beast Mastery	253	Bloodshed	1272099	talent-passive	TraitNodeEntry	false	0	Rotational	spec		102362	126424	1	Buff		cdm-only:CooldownSetSpell		api
Hunter	Beast Mastery	253	Bloody Frenzy	407412	talent-passive	TraitNodeEntry	false	0	Rotational	spec		102339	126400	1					api
Hunter	Beast Mastery	253	Born To Be Wild	266921	talent-passive	TraitNodeEntry	false	0	Rotational	class		102416	126481	2					api
Hunter	Beast Mastery	253	Brutal Companion	386870	talent-passive	TraitNodeEntry	false	0	Rotational	spec		102350	126412	1					api
Hunter	Beast Mastery	253	Catlike Reflexes	1258404	talent-passive	TraitNodeEntry	false	0	Rotational	class		109486	135709	1					api
Hunter	Beast Mastery	253	Cobra Senses	378244	talent-passive	TraitNodeEntry	false	0	Rotational	spec		102344	128265	1					api
Hunter	Beast Mastery	253	Cold Feet	1268671	talent-passive	TraitNodeEntry	false	0	Rotational	class		110153	136672	1	Buff		cdm-only:CooldownSetSpell		api
Hunter	Beast Mastery	253	Combat Experience	1268871	talent-passive	TraitNodeEntry	false	0	Rotational	class		110157	136677	1					api
Hunter	Beast Mastery	253	Corpsecaller	1264289	talent-passive	TraitNodeEntry	false	0	Rotational	hero	Dark Ranger	109801	136059	1					api
Hunter	Beast Mastery	253	Dark Chains	430712	talent-passive	TraitNodeEntry	false	0	Rotational	hero	Dark Ranger	94960	117557	1	Buff		cdm-only:CooldownSetSpell		api
Hunter	Beast Mastery	253	Devilsaur Tranquilizer	459991	talent-passive	TraitNodeEntry	false	0	Rotational	class		102415	126479	1					api
Hunter	Beast Mastery	253	Dire Beast	120679	talent-passive	TraitNodeEntry	false	0	Rotational	spec		102376	126439	1					api
Hunter	Beast Mastery	253	Dire Cleave	1217524	talent-passive	TraitNodeEntry	false	0	Rotational	spec		102337	126398	1					api
Hunter	Beast Mastery	253	Dire Command	378743	talent-passive	TraitNodeEntry	false	0	Rotational	spec		102365	126427	1					api
Hunter	Beast Mastery	253	Dire Frenzy	385810	talent-passive	TraitNodeEntry	false	0	Rotational	spec		102367	126430	2					api
Hunter	Beast Mastery	253	Dire Summons	472352	talent-passive	TraitNodeEntry	false	0	Rotational	hero	Pack Leader	94992	117589	1					api
Hunter	Beast Mastery	253	Disruptive Rounds	343244	talent-passive	TraitNodeEntry	false	0	Rotational	class		102395	126459	1					api
Hunter	Beast Mastery	253	Ebon Bowstring	467897	talent-passive	TraitNodeEntry	false	0	Rotational	hero	Dark Ranger	94986	117583	1					api
Hunter	Beast Mastery	253	Emergency Salve	459517	talent-passive	TraitNodeEntry	false	0	Rotational	class		102389	126452	1					api
Hunter	Beast Mastery	253	Frenzy	1264934	talent-passive	TraitNodeEntry	false	0	Rotational	spec		102336	126397	2					api
Hunter	Beast Mastery	253	Fury of the Wyvern	472550	talent-passive	TraitNodeEntry	false	0	Rotational	hero	Pack Leader	94984	117581	1					api
Hunter	Beast Mastery	253	Go for the Throat	459550	talent-passive	TraitNodeEntry	false	0	Rotational	spec		102357	126419	1					api
Hunter	Beast Mastery	253	Guardian's Hide	1272094	talent-passive	TraitNodeEntry	false	0	Rotational	class		110164	136685	1					api
Hunter	Beast Mastery	253	Guttural Roar	1258509	talent-passive	TraitNodeEntry	false	0	Rotational	class		102394	135704	1					api
Hunter	Beast Mastery	253	Heart of the Pack	1265052	talent-passive	TraitNodeEntry	false	0	Rotational	spec		102360	126422	1					api
Hunter	Beast Mastery	253	Hogstrider	472639	talent-passive	TraitNodeEntry	false	0	Rotational	hero	Pack Leader	94988	117585	1	Buff		cdm-only:CooldownSetSpell		api
Hunter	Beast Mastery	253	Hoof and Blade	1264797	talent-passive	TraitNodeEntry	false	0	Rotational	hero	Pack Leader	109804	136062	1					api
Hunter	Beast Mastery	253	Horsehair Tether	472729	talent-passive	TraitNodeEntry	false	0	Rotational	class		110152	136670	1					api
Hunter	Beast Mastery	253	Howl of the Pack Leader	471876	talent-passive	TraitNodeEntry	false	0	Rotational	hero	Pack Leader	94991	117588	1	Buff		cdm-only:CooldownSetSpell		api
Hunter	Beast Mastery	253	Hunter's Avoidance	384799	talent-passive	TraitNodeEntry	false	0	Rotational	class		102423	126489	1					api
Hunter	Beast Mastery	253	Huntmaster's Call	459730	talent-passive	TraitNodeEntry	false	0	Rotational	spec		107286	132189	1	Buff		cdm-only:CooldownSetSpell		api
Hunter	Beast Mastery	253	Improved Aspect of the Cheetah	1258407	talent-passive	TraitNodeEntry	false	0	Rotational	class		109485	135708	1					api
Hunter	Beast Mastery	253	Improved Aspect of the Turtle	1258485	talent-passive	TraitNodeEntry	false	0	Rotational	class		102424	126490	1					api
Hunter	Beast Mastery	253	Improved Feign Death	1258486	talent-passive	TraitNodeEntry	false	0	Rotational	class		109484	135706	2					api
Hunter	Beast Mastery	253	Improved Snaring	1268868	talent-passive	TraitNodeEntry	false	0	Rotational	class		102414	126478	1					api
Hunter	Beast Mastery	253	Improved Traps	343247	talent-passive	TraitNodeEntry	false	0	Rotational	class		102418	126483	1					api
Hunter	Beast Mastery	253	Jagged Wounds	1265044	talent-passive	TraitNodeEntry	false	0	Rotational	spec		102358	126420	1					api
Hunter	Beast Mastery	253	Keen Eyesight	378004	talent-passive	TraitNodeEntry	false	0	Rotational	class		102409	126473	2					api
Hunter	Beast Mastery	253	Kill Cleave	378207	talent-passive	TraitNodeEntry	false	0	Rotational	spec		102355	126417	1					api
Hunter	Beast Mastery	253	Killer Cobra	199532	talent-passive	TraitNodeEntry	false	0	Rotational	spec		102375	126438	1					api
Hunter	Beast Mastery	253	Killer Instinct	273887	talent-passive	TraitNodeEntry	false	0	Rotational	spec		102364	126426	2					api
Hunter	Beast Mastery	253	Kindling Flare	459506	talent-passive	TraitNodeEntry	false	0	Rotational	class		102425	126491	1					api
Hunter	Beast Mastery	253	Kodo Tranquilizer	459983	talent-passive	TraitNodeEntry	false	0	Rotational	class		102415	126480	1					api
Hunter	Beast Mastery	253	Laceration	459552	talent-passive	TraitNodeEntry	false	0	Rotational	spec		102369	126432	1					api
Hunter	Beast Mastery	253	Lethal Barbs	1264781	talent-passive	TraitNodeEntry	false	0	Rotational	hero	Pack Leader	109803	136061	1					api
Hunter	Beast Mastery	253	Lone Survivor	388039	talent-passive	TraitNodeEntry	false	0	Rotational	class		102391	126454	1					api
Hunter	Beast Mastery	253	Master Handler	424558	talent-passive	TraitNodeEntry	false	0	Rotational	spec		102359	126421	1					api
Hunter	Beast Mastery	253	Masterful Call	1268705	talent-passive	TraitNodeEntry	false	0	Rotational	hero	Pack Leader	94979	123781	1					api
Hunter	Beast Mastery	253	Moment of Opportunity	459488	talent-passive	TraitNodeEntry	false	0	Rotational	class		110155	136674	1	Buff		cdm-only:CooldownSetSpell		api
Hunter	Beast Mastery	253	Natural Mending	270581	talent-passive	TraitNodeEntry	false	0	Rotational	class		102401	126465	2					api
Hunter	Beast Mastery	253	Nature's Ally	1273043	talent-passive	TraitNodeEntry	false	0	Rotational	spec		110428	137052	1	Buff		talent-passive:TraitNodeEntry;cdm-only:CooldownSetSpell		api
Hunter	Beast Mastery	253	No Hard Feelings	459546	talent-passive	TraitNodeEntry	false	0	Rotational	class		102412	126476	1					api
Hunter	Beast Mastery	253	No Mercy	472660	talent-passive	TraitNodeEntry	false	0	Rotational	hero	Pack Leader	94969	117566	1					api
Hunter	Beast Mastery	253	Pack Mentality	472358	talent-passive	TraitNodeEntry	false	0	Rotational	hero	Pack Leader	94985	117582	1					api
Hunter	Beast Mastery	253	Pack Tactics	321014	talent-passive	TraitNodeEntry	false	0	Rotational	spec		102374	126437	1					api
Hunter	Beast Mastery	253	Pact of the Hollow	1264690	talent-passive	TraitNodeEntry	false	0	Rotational	hero	Dark Ranger	109799	136057	1					api
Hunter	Beast Mastery	253	Padded Armor	459450	talent-passive	TraitNodeEntry	false	0	Rotational	class		102406	126470	1					api
Hunter	Beast Mastery	253	Pathfinding	378002	talent-passive	TraitNodeEntry	false	0	Rotational	class		102404	126468	1					api
Hunter	Beast Mastery	253	Piercing Fangs	392053	talent-passive	TraitNodeEntry	false	0	Rotational	spec		102371	126434	1					api
Hunter	Beast Mastery	253	Posthaste	109215	talent-passive	TraitNodeEntry	false	0	Rotational	class		102411	126475	1	Buff		cdm-only:CooldownSetSpell		api
Hunter	Beast Mastery	253	Precision Strikes	1267003	talent-passive	TraitNodeEntry	false	0	Rotational	class		102380	126443	1					api
Hunter	Beast Mastery	253	Rejuvenating Wind	385539	talent-passive	TraitNodeEntry	false	0	Rotational	class		102381	126444	1					api
Hunter	Beast Mastery	253	Savagery	424557	talent-passive	TraitNodeEntry	false	0	Rotational	spec		102356	126418	1					api
Hunter	Beast Mastery	253	Scent of Blood	193532	talent-passive	TraitNodeEntry	false	0	Rotational	spec		102342	126404	1					api
Hunter	Beast Mastery	253	Scout's Instincts	459455	talent-passive	TraitNodeEntry	false	0	Rotational	class		109483	135705	1					api
Hunter	Beast Mastery	253	Serpentine Strikes	468701	talent-passive	TraitNodeEntry	false	0	Rotational	spec		102372	126435	1					api
Hunter	Beast Mastery	253	Serrated Tips	459502	talent-passive	TraitNodeEntry	false	0	Rotational	class		102384	126447	2					api
Hunter	Beast Mastery	253	Shadow Dagger	467741	talent-passive	TraitNodeEntry	false	0	Rotational	hero	Dark Ranger	94960	128219	1	Buff		cdm-only:CooldownSetSpell		api
Hunter	Beast Mastery	253	Sharpened Claws	472524	talent-passive	TraitNodeEntry	false	0	Rotational	hero	Pack Leader	94972	128358	1					api
Hunter	Beast Mastery	253	Sharpened Fangs	1264775	talent-passive	TraitNodeEntry	false	0	Rotational	hero	Pack Leader	109802	136060	1					api
Hunter	Beast Mastery	253	Shell Cover	472707	talent-passive	TraitNodeEntry	false	0	Rotational	hero	Pack Leader	94967	117564	1					api
Hunter	Beast Mastery	253	Shell Wall	1267218	talent-passive	TraitNodeEntry	false	0	Rotational	class		110154	136673	1					api
Hunter	Beast Mastery	253	Slicked Shoes	472719	talent-passive	TraitNodeEntry	false	0	Rotational	hero	Pack Leader	94979	117576	1					api
Hunter	Beast Mastery	253	Smoke Screen	430709	talent-passive	TraitNodeEntry	false	0	Rotational	hero	Dark Ranger	94959	123779	1					api
Hunter	Beast Mastery	253	Snakeskin Quiver	468695	talent-passive	TraitNodeEntry	false	0	Rotational	spec		102344	126406	1					api
Hunter	Beast Mastery	253	Solitary Companion	474746	talent-passive	TraitNodeEntry	false	0	Rotational	spec		110158	136678	1					api
Hunter	Beast Mastery	253	Soul Drinker	469638	talent-passive	TraitNodeEntry	false	0	Rotational	hero	Dark Ranger	94968	117565	1	Buff		cdm-only:CooldownSetSpell		api
Hunter	Beast Mastery	253	Specialized Arsenal	459542	talent-passive	TraitNodeEntry	false	0	Rotational	class		102390	126453	1					api
Hunter	Beast Mastery	253	Stampede!	472741	talent-passive	TraitNodeEntry	false	0	Rotational	hero	Pack Leader	94966	117563	1	Buff		cdm-only:CooldownSetSpell		api
Hunter	Beast Mastery	253	Stomp	199530	talent-passive	TraitNodeEntry	false	0	Rotational	spec		102347	126409	1					api
Hunter	Beast Mastery	253	Tar-Coated Bindings	459460	talent-passive	TraitNodeEntry	false	0	Rotational	class		110152	136671	1					api
Hunter	Beast Mastery	253	Territorial Instincts	459507	talent-passive	TraitNodeEntry	false	0	Rotational	class		102394	126458	1					api
Hunter	Beast Mastery	253	The Bell Tolls	467644	talent-passive	TraitNodeEntry	false	0	Rotational	hero	Dark Ranger	94957	136231	1					api
Hunter	Beast Mastery	253	Thrill of the Hunt	1265051	talent-passive	TraitNodeEntry	false	0	Rotational	spec		102345	126407	2					api
Hunter	Beast Mastery	253	Through the Eyes	1277565	talent-passive	TraitNodeEntry	false	0	Rotational	hero	Dark Ranger	94986	136742	1					api
Hunter	Beast Mastery	253	Thundering Hooves	459693	talent-passive	TraitNodeEntry	false	0	Rotational	spec		102370	126433	1					api
Hunter	Beast Mastery	253	Touch of Grass	1258402	talent-passive	TraitNodeEntry	false	0	Rotational	class		109487	135710	2					api
Hunter	Beast Mastery	253	Trailblazer	199921	talent-passive	TraitNodeEntry	false	0	Rotational	class		110155	136675	1	Buff		cdm-only:CooldownSetSpell		api
Hunter	Beast Mastery	253	Training Expert	378209	talent-passive	TraitNodeEntry	false	0	Rotational	spec		102338	126399	2					api
Hunter	Beast Mastery	253	Trigger Finger	459534	talent-passive	TraitNodeEntry	false	0	Rotational	class		102396	126460	2					api
Hunter	Beast Mastery	253	Umbral Reach	1235397	talent-passive	TraitNodeEntry	false	0	Rotational	hero	Dark Ranger	94982	132888	1					api
Hunter	Beast Mastery	253	Unnatural Causes	459527	talent-passive	TraitNodeEntry	false	0	Rotational	class		102387	126450	1					api
Hunter	Beast Mastery	253	Ursine Fury	472476	talent-passive	TraitNodeEntry	false	0	Rotational	hero	Pack Leader	94972	117569	1					api
Hunter	Beast Mastery	253	Wailing Dead	1264290	talent-passive	TraitNodeEntry	false	0	Rotational	hero	Dark Ranger	109800	136058	1	Buff		cdm-only:CooldownSetSpell		api
Hunter	Beast Mastery	253	War Orders	393933	talent-passive	TraitNodeEntry	false	0	Rotational	spec		102343	126405	1					api
Hunter	Beast Mastery	253	Wild Instincts	378442	talent-passive	TraitNodeEntry	false	0	Rotational	spec		102339	126401	1					api
Hunter	Beast Mastery	253	Wilderness Medicine	343242	talent-passive	TraitNodeEntry	false	0	Rotational	class		102383	126446	1					api
Hunter	Beast Mastery	253	Wildspeaker	1232739	talent-passive	TraitNodeEntry	false	0	Rotational	spec		107285	132188	1					api
Hunter	Beast Mastery	253	Withering Fire	466990	talent-passive	TraitNodeEntry	false	0	Rotational	hero	Dark Ranger	94993	117590	1	Other		cdm-only:CooldownSetSpell		api
Hunter	Beast Mastery	253	Wyvern's Gaze	1264792	talent-passive	TraitNodeEntry	false	0	Rotational	hero	Pack Leader	109804	136236	1					api
Hunter	Marksmanship	254	Trueshot	288613	talent-active	TraitNodeEntry	true	120	Cooldown	spec		103947	128367	1	Buff/Essential	Cooldown 1	cdm-only:CooldownSetSpell		api
Hunter	Marksmanship	254	Camouflage	199483	talent-active	TraitNodeEntry	true	60	Cooldown	class		110156	136676	1	Buff/Utility	Self-Heal 4 (Emergency/Overflow)	cdm-only:CooldownSetSpell		api
Hunter	Marksmanship	254	Intimidation	474421	talent-active	TraitNodeEntry	true	60	Cooldown	class		103990	128413	1	Buff/Utility	CC	pet:SkillLineAbility:270;cdm-only:CooldownSetSpell		api
Hunter	Marksmanship	254	Binding Shot	109248	talent-active	TraitNodeEntry	true	45	Cooldown	class		109488	135711	1	Buff/Utility	CC 2	class-baseline:SkillLineAbility:795;cdm-only:CooldownSetSpell		api
Hunter	Marksmanship	254	Volley	260243	talent-active	TraitNodeEntry	true	45	Cooldown	spec		103956	128376	1	Essential	Rotational 6	cdm-only:CooldownSetSpell		api
Hunter	Marksmanship	254	Explosive Shot	212431	talent-active	TraitNodeEntry	true	30	Rotational	spec		110575	137378	1	Essential		cdm-only:CooldownSetSpell		api
Hunter	Marksmanship	254	Misdirection	34477	talent-active	TraitNodeEntry	true	30	Rotational	class		102419	126484	1	Utility	Class 3 (Tag)	cdm-only:CooldownSetSpell		api
Hunter	Marksmanship	254	Counter Shot	147362	talent-active	TraitNodeEntry	true	24	Rotational	class		102402	126466	1	Utility	Interrupt	cdm-only:CooldownSetSpell		api
Hunter	Marksmanship	254	Rapid Fire	257044	talent-active	TraitNodeEntry	true	16	Rotational	spec		103961	128383	1	Essential	Rotational 3	cdm-only:CooldownSetSpell		api
Hunter	Marksmanship	254	Tranquilizing Shot	19801	talent-active	TraitNodeEntry	true	10	Rotational	class		109489	135712	1	Utility	Class 5 (Purge)	cdm-only:CooldownSetSpell		api
Hunter	Marksmanship	254	Concussive Shot	5116	talent-active	TraitNodeEntry	true	5	Rotational	class		102407	126471	1		Slow			api
Hunter	Marksmanship	254	Aimed Shot	19434	talent-active	TraitNodeEntry	true	0	Rotational	spec		103982	128404	1	Essential	Rotational 1	cdm-only:CooldownSetSpell		api
Hunter	Marksmanship	254	Black Arrow	466930	talent-active	TraitNodeEntry	true	0	Rotational	hero	Dark Ranger	109961	136446	1	Buff		talent-passive:TraitNodeEntry;cdm-only:CooldownSetSpell		api
Hunter	Marksmanship	254	Kill Shot	53351	talent-active	TraitNodeEntry	true	0	Rotational	spec		109490	135713	1	Essential		cdm-only:CooldownSetSpell		api
Hunter	Marksmanship	254	Survival of the Fittest	264735	talent-active	TraitNodeEntry	true	0	Rotational	class		102422	126488	1	Buff/Utility	Personal Defensive 1	cdm-only:CooldownSetSpell		api
Hunter	Marksmanship	254	Roar of Sacrifice	53480	talent-choice	TraitNodeEntry	true	120	Cooldown	class		110164	136686	1	Buff/Utility	Class 7 (Raid Defensive)	cdm-only:CooldownSetSpell		api
Hunter	Marksmanship	254	Tar Trap	187698	talent-choice	TraitNodeEntry	true	30	Rotational	class		102393	126457	1	Buff/Utility	Class 1 (Movement)	cdm-only:CooldownSetSpell		api
Hunter	Marksmanship	254	Scare Beast	1513	talent-choice	TraitNodeEntry	true	0	Rotational	class		102393	135707	1	Buff/Utility		cdm-only:CooldownSetSpell		api
Hunter	Marksmanship	254	Harrier's Cry	466904	class-baseline	SpecializationSpells	true	360	Cooldown						Buff/Utility	Class 8 (Lust/BRes)	cdm-only:CooldownSetSpell		api
Hunter	Marksmanship	254	Aspect of the Chameleon	61648	class-baseline	SkillLineAbility:795	true	180	Cooldown										api
Hunter	Marksmanship	254	Aspect of the Cheetah	186257	class-baseline	SkillLineAbility:795	true	180	Cooldown						Buff/Utility	Movement Ability	cdm-only:CooldownSetSpell		api
Hunter	Marksmanship	254	Aspect of the Turtle	186265	class-baseline	SkillLineAbility:795	true	180	Cooldown						Buff/Utility	Immune/Spell Immune/Movement	cdm-only:CooldownSetSpell		api
Hunter	Marksmanship	254	Exhilaration	109304	class-baseline	SkillLineAbility:795	true	120	Cooldown						Utility	Self-Heal 1	cdm-only:CooldownSetSpell		api
Hunter	Marksmanship	254	Titan's Thunder	207068	class-baseline	SkillLineAbility:795	true	60	Cooldown										api
Hunter	Marksmanship	254	Death Chakram	325028	class-baseline	SkillLineAbility:795	true	45	Cooldown										api
Hunter	Marksmanship	254	Fury of the Eagle	203415	class-baseline	SkillLineAbility:795	true	45	Cooldown										api
Hunter	Marksmanship	254	Feign Death	5384	class-baseline	SkillLineAbility:795	true	30	Rotational						Buff/Utility	Personal Defensive 2	cdm-only:CooldownSetSpell		api
Hunter	Marksmanship	254	Freezing Trap	187650	class-baseline	SkillLineAbility:795	true	30	Rotational						Buff/Utility	Class 2 (CC)	cdm-only:CooldownSetSpell		api
Hunter	Marksmanship	254	Play Dead	209997	class-baseline	SkillLineAbility:795	true	30	Rotational										api
Hunter	Marksmanship	254	Wake Up	210000	class-baseline	SkillLineAbility:795	true	30	Rotational										api
Hunter	Marksmanship	254	Flare	1543	class-baseline	SkillLineAbility:795	true	20	Rotational							Class 6 (Dispel)			api
Hunter	Marksmanship	254	Windburst	204147	class-baseline	SkillLineAbility:795	true	20	Rotational										api
Hunter	Marksmanship	254	Feed Pet	6991	class-baseline	SkillLineAbility:795	true	10	Rotational										api
Hunter	Marksmanship	254	Mend Pet	136	class-baseline	SkillLineAbility:795	true	10	Rotational							Self-Heal 2			api
Hunter	Marksmanship	254	Disengage	781	class-baseline	SkillLineAbility:795	true	1	Rotational						Utility	Taunt/Quick Access	cdm-only:CooldownSetSpell		api
Hunter	Marksmanship	254	Ancient Zandalari Knowledge	138430	class-baseline	SkillLineAbility:795	true	0	Rotational										api
Hunter	Marksmanship	254	Arcane Shot	185358	class-baseline	SkillLineAbility:795	true	0	Rotational							Rotational 2			api
Hunter	Marksmanship	254	Beast Lore	1462	class-baseline	SkillLineAbility:795	true	0	Rotational										api
Hunter	Marksmanship	254	Bestial Wrath	344572	class-baseline	SkillLineAbility:795	true	0	Rotational										api
Hunter	Marksmanship	254	Call Pet 1	883	class-baseline	SkillLineAbility:795	true	0	Rotational							Class 4 (Special)			api
Hunter	Marksmanship	254	Call Pet 2	83242	class-baseline	SkillLineAbility:795	true	0	Rotational										api
Hunter	Marksmanship	254	Call Pet 3	83243	class-baseline	SkillLineAbility:795	true	0	Rotational										api
Hunter	Marksmanship	254	Call Pet 4	83244	class-baseline	SkillLineAbility:795	true	0	Rotational										api
Hunter	Marksmanship	254	Call Pet 5	83245	class-baseline	SkillLineAbility:795	true	0	Rotational										api
Hunter	Marksmanship	254	Chakrams	259398	class-baseline	SkillLineAbility:795	true	0	Rotational										db2-template+redirect-unresolved
Hunter	Marksmanship	254	Command Pet	272651	class-baseline	SkillLineAbility:795	true	0	Rotational						Utility		cdm-only:CooldownSetSpell		api
Hunter	Marksmanship	254	Control Pet	93322	class-baseline	SkillLineAbility:795	true	0	Rotational										api
Hunter	Marksmanship	254	Dismiss Pet	2641	class-baseline	SkillLineAbility:795	true	0	Rotational										api
Hunter	Marksmanship	254	Eagle Eye	6197	class-baseline	SpecializationSpells	true	0	Rotational										api
Hunter	Marksmanship	254	Fetch	125050	class-baseline	SkillLineAbility:795	true	0	Rotational										api
Hunter	Marksmanship	254	Fireworks	127933	class-baseline	SkillLineAbility:795	true	0	Rotational										api
Hunter	Marksmanship	254	Hunter's Mark	257284	class-baseline	SkillLineAbility:795	true	0	Rotational						Buff	Free	cdm-only:CooldownSetSpell		api
Hunter	Marksmanship	254	Hybrid Kinship	242155	class-baseline	SkillLineAbility:795	true	0	Rotational										api
Hunter	Marksmanship	254	Mecha-Bond Imprint Matrix	205154	class-baseline	SkillLineAbility:795	true	0	Rotational										api
Hunter	Marksmanship	254	Multi-Shot	257620	class-baseline	SpecializationSpells	true	0	Rotational							Rotational 5			api
Hunter	Marksmanship	254	Revive Pet	982	class-baseline	SkillLineAbility:795	true	0	Rotational							Self-Heal 3 (Overflow)			api
Hunter	Marksmanship	254	Single-Button Assistant	1229376	class-baseline	SpecializationSpells	true	0	Rotational										api
Hunter	Marksmanship	254	Steady Shot	56641	class-baseline	SkillLineAbility:795	true	0	Rotational							Rotational 4			api
Hunter	Marksmanship	254	Steel Trap	162487	class-baseline	SkillLineAbility:795	true	0	Rotational										api
Hunter	Marksmanship	254	Stopping Power	175686	class-baseline	SkillLineAbility:795	true	0	Rotational										api
Hunter	Marksmanship	254	Tame Beast	1515	class-baseline	SkillLineAbility:795	true	0	Rotational										api
Hunter	Marksmanship	254	Track Beasts	1494	class-baseline	SkillLineAbility:795	true	0	Rotational										api
Hunter	Marksmanship	254	Track Demons	19878	class-baseline	SkillLineAbility:795	true	0	Rotational										api
Hunter	Marksmanship	254	Track Dragonkin	19879	class-baseline	SkillLineAbility:795	true	0	Rotational										api
Hunter	Marksmanship	254	Track Elementals	19880	class-baseline	SkillLineAbility:795	true	0	Rotational										api
Hunter	Marksmanship	254	Track Giants	19882	class-baseline	SkillLineAbility:795	true	0	Rotational										api
Hunter	Marksmanship	254	Track Hidden	19885	class-baseline	SkillLineAbility:795	true	0	Rotational										api
Hunter	Marksmanship	254	Track Humanoids	19883	class-baseline	SkillLineAbility:795	true	0	Rotational										api
Hunter	Marksmanship	254	Track Mechanicals	229533	class-baseline	SkillLineAbility:795	true	0	Rotational										api
Hunter	Marksmanship	254	Track Undead	19884	class-baseline	SkillLineAbility:795	true	0	Rotational										api
Hunter	Marksmanship	254	Wailing Arrow	354831	class-baseline	SkillLineAbility:795	true	0	Rotational										api
Hunter	Marksmanship	254	Wing Clip	195645	class-baseline	SkillLineAbility:795	true	0	Rotational						Buff/Utility		cdm-only:CooldownSetSpell		api
Hunter	Marksmanship	254	Chimaeral Sting	356719	pvp-talent	PvpTalent	true	60	Cooldown						Utility	PvP	cdm-only:CooldownSetSpell		api
Hunter	Marksmanship	254	Aspect of the Fox	1219162	pvp-talent	PvpTalent	false	0	Rotational										api
Hunter	Marksmanship	254	Consecutive Concussion	357018	pvp-talent	PvpTalent	false	0	Rotational										api
Hunter	Marksmanship	254	Diamond Ice	203340	pvp-talent	PvpTalent	false	0	Rotational										api
Hunter	Marksmanship	254	Hunting Pack	203235	pvp-talent	PvpTalent	false	0	Rotational										api
Hunter	Marksmanship	254	Ranger's Finesse	248443	pvp-talent	PvpTalent	false	0	Rotational										api
Hunter	Marksmanship	254	Sniper's Advantage	1217102	pvp-talent	PvpTalent	false	0	Rotational										api
Hunter	Marksmanship	254	Survival Tactics	202746	pvp-talent	PvpTalent	false	0	Rotational										api
Hunter	Marksmanship	254	Dash	61684	pet	SkillLineAbility:270	true	20	Rotational										db2-template
Hunter	Marksmanship	254	Growl	2649	pet	SkillLineAbility:270	true	8	Rotational										db2-plain
Hunter	Marksmanship	254	Arcane Talons	1253846	talent-passive	TraitNodeEntry	false	0	Rotational	hero	Sentinel	94970	117567	1					api
Hunter	Marksmanship	254	Aspect of the Hydra	470945	talent-passive	TraitNodeEntry	false	0	Rotational	spec		103957	128377	1					api
Hunter	Marksmanship	254	Avian Specialization	466867	talent-passive	TraitNodeEntry	false	0	Rotational	spec		104127	128710	1					api
Hunter	Marksmanship	254	Banshee's Mark	467902	talent-passive	TraitNodeEntry	false	0	Rotational	hero	Dark Ranger	94957	117554	1					api
Hunter	Marksmanship	254	Bleak Arrows	467749	talent-passive	TraitNodeEntry	false	0	Rotational	hero	Dark Ranger	94961	117558	1					api
Hunter	Marksmanship	254	Bleak Powder	467911	talent-passive	TraitNodeEntry	false	0	Rotational	hero	Dark Ranger	94974	117571	1					api
Hunter	Marksmanship	254	Blighted Quiver	1264291	talent-passive	TraitNodeEntry	false	0	Rotational	hero	Dark Ranger	94983	128238	1					api
Hunter	Marksmanship	254	Born To Be Wild	266921	talent-passive	TraitNodeEntry	false	0	Rotational	class		102416	126481	2					api
Hunter	Marksmanship	254	Bulletstorm	389019	talent-passive	TraitNodeEntry	false	0	Rotational	spec		103962	128384	1	Other		cdm-only:CooldownSetSpell		api
Hunter	Marksmanship	254	Bullseye	204089	talent-passive	TraitNodeEntry	false	0	Rotational	spec		103985	128407	1	Buff		cdm-only:CooldownSetSpell		api
Hunter	Marksmanship	254	Calling the Shots	260404	talent-passive	TraitNodeEntry	false	0	Rotational	spec		103958	128379	1					api
Hunter	Marksmanship	254	Can't Miss, Won't Miss	1253830	talent-passive	TraitNodeEntry	false	0	Rotational	hero	Sentinel	94990	117587	1					api
Hunter	Marksmanship	254	Catlike Reflexes	1258404	talent-passive	TraitNodeEntry	false	0	Rotational	class		109486	135709	1					api
Hunter	Marksmanship	254	Cold Feet	1268671	talent-passive	TraitNodeEntry	false	0	Rotational	class		110153	136672	1	Buff		cdm-only:CooldownSetSpell		api
Hunter	Marksmanship	254	Combat Experience	1268871	talent-passive	TraitNodeEntry	false	0	Rotational	class		110157	136677	1					api
Hunter	Marksmanship	254	Conditioning	1253887	talent-passive	TraitNodeEntry	false	0	Rotational	hero	Sentinel	94980	117577	1					api
Hunter	Marksmanship	254	Corpsecaller	1264289	talent-passive	TraitNodeEntry	false	0	Rotational	hero	Dark Ranger	109801	136059	1					api
Hunter	Marksmanship	254	Critical Precision	1277572	talent-passive	TraitNodeEntry	false	0	Rotational	spec		103955	128375	1					api
Hunter	Marksmanship	254	Cunning	474440	talent-passive	TraitNodeEntry	false	0	Rotational	spec		103986	128411	1					api
Hunter	Marksmanship	254	Dark Chains	430712	talent-passive	TraitNodeEntry	false	0	Rotational	hero	Dark Ranger	94960	117557	1	Buff		cdm-only:CooldownSetSpell		api
Hunter	Marksmanship	254	Deadeye	321460	talent-passive	TraitNodeEntry	false	0	Rotational	spec		103972	128715	1					api
Hunter	Marksmanship	254	Deathblow	343248	talent-passive	TraitNodeEntry	false	0	Rotational	spec		109491	135714	1	Buff		cdm-only:CooldownSetSpell		api
Hunter	Marksmanship	254	Devilsaur Tranquilizer	459991	talent-passive	TraitNodeEntry	false	0	Rotational	class		102415	126479	1					api
Hunter	Marksmanship	254	Disruptive Rounds	343244	talent-passive	TraitNodeEntry	false	0	Rotational	class		102395	126459	1					api
Hunter	Marksmanship	254	Don't Look Back	450373	talent-passive	TraitNodeEntry	false	0	Rotational	hero	Sentinel	94989	117586	1	Buff		cdm-only:CooldownSetSpell		api
Hunter	Marksmanship	254	Double Tap	473370	talent-passive	TraitNodeEntry	false	0	Rotational	spec		109938	136232	1	Buff		cdm-only:CooldownSetSpell		api
Hunter	Marksmanship	254	Eagle's Accuracy	473369	talent-passive	TraitNodeEntry	false	0	Rotational	spec		103973	128395	2					api
Hunter	Marksmanship	254	Ebon Bowstring	467897	talent-passive	TraitNodeEntry	false	0	Rotational	hero	Dark Ranger	94986	117583	1					api
Hunter	Marksmanship	254	Emergency Salve	459517	talent-passive	TraitNodeEntry	false	0	Rotational	class		102389	126452	1					api
Hunter	Marksmanship	254	Feathered Frenzy	470943	talent-passive	TraitNodeEntry	false	0	Rotational	spec		103984	128406	1					api
Hunter	Marksmanship	254	Focus Fire	1277546	talent-passive	TraitNodeEntry	false	0	Rotational	spec		103979	128401	1	Buff		cdm-only:CooldownSetSpell		api
Hunter	Marksmanship	254	Focused Aim	378767	talent-passive	TraitNodeEntry	false	0	Rotational	spec		103987	128716	1					api
Hunter	Marksmanship	254	Guardian's Hide	1272094	talent-passive	TraitNodeEntry	false	0	Rotational	class		110164	136685	1					api
Hunter	Marksmanship	254	Guttural Roar	1258509	talent-passive	TraitNodeEntry	false	0	Rotational	class		102394	135704	1					api
Hunter	Marksmanship	254	Headshot	471363	talent-passive	TraitNodeEntry	false	0	Rotational	spec		103972	128394	1	Buff		cdm-only:CooldownSetSpell		api
Hunter	Marksmanship	254	Horsehair Tether	472729	talent-passive	TraitNodeEntry	false	0	Rotational	class		110152	136670	1					api
Hunter	Marksmanship	254	Hunter's Avoidance	384799	talent-passive	TraitNodeEntry	false	0	Rotational	class		102423	126489	1					api
Hunter	Marksmanship	254	Improved Aspect of the Cheetah	1258407	talent-passive	TraitNodeEntry	false	0	Rotational	class		109485	135708	1					api
Hunter	Marksmanship	254	Improved Aspect of the Turtle	1258485	talent-passive	TraitNodeEntry	false	0	Rotational	class		102424	126490	1					api
Hunter	Marksmanship	254	Improved Feign Death	1258486	talent-passive	TraitNodeEntry	false	0	Rotational	class		109484	135706	2					api
Hunter	Marksmanship	254	Improved Snaring	1268868	talent-passive	TraitNodeEntry	false	0	Rotational	class		102414	126478	1					api
Hunter	Marksmanship	254	Improved Traps	343247	talent-passive	TraitNodeEntry	false	0	Rotational	class		102418	126483	1					api
Hunter	Marksmanship	254	Incendiary Ammunition	471428	talent-passive	TraitNodeEntry	false	0	Rotational	spec		107290	132195	1					api
Hunter	Marksmanship	254	Invigorating Pulse	450379	talent-passive	TraitNodeEntry	false	0	Rotational	hero	Sentinel	94971	117568	1					api
Hunter	Marksmanship	254	Keen Eyesight	378004	talent-passive	TraitNodeEntry	false	0	Rotational	class		102409	126473	2					api
Hunter	Marksmanship	254	Kindling Flare	459506	talent-passive	TraitNodeEntry	false	0	Rotational	class		102425	126491	1					api
Hunter	Marksmanship	254	Kodo Tranquilizer	459983	talent-passive	TraitNodeEntry	false	0	Rotational	class		102415	126480	1					api
Hunter	Marksmanship	254	Light Ammo	378913	talent-passive	TraitNodeEntry	false	0	Rotational	spec		107288	132192	1					api
Hunter	Marksmanship	254	Lock and Load	194595	talent-passive	TraitNodeEntry	false	0	Rotational	spec		107289	132193	1	Buff		cdm-only:CooldownSetSpell		api
Hunter	Marksmanship	254	Lone Survivor	388039	talent-passive	TraitNodeEntry	false	0	Rotational	class		102391	126454	1					api
Hunter	Marksmanship	254	Lunar Calling	1253852	talent-passive	TraitNodeEntry	false	0	Rotational	hero	Sentinel	94965	117562	1					api
Hunter	Marksmanship	254	Lunar Storm	1253732	talent-passive	TraitNodeEntry	false	0	Rotational	hero	Sentinel	94978	117575	1					api
Hunter	Marksmanship	254	Master Marksman	260309	talent-passive	TraitNodeEntry	false	0	Rotational	spec		103974	128396	1	Buff		cdm-only:CooldownSetSpell		api
Hunter	Marksmanship	254	Moment of Opportunity	459488	talent-passive	TraitNodeEntry	false	0	Rotational	class		110155	136674	1	Buff		cdm-only:CooldownSetSpell		api
Hunter	Marksmanship	254	Moon's Blessing	1253825	talent-passive	TraitNodeEntry	false	0	Rotational	hero	Sentinel	94973	117570	1					api
Hunter	Marksmanship	254	Moonlight Chakram	1264902	talent-passive	TraitNodeEntry	false	0	Rotational	hero	Sentinel	109807	136065	1	Buff		cdm-only:CooldownSetSpell		api
Hunter	Marksmanship	254	Natural Mending	270581	talent-passive	TraitNodeEntry	false	0	Rotational	class		102401	126465	2					api
Hunter	Marksmanship	254	No Hard Feelings	459546	talent-passive	TraitNodeEntry	false	0	Rotational	class		102412	126476	1					api
Hunter	Marksmanship	254	No Scope	473385	talent-passive	TraitNodeEntry	false	0	Rotational	spec		110572	137375	1					api
Hunter	Marksmanship	254	Obsidian Arrowhead	471350	talent-passive	TraitNodeEntry	false	0	Rotational	spec		103959	128380	1					api
Hunter	Marksmanship	254	On Target	471348	talent-passive	TraitNodeEntry	false	0	Rotational	spec		103959	128714	1					api
Hunter	Marksmanship	254	Open Fire	1253807	talent-passive	TraitNodeEntry	false	0	Rotational	hero	Sentinel	94958	135589	1					api
Hunter	Marksmanship	254	Pact of the Hollow	1264690	talent-passive	TraitNodeEntry	false	0	Rotational	hero	Dark Ranger	109799	136057	1					api
Hunter	Marksmanship	254	Padded Armor	459450	talent-passive	TraitNodeEntry	false	0	Rotational	class		102406	126470	1					api
Hunter	Marksmanship	254	Pathfinding	378002	talent-passive	TraitNodeEntry	false	0	Rotational	class		102404	126468	1					api
Hunter	Marksmanship	254	Penetrating Shots	459783	talent-passive	TraitNodeEntry	false	0	Rotational	spec		103964	128386	1					api
Hunter	Marksmanship	254	Posthaste	109215	talent-passive	TraitNodeEntry	false	0	Rotational	class		102411	126475	1	Buff		cdm-only:CooldownSetSpell		api
Hunter	Marksmanship	254	Precise Shots	260240	talent-passive	TraitNodeEntry	false	0	Rotational	spec		103977	128399	1	Buff		cdm-only:CooldownSetSpell		api
Hunter	Marksmanship	254	Precision Detonation	471369	talent-passive	TraitNodeEntry	false	0	Rotational	spec		110574	137377	1					api
Hunter	Marksmanship	254	Precision Strikes	1267003	talent-passive	TraitNodeEntry	false	0	Rotational	class		102380	126443	1					api
Hunter	Marksmanship	254	Quick Draw	459794	talent-passive	TraitNodeEntry	false	0	Rotational	spec		103975	128397	1	Buff		cdm-only:CooldownSetSpell		api
Hunter	Marksmanship	254	Radiant Edge	1264903	talent-passive	TraitNodeEntry	false	0	Rotational	hero	Sentinel	109805	136063	1					api
Hunter	Marksmanship	254	Rejuvenating Wind	385539	talent-passive	TraitNodeEntry	false	0	Rotational	class		102381	126444	1					api
Hunter	Marksmanship	254	Salvo	400456	talent-passive	TraitNodeEntry	false	0	Rotational	spec		103960	128381	1					api
Hunter	Marksmanship	254	Sanctified Armaments	1253831	talent-passive	TraitNodeEntry	false	0	Rotational	hero	Sentinel	94981	117578	1	Buff		cdm-only:CooldownSetSpell		api
Hunter	Marksmanship	254	Scout's Instincts	459455	talent-passive	TraitNodeEntry	false	0	Rotational	class		109483	135705	1					api
Hunter	Marksmanship	254	Scout's Vigil	1253892	talent-passive	TraitNodeEntry	false	0	Rotational	hero	Sentinel	94980	123870	1					api
Hunter	Marksmanship	254	Sentinel	1253599	talent-passive	TraitNodeEntry	false	0	Rotational	hero	Sentinel	94976	117573	1					api
Hunter	Marksmanship	254	Serrated Tips	459502	talent-passive	TraitNodeEntry	false	0	Rotational	class		102384	126447	2					api
Hunter	Marksmanship	254	Shadow Dagger	467741	talent-passive	TraitNodeEntry	false	0	Rotational	hero	Dark Ranger	94960	128219	1	Buff		cdm-only:CooldownSetSpell		api
Hunter	Marksmanship	254	Shell Wall	1267218	talent-passive	TraitNodeEntry	false	0	Rotational	class		110154	136673	1					api
Hunter	Marksmanship	254	Shrapnel Shot	473520	talent-passive	TraitNodeEntry	false	0	Rotational	spec		110573	137376	1					api
Hunter	Marksmanship	254	Small Game Hunter	459802	talent-passive	TraitNodeEntry	false	0	Rotational	spec		103978	128400	1					api
Hunter	Marksmanship	254	Smoke Screen	430709	talent-passive	TraitNodeEntry	false	0	Rotational	hero	Dark Ranger	94959	123779	1					api
Hunter	Marksmanship	254	Soul Drinker	469638	talent-passive	TraitNodeEntry	false	0	Rotational	hero	Dark Ranger	94968	117565	1					api
Hunter	Marksmanship	254	Specialized Arsenal	459542	talent-passive	TraitNodeEntry	false	0	Rotational	class		102390	126453	1					api
Hunter	Marksmanship	254	Stalk and Strike	1266069	talent-passive	TraitNodeEntry	false	0	Rotational	hero	Sentinel	110028	136521	1					api
Hunter	Marksmanship	254	Stargazer	1253751	talent-passive	TraitNodeEntry	false	0	Rotational	hero	Sentinel	94958	117555	1	Buff		cdm-only:CooldownSetSpell		api
Hunter	Marksmanship	254	Surging Shots	391559	talent-passive	TraitNodeEntry	false	0	Rotational	spec		104130	128717	1					api
Hunter	Marksmanship	254	Take Aim	1273132	talent-passive	TraitNodeEntry	false	0	Rotational	spec		110430	137058	1			talent-passive:TraitNodeEntry		api
Hunter	Marksmanship	254	Tar-Coated Bindings	459460	talent-passive	TraitNodeEntry	false	0	Rotational	class		110152	136671	1					api
Hunter	Marksmanship	254	Tenacious	474456	talent-passive	TraitNodeEntry	false	0	Rotational	spec		103986	128408	1					api
Hunter	Marksmanship	254	Tensile Bowstring	471366	talent-passive	TraitNodeEntry	false	0	Rotational	spec		103966	128388	1					api
Hunter	Marksmanship	254	Territorial Instincts	459507	talent-passive	TraitNodeEntry	false	0	Rotational	class		102394	126458	1					api
Hunter	Marksmanship	254	The Bell Tolls	467644	talent-passive	TraitNodeEntry	false	0	Rotational	hero	Dark Ranger	94957	136231	1					api
Hunter	Marksmanship	254	Through the Eyes	1277565	talent-passive	TraitNodeEntry	false	0	Rotational	hero	Dark Ranger	94986	136742	1					api
Hunter	Marksmanship	254	Touch of Grass	1258402	talent-passive	TraitNodeEntry	false	0	Rotational	class		109487	135710	2					api
Hunter	Marksmanship	254	Trailblazer	199921	talent-passive	TraitNodeEntry	false	0	Rotational	class		110155	136675	1	Buff		cdm-only:CooldownSetSpell		api
Hunter	Marksmanship	254	Trick Shots	257621	talent-passive	TraitNodeEntry	false	0	Rotational	spec		103957	128378	1	Buff		cdm-only:CooldownSetSpell		api
Hunter	Marksmanship	254	Trigger Finger	459534	talent-passive	TraitNodeEntry	false	0	Rotational	class		102396	126460	2					api
Hunter	Marksmanship	254	Twilight Requiem	1264904	talent-passive	TraitNodeEntry	false	0	Rotational	hero	Sentinel	110028	136522	1					api
Hunter	Marksmanship	254	Umbral Reach	1235397	talent-passive	TraitNodeEntry	false	0	Rotational	hero	Dark Ranger	94982	132888	1					api
Hunter	Marksmanship	254	Unbreakable Bond	1223323	talent-passive	TraitNodeEntry	false	0	Rotational	spec		104127	129619	1					api
Hunter	Marksmanship	254	Unerring Vision	474738	talent-passive	TraitNodeEntry	false	0	Rotational	spec		103958	132194	1					api
Hunter	Marksmanship	254	Unload	1277548	talent-passive	TraitNodeEntry	false	0	Rotational	spec		104095	128609	1					api
Hunter	Marksmanship	254	Unmatched Precision	1232955	talent-passive	TraitNodeEntry	false	0	Rotational	spec		103950	128370	2					api
Hunter	Marksmanship	254	Unnatural Causes	459527	talent-passive	TraitNodeEntry	false	0	Rotational	class		102387	126450	1					api
Hunter	Marksmanship	254	Wailing Dead	1264290	talent-passive	TraitNodeEntry	false	0	Rotational	hero	Dark Ranger	109800	136058	1	Buff		cdm-only:CooldownSetSpell		api
Hunter	Marksmanship	254	Wilderness Medicine	343242	talent-passive	TraitNodeEntry	false	0	Rotational	class		102383	126446	1					api
Hunter	Marksmanship	254	Windrunner Quiver	473523	talent-passive	TraitNodeEntry	false	0	Rotational	spec		103952	128372	1					api
Hunter	Marksmanship	254	Withering Fire	466990	talent-passive	TraitNodeEntry	false	0	Rotational	hero	Dark Ranger	94993	117590	1	Other		cdm-only:CooldownSetSpell		api
Hunter	Marksmanship	254	In the Rhythm	407404	cdm-only	CooldownSetSpell	false	0	Rotational						Buff				api
Hunter	Marksmanship	254	Spotter's Mark	1219616	cdm-only	CooldownSetSpell	false	0	Rotational						Buff				api
Hunter	Survival	255	Takedown	1250646	talent-active	TraitNodeEntry	true	90	Cooldown	spec		109323	135514	1	Essential/Other	Cooldown 1	cdm-only:CooldownSetSpell		api
Hunter	Survival	255	Boomstick	1261193	talent-active	TraitNodeEntry	true	60	Cooldown	spec		109324	135515	1	Essential	Rotational 5	cdm-only:CooldownSetSpell		api
Hunter	Survival	255	Camouflage	199483	talent-active	TraitNodeEntry	true	60	Cooldown	class		110156	136676	1	Buff/Utility	Self-Heal 4 (Emergency/Overflow)	cdm-only:CooldownSetSpell		api
Hunter	Survival	255	Intimidation	19577	talent-active	TraitNodeEntry	true	60	Cooldown	class		103989	128412	1	Buff/Utility	CC	pet:SkillLineAbility:270;cdm-only:CooldownSetSpell		api
Hunter	Survival	255	Binding Shot	109248	talent-active	TraitNodeEntry	true	45	Cooldown	class		109488	135711	1	Buff/Utility	CC 2	class-baseline:SkillLineAbility:795;cdm-only:CooldownSetSpell		api
Hunter	Survival	255	Misdirection	34477	talent-active	TraitNodeEntry	true	30	Rotational	class		102419	126484	1	Utility	Class 3 (Tag)	cdm-only:CooldownSetSpell		api
Hunter	Survival	255	Muzzle	187707	talent-active	TraitNodeEntry	true	15	Rotational	class		79837	100543	1	Utility	Interrupt	cdm-only:CooldownSetSpell		api
Hunter	Survival	255	Tranquilizing Shot	19801	talent-active	TraitNodeEntry	true	10	Rotational	class		109489	135712	1	Utility	Class 5 (Purge)	cdm-only:CooldownSetSpell		api
Hunter	Survival	255	Concussive Shot	5116	talent-active	TraitNodeEntry	true	5	Rotational	class		102407	126471	1		Slow			api
Hunter	Survival	255	Flamefang Pitch	1251592	talent-active	TraitNodeEntry	true	0	Rotational	spec		102252	126311	1	Essential	Rotational 4	cdm-only:CooldownSetSpell		api
Hunter	Survival	255	Kill Command	259489	talent-active	TraitNodeEntry	true	0	Rotational	spec		102255	126314	1	Essential	Rotational 1	cdm-only:CooldownSetSpell		api
Hunter	Survival	255	Raptor Strike	186270	talent-active	TraitNodeEntry	true	0	Rotational	spec		102262	126322	1	Essential	Rotational 2	cdm-only:CooldownSetSpell		api
Hunter	Survival	255	Survival of the Fittest	264735	talent-active	TraitNodeEntry	true	0	Rotational	class		102422	126488	1	Buff/Utility	Personal Defensive 1	cdm-only:CooldownSetSpell		api
Hunter	Survival	255	Wildfire Bomb	259495	talent-active	TraitNodeEntry	true	0	Rotational	spec		102264	126324	1	Essential/Other	Rotational 3	cdm-only:CooldownSetSpell		api
Hunter	Survival	255	Roar of Sacrifice	53480	talent-choice	TraitNodeEntry	true	120	Cooldown	class		110164	136686	1	Buff/Utility	Class 7 (Raid Defensive)	cdm-only:CooldownSetSpell		api
Hunter	Survival	255	Tar Trap	187698	talent-choice	TraitNodeEntry	true	30	Rotational	class		102393	126457	1	Buff/Utility	Class 1 (Movement)	cdm-only:CooldownSetSpell		api
Hunter	Survival	255	Scare Beast	1513	talent-choice	TraitNodeEntry	true	0	Rotational	class		102393	135707	1	Buff/Utility		cdm-only:CooldownSetSpell		api
Hunter	Survival	255	Aspect of the Chameleon	61648	class-baseline	SkillLineAbility:795	true	180	Cooldown										api
Hunter	Survival	255	Aspect of the Cheetah	186257	class-baseline	SkillLineAbility:795	true	180	Cooldown						Buff/Utility	Movement Ability	cdm-only:CooldownSetSpell		api
Hunter	Survival	255	Aspect of the Turtle	186265	class-baseline	SkillLineAbility:795	true	180	Cooldown						Buff/Utility	Immune/Spell Immune/Movement	cdm-only:CooldownSetSpell		api
Hunter	Survival	255	Exhilaration	109304	class-baseline	SkillLineAbility:795	true	120	Cooldown						Utility	Self-Heal 1	cdm-only:CooldownSetSpell		api
Hunter	Survival	255	Aspect of the Eagle	186289	class-baseline	SpecializationSpells	true	90	Cooldown						Other/Utility	Cooldown 2	cdm-only:CooldownSetSpell		api
Hunter	Survival	255	Titan's Thunder	207068	class-baseline	SkillLineAbility:795	true	60	Cooldown										api
Hunter	Survival	255	Death Chakram	325028	class-baseline	SkillLineAbility:795	true	45	Cooldown										api
Hunter	Survival	255	Fury of the Eagle	203415	class-baseline	SkillLineAbility:795	true	45	Cooldown										api
Hunter	Survival	255	Feign Death	5384	class-baseline	SkillLineAbility:795	true	30	Rotational						Buff/Utility	Personal Defensive 2	cdm-only:CooldownSetSpell		api
Hunter	Survival	255	Freezing Trap	187650	class-baseline	SkillLineAbility:795	true	30	Rotational						Buff/Utility	Class 2 (CC)	cdm-only:CooldownSetSpell		api
Hunter	Survival	255	Play Dead	209997	class-baseline	SkillLineAbility:795	true	30	Rotational										api
Hunter	Survival	255	Wake Up	210000	class-baseline	SkillLineAbility:795	true	30	Rotational										api
Hunter	Survival	255	Flare	1543	class-baseline	SkillLineAbility:795	true	20	Rotational							Class 6 (Dispel)			api
Hunter	Survival	255	Windburst	204147	class-baseline	SkillLineAbility:795	true	20	Rotational										api
Hunter	Survival	255	Feed Pet	6991	class-baseline	SkillLineAbility:795	true	10	Rotational										api
Hunter	Survival	255	Mend Pet	136	class-baseline	SkillLineAbility:795	true	10	Rotational							Self-Heal 2			api
Hunter	Survival	255	Disengage	781	class-baseline	SkillLineAbility:795	true	1	Rotational						Utility		cdm-only:CooldownSetSpell		api
Hunter	Survival	255	Harpoon	190925	class-baseline	SpecializationSpells	true	1	Rotational						Utility	Movement Ability 2	cdm-only:CooldownSetSpell		api
Hunter	Survival	255	Ancient Zandalari Knowledge	138430	class-baseline	SkillLineAbility:795	true	0	Rotational										api
Hunter	Survival	255	Arcane Shot	185358	class-baseline	SkillLineAbility:795	true	0	Rotational										api
Hunter	Survival	255	Beast Lore	1462	class-baseline	SkillLineAbility:795	true	0	Rotational										api
Hunter	Survival	255	Bestial Wrath	344572	class-baseline	SkillLineAbility:795	true	0	Rotational										api
Hunter	Survival	255	Call Pet 1	883	class-baseline	SkillLineAbility:795	true	0	Rotational							Class 4 (Special)			api
Hunter	Survival	255	Call Pet 2	83242	class-baseline	SkillLineAbility:795	true	0	Rotational										api
Hunter	Survival	255	Call Pet 3	83243	class-baseline	SkillLineAbility:795	true	0	Rotational										api
Hunter	Survival	255	Call Pet 4	83244	class-baseline	SkillLineAbility:795	true	0	Rotational										api
Hunter	Survival	255	Call Pet 5	83245	class-baseline	SkillLineAbility:795	true	0	Rotational										api
Hunter	Survival	255	Chakrams	259398	class-baseline	SkillLineAbility:795	true	0	Rotational										db2-template+redirect-unresolved
Hunter	Survival	255	Command Pet	272651	class-baseline	SkillLineAbility:795	true	0	Rotational						Utility		cdm-only:CooldownSetSpell		api
Hunter	Survival	255	Control Pet	93322	class-baseline	SkillLineAbility:795	true	0	Rotational										api
Hunter	Survival	255	Dismiss Pet	2641	class-baseline	SkillLineAbility:795	true	0	Rotational										api
Hunter	Survival	255	Eyes of the Beast	321297	class-baseline	SpecializationSpells	true	0	Rotational										api
Hunter	Survival	255	Fetch	125050	class-baseline	SkillLineAbility:795	true	0	Rotational										api
Hunter	Survival	255	Fireworks	127933	class-baseline	SkillLineAbility:795	true	0	Rotational										api
Hunter	Survival	255	Hatchet Toss	193265	class-baseline	SpecializationSpells	true	0	Rotational										api
Hunter	Survival	255	Hunter's Mark	257284	class-baseline	SkillLineAbility:795	true	0	Rotational						Buff	Free	cdm-only:CooldownSetSpell		api
Hunter	Survival	255	Hybrid Kinship	242155	class-baseline	SkillLineAbility:795	true	0	Rotational										api
Hunter	Survival	255	Mecha-Bond Imprint Matrix	205154	class-baseline	SkillLineAbility:795	true	0	Rotational										api
Hunter	Survival	255	Revive Pet	982	class-baseline	SkillLineAbility:795	true	0	Rotational							Self-Heal 3 (Overflow)			api
Hunter	Survival	255	Single-Button Assistant	1229376	class-baseline	SpecializationSpells	true	0	Rotational										api
Hunter	Survival	255	Steady Shot	56641	class-baseline	SkillLineAbility:795	true	0	Rotational										api
Hunter	Survival	255	Steel Trap	162487	class-baseline	SkillLineAbility:795	true	0	Rotational										api
Hunter	Survival	255	Stopping Power	175686	class-baseline	SkillLineAbility:795	true	0	Rotational										api
Hunter	Survival	255	Tame Beast	1515	class-baseline	SkillLineAbility:795	true	0	Rotational										api
Hunter	Survival	255	Track Beasts	1494	class-baseline	SkillLineAbility:795	true	0	Rotational										api
Hunter	Survival	255	Track Demons	19878	class-baseline	SkillLineAbility:795	true	0	Rotational										api
Hunter	Survival	255	Track Dragonkin	19879	class-baseline	SkillLineAbility:795	true	0	Rotational										api
Hunter	Survival	255	Track Elementals	19880	class-baseline	SkillLineAbility:795	true	0	Rotational										api
Hunter	Survival	255	Track Giants	19882	class-baseline	SkillLineAbility:795	true	0	Rotational										api
Hunter	Survival	255	Track Hidden	19885	class-baseline	SkillLineAbility:795	true	0	Rotational										api
Hunter	Survival	255	Track Humanoids	19883	class-baseline	SkillLineAbility:795	true	0	Rotational										api
Hunter	Survival	255	Track Mechanicals	229533	class-baseline	SkillLineAbility:795	true	0	Rotational										api
Hunter	Survival	255	Track Undead	19884	class-baseline	SkillLineAbility:795	true	0	Rotational										api
Hunter	Survival	255	Wailing Arrow	354831	class-baseline	SkillLineAbility:795	true	0	Rotational										api
Hunter	Survival	255	Wing Clip	195645	class-baseline	SkillLineAbility:795	true	0	Rotational						Buff/Utility		cdm-only:CooldownSetSpell		api
Hunter	Survival	255	Chimaeral Sting	356719	pvp-talent	PvpTalent	true	60	Cooldown						Utility	PvP	cdm-only:CooldownSetSpell		api
Hunter	Survival	255	Wild Kingdom	356707	pvp-talent	PvpTalent	true	60	Cooldown						Buff/Utility		cdm-only:CooldownSetSpell		api
Hunter	Survival	255	Sticky Tar Bomb	407028	pvp-talent	PvpTalent	true	45	Cooldown						Utility		cdm-only:CooldownSetSpell		api
Hunter	Survival	255	Mending Bandage	212640	pvp-talent	PvpTalent	true	25	Rotational						Essential/Utility		cdm-only:CooldownSetSpell		api
Hunter	Survival	255	Tracker's Net	212638	pvp-talent	PvpTalent	true	25	Rotational						Utility		cdm-only:CooldownSetSpell		api
Hunter	Survival	255	Diamond Ice	203340	pvp-talent	PvpTalent	false	0	Rotational										api
Hunter	Survival	255	Hunting Pack	203235	pvp-talent	PvpTalent	false	0	Rotational										api
Hunter	Survival	255	Interlope	248518	pvp-talent	PvpTalent	false	0	Rotational										api
Hunter	Survival	255	Survival Tactics	202746	pvp-talent	PvpTalent	false	0	Rotational										api
Hunter	Survival	255	Dash	61684	pet	SkillLineAbility:270	true	20	Rotational										db2-template
Hunter	Survival	255	Growl	2649	pet	SkillLineAbility:270	true	8	Rotational										db2-plain
Hunter	Survival	255	Arcane Talons	1253846	talent-passive	TraitNodeEntry	false	0	Rotational	hero	Sentinel	94970	117567	1					api
Hunter	Survival	255	Better Together	472357	talent-passive	TraitNodeEntry	false	0	Rotational	hero	Pack Leader	94962	117559	1					api
Hunter	Survival	255	Blackrock Munitions	462036	talent-passive	TraitNodeEntry	false	0	Rotational	spec		102282	135688	1					api
Hunter	Survival	255	Bloodseeker	260248	talent-passive	TraitNodeEntry	false	0	Rotational	spec		102270	126330	1	Buff		cdm-only:CooldownSetSpell		api
Hunter	Survival	255	Bloody Claws	385737	talent-passive	TraitNodeEntry	false	0	Rotational	spec		109307	135498	1					api
Hunter	Survival	255	Bonding	1262442	talent-passive	TraitNodeEntry	false	0	Rotational	spec		109311	135502	1					api
Hunter	Survival	255	Born To Be Wild	266921	talent-passive	TraitNodeEntry	false	0	Rotational	class		102416	126481	2					api
Hunter	Survival	255	Can't Miss, Won't Miss	1253830	talent-passive	TraitNodeEntry	false	0	Rotational	hero	Sentinel	94990	117587	1					api
Hunter	Survival	255	Catlike Reflexes	1258404	talent-passive	TraitNodeEntry	false	0	Rotational	class		109486	135709	1					api
Hunter	Survival	255	Cold Feet	1268671	talent-passive	TraitNodeEntry	false	0	Rotational	class		110153	136672	1	Buff		cdm-only:CooldownSetSpell		api
Hunter	Survival	255	Combat Experience	1268871	talent-passive	TraitNodeEntry	false	0	Rotational	class		110157	136677	1					api
Hunter	Survival	255	Conditioning	1253887	talent-passive	TraitNodeEntry	false	0	Rotational	hero	Sentinel	94980	117577	1					api
Hunter	Survival	255	Devilsaur Tranquilizer	459991	talent-passive	TraitNodeEntry	false	0	Rotational	class		102415	126479	1					api
Hunter	Survival	255	Dire Summons	472352	talent-passive	TraitNodeEntry	false	0	Rotational	hero	Pack Leader	94992	117589	1					api
Hunter	Survival	255	Disruptive Rounds	343244	talent-passive	TraitNodeEntry	false	0	Rotational	class		102395	126459	1					api
Hunter	Survival	255	Don't Look Back	450373	talent-passive	TraitNodeEntry	false	0	Rotational	hero	Sentinel	94989	117586	1	Buff		cdm-only:CooldownSetSpell		api
Hunter	Survival	255	Emergency Salve	459517	talent-passive	TraitNodeEntry	false	0	Rotational	class		102389	126452	1					api
Hunter	Survival	255	Explosives Expert	378937	talent-passive	TraitNodeEntry	false	0	Rotational	spec		102281	126341	2					api
Hunter	Survival	255	Flamebreak	1253176	talent-passive	TraitNodeEntry	false	0	Rotational	spec		109309	135493	1					api
Hunter	Survival	255	Flanked	1256938	talent-passive	TraitNodeEntry	false	0	Rotational	spec		110161	136682	1					api
Hunter	Survival	255	Flanker's Advantage	459964	talent-passive	TraitNodeEntry	false	0	Rotational	spec		102279	126339	1					api
Hunter	Survival	255	Fury of the Wyvern	472550	talent-passive	TraitNodeEntry	false	0	Rotational	hero	Pack Leader	94984	117581	1					api
Hunter	Survival	255	Grenade Juggler	459843	talent-passive	TraitNodeEntry	false	0	Rotational	spec		109317	135508	1					api
Hunter	Survival	255	Guardian's Hide	1272094	talent-passive	TraitNodeEntry	false	0	Rotational	class		110164	136685	1					api
Hunter	Survival	255	Guerrilla Tactics	264332	talent-passive	TraitNodeEntry	false	0	Rotational	spec		102285	126345	1					api
Hunter	Survival	255	Guttural Roar	1258509	talent-passive	TraitNodeEntry	false	0	Rotational	class		102394	135704	1					api
Hunter	Survival	255	Hogstrider	472639	talent-passive	TraitNodeEntry	false	0	Rotational	hero	Pack Leader	94988	117585	1	Buff		cdm-only:CooldownSetSpell		api
Hunter	Survival	255	Hoof and Blade	1264797	talent-passive	TraitNodeEntry	false	0	Rotational	hero	Pack Leader	109804	136062	1					api
Hunter	Survival	255	Horsehair Tether	472729	talent-passive	TraitNodeEntry	false	0	Rotational	class		110152	136670	1					api
Hunter	Survival	255	Howl of the Pack Leader	471876	talent-passive	TraitNodeEntry	false	0	Rotational	hero	Pack Leader	94991	117588	1	Buff		cdm-only:CooldownSetSpell		api
Hunter	Survival	255	Hunter's Avoidance	384799	talent-passive	TraitNodeEntry	false	0	Rotational	class		102423	126489	1					api
Hunter	Survival	255	Improved Aspect of the Cheetah	1258407	talent-passive	TraitNodeEntry	false	0	Rotational	class		109485	135708	1					api
Hunter	Survival	255	Improved Aspect of the Turtle	1258485	talent-passive	TraitNodeEntry	false	0	Rotational	class		102424	126490	1					api
Hunter	Survival	255	Improved Feign Death	1258486	talent-passive	TraitNodeEntry	false	0	Rotational	class		109484	135706	2					api
Hunter	Survival	255	Improved Snaring	1268868	talent-passive	TraitNodeEntry	false	0	Rotational	class		102414	126478	1					api
Hunter	Survival	255	Improved Traps	343247	talent-passive	TraitNodeEntry	false	0	Rotational	class		102418	126483	1					api
Hunter	Survival	255	Improved Wildfire Bomb	321290	talent-passive	TraitNodeEntry	false	0	Rotational	spec		102289	126349	2					api
Hunter	Survival	255	Invigorating Pulse	450379	talent-passive	TraitNodeEntry	false	0	Rotational	hero	Sentinel	94971	117568	1					api
Hunter	Survival	255	Keen Eyesight	378004	talent-passive	TraitNodeEntry	false	0	Rotational	class		102409	126473	2					api
Hunter	Survival	255	Killer Companion	378955	talent-passive	TraitNodeEntry	false	0	Rotational	spec		109312	135503	2					api
Hunter	Survival	255	Kindling Flare	459506	talent-passive	TraitNodeEntry	false	0	Rotational	class		102425	126491	1					api
Hunter	Survival	255	Kodo Tranquilizer	459983	talent-passive	TraitNodeEntry	false	0	Rotational	class		102415	126480	1					api
Hunter	Survival	255	Lethal Barbs	1264781	talent-passive	TraitNodeEntry	false	0	Rotational	hero	Pack Leader	109803	136061	1					api
Hunter	Survival	255	Lethal Calibration	1262409	talent-passive	TraitNodeEntry	false	0	Rotational	spec		102257	126316	1					api
Hunter	Survival	255	Lone Survivor	388039	talent-passive	TraitNodeEntry	false	0	Rotational	class		102391	126454	1					api
Hunter	Survival	255	Lunar Calling	1253852	talent-passive	TraitNodeEntry	false	0	Rotational	hero	Sentinel	94965	117562	1					api
Hunter	Survival	255	Lunar Storm	1253732	talent-passive	TraitNodeEntry	false	0	Rotational	hero	Sentinel	94978	117575	1					api
Hunter	Survival	255	Lunge	378934	talent-passive	TraitNodeEntry	false	0	Rotational	spec		102272	126332	1					api
Hunter	Survival	255	Masterful Call	1268705	talent-passive	TraitNodeEntry	false	0	Rotational	hero	Pack Leader	94979	123781	1					api
Hunter	Survival	255	Moment of Opportunity	459488	talent-passive	TraitNodeEntry	false	0	Rotational	class		110155	136674	1	Buff		cdm-only:CooldownSetSpell		api
Hunter	Survival	255	Mongoose Fury	1252708	talent-passive	TraitNodeEntry	false	0	Rotational	spec		109310	135501	1	Other		cdm-only:CooldownSetSpell		api
Hunter	Survival	255	Mongoose Rounds	1253945	talent-passive	TraitNodeEntry	false	0	Rotational	spec		109316	135507	1					api
Hunter	Survival	255	Moon's Blessing	1253825	talent-passive	TraitNodeEntry	false	0	Rotational	hero	Sentinel	94973	117570	1					api
Hunter	Survival	255	Moonlight Chakram	1264902	talent-passive	TraitNodeEntry	false	0	Rotational	hero	Sentinel	109807	136065	1	Buff		cdm-only:CooldownSetSpell		api
Hunter	Survival	255	Natural Mending	270581	talent-passive	TraitNodeEntry	false	0	Rotational	class		102401	126465	2					api
Hunter	Survival	255	No Hard Feelings	459546	talent-passive	TraitNodeEntry	false	0	Rotational	class		102412	126476	1					api
Hunter	Survival	255	No Mercy	472660	talent-passive	TraitNodeEntry	false	0	Rotational	hero	Pack Leader	94969	117566	1					api
Hunter	Survival	255	Open Fire	1253807	talent-passive	TraitNodeEntry	false	0	Rotational	hero	Sentinel	94958	135589	1					api
Hunter	Survival	255	Outland Venom	459939	talent-passive	TraitNodeEntry	false	0	Rotational	spec		109306	135497	1					api
Hunter	Survival	255	Pack Mentality	472358	talent-passive	TraitNodeEntry	false	0	Rotational	hero	Pack Leader	94985	117582	1					api
Hunter	Survival	255	Padded Armor	459450	talent-passive	TraitNodeEntry	false	0	Rotational	class		102406	126470	1					api
Hunter	Survival	255	Pathfinding	378002	talent-passive	TraitNodeEntry	false	0	Rotational	class		102404	126468	1					api
Hunter	Survival	255	Posthaste	109215	talent-passive	TraitNodeEntry	false	0	Rotational	class		102411	126475	1	Buff		cdm-only:CooldownSetSpell		api
Hunter	Survival	255	Precision Strikes	1267003	talent-passive	TraitNodeEntry	false	0	Rotational	class		102380	126443	1					api
Hunter	Survival	255	Primal Surge	1272154	talent-passive	TraitNodeEntry	false	0	Rotational	spec		110159	136680	1					api
Hunter	Survival	255	Quick Reload	1272136	talent-passive	TraitNodeEntry	false	0	Rotational	spec		110162	136683	1					api
Hunter	Survival	255	Radiant Edge	1264903	talent-passive	TraitNodeEntry	false	0	Rotational	hero	Sentinel	109805	136063	1					api
Hunter	Survival	255	Raptor Swipe	1259003	talent-passive	TraitNodeEntry	false	0	Rotational	spec		110429	137055	1	Buff		talent-passive:TraitNodeEntry;cdm-only:CooldownSetSpell		api
Hunter	Survival	255	Rejuvenating Wind	385539	talent-passive	TraitNodeEntry	false	0	Rotational	class		102381	126444	1					api
Hunter	Survival	255	Sanctified Armaments	1253831	talent-passive	TraitNodeEntry	false	0	Rotational	hero	Sentinel	94981	117578	1	Buff		cdm-only:CooldownSetSpell		api
Hunter	Survival	255	Savagery	1251790	talent-passive	TraitNodeEntry	false	0	Rotational	spec		109320	135511	2					api
Hunter	Survival	255	Scout's Instincts	459455	talent-passive	TraitNodeEntry	false	0	Rotational	class		109483	135705	1					api
Hunter	Survival	255	Scout's Vigil	1253892	talent-passive	TraitNodeEntry	false	0	Rotational	hero	Sentinel	94980	123870	1					api
Hunter	Survival	255	Sentinel	1253599	talent-passive	TraitNodeEntry	false	0	Rotational	hero	Sentinel	94976	117573	1	Buff		cdm-only:CooldownSetSpell		api
Hunter	Survival	255	Serrated Tips	459502	talent-passive	TraitNodeEntry	false	0	Rotational	class		102384	126447	2					api
Hunter	Survival	255	Sharpened Claws	472524	talent-passive	TraitNodeEntry	false	0	Rotational	hero	Pack Leader	94972	128358	1					api
Hunter	Survival	255	Sharpened Fangs	1264775	talent-passive	TraitNodeEntry	false	0	Rotational	hero	Pack Leader	109802	136060	1					api
Hunter	Survival	255	Shell Cover	472707	talent-passive	TraitNodeEntry	false	0	Rotational	hero	Pack Leader	94967	117564	1					api
Hunter	Survival	255	Shell Wall	1267218	talent-passive	TraitNodeEntry	false	0	Rotational	class		110154	136673	1					api
Hunter	Survival	255	Shellshock	1252931	talent-passive	TraitNodeEntry	false	0	Rotational	spec		109319	135510	1					api
Hunter	Survival	255	Shower of Blood	1253053	talent-passive	TraitNodeEntry	false	0	Rotational	spec		109304	135495	2					api
Hunter	Survival	255	Shrapnel Bomb	1253172	talent-passive	TraitNodeEntry	false	0	Rotational	spec		109309	135500	1					api
Hunter	Survival	255	Sic 'Em	1253137	talent-passive	TraitNodeEntry	false	0	Rotational	spec		109305	135496	1	Buff		cdm-only:CooldownSetSpell		api
Hunter	Survival	255	Slicked Shoes	472719	talent-passive	TraitNodeEntry	false	0	Rotational	hero	Pack Leader	94979	117576	1					api
Hunter	Survival	255	Specialized Arsenal	459542	talent-passive	TraitNodeEntry	false	0	Rotational	class		102390	126453	1					api
Hunter	Survival	255	Stalk and Strike	1266069	talent-passive	TraitNodeEntry	false	0	Rotational	hero	Sentinel	110028	136521	1					api
Hunter	Survival	255	Stampede!	472741	talent-passive	TraitNodeEntry	false	0	Rotational	hero	Pack Leader	94966	117563	1	Buff		cdm-only:CooldownSetSpell		api
Hunter	Survival	255	Stargazer	1253751	talent-passive	TraitNodeEntry	false	0	Rotational	hero	Sentinel	94958	117555	1	Buff		cdm-only:CooldownSetSpell		api
Hunter	Survival	255	Strike as One	1251717	talent-passive	TraitNodeEntry	false	0	Rotational	spec		109321	135512	1					api
Hunter	Survival	255	Sweeping Spear	378950	talent-passive	TraitNodeEntry	false	0	Rotational	spec		109313	135504	2					api
Hunter	Survival	255	Tar-Coated Bindings	459460	talent-passive	TraitNodeEntry	false	0	Rotational	class		110152	136671	1					api
Hunter	Survival	255	Territorial Instincts	459507	talent-passive	TraitNodeEntry	false	0	Rotational	class		102394	126458	1					api
Hunter	Survival	255	Tip of the Spear	260285	talent-passive	TraitNodeEntry	false	0	Rotational	spec		102263	126323	1	Buff		cdm-only:CooldownSetSpell		api
Hunter	Survival	255	Touch of Grass	1258402	talent-passive	TraitNodeEntry	false	0	Rotational	class		109487	135710	2					api
Hunter	Survival	255	Trailblazer	199921	talent-passive	TraitNodeEntry	false	0	Rotational	class		110155	136675	1	Buff		cdm-only:CooldownSetSpell		api
Hunter	Survival	255	Trigger Finger	459534	talent-passive	TraitNodeEntry	false	0	Rotational	class		102396	126460	2					api
Hunter	Survival	255	Twilight Requiem	1264904	talent-passive	TraitNodeEntry	false	0	Rotational	hero	Sentinel	110028	136522	1					api
Hunter	Survival	255	Twin Fangs	1272139	talent-passive	TraitNodeEntry	false	0	Rotational	spec		109470	135689	1					api
Hunter	Survival	255	Two Against Many	1251718	talent-passive	TraitNodeEntry	false	0	Rotational	spec		110163	136684	1					api
Hunter	Survival	255	Unnatural Causes	459527	talent-passive	TraitNodeEntry	false	0	Rotational	class		102387	126450	1					api
Hunter	Survival	255	Ursine Fury	472476	talent-passive	TraitNodeEntry	false	0	Rotational	hero	Pack Leader	94972	117569	1					api
Hunter	Survival	255	Vulnerability	1257011	talent-passive	TraitNodeEntry	false	0	Rotational	spec		102282	126342	1					api
Hunter	Survival	255	Wallop	1252738	talent-passive	TraitNodeEntry	false	0	Rotational	spec		109307	136144	1	Buff		cdm-only:CooldownSetSpell		api
Hunter	Survival	255	Wilderness Medicine	343242	talent-passive	TraitNodeEntry	false	0	Rotational	class		102383	126446	1					api
Hunter	Survival	255	Wildfire Imbuement	1252943	talent-passive	TraitNodeEntry	false	0	Rotational	spec		110160	136681	1	Buff		cdm-only:CooldownSetSpell		api
Hunter	Survival	255	Wildfire Infusion	460198	talent-passive	TraitNodeEntry	false	0	Rotational	spec		102268	126328	1					api
Hunter	Survival	255	Wildfire Shells	1261229	talent-passive	TraitNodeEntry	false	0	Rotational	spec		109316	136066	1					api
Hunter	Survival	255	Wyvern's Gaze	1264792	talent-passive	TraitNodeEntry	false	0	Rotational	hero	Pack Leader	109804	136236	1					api
Hunter	Survival	255	Counter Shot	147362	cdm-only	CooldownSetSpell	true	24	Rotational						Utility				api
Hunter	Survival	255	Mastery: Spirit Bond	263135	cdm-only	CooldownSetSpell	false	0	Rotational						Buff				api
Mage	Arcane	62	Mass Invisibility	414664	talent-active	TraitNodeEntry	true	300	Cooldown	class		62092	115878	1	Buff/Utility	Class 4 (Special)	cdm-only:CooldownSetSpell		api
Mage	Arcane	62	Greater Invisibility	110959	talent-active	TraitNodeEntry	true	120	Cooldown	class		93524	115877	1		Taunt/Quick Access			api
Mage	Arcane	62	Mirror Image	55342	talent-active	TraitNodeEntry	true	120	Cooldown	class		62124	80183	1	Buff/Utility	Self-Heal 2	cdm-only:CooldownSetSpell		api
Mage	Arcane	62	Arcane Surge	365350	talent-active	TraitNodeEntry	true	90	Cooldown	spec		102449	126519	1	Essential/Other	Cooldown 2	cdm-only:CooldownSetSpell		api
Mage	Arcane	62	Alter Time	342245	talent-active	TraitNodeEntry	true	60	Cooldown	class		62115	80174	1	Buff/Utility	Self-Heal 1	cdm-only:CooldownSetSpell		api
Mage	Arcane	62	Prismatic Barrier	235450	talent-active	TraitNodeEntry	true	30	Rotational	class		62121	80180	1	Buff/Utility	Personal Defensive 1	cdm-only:CooldownSetSpell		api
Mage	Arcane	62	Remove Curse	475	talent-active	TraitNodeEntry	true	8	Rotational	class		62116	80175	1	Utility	Class 6 (Dispel)	cdm-only:CooldownSetSpell		api
Mage	Arcane	62	Touch of the Magi	321507	talent-active	TraitNodeEntry	true	0.5	Rotational	spec		102468	126538	1	Buff/Essential	Cooldown 1	cdm-only:CooldownSetSpell		api
Mage	Arcane	62	Arcane Missiles	5143	talent-active	TraitNodeEntry	true	0	Rotational	spec		102467	126537	1	Essential		cdm-only:CooldownSetSpell		api
Mage	Arcane	62	Arcane Orb	153626	talent-active	TraitNodeEntry	true	0	Rotational	spec		104113	128689	1	Essential		cdm-only:CooldownSetSpell		api
Mage	Arcane	62	Arcane Pulse	1241462	talent-active	TraitNodeEntry	true	0	Rotational	spec		102439	126509	1					api
Mage	Arcane	62	Ice Block	45438	talent-active	TraitNodeEntry	true	0	Rotational	class		62122	80181	1	Buff/Utility	Immune/Spell Immune/Movement	cdm-only:CooldownSetSpell		api
Mage	Arcane	62	Spellsteal	30449	talent-active	TraitNodeEntry	true	0	Rotational	class		62084	80140	1		Class 5 (Purge)			api
Mage	Arcane	62	Mass Polymorph	383121	talent-choice	TraitNodeEntry	true	60	Cooldown	class		62088	134198	1	Buff/Utility	Class 1 (Movement)	cdm-only:CooldownSetSpell		api
Mage	Arcane	62	Dragon's Breath	31661	talent-choice	TraitNodeEntry	true	45	Cooldown	class		101883	125819	1	Buff/Utility		cdm-only:CooldownSetSpell		api
Mage	Arcane	62	Presence of Mind	205025	talent-choice	TraitNodeEntry	true	45	Cooldown	spec		102460	126530	1	Buff/Essential		cdm-only:CooldownSetSpell		api
Mage	Arcane	62	Ring of Frost	113724	talent-choice	TraitNodeEntry	true	45	Cooldown	class		62088	80144	1	Buff/Utility		cdm-only:CooldownSetSpell		api
Mage	Arcane	62	Supernova	157980	talent-choice	TraitNodeEntry	true	45	Cooldown	class		101883	125818	1	Utility	CC 2	cdm-only:CooldownSetSpell		api
Mage	Arcane	62	Ice Nova	157997	talent-choice	TraitNodeEntry	true	25	Rotational	class		62087	134199	1	Buff		cdm-only:CooldownSetSpell		api
Mage	Arcane	62	Shimmer	212653	talent-choice	TraitNodeEntry	true	0.5	Rotational	class		62105	80163	1					api
Mage	Arcane	62	Evocation	12051	talent-choice	TraitNodeEntry	true	0	Rotational	spec		102454	126524	1	Buff/Essential		cdm-only:CooldownSetSpell		api
Mage	Arcane	62	Illusion	131784	class-baseline	SkillLineAbility:904	true	600	Cooldown										api
Mage	Arcane	62	Invisibility	66	class-baseline	SkillLineAbility:904	true	300	Cooldown						Buff/Utility		cdm-only:CooldownSetSpell		api
Mage	Arcane	62	Time Warp	80353	class-baseline	SkillLineAbility:904	true	300	Cooldown						Utility	Class 8 (Lust/BRes)	cdm-only:CooldownSetSpell		api
Mage	Arcane	62	Ancient Portal: Dalaran	120146	class-baseline	SkillLineAbility:904	true	60	Cooldown										api
Mage	Arcane	62	Mark of Aluneth	210726	class-baseline	SkillLineAbility:904	true	60	Cooldown										api
Mage	Arcane	62	Portal: Boralus	281400	class-baseline	SkillLineAbility:904	true	60	Cooldown										api
Mage	Arcane	62	Portal: Dalaran - Broken Isles	224871	class-baseline	SkillLineAbility:904	true	60	Cooldown										api
Mage	Arcane	62	Portal: Dalaran - Northrend	53142	class-baseline	SkillLineAbility:904	true	60	Cooldown										api
Mage	Arcane	62	Portal: Darnassus	11419	class-baseline	SkillLineAbility:904	true	60	Cooldown										api
Mage	Arcane	62	Portal: Dazar'alor	281402	class-baseline	SkillLineAbility:904	true	60	Cooldown										api
Mage	Arcane	62	Portal: Dornogal	446534	class-baseline	SkillLineAbility:904	true	60	Cooldown										api
Mage	Arcane	62	Portal: Exodar	32266	class-baseline	SkillLineAbility:904	true	60	Cooldown										api
Mage	Arcane	62	Portal: Ironforge	11416	class-baseline	SkillLineAbility:904	true	60	Cooldown										api
Mage	Arcane	62	Portal: Orgrimmar	11417	class-baseline	SkillLineAbility:904	true	60	Cooldown										api
Mage	Arcane	62	Portal: Oribos	344597	class-baseline	SkillLineAbility:904	true	60	Cooldown										api
Mage	Arcane	62	Portal: Shattrath	33691	class-baseline	SkillLineAbility:904	true	60	Cooldown										api
Mage	Arcane	62	Portal: Silvermoon (Burning Crusade)	32267	class-baseline	SkillLineAbility:904	true	60	Cooldown										api
Mage	Arcane	62	Portal: Silvermoon City	1259194	class-baseline	SkillLineAbility:904	true	60	Cooldown										api
Mage	Arcane	62	Portal: Stonard	49361	class-baseline	SkillLineAbility:904	true	60	Cooldown										api
Mage	Arcane	62	Portal: Stormshield	176246	class-baseline	SkillLineAbility:904	true	60	Cooldown										api
Mage	Arcane	62	Portal: Stormwind	10059	class-baseline	SkillLineAbility:904	true	60	Cooldown										api
Mage	Arcane	62	Portal: Theramore	49360	class-baseline	SkillLineAbility:904	true	60	Cooldown										api
Mage	Arcane	62	Portal: Thunder Bluff	11420	class-baseline	SkillLineAbility:904	true	60	Cooldown										api
Mage	Arcane	62	Portal: Tol Barad	88345	class-baseline	SkillLineAbility:904	true	60	Cooldown										api
Mage	Arcane	62	Portal: Undercity	11418	class-baseline	SkillLineAbility:904	true	60	Cooldown										api
Mage	Arcane	62	Portal: Valdrakken	395289	class-baseline	SkillLineAbility:904	true	60	Cooldown										api
Mage	Arcane	62	Portal: Vale of Eternal Blossoms	132626	class-baseline	SkillLineAbility:904	true	60	Cooldown										api
Mage	Arcane	62	Portal: Warspear	176244	class-baseline	SkillLineAbility:904	true	60	Cooldown										api
Mage	Arcane	62	Teleport: Hall of the Guardian	193759	class-baseline	SkillLineAbility:904	true	60	Cooldown										api
Mage	Arcane	62	Ebonbolt	214634	class-baseline	SkillLineAbility:904	true	45	Cooldown										api
Mage	Arcane	62	Cone of Cold	120	class-baseline	SkillLineAbility:904	true	25	Rotational						Utility	Class 2 (CC)	cdm-only:CooldownSetSpell		api
Mage	Arcane	62	Counterspell	2139	class-baseline	SkillLineAbility:904	true	25	Rotational						Utility	Interrupt	cdm-only:CooldownSetSpell		api
Mage	Arcane	62	Conjure Refreshment	190336	class-baseline	SkillLineAbility:904	true	15	Rotational										api
Mage	Arcane	62	Blink	1953	class-baseline	SkillLineAbility:904	true	0.5	Rotational						Utility	Movement Ability	cdm-only:CooldownSetSpell		api
Mage	Arcane	62	Fire Blast	319836	class-baseline	SkillLineAbility:904	true	0.5	Rotational										api
Mage	Arcane	62	Ancient Teleport: Dalaran	120145	class-baseline	SkillLineAbility:904	true	0	Rotational										api
Mage	Arcane	62	Arcane Barrage	44425	class-baseline	SpecializationSpells	true	0	Rotational						Essential	Rotational 2	cdm-only:CooldownSetSpell		api
Mage	Arcane	62	Arcane Blast	30451	class-baseline	SpecializationSpells	true	0	Rotational							Rotational 1			api
Mage	Arcane	62	Arcane Explosion	1449	class-baseline	SkillLineAbility:904	true	0	Rotational						Essential		cdm-only:CooldownSetSpell		api
Mage	Arcane	62	Arcane Intellect	1459	class-baseline	SkillLineAbility:904	true	0	Rotational							Res			api
Mage	Arcane	62	Frost Nova	122	class-baseline	SkillLineAbility:904	true	0	Rotational						Buff/Utility	CC	cdm-only:CooldownSetSpell		api
Mage	Arcane	62	Frostbolt	116	class-baseline	SkillLineAbility:904	true	0	Rotational										api
Mage	Arcane	62	Phoenix's Flames	194466	class-baseline	SkillLineAbility:904	true	0	Rotational										api
Mage	Arcane	62	Polymorph	118	class-baseline	SkillLineAbility:904	true	0	Rotational						Buff	Class 3 (Tag)	cdm-only:CooldownSetSpell		api
Mage	Arcane	62	Portal	343140	class-baseline	SkillLineAbility:904	true	0	Rotational										api
Mage	Arcane	62	Single-Button Assistant	1229376	class-baseline	SpecializationSpells	true	0	Rotational										api
Mage	Arcane	62	Slow Fall	130	class-baseline	SkillLineAbility:904	true	0	Rotational						Buff	Class 7 (Raid Defensive)	cdm-only:CooldownSetSpell		api
Mage	Arcane	62	Teleport	343127	class-baseline	SkillLineAbility:904	true	0	Rotational										api
Mage	Arcane	62	Teleport: Boralus	281403	class-baseline	SkillLineAbility:904	true	0	Rotational										api
Mage	Arcane	62	Teleport: Dalaran - Broken Isles	224869	class-baseline	SkillLineAbility:904	true	0	Rotational										api
Mage	Arcane	62	Teleport: Dalaran - Northrend	53140	class-baseline	SkillLineAbility:904	true	0	Rotational										api
Mage	Arcane	62	Teleport: Darnassus	3565	class-baseline	SkillLineAbility:904	true	0	Rotational										api
Mage	Arcane	62	Teleport: Dazar'alor	281404	class-baseline	SkillLineAbility:904	true	0	Rotational										api
Mage	Arcane	62	Teleport: Dornogal	446540	class-baseline	SkillLineAbility:904	true	0	Rotational										api
Mage	Arcane	62	Teleport: Exodar	32271	class-baseline	SkillLineAbility:904	true	0	Rotational										api
Mage	Arcane	62	Teleport: Ironforge	3562	class-baseline	SkillLineAbility:904	true	0	Rotational										api
Mage	Arcane	62	Teleport: Orgrimmar	3567	class-baseline	SkillLineAbility:904	true	0	Rotational										api
Mage	Arcane	62	Teleport: Oribos	344587	class-baseline	SkillLineAbility:904	true	0	Rotational										api
Mage	Arcane	62	Teleport: Shattrath	33690	class-baseline	SkillLineAbility:904	true	0	Rotational										api
Mage	Arcane	62	Teleport: Silvermoon (Burning Crusade)	32272	class-baseline	SkillLineAbility:904	true	0	Rotational										api
Mage	Arcane	62	Teleport: Silvermoon City	1259190	class-baseline	SkillLineAbility:904	true	0	Rotational										api
Mage	Arcane	62	Teleport: Stonard	49358	class-baseline	SkillLineAbility:904	true	0	Rotational										api
Mage	Arcane	62	Teleport: Stormshield	176248	class-baseline	SkillLineAbility:904	true	0	Rotational										api
Mage	Arcane	62	Teleport: Stormwind	3561	class-baseline	SkillLineAbility:904	true	0	Rotational										api
Mage	Arcane	62	Teleport: Theramore	49359	class-baseline	SkillLineAbility:904	true	0	Rotational										api
Mage	Arcane	62	Teleport: Thunder Bluff	3566	class-baseline	SkillLineAbility:904	true	0	Rotational										api
Mage	Arcane	62	Teleport: Tol Barad	88342	class-baseline	SkillLineAbility:904	true	0	Rotational										api
Mage	Arcane	62	Teleport: Undercity	3563	class-baseline	SkillLineAbility:904	true	0	Rotational										api
Mage	Arcane	62	Teleport: Valdrakken	395277	class-baseline	SkillLineAbility:904	true	0	Rotational										api
Mage	Arcane	62	Teleport: Vale of Eternal Blossoms	132621	class-baseline	SkillLineAbility:904	true	0	Rotational										api
Mage	Arcane	62	Teleport: Warspear	176242	class-baseline	SkillLineAbility:904	true	0	Rotational										api
Mage	Arcane	62	Ice Wall	352278	pvp-talent	PvpTalent	true	90	Cooldown						Utility		cdm-only:CooldownSetSpell		api
Mage	Arcane	62	Arcanosphere	353128	pvp-talent	PvpTalent	true	45	Cooldown						Essential		cdm-only:CooldownSetSpell		api
Mage	Arcane	62	Ring of Fire	353082	pvp-talent	PvpTalent	true	45	Cooldown						Buff		cdm-only:CooldownSetSpell		api
Mage	Arcane	62	Kleptomania	198100	pvp-talent	PvpTalent	true	20	Rotational						Utility		cdm-only:CooldownSetSpell		api
Mage	Arcane	62	Chrono Shift	235711	pvp-talent	PvpTalent	false	0	Rotational						Buff		cdm-only:CooldownSetSpell		api
Mage	Arcane	62	Ethereal Blink	410939	pvp-talent	PvpTalent	false	0	Rotational						Buff		cdm-only:CooldownSetSpell		api
Mage	Arcane	62	Improved Mass Invisibility	415945	pvp-talent	PvpTalent	false	0	Rotational										api
Mage	Arcane	62	Master Shepherd	410248	pvp-talent	PvpTalent	false	0	Rotational										api
Mage	Arcane	62	Overpowered Barrier	1220739	pvp-talent	PvpTalent	false	0	Rotational										api
Mage	Arcane	62	Aegwynn's Technique	1243507	talent-passive	TraitNodeEntry	false	0	Rotational	spec		102465	134020	1					api
Mage	Arcane	62	Aether Attunement	1243307	talent-passive	TraitNodeEntry	false	0	Rotational	spec		108535	134023	2					api
Mage	Arcane	62	Amplification	236628	talent-passive	TraitNodeEntry	false	0	Rotational	spec		102473	126543	1					api
Mage	Arcane	62	Arcane Echo	342231	talent-passive	TraitNodeEntry	false	0	Rotational	spec		102465	135699	1					api
Mage	Arcane	62	Arcane Familiar	205022	talent-passive	TraitNodeEntry	false	0	Rotational	spec		102469	126539	1					api
Mage	Arcane	62	Arcane Salvo	384452	talent-passive	TraitNodeEntry	false	0	Rotational	spec		108539	134028	1	Buff		cdm-only:CooldownSetSpell		api
Mage	Arcane	62	Arcane Singularity	1244001	talent-passive	TraitNodeEntry	false	0	Rotational	spec		108537	134026	2					api
Mage	Arcane	62	Arcane Tempo	383980	talent-passive	TraitNodeEntry	false	0	Rotational	spec		110442	137084	1					api
Mage	Arcane	62	Arcane Warding	383092	talent-passive	TraitNodeEntry	false	0	Rotational	class		62114	80173	2					api
Mage	Arcane	62	Archmage's Wrath	444968	talent-passive	TraitNodeEntry	false	0	Rotational	hero	Spellslinger	94658	117261	1					api
Mage	Arcane	62	Arcing Cleave	231564	talent-passive	TraitNodeEntry	false	0	Rotational	spec		102471	126541	1					api
Mage	Arcane	62	Ashes of Inspiration	1260272	talent-passive	TraitNodeEntry	false	0	Rotational	hero	Sunfury	94643	117246	1					api
Mage	Arcane	62	Attuned Familiar	1261106	talent-passive	TraitNodeEntry	false	0	Rotational	hero	Spellslinger	109669	135920	1					api
Mage	Arcane	62	Augury Abounds	1280165	talent-passive	TraitNodeEntry	false	0	Rotational	hero	Spellslinger	94662	117265	1					api
Mage	Arcane	62	Barrier Diffusion	455428	talent-passive	TraitNodeEntry	false	0	Rotational	class		62091	80147	1					api
Mage	Arcane	62	Brainstorm	461261	talent-passive	TraitNodeEntry	false	0	Rotational	class		110081	136579	1	Buff		cdm-only:CooldownSetSpell		api
Mage	Arcane	62	Burden of Power	451035	talent-passive	TraitNodeEntry	false	0	Rotational	hero	Sunfury	94644	117247	1					api
Mage	Arcane	62	Captured Thoughts	1270872	talent-passive	TraitNodeEntry	false	0	Rotational	class		62125	134184	1					api
Mage	Arcane	62	Charged Missiles	461251	talent-passive	TraitNodeEntry	false	0	Rotational	spec		102472	134022	1					api
Mage	Arcane	62	Charged Orb	384651	talent-passive	TraitNodeEntry	false	0	Rotational	spec		102475	126545	1					api
Mage	Arcane	62	Charm of Aegwynn	1244105	talent-passive	TraitNodeEntry	false	0	Rotational	class		108658	134188	1					api
Mage	Arcane	62	Charm of Medivh	1244107	talent-passive	TraitNodeEntry	false	0	Rotational	class		108657	134187	1					api
Mage	Arcane	62	Codex of the Sunstriders	449382	talent-passive	TraitNodeEntry	false	0	Rotational	hero	Sunfury	94645	117248	1					api
Mage	Arcane	62	Concentrated Power	414379	talent-passive	TraitNodeEntry	false	0	Rotational	spec		108538	134027	1					api
Mage	Arcane	62	Consortium's Bauble	461260	talent-passive	TraitNodeEntry	false	0	Rotational	spec		108536	134024	1					api
Mage	Arcane	62	Controlled Instincts	444483	talent-passive	TraitNodeEntry	false	0	Rotational	hero	Spellslinger	94656	117259	1					api
Mage	Arcane	62	Energized Barriers	386828	talent-passive	TraitNodeEntry	false	0	Rotational	class		62100	80157	1					api
Mage	Arcane	62	Energized Familiar	452997	talent-passive	TraitNodeEntry	false	0	Rotational	spec		102441	126511	1					api
Mage	Arcane	62	Enlightened	321387	talent-passive	TraitNodeEntry	false	0	Rotational	spec		102470	126540	1					api
Mage	Arcane	62	Eureka	452198	talent-passive	TraitNodeEntry	false	0	Rotational	spec		108665	134196	1					api
Mage	Arcane	62	Expanded Mind	1243557	talent-passive	TraitNodeEntry	false	0	Rotational	spec		109002	134834	1					api
Mage	Arcane	62	Explosive Potential	1246030	talent-passive	TraitNodeEntry	false	0	Rotational	hero	Sunfury	94651	134249	1	Buff		cdm-only:CooldownSetSpell		api
Mage	Arcane	62	Flow of Time	382268	talent-passive	TraitNodeEntry	false	0	Rotational	class		62096	80153	1					api
Mage	Arcane	62	Focusing Crystal	461257	talent-passive	TraitNodeEntry	false	0	Rotational	spec		102451	126521	1					api
Mage	Arcane	62	Force of Will	444719	talent-passive	TraitNodeEntry	false	0	Rotational	hero	Spellslinger	94663	117266	1					api
Mage	Arcane	62	Freezing Cold	386763	talent-passive	TraitNodeEntry	false	0	Rotational	class		62087	80143	1	Buff		cdm-only:CooldownSetSpell		api
Mage	Arcane	62	Frost Conditioning	1250315	talent-passive	TraitNodeEntry	false	0	Rotational	class		62107	80165	1					api
Mage	Arcane	62	Glorious Incandescence	449394	talent-passive	TraitNodeEntry	false	0	Rotational	hero	Sunfury	109675	135926	1	Buff		cdm-only:CooldownSetSpell		api
Mage	Arcane	62	High Voltage	461248	talent-passive	TraitNodeEntry	false	0	Rotational	spec		102472	126542	1					api
Mage	Arcane	62	Ice Cold	414659	talent-passive	TraitNodeEntry	false	0	Rotational	class		62085	80141	1					api
Mage	Arcane	62	Ice Ward	205036	talent-passive	TraitNodeEntry	false	0	Rotational	class		62110	136466	1					api
Mage	Arcane	62	Illuminated Thoughts	384060	talent-passive	TraitNodeEntry	false	0	Rotational	spec		108551	134047	1					api
Mage	Arcane	62	Impetus	383676	talent-passive	TraitNodeEntry	false	0	Rotational	spec		102453	126523	1					api
Mage	Arcane	62	Improved Blink	1244340	talent-passive	TraitNodeEntry	false	0	Rotational	class		62105	134197	1					api
Mage	Arcane	62	Improved Clearcasting	321420	talent-passive	TraitNodeEntry	false	0	Rotational	spec		102445	126515	1					api
Mage	Arcane	62	Improved Conjuration	1244025	talent-passive	TraitNodeEntry	false	0	Rotational	class		108662	134192	2					api
Mage	Arcane	62	Improved Counterspell	1270865	talent-passive	TraitNodeEntry	false	0	Rotational	class		110079	136577	1					api
Mage	Arcane	62	Improved Frost Nova	343183	talent-passive	TraitNodeEntry	false	0	Rotational	class		62110	80168	1					api
Mage	Arcane	62	Improved Prismatic Barrier	321745	talent-passive	TraitNodeEntry	false	0	Rotational	class		108664	134194	1					api
Mage	Arcane	62	Improved Remove Curse	1270847	talent-passive	TraitNodeEntry	false	0	Rotational	class		110078	136576	1					api
Mage	Arcane	62	Improved Spellsteal	1270827	talent-passive	TraitNodeEntry	false	0	Rotational	class		110082	136581	1	Buff		cdm-only:CooldownSetSpell		api
Mage	Arcane	62	Incantation of Swiftness	382293	talent-passive	TraitNodeEntry	false	0	Rotational	class		62112	80170	2	Buff		cdm-only:CooldownSetSpell		api
Mage	Arcane	62	Infused Splinters	1261080	talent-passive	TraitNodeEntry	false	0	Rotational	hero	Spellslinger	109668	135919	1					api
Mage	Arcane	62	Inspired Intellect	458437	talent-passive	TraitNodeEntry	false	0	Rotational	class		108660	134190	1					api
Mage	Arcane	62	Intuition	1223798	talent-passive	TraitNodeEntry	false	0	Rotational	spec		102446	126516	1	Buff		cdm-only:CooldownSetSpell		api
Mage	Arcane	62	Invocation: Arcane Phoenix	448658	talent-passive	TraitNodeEntry	false	0	Rotational	hero	Sunfury	94652	117255	1					api
Mage	Arcane	62	Lessons in Debilitation	449627	talent-passive	TraitNodeEntry	false	0	Rotational	hero	Sunfury	94651	117254	1					api
Mage	Arcane	62	Look Again	444756	talent-passive	TraitNodeEntry	false	0	Rotational	hero	Spellslinger	94659	123418	1					api
Mage	Arcane	62	Mana Adept	321526	talent-passive	TraitNodeEntry	false	0	Rotational	spec		102454	136465	1					api
Mage	Arcane	62	Mana Bomb	457521	talent-passive	TraitNodeEntry	false	0	Rotational	spec		102440	126510	1					api
Mage	Arcane	62	Mana Cascade	449293	talent-passive	TraitNodeEntry	false	0	Rotational	hero	Sunfury	94653	117256	1	Buff		cdm-only:CooldownSetSpell		api
Mage	Arcane	62	Mana Confluence	1270845	talent-passive	TraitNodeEntry	false	0	Rotational	class		110080	136578	1					api
Mage	Arcane	62	Master of Escape	210476	talent-passive	TraitNodeEntry	false	0	Rotational	class		108659	134189	1					api
Mage	Arcane	62	Master of Time	342249	talent-passive	TraitNodeEntry	false	0	Rotational	class		62102	80159	2					api
Mage	Arcane	62	Memory of Al'ar	449619	talent-passive	TraitNodeEntry	false	0	Rotational	hero	Sunfury	94646	117249	1					api
Mage	Arcane	62	Merely a Setback	449330	talent-passive	TraitNodeEntry	false	0	Rotational	hero	Sunfury	94649	117252	1	Buff		cdm-only:CooldownSetSpell		api
Mage	Arcane	62	Orb Barrage	384858	talent-passive	TraitNodeEntry	false	0	Rotational	spec		102474	126544	1					api
Mage	Arcane	62	Orb Mastery	1243435	talent-passive	TraitNodeEntry	false	0	Rotational	spec		102438	126508	1					api
Mage	Arcane	62	Overflowing Energy	390218	talent-passive	TraitNodeEntry	false	0	Rotational	class		108661	134191	1	Buff		cdm-only:CooldownSetSpell		api
Mage	Arcane	62	Overflowing Insight	1243542	talent-passive	TraitNodeEntry	false	0	Rotational	spec		102476	126546	1					api
Mage	Arcane	62	Overpowered Missiles	1244329	talent-passive	TraitNodeEntry	false	0	Rotational	spec		109478	135698	1	Buff		cdm-only:CooldownSetSpell		api
Mage	Arcane	62	Permafrost Bauble	1265517	talent-passive	TraitNodeEntry	false	0	Rotational	class		62086	80142	1					api
Mage	Arcane	62	Phantasmal Image	444784	talent-passive	TraitNodeEntry	false	0	Rotational	hero	Spellslinger	94660	123417	1					api
Mage	Arcane	62	Polished Focus	1261082	talent-passive	TraitNodeEntry	false	0	Rotational	hero	Spellslinger	109667	135918	1					api
Mage	Arcane	62	Prodigious Savant	384612	talent-passive	TraitNodeEntry	false	0	Rotational	spec		102480	126550	2					api
Mage	Arcane	62	Pyrocosm	1260673	talent-passive	TraitNodeEntry	false	0	Rotational	hero	Sunfury	109674	135925	1					api
Mage	Arcane	62	Quick Witted	382297	talent-passive	TraitNodeEntry	false	0	Rotational	class		62104	80161	1					api
Mage	Arcane	62	Reactive Barrier	444827	talent-passive	TraitNodeEntry	false	0	Rotational	hero	Spellslinger	94660	117263	1					api
Mage	Arcane	62	Reflection	1270829	talent-passive	TraitNodeEntry	false	0	Rotational	class		62094	136580	1	Buff		cdm-only:CooldownSetSpell		api
Mage	Arcane	62	Resonance	205028	talent-passive	TraitNodeEntry	false	0	Rotational	spec		108541	134030	1					api
Mage	Arcane	62	Reverberate	281482	talent-passive	TraitNodeEntry	false	0	Rotational	spec		102462	126532	1					api
Mage	Arcane	62	Rondurmancy	449596	talent-passive	TraitNodeEntry	false	0	Rotational	hero	Sunfury	94648	117251	1					api
Mage	Arcane	62	Savor the Moment	449412	talent-passive	TraitNodeEntry	false	0	Rotational	hero	Sunfury	94650	117253	1					api
Mage	Arcane	62	Shifting Shards	444675	talent-passive	TraitNodeEntry	false	0	Rotational	hero	Spellslinger	109669	135946	1					api
Mage	Arcane	62	Signature Spell	470021	talent-passive	TraitNodeEntry	false	0	Rotational	hero	Spellslinger	94657	128267	1					api
Mage	Arcane	62	Slippery Slinging	444752	talent-passive	TraitNodeEntry	false	0	Rotational	hero	Spellslinger	94659	117262	1					api
Mage	Arcane	62	Slipstream	236457	talent-passive	TraitNodeEntry	false	0	Rotational	spec		102460	134025	1					api
Mage	Arcane	62	Spatial Manipulation	1244031	talent-passive	TraitNodeEntry	false	0	Rotational	class		62094	126060	1					api
Mage	Arcane	62	Spellfire Salvo	1260616	talent-passive	TraitNodeEntry	false	0	Rotational	hero	Sunfury	109673	135924	1					api
Mage	Arcane	62	Spellfire Spheres	448601	talent-passive	TraitNodeEntry	false	0	Rotational	hero	Sunfury	94647	117250	1	Buff		cdm-only:CooldownSetSpell		api
Mage	Arcane	62	Spellfrost Teachings	444986	talent-passive	TraitNodeEntry	false	0	Rotational	hero	Spellslinger	94655	117258	1					api
Mage	Arcane	62	Splintering Orbs	444256	talent-passive	TraitNodeEntry	false	0	Rotational	hero	Spellslinger	94661	117264	1					api
Mage	Arcane	62	Splintering Sorcery	443739	talent-passive	TraitNodeEntry	false	0	Rotational	hero	Spellslinger	94664	117267	1					api
Mage	Arcane	62	Splinterstorm	443783	talent-passive	TraitNodeEntry	false	0	Rotational	hero	Spellslinger	94654	117257	1					api
Mage	Arcane	62	Sunfury Execution	449349	talent-passive	TraitNodeEntry	false	0	Rotational	hero	Sunfury	94650	123867	1					api
Mage	Arcane	62	Temporal Realignment	1244090	talent-passive	TraitNodeEntry	false	0	Rotational	class		108654	134182	1					api
Mage	Arcane	62	Time Manipulation	387807	talent-passive	TraitNodeEntry	false	0	Rotational	class		62129	80189	1					api
Mage	Arcane	62	Time Twist	1255166	talent-passive	TraitNodeEntry	false	0	Rotational	hero	Sunfury	94649	135598	1					api
Mage	Arcane	62	Time Walk	1244087	talent-passive	TraitNodeEntry	false	0	Rotational	class		108654	134183	1					api
Mage	Arcane	62	Tome of Antonidas	382490	talent-passive	TraitNodeEntry	false	0	Rotational	class		62098	80155	1					api
Mage	Arcane	62	Tome of Rhonin	382493	talent-passive	TraitNodeEntry	false	0	Rotational	class		62127	80187	1					api
Mage	Arcane	62	Touch of the Archmage	1257942	talent-passive	TraitNodeEntry	false	0	Rotational	spec		110420	137028	1	Buff		talent-passive:TraitNodeEntry;cdm-only:CooldownSetSpell		api
Mage	Arcane	62	Winter's Protection	382424	talent-passive	TraitNodeEntry	false	0	Rotational	class		62123	80182	2					api
Mage	Arcane	62	Arcane Soul	451038	cdm-only	CooldownSetSpell	true	0	Rotational						Other				db2-template
Mage	Arcane	62	Clearcasting	79684	cdm-only	CooldownSetSpell	false	0	Rotational						Buff				api
Mage	Arcane	62	Hypothermia	41425	cdm-only	CooldownSetSpell	true	0	Rotational						Buff				db2-template
Mage	Fire	63	Mass Invisibility	414664	talent-active	TraitNodeEntry	true	300	Cooldown	class		62092	115878	1	Buff/Utility	Class 4 (Special)	cdm-only:CooldownSetSpell		api
Mage	Fire	63	Combustion	190319	talent-active	TraitNodeEntry	true	120	Cooldown	spec		100995	124756	1	Essential/Other	Cooldown 1	cdm-only:CooldownSetSpell		api
Mage	Fire	63	Greater Invisibility	110959	talent-active	TraitNodeEntry	true	120	Cooldown	class		93524	115877	1		Taunt/Quick Access			api
Mage	Fire	63	Mirror Image	55342	talent-active	TraitNodeEntry	true	120	Cooldown	class		62124	80183	1	Buff/Utility	Self-Heal 2	cdm-only:CooldownSetSpell		api
Mage	Fire	63	Alter Time	342245	talent-active	TraitNodeEntry	true	60	Cooldown	class		62115	80174	1	Buff/Utility	Self-Heal 1	cdm-only:CooldownSetSpell		api
Mage	Fire	63	Meteor	153561	talent-active	TraitNodeEntry	true	45	Cooldown	spec		101021	124786	1	Essential		cdm-only:CooldownSetSpell		api
Mage	Fire	63	Blazing Barrier	235313	talent-active	TraitNodeEntry	true	30	Rotational	class		62119	80178	1	Buff/Utility	Personal Defensive 1	cdm-only:CooldownSetSpell		api
Mage	Fire	63	Remove Curse	475	talent-active	TraitNodeEntry	true	8	Rotational	class		62116	80175	1	Utility	Class 6 (Dispel)	cdm-only:CooldownSetSpell		api
Mage	Fire	63	Fire Blast	108853	talent-active	TraitNodeEntry	true	0.5	Rotational	spec		100989	124750	1	Essential	Rotational 2	class-baseline:SkillLineAbility:904;cdm-only:CooldownSetSpell		api
Mage	Fire	63	Frostfire Bolt	431044	talent-active	TraitNodeEntry	true	0	Rotational	hero	Frostfire	94636	117239	1	Essential		talent-active:TraitNodeEntry;cdm-only:CooldownSetSpell		api
Mage	Fire	63	Ice Block	45438	talent-active	TraitNodeEntry	true	0	Rotational	class		62122	80181	1	Buff/Utility	Immune/Spell Immune/Movement	cdm-only:CooldownSetSpell		api
Mage	Fire	63	Pyroblast	11366	talent-active	TraitNodeEntry	true	0	Rotational	spec		100998	124759	1	Essential	Rotational 3	cdm-only:CooldownSetSpell		api
Mage	Fire	63	Scorch	2948	talent-active	TraitNodeEntry	true	0	Rotational	spec		110322	136879	1	Essential	Rotational 4	cdm-only:CooldownSetSpell		api
Mage	Fire	63	Spellsteal	30449	talent-active	TraitNodeEntry	true	0	Rotational	class		62084	80140	1		Class 5 (Purge)			api
Mage	Fire	63	Mass Polymorph	383121	talent-choice	TraitNodeEntry	true	60	Cooldown	class		62088	134198	1	Buff/Utility	Class 1 (Movement)	cdm-only:CooldownSetSpell		api
Mage	Fire	63	Dragon's Breath	31661	talent-choice	TraitNodeEntry	true	45	Cooldown	class		101883	125819	1	Buff/Utility		cdm-only:CooldownSetSpell		api
Mage	Fire	63	Ring of Frost	113724	talent-choice	TraitNodeEntry	true	45	Cooldown	class		62088	80144	1	Buff/Utility		cdm-only:CooldownSetSpell		api
Mage	Fire	63	Supernova	157980	talent-choice	TraitNodeEntry	true	45	Cooldown	class		101883	125818	1	Utility	CC 2	cdm-only:CooldownSetSpell		api
Mage	Fire	63	Ice Nova	157997	talent-choice	TraitNodeEntry	true	25	Rotational	class		62087	134199	1	Buff		cdm-only:CooldownSetSpell		api
Mage	Fire	63	Shimmer	212653	talent-choice	TraitNodeEntry	true	0.5	Rotational	class		62105	80163	1					api
Mage	Fire	63	Flamestrike	2120	talent-choice	TraitNodeEntry	true	0	Rotational	spec		109409	135619	1	Essential		talent-choice:TraitNodeEntry;cdm-only:CooldownSetSpell		api
Mage	Fire	63	Illusion	131784	class-baseline	SkillLineAbility:904	true	600	Cooldown										api
Mage	Fire	63	Invisibility	66	class-baseline	SkillLineAbility:904	true	300	Cooldown						Buff/Utility		cdm-only:CooldownSetSpell		api
Mage	Fire	63	Time Warp	80353	class-baseline	SkillLineAbility:904	true	300	Cooldown						Utility	Class 8 (Lust/BRes)	cdm-only:CooldownSetSpell		api
Mage	Fire	63	Ancient Portal: Dalaran	120146	class-baseline	SkillLineAbility:904	true	60	Cooldown										api
Mage	Fire	63	Mark of Aluneth	210726	class-baseline	SkillLineAbility:904	true	60	Cooldown										api
Mage	Fire	63	Portal: Boralus	281400	class-baseline	SkillLineAbility:904	true	60	Cooldown										api
Mage	Fire	63	Portal: Dalaran - Broken Isles	224871	class-baseline	SkillLineAbility:904	true	60	Cooldown										api
Mage	Fire	63	Portal: Dalaran - Northrend	53142	class-baseline	SkillLineAbility:904	true	60	Cooldown										api
Mage	Fire	63	Portal: Darnassus	11419	class-baseline	SkillLineAbility:904	true	60	Cooldown										api
Mage	Fire	63	Portal: Dazar'alor	281402	class-baseline	SkillLineAbility:904	true	60	Cooldown										api
Mage	Fire	63	Portal: Dornogal	446534	class-baseline	SkillLineAbility:904	true	60	Cooldown										api
Mage	Fire	63	Portal: Exodar	32266	class-baseline	SkillLineAbility:904	true	60	Cooldown										api
Mage	Fire	63	Portal: Ironforge	11416	class-baseline	SkillLineAbility:904	true	60	Cooldown										api
Mage	Fire	63	Portal: Orgrimmar	11417	class-baseline	SkillLineAbility:904	true	60	Cooldown										api
Mage	Fire	63	Portal: Oribos	344597	class-baseline	SkillLineAbility:904	true	60	Cooldown										api
Mage	Fire	63	Portal: Shattrath	33691	class-baseline	SkillLineAbility:904	true	60	Cooldown										api
Mage	Fire	63	Portal: Silvermoon (Burning Crusade)	32267	class-baseline	SkillLineAbility:904	true	60	Cooldown										api
Mage	Fire	63	Portal: Silvermoon City	1259194	class-baseline	SkillLineAbility:904	true	60	Cooldown										api
Mage	Fire	63	Portal: Stonard	49361	class-baseline	SkillLineAbility:904	true	60	Cooldown										api
Mage	Fire	63	Portal: Stormshield	176246	class-baseline	SkillLineAbility:904	true	60	Cooldown										api
Mage	Fire	63	Portal: Stormwind	10059	class-baseline	SkillLineAbility:904	true	60	Cooldown										api
Mage	Fire	63	Portal: Theramore	49360	class-baseline	SkillLineAbility:904	true	60	Cooldown										api
Mage	Fire	63	Portal: Thunder Bluff	11420	class-baseline	SkillLineAbility:904	true	60	Cooldown										api
Mage	Fire	63	Portal: Tol Barad	88345	class-baseline	SkillLineAbility:904	true	60	Cooldown										api
Mage	Fire	63	Portal: Undercity	11418	class-baseline	SkillLineAbility:904	true	60	Cooldown										api
Mage	Fire	63	Portal: Valdrakken	395289	class-baseline	SkillLineAbility:904	true	60	Cooldown										api
Mage	Fire	63	Portal: Vale of Eternal Blossoms	132626	class-baseline	SkillLineAbility:904	true	60	Cooldown										api
Mage	Fire	63	Portal: Warspear	176244	class-baseline	SkillLineAbility:904	true	60	Cooldown										api
Mage	Fire	63	Teleport: Hall of the Guardian	193759	class-baseline	SkillLineAbility:904	true	60	Cooldown										api
Mage	Fire	63	Ebonbolt	214634	class-baseline	SkillLineAbility:904	true	45	Cooldown										api
Mage	Fire	63	Cone of Cold	120	class-baseline	SkillLineAbility:904	true	25	Rotational						Utility	Class 2 (CC)	cdm-only:CooldownSetSpell		api
Mage	Fire	63	Counterspell	2139	class-baseline	SkillLineAbility:904	true	25	Rotational						Utility	Interrupt	cdm-only:CooldownSetSpell		api
Mage	Fire	63	Conjure Refreshment	190336	class-baseline	SkillLineAbility:904	true	15	Rotational										api
Mage	Fire	63	Blink	1953	class-baseline	SkillLineAbility:904	true	0.5	Rotational						Utility	Movement Ability	cdm-only:CooldownSetSpell		api
Mage	Fire	63	Ancient Teleport: Dalaran	120145	class-baseline	SkillLineAbility:904	true	0	Rotational										api
Mage	Fire	63	Arcane Explosion	1449	class-baseline	SkillLineAbility:904	true	0	Rotational										api
Mage	Fire	63	Arcane Intellect	1459	class-baseline	SkillLineAbility:904	true	0	Rotational							Res			api
Mage	Fire	63	Fireball	133	class-baseline	SpecializationSpells	true	0	Rotational							Rotational 1			api
Mage	Fire	63	Frost Nova	122	class-baseline	SkillLineAbility:904	true	0	Rotational						Buff/Utility	CC	cdm-only:CooldownSetSpell		api
Mage	Fire	63	Frostbolt	116	class-baseline	SkillLineAbility:904	true	0	Rotational										api
Mage	Fire	63	Phoenix's Flames	194466	class-baseline	SkillLineAbility:904	true	0	Rotational										api
Mage	Fire	63	Polymorph	118	class-baseline	SkillLineAbility:904	true	0	Rotational						Buff	Class 3 (Tag)	cdm-only:CooldownSetSpell		api
Mage	Fire	63	Portal	343140	class-baseline	SkillLineAbility:904	true	0	Rotational										api
Mage	Fire	63	Single-Button Assistant	1229376	class-baseline	SpecializationSpells	true	0	Rotational										api
Mage	Fire	63	Slow Fall	130	class-baseline	SkillLineAbility:904	true	0	Rotational						Buff	Class 7 (Raid Defensive)	cdm-only:CooldownSetSpell		api
Mage	Fire	63	Teleport	343127	class-baseline	SkillLineAbility:904	true	0	Rotational										api
Mage	Fire	63	Teleport: Boralus	281403	class-baseline	SkillLineAbility:904	true	0	Rotational										api
Mage	Fire	63	Teleport: Dalaran - Broken Isles	224869	class-baseline	SkillLineAbility:904	true	0	Rotational										api
Mage	Fire	63	Teleport: Dalaran - Northrend	53140	class-baseline	SkillLineAbility:904	true	0	Rotational										api
Mage	Fire	63	Teleport: Darnassus	3565	class-baseline	SkillLineAbility:904	true	0	Rotational										api
Mage	Fire	63	Teleport: Dazar'alor	281404	class-baseline	SkillLineAbility:904	true	0	Rotational										api
Mage	Fire	63	Teleport: Dornogal	446540	class-baseline	SkillLineAbility:904	true	0	Rotational										api
Mage	Fire	63	Teleport: Exodar	32271	class-baseline	SkillLineAbility:904	true	0	Rotational										api
Mage	Fire	63	Teleport: Ironforge	3562	class-baseline	SkillLineAbility:904	true	0	Rotational										api
Mage	Fire	63	Teleport: Orgrimmar	3567	class-baseline	SkillLineAbility:904	true	0	Rotational										api
Mage	Fire	63	Teleport: Oribos	344587	class-baseline	SkillLineAbility:904	true	0	Rotational										api
Mage	Fire	63	Teleport: Shattrath	33690	class-baseline	SkillLineAbility:904	true	0	Rotational										api
Mage	Fire	63	Teleport: Silvermoon (Burning Crusade)	32272	class-baseline	SkillLineAbility:904	true	0	Rotational										api
Mage	Fire	63	Teleport: Silvermoon City	1259190	class-baseline	SkillLineAbility:904	true	0	Rotational										api
Mage	Fire	63	Teleport: Stonard	49358	class-baseline	SkillLineAbility:904	true	0	Rotational										api
Mage	Fire	63	Teleport: Stormshield	176248	class-baseline	SkillLineAbility:904	true	0	Rotational										api
Mage	Fire	63	Teleport: Stormwind	3561	class-baseline	SkillLineAbility:904	true	0	Rotational										api
Mage	Fire	63	Teleport: Theramore	49359	class-baseline	SkillLineAbility:904	true	0	Rotational										api
Mage	Fire	63	Teleport: Thunder Bluff	3566	class-baseline	SkillLineAbility:904	true	0	Rotational										api
Mage	Fire	63	Teleport: Tol Barad	88342	class-baseline	SkillLineAbility:904	true	0	Rotational										api
Mage	Fire	63	Teleport: Undercity	3563	class-baseline	SkillLineAbility:904	true	0	Rotational										api
Mage	Fire	63	Teleport: Valdrakken	395277	class-baseline	SkillLineAbility:904	true	0	Rotational										api
Mage	Fire	63	Teleport: Vale of Eternal Blossoms	132621	class-baseline	SkillLineAbility:904	true	0	Rotational										api
Mage	Fire	63	Teleport: Warspear	176242	class-baseline	SkillLineAbility:904	true	0	Rotational										api
Mage	Fire	63	Ice Wall	352278	pvp-talent	PvpTalent	true	90	Cooldown						Utility		cdm-only:CooldownSetSpell		api
Mage	Fire	63	Ring of Fire	353082	pvp-talent	PvpTalent	true	45	Cooldown						Buff		cdm-only:CooldownSetSpell		api
Mage	Fire	63	Greater Pyroblast	203286	pvp-talent	PvpTalent	true	15	Rotational						Essential		cdm-only:CooldownSetSpell		api
Mage	Fire	63	Ethereal Blink	410939	pvp-talent	PvpTalent	false	0	Rotational						Buff		cdm-only:CooldownSetSpell		api
Mage	Fire	63	Glass Cannon	390428	pvp-talent	PvpTalent	false	0	Rotational										api
Mage	Fire	63	Improved Mass Invisibility	415945	pvp-talent	PvpTalent	false	0	Rotational										api
Mage	Fire	63	Master Shepherd	410248	pvp-talent	PvpTalent	false	0	Rotational										api
Mage	Fire	63	Overpowered Barrier	1220739	pvp-talent	PvpTalent	false	0	Rotational										api
Mage	Fire	63	World in Flames	203280	pvp-talent	PvpTalent	false	0	Rotational										api
Mage	Fire	63	Arcane Warding	383092	talent-passive	TraitNodeEntry	false	0	Rotational	class		62114	80173	2					api
Mage	Fire	63	Ashes of Inspiration	1260272	talent-passive	TraitNodeEntry	false	0	Rotational	hero	Sunfury	94643	117246	1	Buff		cdm-only:CooldownSetSpell		api
Mage	Fire	63	Barrier Diffusion	455428	talent-passive	TraitNodeEntry	false	0	Rotational	class		62091	80147	1					api
Mage	Fire	63	Blast Radius	1248016	talent-passive	TraitNodeEntry	false	0	Rotational	hero	Frostfire	94637	117240	1					api
Mage	Fire	63	Blast Zone	416719	talent-passive	TraitNodeEntry	false	0	Rotational	spec		109400	135608	1					api
Mage	Fire	63	Brainstorm	461261	talent-passive	TraitNodeEntry	false	0	Rotational	class		110081	136579	1	Buff		cdm-only:CooldownSetSpell		api
Mage	Fire	63	Burden of Power	451035	talent-passive	TraitNodeEntry	false	0	Rotational	hero	Sunfury	94644	117247	1					api
Mage	Fire	63	Burn It All	1254512	talent-passive	TraitNodeEntry	false	0	Rotational	spec		101007	135618	1					api
Mage	Fire	63	Burnout	1271177	talent-passive	TraitNodeEntry	false	0	Rotational	spec		110088	136589	1					api
Mage	Fire	63	Captured Thoughts	1270872	talent-passive	TraitNodeEntry	false	0	Rotational	class		62125	134184	1					api
Mage	Fire	63	Cauterize	86949	talent-passive	TraitNodeEntry	false	0	Rotational	spec		109403	135612	1	Buff		cdm-only:CooldownSetSpell		api
Mage	Fire	63	Charm of Aegwynn	1244105	talent-passive	TraitNodeEntry	false	0	Rotational	class		108658	134188	1					api
Mage	Fire	63	Charm of Medivh	1244107	talent-passive	TraitNodeEntry	false	0	Rotational	class		108657	134187	1					api
Mage	Fire	63	Cinderstorm	1254865	talent-passive	TraitNodeEntry	false	0	Rotational	spec		109397	135605	1					api
Mage	Fire	63	Codex of the Sunstriders	449382	talent-passive	TraitNodeEntry	false	0	Rotational	hero	Sunfury	94645	117248	1					api
Mage	Fire	63	Conflagration	1271171	talent-passive	TraitNodeEntry	false	0	Rotational	spec		110087	136588	1					api
Mage	Fire	63	Controlled Destruction	383669	talent-passive	TraitNodeEntry	false	0	Rotational	spec		109401	135609	1	Buff		cdm-only:CooldownSetSpell		api
Mage	Fire	63	Critical Mass	117216	talent-passive	TraitNodeEntry	false	0	Rotational	spec		101029	124795	2					api
Mage	Fire	63	Deep Impact	1254857	talent-passive	TraitNodeEntry	false	0	Rotational	spec		101016	124779	1					api
Mage	Fire	63	Dualcasting Adept	1248014	talent-passive	TraitNodeEntry	false	0	Rotational	hero	Frostfire	94634	117237	1					api
Mage	Fire	63	Duality	1262843	talent-passive	TraitNodeEntry	false	0	Rotational	hero	Frostfire	109672	135923	1					api
Mage	Fire	63	Elemental Affinity	431067	talent-passive	TraitNodeEntry	false	0	Rotational	hero	Frostfire	94633	117236	1					db2-template
Mage	Fire	63	Elemental Conduit	1262845	talent-passive	TraitNodeEntry	false	0	Rotational	hero	Frostfire	109670	135921	1					api
Mage	Fire	63	Energized Barriers	386828	talent-passive	TraitNodeEntry	false	0	Rotational	class		62100	80157	1					api
Mage	Fire	63	Explosive Potential	1246030	talent-passive	TraitNodeEntry	false	0	Rotational	hero	Sunfury	94651	134249	1	Buff		cdm-only:CooldownSetSpell		api
Mage	Fire	63	Feel the Burn	383391	talent-passive	TraitNodeEntry	false	0	Rotational	spec		100999	124760	1	Buff		cdm-only:CooldownSetSpell		api
Mage	Fire	63	Fervent Flickering	387044	talent-passive	TraitNodeEntry	false	0	Rotational	spec		101027	124793	1					api
Mage	Fire	63	Fevered Incantation	383810	talent-passive	TraitNodeEntry	false	0	Rotational	spec		101019	124783	2	Buff		cdm-only:CooldownSetSpell		api
Mage	Fire	63	Fiery Rush	383634	talent-passive	TraitNodeEntry	false	0	Rotational	spec		109396	135604	1					api
Mage	Fire	63	Fire's Ire	450831	talent-passive	TraitNodeEntry	false	0	Rotational	spec		101004	124765	2					api
Mage	Fire	63	Fired Up	1257343	talent-passive	TraitNodeEntry	false	0	Rotational	spec		110423	137037	1	Buff		talent-passive:TraitNodeEntry;cdm-only:CooldownSetSpell		api
Mage	Fire	63	Firestarter	205026	talent-passive	TraitNodeEntry	false	0	Rotational	spec		110321	136878	1					api
Mage	Fire	63	Flame Accelerant	453282	talent-passive	TraitNodeEntry	false	0	Rotational	spec		109394	135601	1					api
Mage	Fire	63	Flame On	205029	talent-passive	TraitNodeEntry	false	0	Rotational	spec		101009	124771	1					api
Mage	Fire	63	Flame and Frost	431112	talent-passive	TraitNodeEntry	false	0	Rotational	hero	Frostfire	94633	117775	1					api
Mage	Fire	63	Flash Freezeburn	431178	talent-passive	TraitNodeEntry	false	0	Rotational	hero	Frostfire	94632	117235	1					api
Mage	Fire	63	Flow of Time	382268	talent-passive	TraitNodeEntry	false	0	Rotational	class		62096	80153	1					api
Mage	Fire	63	Freezing Cold	386763	talent-passive	TraitNodeEntry	false	0	Rotational	class		62087	80143	1	Buff		cdm-only:CooldownSetSpell		api
Mage	Fire	63	From the Ashes	342344	talent-passive	TraitNodeEntry	false	0	Rotational	spec		109393	135600	1					api
Mage	Fire	63	Frost Conditioning	1250315	talent-passive	TraitNodeEntry	false	0	Rotational	class		62107	80165	1					api
Mage	Fire	63	Frostfire Empowerment	431176	talent-passive	TraitNodeEntry	false	0	Rotational	hero	Frostfire	94641	117244	1	Buff		cdm-only:CooldownSetSpell		api
Mage	Fire	63	Frostfire Infusion	431166	talent-passive	TraitNodeEntry	false	0	Rotational	hero	Frostfire	94639	117242	1					api
Mage	Fire	63	Fuel the Fire	416094	talent-passive	TraitNodeEntry	false	0	Rotational	spec		109406	135615	1					api
Mage	Fire	63	Glorious Incandescence	449394	talent-passive	TraitNodeEntry	false	0	Rotational	hero	Sunfury	109675	135926	1	Buff		cdm-only:CooldownSetSpell		api
Mage	Fire	63	Heat Shimmer	457735	talent-passive	TraitNodeEntry	false	0	Rotational	spec		109411	135621	1	Buff		cdm-only:CooldownSetSpell		api
Mage	Fire	63	Heat Sink	1248002	talent-passive	TraitNodeEntry	false	0	Rotational	hero	Frostfire	94638	117241	1					api
Mage	Fire	63	Ice Cold	414659	talent-passive	TraitNodeEntry	false	0	Rotational	class		62085	80141	1					api
Mage	Fire	63	Ice Ward	205036	talent-passive	TraitNodeEntry	false	0	Rotational	class		62110	136466	1					api
Mage	Fire	63	Ignition	1254756	talent-passive	TraitNodeEntry	false	0	Rotational	spec		109407	135616	1					api
Mage	Fire	63	Imbued Warding	431066	talent-passive	TraitNodeEntry	false	0	Rotational	hero	Frostfire	94642	117245	1					db2-template
Mage	Fire	63	Improved Blazing Barrier	321708	talent-passive	TraitNodeEntry	false	0	Rotational	class		108656	134186	1					api
Mage	Fire	63	Improved Blink	1244340	talent-passive	TraitNodeEntry	false	0	Rotational	class		62105	134197	1					api
Mage	Fire	63	Improved Conjuration	1244025	talent-passive	TraitNodeEntry	false	0	Rotational	class		108662	134192	2					api
Mage	Fire	63	Improved Counterspell	1270865	talent-passive	TraitNodeEntry	false	0	Rotational	class		110079	136577	1					api
Mage	Fire	63	Improved Frost Nova	343183	talent-passive	TraitNodeEntry	false	0	Rotational	class		62110	80168	1					api
Mage	Fire	63	Improved Remove Curse	1270847	talent-passive	TraitNodeEntry	false	0	Rotational	class		110078	136576	1					api
Mage	Fire	63	Improved Spellsteal	1270827	talent-passive	TraitNodeEntry	false	0	Rotational	class		110082	136581	1	Buff		cdm-only:CooldownSetSpell		api
Mage	Fire	63	Incantation of Swiftness	382293	talent-passive	TraitNodeEntry	false	0	Rotational	class		62112	80170	2	Buff		cdm-only:CooldownSetSpell		api
Mage	Fire	63	Inflame	417467	talent-passive	TraitNodeEntry	false	0	Rotational	spec		110086	136587	1					api
Mage	Fire	63	Inspired Intellect	458437	talent-passive	TraitNodeEntry	false	0	Rotational	class		108660	134190	1					api
Mage	Fire	63	Intensifying Flame	416714	talent-passive	TraitNodeEntry	false	0	Rotational	spec		109402	135610	1					api
Mage	Fire	63	Invocation: Arcane Phoenix	448658	talent-passive	TraitNodeEntry	false	0	Rotational	hero	Sunfury	94652	117255	1					api
Mage	Fire	63	Isothermic Core	431095	talent-passive	TraitNodeEntry	false	0	Rotational	hero	Frostfire	94635	117238	1					api
Mage	Fire	63	Kindling	1254194	talent-passive	TraitNodeEntry	false	0	Rotational	spec		101024	124789	1					api
Mage	Fire	63	Lessons in Debilitation	449627	talent-passive	TraitNodeEntry	false	0	Rotational	hero	Sunfury	94651	117254	1					api
Mage	Fire	63	Mana Cascade	449293	talent-passive	TraitNodeEntry	false	0	Rotational	hero	Sunfury	94653	117256	1	Buff		cdm-only:CooldownSetSpell		api
Mage	Fire	63	Mana Confluence	1270845	talent-passive	TraitNodeEntry	false	0	Rotational	class		110080	136578	1					api
Mage	Fire	63	Master of Escape	210476	talent-passive	TraitNodeEntry	false	0	Rotational	class		108659	134189	1					api
Mage	Fire	63	Master of Flame	384174	talent-passive	TraitNodeEntry	false	0	Rotational	spec		109395	135603	1					api
Mage	Fire	63	Master of Time	342249	talent-passive	TraitNodeEntry	false	0	Rotational	class		62102	80159	2					api
Mage	Fire	63	Meltdown	431131	talent-passive	TraitNodeEntry	false	0	Rotational	hero	Frostfire	94642	117776	1					api
Mage	Fire	63	Memory of Al'ar	449619	talent-passive	TraitNodeEntry	false	0	Rotational	hero	Sunfury	94646	117249	1					api
Mage	Fire	63	Merely a Setback	449330	talent-passive	TraitNodeEntry	false	0	Rotational	hero	Sunfury	94649	117252	1	Buff		cdm-only:CooldownSetSpell		api
Mage	Fire	63	Molten Chill	1262844	talent-passive	TraitNodeEntry	false	0	Rotational	hero	Frostfire	109671	135922	1					api
Mage	Fire	63	Molten Fury	457803	talent-passive	TraitNodeEntry	false	0	Rotational	spec		109398	135606	1					api
Mage	Fire	63	Mote of Flame	343230	talent-passive	TraitNodeEntry	false	0	Rotational	spec		109399	135607	1					api
Mage	Fire	63	Overflowing Energy	390218	talent-passive	TraitNodeEntry	false	0	Rotational	class		108661	134191	1	Buff		cdm-only:CooldownSetSpell		api
Mage	Fire	63	Permafrost Bauble	1265517	talent-passive	TraitNodeEntry	false	0	Rotational	class		62086	80142	1					api
Mage	Fire	63	Pyroclasm	269650	talent-passive	TraitNodeEntry	false	0	Rotational	spec		101015	124778	1	Buff		cdm-only:CooldownSetSpell		api
Mage	Fire	63	Pyrocosm	1260673	talent-passive	TraitNodeEntry	false	0	Rotational	hero	Sunfury	109674	135925	1					api
Mage	Fire	63	Pyromaniac	451466	talent-passive	TraitNodeEntry	false	0	Rotational	spec		110089	136590	1					api
Mage	Fire	63	Quick Witted	382297	talent-passive	TraitNodeEntry	false	0	Rotational	class		62104	80161	1					api
Mage	Fire	63	Reflection	1270829	talent-passive	TraitNodeEntry	false	0	Rotational	class		62094	136580	1	Buff		cdm-only:CooldownSetSpell		api
Mage	Fire	63	Rondurmancy	449596	talent-passive	TraitNodeEntry	false	0	Rotational	hero	Sunfury	94648	117251	1					api
Mage	Fire	63	Savor the Moment	449412	talent-passive	TraitNodeEntry	false	0	Rotational	hero	Sunfury	94650	117253	1					api
Mage	Fire	63	Scald	450746	talent-passive	TraitNodeEntry	false	0	Rotational	spec		109408	135617	1					api
Mage	Fire	63	Severe Temperatures	431189	talent-passive	TraitNodeEntry	false	0	Rotational	hero	Frostfire	94640	134441	1					api
Mage	Fire	63	Slow Burn	383967	talent-passive	TraitNodeEntry	false	0	Rotational	spec		101007	124769	1					api
Mage	Fire	63	Spatial Manipulation	1244031	talent-passive	TraitNodeEntry	false	0	Rotational	class		62094	126060	1					api
Mage	Fire	63	Spellfire Salvo	1260616	talent-passive	TraitNodeEntry	false	0	Rotational	hero	Sunfury	109673	135924	1					api
Mage	Fire	63	Spellfire Spheres	448601	talent-passive	TraitNodeEntry	false	0	Rotational	hero	Sunfury	94647	117250	1	Buff		cdm-only:CooldownSetSpell		api
Mage	Fire	63	Spontaneous Combustion	451875	talent-passive	TraitNodeEntry	false	0	Rotational	spec		109412	135622	2					api
Mage	Fire	63	Sunfury Execution	449349	talent-passive	TraitNodeEntry	false	0	Rotational	hero	Sunfury	94650	123867	1					api
Mage	Fire	63	Temporal Realignment	1244090	talent-passive	TraitNodeEntry	false	0	Rotational	class		108654	134182	1					api
Mage	Fire	63	Thermal Conditioning	431117	talent-passive	TraitNodeEntry	false	0	Rotational	hero	Frostfire	94640	117243	1					api
Mage	Fire	63	Time Manipulation	387807	talent-passive	TraitNodeEntry	false	0	Rotational	class		62129	80189	1					api
Mage	Fire	63	Time Twist	1255166	talent-passive	TraitNodeEntry	false	0	Rotational	hero	Sunfury	94649	135598	1					api
Mage	Fire	63	Time Walk	1244087	talent-passive	TraitNodeEntry	false	0	Rotational	class		108654	134183	1					api
Mage	Fire	63	Tome of Antonidas	382490	talent-passive	TraitNodeEntry	false	0	Rotational	class		62098	80155	1					api
Mage	Fire	63	Tome of Rhonin	382493	talent-passive	TraitNodeEntry	false	0	Rotational	class		62127	80187	1					api
Mage	Fire	63	Wildfire	1254828	talent-passive	TraitNodeEntry	false	0	Rotational	spec		109404	135613	2					api
Mage	Fire	63	Winter's Protection	382424	talent-passive	TraitNodeEntry	false	0	Rotational	class		62123	80182	2					api
Mage	Fire	63	Kleptomania	198100	cdm-only	CooldownSetSpell	true	20	Rotational						Utility				api
Mage	Fire	63	Chilled	205708	cdm-only	CooldownSetSpell	true	0	Rotational						Buff				db2-template
Mage	Fire	63	Hyperthermia	383874	cdm-only	CooldownSetSpell	true	0	Rotational						Other				db2-template
Mage	Fire	63	Hypothermia	41425	cdm-only	CooldownSetSpell	true	0	Rotational						Buff				db2-template
Mage	Fire	63	Ice Barrier	11426	cdm-only	CooldownSetSpell	true	0	Rotational						Buff				api
Mage	Fire	63	Mastery: Ignite	12846	cdm-only	CooldownSetSpell	false	0	Rotational						Buff				api
Mage	Fire	63	Meteor Burn	155158	cdm-only	CooldownSetSpell	true	0	Rotational						Buff				db2-template+redirect
Mage	Fire	63	Pyroblast Clearcasting Driver	44448	cdm-only	CooldownSetSpell	false	0	Rotational						Buff				none
Mage	Frost	64	Mass Invisibility	414664	talent-active	TraitNodeEntry	true	300	Cooldown	class		62092	115878	1	Buff/Utility	Class 4 (Special)	cdm-only:CooldownSetSpell		api
Mage	Frost	64	Greater Invisibility	110959	talent-active	TraitNodeEntry	true	120	Cooldown	class		93524	115877	1		Taunt/Quick Access			api
Mage	Frost	64	Mirror Image	55342	talent-active	TraitNodeEntry	true	120	Cooldown	class		62124	80183	1	Buff/Utility	Self-Heal 2	cdm-only:CooldownSetSpell		api
Mage	Frost	64	Alter Time	342245	talent-active	TraitNodeEntry	true	60	Cooldown	class		62115	80174	1	Buff/Utility	Self-Heal 1	cdm-only:CooldownSetSpell		api
Mage	Frost	64	Frozen Orb	84714	talent-active	TraitNodeEntry	true	60	Cooldown	spec		62177	80242	1	Essential	Cooldown 1	cdm-only:CooldownSetSpell		api
Mage	Frost	64	Remove Curse	475	talent-active	TraitNodeEntry	true	8	Rotational	class		62116	80175	1	Utility	Class 6 (Dispel)	cdm-only:CooldownSetSpell		api
Mage	Frost	64	Flurry	44614	talent-active	TraitNodeEntry	true	0	Rotational	spec		62178	80243	1	Essential	Rotational 3	cdm-only:CooldownSetSpell		api
Mage	Frost	64	Frostfire Bolt	431044	talent-active	TraitNodeEntry	true	0	Rotational	hero	Frostfire	94636	117239	1	Buff/Essential		talent-active:TraitNodeEntry;cdm-only:CooldownSetSpell		api
Mage	Frost	64	Ice Barrier	11426	talent-active	TraitNodeEntry	true	0	Rotational	class		62117	80176	1	Buff/Utility	Class 7 (Raid Defensive)	cdm-only:CooldownSetSpell		api
Mage	Frost	64	Ice Block	45438	talent-active	TraitNodeEntry	true	0	Rotational	class		62122	80181	1	Buff/Utility	Immune/Spell Immune/Movement	cdm-only:CooldownSetSpell		api
Mage	Frost	64	Ice Lance	30455	talent-active	TraitNodeEntry	true	0	Rotational	spec		62176	80241	1	Essential	Rotational 2	cdm-only:CooldownSetSpell		api
Mage	Frost	64	Ray of Frost	205021	talent-active	TraitNodeEntry	true	0	Rotational	spec		62153	80216	1	Essential		cdm-only:CooldownSetSpell		api
Mage	Frost	64	Spellsteal	30449	talent-active	TraitNodeEntry	true	0	Rotational	class		62084	80140	1		Class 5 (Purge)			api
Mage	Frost	64	Cold Snap	235219	talent-choice	TraitNodeEntry	true	300	Cooldown	spec		108653	134181	1					api
Mage	Frost	64	Mass Polymorph	383121	talent-choice	TraitNodeEntry	true	60	Cooldown	class		62088	134198	1	Buff/Utility	Class 1 (Movement)	cdm-only:CooldownSetSpell		api
Mage	Frost	64	Dragon's Breath	31661	talent-choice	TraitNodeEntry	true	45	Cooldown	class		101883	125819	1	Buff/Utility		cdm-only:CooldownSetSpell		api
Mage	Frost	64	Ring of Frost	113724	talent-choice	TraitNodeEntry	true	45	Cooldown	class		62088	80144	1	Buff/Utility		cdm-only:CooldownSetSpell		api
Mage	Frost	64	Supernova	157980	talent-choice	TraitNodeEntry	true	45	Cooldown	class		101883	125818	1	Utility	CC 2	cdm-only:CooldownSetSpell		api
Mage	Frost	64	Ice Nova	157997	talent-choice	TraitNodeEntry	true	25	Rotational	class		62087	134199	1	Buff/Utility		cdm-only:CooldownSetSpell		api
Mage	Frost	64	Summon Water Elemental	31687	talent-choice	TraitNodeEntry	true	15	Rotational	spec		108850	134406	1					api
Mage	Frost	64	Blizzard	190356	talent-choice	TraitNodeEntry	true	12	Rotational	spec		108864	134421	1	Essential		talent-choice:TraitNodeEntry;cdm-only:CooldownSetSpell		api
Mage	Frost	64	Shimmer	212653	talent-choice	TraitNodeEntry	true	0.5	Rotational	class		62105	80163	1					api
Mage	Frost	64	Illusion	131784	class-baseline	SkillLineAbility:904	true	600	Cooldown										api
Mage	Frost	64	Invisibility	66	class-baseline	SkillLineAbility:904	true	300	Cooldown						Buff/Utility		cdm-only:CooldownSetSpell		api
Mage	Frost	64	Time Warp	80353	class-baseline	SkillLineAbility:904	true	300	Cooldown						Utility	Class 8 (Lust/BRes)	cdm-only:CooldownSetSpell		api
Mage	Frost	64	Ancient Portal: Dalaran	120146	class-baseline	SkillLineAbility:904	true	60	Cooldown										api
Mage	Frost	64	Mark of Aluneth	210726	class-baseline	SkillLineAbility:904	true	60	Cooldown										api
Mage	Frost	64	Portal: Boralus	281400	class-baseline	SkillLineAbility:904	true	60	Cooldown										api
Mage	Frost	64	Portal: Dalaran - Broken Isles	224871	class-baseline	SkillLineAbility:904	true	60	Cooldown										api
Mage	Frost	64	Portal: Dalaran - Northrend	53142	class-baseline	SkillLineAbility:904	true	60	Cooldown										api
Mage	Frost	64	Portal: Darnassus	11419	class-baseline	SkillLineAbility:904	true	60	Cooldown										api
Mage	Frost	64	Portal: Dazar'alor	281402	class-baseline	SkillLineAbility:904	true	60	Cooldown										api
Mage	Frost	64	Portal: Dornogal	446534	class-baseline	SkillLineAbility:904	true	60	Cooldown										api
Mage	Frost	64	Portal: Exodar	32266	class-baseline	SkillLineAbility:904	true	60	Cooldown										api
Mage	Frost	64	Portal: Ironforge	11416	class-baseline	SkillLineAbility:904	true	60	Cooldown										api
Mage	Frost	64	Portal: Orgrimmar	11417	class-baseline	SkillLineAbility:904	true	60	Cooldown										api
Mage	Frost	64	Portal: Oribos	344597	class-baseline	SkillLineAbility:904	true	60	Cooldown										api
Mage	Frost	64	Portal: Shattrath	33691	class-baseline	SkillLineAbility:904	true	60	Cooldown										api
Mage	Frost	64	Portal: Silvermoon (Burning Crusade)	32267	class-baseline	SkillLineAbility:904	true	60	Cooldown										api
Mage	Frost	64	Portal: Silvermoon City	1259194	class-baseline	SkillLineAbility:904	true	60	Cooldown										api
Mage	Frost	64	Portal: Stonard	49361	class-baseline	SkillLineAbility:904	true	60	Cooldown										api
Mage	Frost	64	Portal: Stormshield	176246	class-baseline	SkillLineAbility:904	true	60	Cooldown										api
Mage	Frost	64	Portal: Stormwind	10059	class-baseline	SkillLineAbility:904	true	60	Cooldown										api
Mage	Frost	64	Portal: Theramore	49360	class-baseline	SkillLineAbility:904	true	60	Cooldown										api
Mage	Frost	64	Portal: Thunder Bluff	11420	class-baseline	SkillLineAbility:904	true	60	Cooldown										api
Mage	Frost	64	Portal: Tol Barad	88345	class-baseline	SkillLineAbility:904	true	60	Cooldown										api
Mage	Frost	64	Portal: Undercity	11418	class-baseline	SkillLineAbility:904	true	60	Cooldown										api
Mage	Frost	64	Portal: Valdrakken	395289	class-baseline	SkillLineAbility:904	true	60	Cooldown										api
Mage	Frost	64	Portal: Vale of Eternal Blossoms	132626	class-baseline	SkillLineAbility:904	true	60	Cooldown										api
Mage	Frost	64	Portal: Warspear	176244	class-baseline	SkillLineAbility:904	true	60	Cooldown										api
Mage	Frost	64	Teleport: Hall of the Guardian	193759	class-baseline	SkillLineAbility:904	true	60	Cooldown										api
Mage	Frost	64	Ebonbolt	214634	class-baseline	SkillLineAbility:904	true	45	Cooldown										api
Mage	Frost	64	Cone of Cold	120	class-baseline	SkillLineAbility:904	true	25	Rotational						Essential/Utility	Class 2 (CC)	cdm-only:CooldownSetSpell		api
Mage	Frost	64	Counterspell	2139	class-baseline	SkillLineAbility:904	true	25	Rotational						Utility	Interrupt	cdm-only:CooldownSetSpell		api
Mage	Frost	64	Conjure Refreshment	190336	class-baseline	SkillLineAbility:904	true	15	Rotational										api
Mage	Frost	64	Blink	1953	class-baseline	SkillLineAbility:904	true	0.5	Rotational						Utility	Movement Ability	cdm-only:CooldownSetSpell		api
Mage	Frost	64	Fire Blast	319836	class-baseline	SkillLineAbility:904	true	0.5	Rotational										api
Mage	Frost	64	Ancient Teleport: Dalaran	120145	class-baseline	SkillLineAbility:904	true	0	Rotational										api
Mage	Frost	64	Arcane Explosion	1449	class-baseline	SkillLineAbility:904	true	0	Rotational										api
Mage	Frost	64	Arcane Intellect	1459	class-baseline	SkillLineAbility:904	true	0	Rotational							Res			api
Mage	Frost	64	Frost Nova	122	class-baseline	SkillLineAbility:904	true	0	Rotational						Buff/Utility	CC	cdm-only:CooldownSetSpell		api
Mage	Frost	64	Frostbolt	116	class-baseline	SkillLineAbility:904	true	0	Rotational						Essential	Rotational 1	cdm-only:CooldownSetSpell		api
Mage	Frost	64	Phoenix's Flames	194466	class-baseline	SkillLineAbility:904	true	0	Rotational										api
Mage	Frost	64	Polymorph	118	class-baseline	SkillLineAbility:904	true	0	Rotational						Buff	Class 3 (Tag)	cdm-only:CooldownSetSpell		api
Mage	Frost	64	Portal	343140	class-baseline	SkillLineAbility:904	true	0	Rotational										api
Mage	Frost	64	Single-Button Assistant	1229376	class-baseline	SpecializationSpells	true	0	Rotational										api
Mage	Frost	64	Slow Fall	130	class-baseline	SkillLineAbility:904	true	0	Rotational						Buff		cdm-only:CooldownSetSpell		api
Mage	Frost	64	Teleport	343127	class-baseline	SkillLineAbility:904	true	0	Rotational										api
Mage	Frost	64	Teleport: Boralus	281403	class-baseline	SkillLineAbility:904	true	0	Rotational										api
Mage	Frost	64	Teleport: Dalaran - Broken Isles	224869	class-baseline	SkillLineAbility:904	true	0	Rotational										api
Mage	Frost	64	Teleport: Dalaran - Northrend	53140	class-baseline	SkillLineAbility:904	true	0	Rotational										api
Mage	Frost	64	Teleport: Darnassus	3565	class-baseline	SkillLineAbility:904	true	0	Rotational										api
Mage	Frost	64	Teleport: Dazar'alor	281404	class-baseline	SkillLineAbility:904	true	0	Rotational										api
Mage	Frost	64	Teleport: Dornogal	446540	class-baseline	SkillLineAbility:904	true	0	Rotational										api
Mage	Frost	64	Teleport: Exodar	32271	class-baseline	SkillLineAbility:904	true	0	Rotational										api
Mage	Frost	64	Teleport: Ironforge	3562	class-baseline	SkillLineAbility:904	true	0	Rotational										api
Mage	Frost	64	Teleport: Orgrimmar	3567	class-baseline	SkillLineAbility:904	true	0	Rotational										api
Mage	Frost	64	Teleport: Oribos	344587	class-baseline	SkillLineAbility:904	true	0	Rotational										api
Mage	Frost	64	Teleport: Shattrath	33690	class-baseline	SkillLineAbility:904	true	0	Rotational										api
Mage	Frost	64	Teleport: Silvermoon (Burning Crusade)	32272	class-baseline	SkillLineAbility:904	true	0	Rotational										api
Mage	Frost	64	Teleport: Silvermoon City	1259190	class-baseline	SkillLineAbility:904	true	0	Rotational										api
Mage	Frost	64	Teleport: Stonard	49358	class-baseline	SkillLineAbility:904	true	0	Rotational										api
Mage	Frost	64	Teleport: Stormshield	176248	class-baseline	SkillLineAbility:904	true	0	Rotational										api
Mage	Frost	64	Teleport: Stormwind	3561	class-baseline	SkillLineAbility:904	true	0	Rotational										api
Mage	Frost	64	Teleport: Theramore	49359	class-baseline	SkillLineAbility:904	true	0	Rotational										api
Mage	Frost	64	Teleport: Thunder Bluff	3566	class-baseline	SkillLineAbility:904	true	0	Rotational										api
Mage	Frost	64	Teleport: Tol Barad	88342	class-baseline	SkillLineAbility:904	true	0	Rotational										api
Mage	Frost	64	Teleport: Undercity	3563	class-baseline	SkillLineAbility:904	true	0	Rotational										api
Mage	Frost	64	Teleport: Valdrakken	395277	class-baseline	SkillLineAbility:904	true	0	Rotational										api
Mage	Frost	64	Teleport: Vale of Eternal Blossoms	132621	class-baseline	SkillLineAbility:904	true	0	Rotational										api
Mage	Frost	64	Teleport: Warspear	176242	class-baseline	SkillLineAbility:904	true	0	Rotational										api
Mage	Frost	64	Ice Wall	352278	pvp-talent	PvpTalent	true	90	Cooldown						Utility		cdm-only:CooldownSetSpell		api
Mage	Frost	64	Ring of Fire	353082	pvp-talent	PvpTalent	true	45	Cooldown						Buff		cdm-only:CooldownSetSpell		api
Mage	Frost	64	Snowdrift	389794	pvp-talent	PvpTalent	true	45	Cooldown						Buff/Essential		cdm-only:CooldownSetSpell		api
Mage	Frost	64	Frost Bomb	390612	pvp-talent	PvpTalent	true	15	Rotational						Buff/Essential		cdm-only:CooldownSetSpell		api
Mage	Frost	64	Concentrated Coolness	198148	pvp-talent	PvpTalent	false	0	Rotational										api
Mage	Frost	64	Ethereal Blink	410939	pvp-talent	PvpTalent	false	0	Rotational						Buff		cdm-only:CooldownSetSpell		api
Mage	Frost	64	Icy Feet	407581	pvp-talent	PvpTalent	false	0	Rotational										api
Mage	Frost	64	Improved Mass Invisibility	415945	pvp-talent	PvpTalent	false	0	Rotational										api
Mage	Frost	64	Master Shepherd	410248	pvp-talent	PvpTalent	false	0	Rotational										api
Mage	Frost	64	Overpowered Barrier	1220739	pvp-talent	PvpTalent	false	0	Rotational										api
Mage	Frost	64	Frozen Touch	205030	talent-passive	TraitNodeEntry	false	30	Rotational	spec		62180	80245	1					api
Mage	Frost	64	Arcane Warding	383092	talent-passive	TraitNodeEntry	false	0	Rotational	class		62114	80173	2					api
Mage	Frost	64	Archmage's Wrath	444968	talent-passive	TraitNodeEntry	false	0	Rotational	hero	Spellslinger	94658	117261	1					api
Mage	Frost	64	Attuned Familiar	1261106	talent-passive	TraitNodeEntry	false	0	Rotational	hero	Spellslinger	109669	135920	1					api
Mage	Frost	64	Augury Abounds	1280165	talent-passive	TraitNodeEntry	false	0	Rotational	hero	Spellslinger	94662	117265	1					api
Mage	Frost	64	Barrier Diffusion	455428	talent-passive	TraitNodeEntry	false	0	Rotational	class		62091	80147	1					api
Mage	Frost	64	Blast Radius	1248016	talent-passive	TraitNodeEntry	false	0	Rotational	hero	Frostfire	94637	117240	1					api
Mage	Frost	64	Brain Freeze	190447	talent-passive	TraitNodeEntry	false	0	Rotational	spec		62179	80244	1	Buff		cdm-only:CooldownSetSpell		api
Mage	Frost	64	Brainstorm	461261	talent-passive	TraitNodeEntry	false	0	Rotational	class		110081	136579	1	Buff		cdm-only:CooldownSetSpell		api
Mage	Frost	64	Captured Thoughts	1270872	talent-passive	TraitNodeEntry	false	0	Rotational	class		62125	134184	1					api
Mage	Frost	64	Charm of Aegwynn	1244105	talent-passive	TraitNodeEntry	false	0	Rotational	class		108658	134188	1					api
Mage	Frost	64	Charm of Medivh	1244107	talent-passive	TraitNodeEntry	false	0	Rotational	class		108657	134187	1					api
Mage	Frost	64	Comet Storm	1247777	talent-passive	TraitNodeEntry	false	0	Rotational	spec		62185	80251	1	Buff		cdm-only:CooldownSetSpell		api
Mage	Frost	64	Cone of Frost	1247090	talent-passive	TraitNodeEntry	false	0	Rotational	spec		62174	80239	1					api
Mage	Frost	64	Controlled Instincts	444483	talent-passive	TraitNodeEntry	false	0	Rotational	hero	Spellslinger	94656	117259	1					api
Mage	Frost	64	Crystalline Refraction	1247544	talent-passive	TraitNodeEntry	false	0	Rotational	spec		110283	136837	1					api
Mage	Frost	64	Deep Shatter	1247025	talent-passive	TraitNodeEntry	false	0	Rotational	spec		110258	136796	1					api
Mage	Frost	64	Dualcasting Adept	1248014	talent-passive	TraitNodeEntry	false	0	Rotational	hero	Frostfire	94634	117237	1					api
Mage	Frost	64	Duality	1262843	talent-passive	TraitNodeEntry	false	0	Rotational	hero	Frostfire	109672	135923	1					api
Mage	Frost	64	Elemental Affinity	431067	talent-passive	TraitNodeEntry	false	0	Rotational	hero	Frostfire	94633	117236	1					db2-template
Mage	Frost	64	Elemental Conduit	1262845	talent-passive	TraitNodeEntry	false	0	Rotational	hero	Frostfire	109670	135921	1					api
Mage	Frost	64	Energized Barriers	386828	talent-passive	TraitNodeEntry	false	0	Rotational	class		62100	80157	1					api
Mage	Frost	64	Everlasting Frost	385167	talent-passive	TraitNodeEntry	false	0	Rotational	spec		81468	102429	1					api
Mage	Frost	64	Fingers of Frost	112965	talent-passive	TraitNodeEntry	false	0	Rotational	spec		62164	80227	1	Buff		cdm-only:CooldownSetSpell		api
Mage	Frost	64	Flame and Frost	431112	talent-passive	TraitNodeEntry	false	0	Rotational	hero	Frostfire	94633	117775	1					api
Mage	Frost	64	Flash Freeze	379993	talent-passive	TraitNodeEntry	false	0	Rotational	spec		108851	134407	1					api
Mage	Frost	64	Flash Freezeburn	431178	talent-passive	TraitNodeEntry	false	0	Rotational	hero	Frostfire	94632	117235	1					api
Mage	Frost	64	Flow of Time	382268	talent-passive	TraitNodeEntry	false	0	Rotational	class		62096	80153	1					api
Mage	Frost	64	Force of Will	444719	talent-passive	TraitNodeEntry	false	0	Rotational	hero	Spellslinger	94663	117266	1					api
Mage	Frost	64	Fractured Frost	378448	talent-passive	TraitNodeEntry	false	0	Rotational	spec		62151	80214	1					api
Mage	Frost	64	Freezing Cold	386763	talent-passive	TraitNodeEntry	false	0	Rotational	class		62087	80143	1	Buff		cdm-only:CooldownSetSpell		api
Mage	Frost	64	Freezing Rain	270233	talent-passive	TraitNodeEntry	false	0	Rotational	spec		108860	134416	1	Buff		cdm-only:CooldownSetSpell		api
Mage	Frost	64	Freezing Winds	1216953	talent-passive	TraitNodeEntry	false	0	Rotational	spec		108853	134409	1					api
Mage	Frost	64	Frigid Focus	1247055	talent-passive	TraitNodeEntry	false	0	Rotational	spec		103771	134418	1					api
Mage	Frost	64	Frost Conditioning	1250315	talent-passive	TraitNodeEntry	false	0	Rotational	class		62107	80165	1					api
Mage	Frost	64	Frostbite	1248825	talent-passive	TraitNodeEntry	false	0	Rotational	spec		62157	80220	1					api
Mage	Frost	64	Frostfire Empowerment	431176	talent-passive	TraitNodeEntry	false	0	Rotational	hero	Frostfire	94641	117244	1	Buff		cdm-only:CooldownSetSpell		api
Mage	Frost	64	Frostfire Infusion	431166	talent-passive	TraitNodeEntry	false	0	Rotational	hero	Frostfire	94639	117242	1					api
Mage	Frost	64	Glacial Assault	378947	talent-passive	TraitNodeEntry	false	0	Rotational	spec		108849	134405	1					api
Mage	Frost	64	Glacial Attunement	1247759	talent-passive	TraitNodeEntry	false	0	Rotational	spec		108858	134414	2					api
Mage	Frost	64	Glacial Bulwark	1244110	talent-passive	TraitNodeEntry	false	0	Rotational	spec		108653	134180	1					api
Mage	Frost	64	Glacial Chill	1280779	talent-passive	TraitNodeEntry	false	0	Rotational	spec		108863	134420	1					api
Mage	Frost	64	Glacial Shatter	1280780	talent-passive	TraitNodeEntry	false	0	Rotational	spec		108863	136838	1					api
Mage	Frost	64	Glaciate	1247798	talent-passive	TraitNodeEntry	false	0	Rotational	spec		62184	80250	1					api
Mage	Frost	64	Hailstones	1247742	talent-passive	TraitNodeEntry	false	0	Rotational	spec		108857	134413	1					api
Mage	Frost	64	Hand of Frost	1262935	talent-passive	TraitNodeEntry	false	0	Rotational	spec		110422	137034	1	Buff		talent-passive:TraitNodeEntry;cdm-only:CooldownSetSpell		api
Mage	Frost	64	Heart of Ice	1247799	talent-passive	TraitNodeEntry	false	0	Rotational	spec		109916	136183	1					api
Mage	Frost	64	Heat Sink	1248002	talent-passive	TraitNodeEntry	false	0	Rotational	hero	Frostfire	94638	117241	1					api
Mage	Frost	64	Ice Cold	414659	talent-passive	TraitNodeEntry	false	0	Rotational	class		62085	80141	1					api
Mage	Frost	64	Ice Ward	205036	talent-passive	TraitNodeEntry	false	0	Rotational	class		62110	136466	1					api
Mage	Frost	64	Icicles	1246832	talent-passive	TraitNodeEntry	false	0	Rotational	spec		109915	136182	1	Buff		cdm-only:CooldownSetSpell		api
Mage	Frost	64	Imbued Warding	431066	talent-passive	TraitNodeEntry	false	0	Rotational	hero	Frostfire	94642	117245	1					db2-template
Mage	Frost	64	Improved Blink	1244340	talent-passive	TraitNodeEntry	false	0	Rotational	class		62105	134197	1					api
Mage	Frost	64	Improved Conjuration	1244025	talent-passive	TraitNodeEntry	false	0	Rotational	class		108662	134192	2					api
Mage	Frost	64	Improved Counterspell	1270865	talent-passive	TraitNodeEntry	false	0	Rotational	class		110079	136577	1					api
Mage	Frost	64	Improved Flurry	1247769	talent-passive	TraitNodeEntry	false	0	Rotational	spec		108855	134411	1					api
Mage	Frost	64	Improved Frost Nova	343183	talent-passive	TraitNodeEntry	false	0	Rotational	class		62110	80168	1					api
Mage	Frost	64	Improved Ice Barrier	1244069	talent-passive	TraitNodeEntry	false	0	Rotational	class		108655	134185	1					api
Mage	Frost	64	Improved Remove Curse	1270847	talent-passive	TraitNodeEntry	false	0	Rotational	class		110078	136576	1					api
Mage	Frost	64	Improved Shatter	1246811	talent-passive	TraitNodeEntry	false	0	Rotational	spec		108859	134415	1					api
Mage	Frost	64	Improved Spellsteal	1270827	talent-passive	TraitNodeEntry	false	0	Rotational	class		110082	136581	1	Buff		cdm-only:CooldownSetSpell		api
Mage	Frost	64	Incantation of Swiftness	382293	talent-passive	TraitNodeEntry	false	0	Rotational	class		62112	80170	2	Buff		cdm-only:CooldownSetSpell		api
Mage	Frost	64	Infused Splinters	1261080	talent-passive	TraitNodeEntry	false	0	Rotational	hero	Spellslinger	109668	135919	1					api
Mage	Frost	64	Inspired Intellect	458437	talent-passive	TraitNodeEntry	false	0	Rotational	class		108660	134190	1					api
Mage	Frost	64	Isothermic Core	431095	talent-passive	TraitNodeEntry	false	0	Rotational	hero	Frostfire	94635	117238	1					api
Mage	Frost	64	Lonely Winter	205024	talent-passive	TraitNodeEntry	false	0	Rotational	spec		108850	136839	1					api
Mage	Frost	64	Look Again	444756	talent-passive	TraitNodeEntry	false	0	Rotational	hero	Spellslinger	94659	123418	1					api
Mage	Frost	64	Mana Confluence	1270845	talent-passive	TraitNodeEntry	false	0	Rotational	class		110080	136578	1					api
Mage	Frost	64	Master of Escape	210476	talent-passive	TraitNodeEntry	false	0	Rotational	class		108659	134189	1					api
Mage	Frost	64	Master of Time	342249	talent-passive	TraitNodeEntry	false	0	Rotational	class		62102	80159	2					api
Mage	Frost	64	Meltdown	431131	talent-passive	TraitNodeEntry	false	0	Rotational	hero	Frostfire	94642	117776	1					api
Mage	Frost	64	Molten Chill	1262844	talent-passive	TraitNodeEntry	false	0	Rotational	hero	Frostfire	109671	135922	1	Buff		cdm-only:CooldownSetSpell		api
Mage	Frost	64	Overflowing Energy	390218	talent-passive	TraitNodeEntry	false	0	Rotational	class		108661	134191	1	Buff		cdm-only:CooldownSetSpell		api
Mage	Frost	64	Permafrost Bauble	1265517	talent-passive	TraitNodeEntry	false	0	Rotational	class		62086	80142	1					api
Mage	Frost	64	Permafrost Lances	460590	talent-passive	TraitNodeEntry	false	0	Rotational	spec		62170	80234	1	Buff		cdm-only:CooldownSetSpell		api
Mage	Frost	64	Phantasmal Image	444784	talent-passive	TraitNodeEntry	false	0	Rotational	hero	Spellslinger	94660	123417	1					api
Mage	Frost	64	Piercing Cold	378919	talent-passive	TraitNodeEntry	false	0	Rotational	spec		62181	80247	1					api
Mage	Frost	64	Polished Focus	1261082	talent-passive	TraitNodeEntry	false	0	Rotational	hero	Spellslinger	109667	135918	1					api
Mage	Frost	64	Quick Witted	382297	talent-passive	TraitNodeEntry	false	0	Rotational	class		62104	80161	1					api
Mage	Frost	64	Reactive Barrier	444827	talent-passive	TraitNodeEntry	false	0	Rotational	hero	Spellslinger	94660	117263	1					api
Mage	Frost	64	Reflection	1270829	talent-passive	TraitNodeEntry	false	0	Rotational	class		62094	136580	1	Buff/Utility		cdm-only:CooldownSetSpell		api
Mage	Frost	64	Rimecaster	1247743	talent-passive	TraitNodeEntry	false	0	Rotational	spec		108852	134408	2					api
Mage	Frost	64	Severe Temperatures	431189	talent-passive	TraitNodeEntry	false	0	Rotational	hero	Frostfire	94640	134441	1					api
Mage	Frost	64	Shifting Shards	444675	talent-passive	TraitNodeEntry	false	0	Rotational	hero	Spellslinger	109669	135946	1					api
Mage	Frost	64	Signature Spell	470021	talent-passive	TraitNodeEntry	false	0	Rotational	hero	Spellslinger	94657	128267	1					api
Mage	Frost	64	Slippery Slinging	444752	talent-passive	TraitNodeEntry	false	0	Rotational	hero	Spellslinger	94659	117262	1					api
Mage	Frost	64	Spatial Manipulation	1244031	talent-passive	TraitNodeEntry	false	0	Rotational	class		62094	126060	1					api
Mage	Frost	64	Spellfrost Teachings	444986	talent-passive	TraitNodeEntry	false	0	Rotational	hero	Spellslinger	94655	117258	1					api
Mage	Frost	64	Splintering Orbs	444256	talent-passive	TraitNodeEntry	false	0	Rotational	hero	Spellslinger	94661	117264	1					api
Mage	Frost	64	Splintering Ray	418733	talent-passive	TraitNodeEntry	false	0	Rotational	spec		103771	128077	1					api
Mage	Frost	64	Splintering Sorcery	443739	talent-passive	TraitNodeEntry	false	0	Rotational	hero	Spellslinger	94664	117267	1					api
Mage	Frost	64	Splinterstorm	443783	talent-passive	TraitNodeEntry	false	0	Rotational	hero	Spellslinger	94654	117257	1					api
Mage	Frost	64	Splitting Ice	56377	talent-passive	TraitNodeEntry	false	0	Rotational	spec		62163	80226	1					api
Mage	Frost	64	Temporal Realignment	1244090	talent-passive	TraitNodeEntry	false	0	Rotational	class		108654	134182	1					api
Mage	Frost	64	Thermal Conditioning	431117	talent-passive	TraitNodeEntry	false	0	Rotational	hero	Frostfire	94640	117243	1					api
Mage	Frost	64	Thermal Void	1247729	talent-passive	TraitNodeEntry	false	0	Rotational	spec		62182	80248	1	Buff		cdm-only:CooldownSetSpell		api
Mage	Frost	64	Time Manipulation	387807	talent-passive	TraitNodeEntry	false	0	Rotational	class		62129	80189	1					api
Mage	Frost	64	Time Walk	1244087	talent-passive	TraitNodeEntry	false	0	Rotational	class		108654	134183	1					api
Mage	Frost	64	Tome of Antonidas	382490	talent-passive	TraitNodeEntry	false	0	Rotational	class		62098	80155	1					api
Mage	Frost	64	Tome of Rhonin	382493	talent-passive	TraitNodeEntry	false	0	Rotational	class		62127	80187	1					api
Mage	Frost	64	White Out	1281638	talent-passive	TraitNodeEntry	false	0	Rotational	spec		62173	136880	1					api
Mage	Frost	64	Winter's Blessing	417489	talent-passive	TraitNodeEntry	false	0	Rotational	spec		62150	134540	1					api
Mage	Frost	64	Winter's Protection	382424	talent-passive	TraitNodeEntry	false	0	Rotational	class		62123	80182	2					api
Mage	Frost	64	Wintertide	378406	talent-passive	TraitNodeEntry	false	0	Rotational	spec		62173	80237	1					api
Mage	Frost	64	Mass Barrier	414660	cdm-only	CooldownSetSpell	true	180	Cooldown						Utility				api
Mage	Frost	64	Blazing Barrier	235313	cdm-only	CooldownSetSpell	true	30	Rotational						Buff				api
Mage	Frost	64	Chilled	205708	cdm-only	CooldownSetSpell	true	0	Rotational						Buff				db2-template
Mage	Frost	64	Glacial Spike!	1222865	cdm-only	CooldownSetSpell	true	0	Rotational						Buff				db2-template+redirect
Mage	Frost	64	Hypothermia	41425	cdm-only	CooldownSetSpell	true	0	Rotational						Buff				db2-template
Mage	Frost	64	Shatter	1246769	cdm-only	CooldownSetSpell	false	0	Rotational						Buff				api
Monk	Brewmaster	268	Fortifying Brew	115203	talent-active	TraitNodeEntry	true	360	Cooldown	class		101173	124968	1	Essential/Other	Personal Defensive 1	cdm-only:CooldownSetSpell		api
Monk	Brewmaster	268	Invoke Niuzao, the Black Ox	132578	talent-active	TraitNodeEntry	true	120	Cooldown	spec		101075	124849	1	Buff/Essential/Other		cdm-only:CooldownSetSpell		api
Monk	Brewmaster	268	Exploding Keg	325153	talent-active	TraitNodeEntry	true	60	Cooldown	spec		101197	125001	1	Buff/Essential		cdm-only:CooldownSetSpell		api
Monk	Brewmaster	268	Paralysis	115078	talent-active	TraitNodeEntry	true	45	Cooldown	class		101142	124932	1	Utility	CC 2	cdm-only:CooldownSetSpell		api
Monk	Brewmaster	268	Tiger's Lust	116841	talent-active	TraitNodeEntry	true	30	Rotational	class		101147	124937	1	Buff/Utility	Movement Ability 2	cdm-only:CooldownSetSpell		api
Monk	Brewmaster	268	Breath of Fire	115181	talent-active	TraitNodeEntry	true	15	Rotational	spec		101069	124843	1	Buff/Essential	Rotational 4	cdm-only:CooldownSetSpell		api
Monk	Brewmaster	268	Spear Hand Strike	116705	talent-active	TraitNodeEntry	true	15	Rotational	class		101152	124943	1	Utility	Interrupt	cdm-only:CooldownSetSpell		api
Monk	Brewmaster	268	Summon Black Ox Statue	115315	talent-active	TraitNodeEntry	true	10	Rotational	class		101172	124967	1		Class 8 (Lust/BRes)			api
Monk	Brewmaster	268	Transcendence	101643	talent-active	TraitNodeEntry	true	10	Rotational	class		101167	124962	1	Utility	Class 5 (Purge)	cdm-only:CooldownSetSpell		api
Monk	Brewmaster	268	Keg Smash	121253	talent-active	TraitNodeEntry	true	1	Rotational	spec		101088	124865	1	Buff/Essential	Rotational 1	cdm-only:CooldownSetSpell		api
Monk	Brewmaster	268	Purifying Brew	119582	talent-active	TraitNodeEntry	true	1	Rotational	spec		101064	124838	1	Essential	Rotational 5	cdm-only:CooldownSetSpell		api
Monk	Brewmaster	268	Detox	218164	talent-active	TraitNodeEntry	true	0	Rotational	class		101090	124867	1	Utility	Class 6 (Dispel)	cdm-only:CooldownSetSpell		api
Monk	Brewmaster	268	Diffuse Magic	1243287	talent-active	TraitNodeEntry	true	0	Rotational	class		108540	134029	1		Class 7 (Raid Defensive)			api
Monk	Brewmaster	268	Soothing Mist	115175	talent-active	TraitNodeEntry	true	0	Rotational	class		101143	124933	1		Self-Heal 3 (Overflow)	class-baseline:SkillLineAbility:829		api
Monk	Brewmaster	268	Black Ox Brew	115399	talent-choice	TraitNodeEntry	true	120	Cooldown	spec		101190	124991	1	Essential	Self-Heal 4 (Emergency/Overflow)	cdm-only:CooldownSetSpell		api
Monk	Brewmaster	268	Ring of Peace	116844	talent-choice	TraitNodeEntry	true	45	Cooldown	class		101136	124926	1	Utility	Class 2 (CC)	cdm-only:CooldownSetSpell		api
Monk	Brewmaster	268	Chi Burst	123986	talent-choice	TraitNodeEntry	true	30	Rotational	class		102433	126501	1	Essential		class-baseline:SkillLineAbility:829;cdm-only:CooldownSetSpell		api
Monk	Brewmaster	268	Song of Chi-Ji	198898	talent-choice	TraitNodeEntry	true	30	Rotational	class		101136	124925	1	Utility		cdm-only:CooldownSetSpell		api
Monk	Brewmaster	268	Rushing Jade Wind	116847	talent-choice	TraitNodeEntry	true	6	Rotational	spec		101202	125007	1	Buff		cdm-only:CooldownSetSpell		api
Monk	Brewmaster	268	Celestial Brew	322507	talent-choice	TraitNodeEntry	true	0	Rotational	spec		101067	124841	1	Buff/Essential		cdm-only:CooldownSetSpell		api
Monk	Brewmaster	268	Celestial Infusion	1241059	talent-choice	TraitNodeEntry	true	0	Rotational	spec		101067	136146	1	Buff/Essential		cdm-only:CooldownSetSpell		api
Monk	Brewmaster	268	Chi Torpedo	115008	talent-choice	TraitNodeEntry	true	0	Rotational	class		101183	124981	1					api
Monk	Brewmaster	268	Disable	116095	talent-choice	TraitNodeEntry	true	0	Rotational	class		101149	124939	1	Buff	Slow	cdm-only:CooldownSetSpell		api
Monk	Brewmaster	268	Touch of Death	322109	class-baseline	SkillLineAbility:829	true	180	Cooldown						Essential	Class 4 (Special)	cdm-only:CooldownSetSpell		api
Monk	Brewmaster	268	Touch of Fatality	169340	class-baseline	SkillLineAbility:829	true	90	Cooldown										api
Monk	Brewmaster	268	Leg Sweep	119381	class-baseline	SkillLineAbility:829	true	60	Cooldown						Utility	CC	cdm-only:CooldownSetSpell		api
Monk	Brewmaster	268	Zen Pilgrimage	126892	class-baseline	SkillLineAbility:829	true	60	Cooldown										api
Monk	Brewmaster	268	Expel Harm	322101	class-baseline	SkillLineAbility:829	true	15	Rotational							Self-Heal 2			api
Monk	Brewmaster	268	Provoke	115546	class-baseline	SkillLineAbility:829	true	8	Rotational						Utility	Taunt/Quick Access	cdm-only:CooldownSetSpell		api
Monk	Brewmaster	268	Blackout Kick	100784	class-baseline	SkillLineAbility:829	true	3	Rotational						Essential	Rotational 2	cdm-only:CooldownSetSpell		api
Monk	Brewmaster	268	Roll	109132	class-baseline	SkillLineAbility:829	true	0.8	Rotational						Utility	Movement Ability	cdm-only:CooldownSetSpell		api
Monk	Brewmaster	268	Chi Wave	132463	class-baseline	SkillLineAbility:829	true	0	Rotational								talent-passive:TraitNodeEntry		api
Monk	Brewmaster	268	Crackling Jade Lightning	117952	class-baseline	SkillLineAbility:829	true	0	Rotational							Class 3 (Tag)			api
Monk	Brewmaster	268	Energy Usage	119650	class-baseline	SkillLineAbility:829	true	0	Rotational										none
Monk	Brewmaster	268	Fists of Fury	117418	class-baseline	SkillLineAbility:829	true	0	Rotational										api
Monk	Brewmaster	268	Flying Serpent Kick	123586	class-baseline	SkillLineAbility:829	true	0	Rotational										api
Monk	Brewmaster	268	Healing Sphere	125355	class-baseline	SkillLineAbility:829	true	0	Rotational										api
Monk	Brewmaster	268	Renewing Mist	119611	class-baseline	SkillLineAbility:829	true	0	Rotational										api
Monk	Brewmaster	268	Resuscitate	115178	class-baseline	SkillLineAbility:829	true	0	Rotational										api
Monk	Brewmaster	268	Sheilun's Gift	205406	class-baseline	SkillLineAbility:829	true	0	Rotational										api
Monk	Brewmaster	268	Single-Button Assistant	1229376	class-baseline	SpecializationSpells	true	0	Rotational										api
Monk	Brewmaster	268	Spinning Crane Kick	107270	class-baseline	SkillLineAbility:829	true	0	Rotational							Overflow 1	class-baseline:SpecializationSpells		api
Monk	Brewmaster	268	Tiger Palm	100780	class-baseline	SkillLineAbility:829	true	0	Rotational							Rotational 3			api
Monk	Brewmaster	268	Touch of Karma	124280	class-baseline	SkillLineAbility:829	true	0	Rotational										api
Monk	Brewmaster	268	Vivify	116670	class-baseline	SkillLineAbility:829	true	0	Rotational							Self-Heal 1			api
Monk	Brewmaster	268	Zen Flight	125883	class-baseline	SkillLineAbility:829	true	0	Rotational										api
Monk	Brewmaster	268	Zen Pilgrimage/Death Gate/Moonglade Storage Aura I	126893	class-baseline	SkillLineAbility:829	true	0	Rotational										none
Monk	Brewmaster	268	Zen Pilgrimage: Return	126895	class-baseline	SkillLineAbility:829	true	0	Rotational										api
Monk	Brewmaster	268	Nimble Brew	354540	pvp-talent	PvpTalent	true	90	Cooldown						Buff/Utility	PvP	cdm-only:CooldownSetSpell		api
Monk	Brewmaster	268	Avert Harm	202162	pvp-talent	PvpTalent	true	45	Cooldown						Utility		cdm-only:CooldownSetSpell		api
Monk	Brewmaster	268	Double Barrel	202335	pvp-talent	PvpTalent	true	45	Cooldown						Utility	PvP 2	cdm-only:CooldownSetSpell		api
Monk	Brewmaster	268	Mighty Ox Kick	202370	pvp-talent	PvpTalent	true	30	Rotational						Utility		cdm-only:CooldownSetSpell		api
Monk	Brewmaster	268	Admonishment	207025	pvp-talent	PvpTalent	true	20	Rotational										api
Monk	Brewmaster	268	Dematerialize	353361	pvp-talent	PvpTalent	false	0	Rotational										api
Monk	Brewmaster	268	Eerie Fermentation	205147	pvp-talent	PvpTalent	false	0	Rotational										api
Monk	Brewmaster	268	Hot Trub	410346	pvp-talent	PvpTalent	false	0	Rotational										api
Monk	Brewmaster	268	Microbrew	202107	pvp-talent	PvpTalent	false	0	Rotational										api
Monk	Brewmaster	268	Niuzao's Essence	232876	pvp-talent	PvpTalent	false	0	Rotational										api
Monk	Brewmaster	268	Transcendence: Linked Spirits	434774	talent-passive	TraitNodeEntry	false	10	Rotational	class		101176	124972	1					api
Monk	Brewmaster	268	Against All Odds	450986	talent-passive	TraitNodeEntry	false	0	Rotational	hero	Shado-Pan	101253	125074	1	Buff		cdm-only:CooldownSetSpell		api
Monk	Brewmaster	268	Ancient Arts	344359	talent-passive	TraitNodeEntry	false	0	Rotational	class		101184	124983	2					api
Monk	Brewmaster	268	Anvil and Stave	386937	talent-passive	TraitNodeEntry	false	0	Rotational	spec		101081	124856	2					api
Monk	Brewmaster	268	Aspect of Harmony	450508	talent-passive	TraitNodeEntry	false	0	Rotational	hero	Master of Harmony	101223	125033	1	Buff		cdm-only:CooldownSetSpell		api
Monk	Brewmaster	268	August Blessing	454483	talent-passive	TraitNodeEntry	false	0	Rotational	spec		109883	136147	1					api
Monk	Brewmaster	268	Awakening Spirit	1262628	talent-passive	TraitNodeEntry	false	0	Rotational	spec		101196	125000	1					api
Monk	Brewmaster	268	Balanced Stratagem	450889	talent-passive	TraitNodeEntry	false	0	Rotational	hero	Master of Harmony	101230	125043	1	Buff		cdm-only:CooldownSetSpell		api
Monk	Brewmaster	268	Blackout Combo	196736	talent-passive	TraitNodeEntry	false	0	Rotational	spec		101193	124996	1	Buff		cdm-only:CooldownSetSpell		api
Monk	Brewmaster	268	Bob and Weave	280515	talent-passive	TraitNodeEntry	false	0	Rotational	spec		101190	124992	1					api
Monk	Brewmaster	268	Bounding Agility	450520	talent-passive	TraitNodeEntry	false	0	Rotational	class		101161	124955	1					api
Monk	Brewmaster	268	Bring Me Another	1265129	talent-passive	TraitNodeEntry	false	0	Rotational	spec		110435	137075	1			talent-passive:TraitNodeEntry		api
Monk	Brewmaster	268	Calming Presence	388664	talent-passive	TraitNodeEntry	false	0	Rotational	class		101153	124944	1					api
Monk	Brewmaster	268	Celerity	115173	talent-passive	TraitNodeEntry	false	0	Rotational	class		101183	124982	1					api
Monk	Brewmaster	268	Celestial Determination	450638	talent-passive	TraitNodeEntry	false	0	Rotational	class		101180	124977	1					api
Monk	Brewmaster	268	Celestial Flames	1263353	talent-passive	TraitNodeEntry	false	0	Rotational	spec		101076	124850	1	Buff		cdm-only:CooldownSetSpell		api
Monk	Brewmaster	268	Charred Passions	386965	talent-passive	TraitNodeEntry	false	0	Rotational	spec		101187	124986	1	Buff		cdm-only:CooldownSetSpell		api
Monk	Brewmaster	268	Chi Proficiency	450426	talent-passive	TraitNodeEntry	false	0	Rotational	class		101169	124964	2					api
Monk	Brewmaster	268	Chi Transfer	1272452	talent-passive	TraitNodeEntry	false	0	Rotational	class		101177	124974	1					api
Monk	Brewmaster	268	Clarity of Purpose	451017	talent-passive	TraitNodeEntry	false	0	Rotational	hero	Master of Harmony	101228	125040	1					api
Monk	Brewmaster	268	Coalescence	450529	talent-passive	TraitNodeEntry	false	0	Rotational	hero	Master of Harmony	101227	125039	1					api
Monk	Brewmaster	268	Combat Stance	1272844	talent-passive	TraitNodeEntry	false	0	Rotational	hero	Shado-Pan	101254	125076	1					api
Monk	Brewmaster	268	Counterstrike	383785	talent-passive	TraitNodeEntry	false	0	Rotational	spec		101079	124854	1	Buff		cdm-only:CooldownSetSpell		api
Monk	Brewmaster	268	Crashing Momentum	450335	talent-passive	TraitNodeEntry	false	0	Rotational	class		101149	124940	1					api
Monk	Brewmaster	268	Dance of the Wind	414132	talent-passive	TraitNodeEntry	false	0	Rotational	class		101181	124979	1					api
Monk	Brewmaster	268	Dragonfire Brew	383994	talent-passive	TraitNodeEntry	false	0	Rotational	spec		101187	124987	1					api
Monk	Brewmaster	268	Efficient Training	450989	talent-passive	TraitNodeEntry	false	0	Rotational	hero	Shado-Pan	101251	125072	1					api
Monk	Brewmaster	268	Elixir of Determination	455139	talent-passive	TraitNodeEntry	false	0	Rotational	spec		101085	124862	1	Buff		cdm-only:CooldownSetSpell		api
Monk	Brewmaster	268	Elusive Footwork	387046	talent-passive	TraitNodeEntry	false	0	Rotational	spec		109882	136145	1					api
Monk	Brewmaster	268	Elusive Mists	388681	talent-passive	TraitNodeEntry	false	0	Rotational	class		101144	124934	1					api
Monk	Brewmaster	268	Empty the Cellar	1262329	talent-passive	TraitNodeEntry	false	0	Rotational	spec		101198	136150	1			talent-passive:TraitNodeEntry		api
Monk	Brewmaster	268	Endless Draught	450892	talent-passive	TraitNodeEntry	false	0	Rotational	hero	Master of Harmony	101225	125036	1					api
Monk	Brewmaster	268	Energy Transfer	450631	talent-passive	TraitNodeEntry	false	0	Rotational	class		101151	124942	1					api
Monk	Brewmaster	268	Escape from Reality	394110	talent-passive	TraitNodeEntry	false	0	Rotational	class		101176	124973	1	Buff		cdm-only:CooldownSetSpell		api
Monk	Brewmaster	268	Expeditious Fortification	388813	talent-passive	TraitNodeEntry	false	0	Rotational	class		101174	124969	1					api
Monk	Brewmaster	268	Face Palm	389942	talent-passive	TraitNodeEntry	false	0	Rotational	spec		101080	124855	1					api
Monk	Brewmaster	268	Fast Feet	1261543	talent-passive	TraitNodeEntry	false	0	Rotational	class		109826	136085	1					api
Monk	Brewmaster	268	Fatal Touch	394123	talent-passive	TraitNodeEntry	false	0	Rotational	class		101178	124975	1	Buff		cdm-only:CooldownSetSpell		api
Monk	Brewmaster	268	Ferocity of Xuen	388674	talent-passive	TraitNodeEntry	false	0	Rotational	class		101166	124961	2					api
Monk	Brewmaster	268	Flow of Chi	450569	talent-passive	TraitNodeEntry	false	0	Rotational	class		101170	124965	1	Buff		cdm-only:CooldownSetSpell		api
Monk	Brewmaster	268	Fluidity of Motion	387230	talent-passive	TraitNodeEntry	false	0	Rotational	spec		101078	124852	1					api
Monk	Brewmaster	268	Flurry Strikes	450615	talent-passive	TraitNodeEntry	false	0	Rotational	hero	Shado-Pan	101248	125069	1	Buff		cdm-only:CooldownSetSpell		api
Monk	Brewmaster	268	Fortifying Brew: Determination	322960	talent-passive	TraitNodeEntry	false	0	Rotational	spec		101068	124842	1					api
Monk	Brewmaster	268	Fuel on the Fire	1262017	talent-passive	TraitNodeEntry	false	0	Rotational	spec		101198	125003	1					api
Monk	Brewmaster	268	Gai Plin's Imperial Brew	383700	talent-passive	TraitNodeEntry	false	0	Rotational	spec		102004	124859	1					api
Monk	Brewmaster	268	Gift of the Ox	124502	talent-passive	TraitNodeEntry	false	0	Rotational	spec		101071	124845	1					api
Monk	Brewmaster	268	Grace of the Crane	388811	talent-passive	TraitNodeEntry	false	0	Rotational	class		101146	124936	1					api
Monk	Brewmaster	268	Harmonic Gambit	450870	talent-passive	TraitNodeEntry	false	0	Rotational	hero	Master of Harmony	101224	125034	1					api
Monk	Brewmaster	268	Harmonic Surge	1270958	talent-passive	TraitNodeEntry	false	0	Rotational	hero	Master of Harmony	109694	135952	1	Buff		cdm-only:CooldownSetSpell		api
Monk	Brewmaster	268	Hasty Provocation	328670	talent-passive	TraitNodeEntry	false	0	Rotational	class		101158	124950	1					api
Monk	Brewmaster	268	Healing Winds	450560	talent-passive	TraitNodeEntry	false	0	Rotational	class		101171	124966	1					api
Monk	Brewmaster	268	Heart of the Ox	1263245	talent-passive	TraitNodeEntry	false	0	Rotational	spec		109910	136177	1					api
Monk	Brewmaster	268	High Impact	450982	talent-passive	TraitNodeEntry	false	0	Rotational	hero	Shado-Pan	101247	125067	1					api
Monk	Brewmaster	268	High Tolerance	196737	talent-passive	TraitNodeEntry	false	0	Rotational	spec		101189	124990	2					api
Monk	Brewmaster	268	Improved Blackout Kick	383695	talent-passive	TraitNodeEntry	false	0	Rotational	spec		101072	124846	1					api
Monk	Brewmaster	268	Improved Touch of Death	322113	talent-passive	TraitNodeEntry	false	0	Rotational	class		101140	124930	1					api
Monk	Brewmaster	268	Initiator's Edge	1272849	talent-passive	TraitNodeEntry	false	0	Rotational	hero	Shado-Pan	101254	125075	1	Buff		cdm-only:CooldownSetSpell		api
Monk	Brewmaster	268	Ironshell Brew	388814	talent-passive	TraitNodeEntry	false	0	Rotational	class		101174	124970	1					api
Monk	Brewmaster	268	Jade Flash	1262334	talent-passive	TraitNodeEntry	false	0	Rotational	spec		101070	124844	1					api
Monk	Brewmaster	268	Jade Walk	450553	talent-passive	TraitNodeEntry	false	0	Rotational	class		101160	124954	1					api
Monk	Brewmaster	268	Light Brewing	325093	talent-passive	TraitNodeEntry	false	0	Rotational	spec		101082	124858	1					api
Monk	Brewmaster	268	Lighter Than Air	449582	talent-passive	TraitNodeEntry	false	0	Rotational	class		101168	124963	1	Buff		cdm-only:CooldownSetSpell		api
Monk	Brewmaster	268	Manifestation	450875	talent-passive	TraitNodeEntry	false	0	Rotational	hero	Master of Harmony	101222	125032	1					api
Monk	Brewmaster	268	Mantra of Purity	451036	talent-passive	TraitNodeEntry	false	0	Rotational	hero	Master of Harmony	101229	125042	1	Buff		cdm-only:CooldownSetSpell		api
Monk	Brewmaster	268	Mantra of Tenacity	451029	talent-passive	TraitNodeEntry	false	0	Rotational	hero	Master of Harmony	101229	125041	1					api
Monk	Brewmaster	268	Martial Instincts	450427	talent-passive	TraitNodeEntry	false	0	Rotational	class		101179	124976	2					api
Monk	Brewmaster	268	Martial Precision	450990	talent-passive	TraitNodeEntry	false	0	Rotational	hero	Shado-Pan	101246	125066	1					api
Monk	Brewmaster	268	Meditative Focus	1271105	talent-passive	TraitNodeEntry	false	0	Rotational	hero	Master of Harmony	109696	135954	1					api
Monk	Brewmaster	268	Mighty Stomp	322740	talent-passive	TraitNodeEntry	false	0	Rotational	spec		101073	124847	1					api
Monk	Brewmaster	268	Niuzao's Resolve	1241097	talent-passive	TraitNodeEntry	false	0	Rotational	spec		101084	124861	1	Buff		cdm-only:CooldownSetSpell		api
Monk	Brewmaster	268	One Versus Many	450988	talent-passive	TraitNodeEntry	false	0	Rotational	hero	Shado-Pan	101250	125071	1					api
Monk	Brewmaster	268	One With the Wind	454484	talent-passive	TraitNodeEntry	false	0	Rotational	spec		101710	125611	1					api
Monk	Brewmaster	268	Overwhelming Force	451024	talent-passive	TraitNodeEntry	false	0	Rotational	hero	Master of Harmony	101220	125029	1					api
Monk	Brewmaster	268	Ox Stance	455068	talent-passive	TraitNodeEntry	false	0	Rotational	spec		101199	125004	1	Buff		cdm-only:CooldownSetSpell		api
Monk	Brewmaster	268	Path of Resurgence	450912	talent-passive	TraitNodeEntry	false	0	Rotational	hero	Master of Harmony	101226	125038	1					api
Monk	Brewmaster	268	Peace and Prosperity	450448	talent-passive	TraitNodeEntry	false	0	Rotational	class		101163	124957	1					api
Monk	Brewmaster	268	Potential Energy	1271048	talent-passive	TraitNodeEntry	false	0	Rotational	hero	Master of Harmony	109695	135953	1					api
Monk	Brewmaster	268	Predictive Training	450992	talent-passive	TraitNodeEntry	false	0	Rotational	hero	Shado-Pan	101245	125064	1	Buff		cdm-only:CooldownSetSpell		api
Monk	Brewmaster	268	Press the Advantage	418359	talent-passive	TraitNodeEntry	false	0	Rotational	spec		101193	124997	1	Buff		cdm-only:CooldownSetSpell		api
Monk	Brewmaster	268	Pressure Points	450432	talent-passive	TraitNodeEntry	false	0	Rotational	class		101141	124931	1					api
Monk	Brewmaster	268	Pretense of Instability	393516	talent-passive	TraitNodeEntry	false	0	Rotational	spec		101201	125006	1	Buff		cdm-only:CooldownSetSpell		api
Monk	Brewmaster	268	Pride of Pandaria	450979	talent-passive	TraitNodeEntry	false	0	Rotational	hero	Shado-Pan	101247	125068	1					api
Monk	Brewmaster	268	Profound Rebuttal	392910	talent-passive	TraitNodeEntry	false	0	Rotational	class		101135	124923	1					api
Monk	Brewmaster	268	Purified Spirit	450867	talent-passive	TraitNodeEntry	false	0	Rotational	hero	Master of Harmony	101224	125035	1					api
Monk	Brewmaster	268	Quick Footed	450503	talent-passive	TraitNodeEntry	false	0	Rotational	class		101158	124951	1					api
Monk	Brewmaster	268	Quick Sip	388505	talent-passive	TraitNodeEntry	false	0	Rotational	spec		101065	136148	1					api
Monk	Brewmaster	268	Reinvigoration	1266740	talent-passive	TraitNodeEntry	false	0	Rotational	class		110027	136520	1					api
Monk	Brewmaster	268	Roar from the Heavens	451043	talent-passive	TraitNodeEntry	false	0	Rotational	hero	Master of Harmony	101221	125030	1					api
Monk	Brewmaster	268	Rushing Reflexes	450154	talent-passive	TraitNodeEntry	false	0	Rotational	class		101154	124946	1					api
Monk	Brewmaster	268	Sal'salabim's Strength	383697	talent-passive	TraitNodeEntry	false	0	Rotational	spec		101188	124988	1					api
Monk	Brewmaster	268	Save Them All	389579	talent-passive	TraitNodeEntry	false	0	Rotational	class		101157	124949	1					api
Monk	Brewmaster	268	Scalding Brew	383698	talent-passive	TraitNodeEntry	false	0	Rotational	spec		101188	124989	1					api
Monk	Brewmaster	268	Shado Over the Battlefield	1262612	talent-passive	TraitNodeEntry	false	0	Rotational	hero	Shado-Pan	109697	135955	1					api
Monk	Brewmaster	268	Shadowboxing Treads	387638	talent-passive	TraitNodeEntry	false	0	Rotational	spec		101078	124853	1					api
Monk	Brewmaster	268	Shuffle	322120	talent-passive	TraitNodeEntry	false	0	Rotational	spec		101087	124864	1	Buff		cdm-only:CooldownSetSpell		api
Monk	Brewmaster	268	Silent Sanctuary	1266719	talent-passive	TraitNodeEntry	false	0	Rotational	class		110024	136517	1					api
Monk	Brewmaster	268	Special Delivery	196730	talent-passive	TraitNodeEntry	false	0	Rotational	spec		101202	125008	1	Buff		cdm-only:CooldownSetSpell		api
Monk	Brewmaster	268	Spirit of the Ox	400629	talent-passive	TraitNodeEntry	false	0	Rotational	spec		101086	124863	1					api
Monk	Brewmaster	268	Spirit's Essence	450595	talent-passive	TraitNodeEntry	false	0	Rotational	class		101138	124928	1					api
Monk	Brewmaster	268	Stagger	115069	talent-passive	TraitNodeEntry	false	0	Rotational	class		109827	136086	1	Buff		cdm-only:CooldownSetSpell		api
Monk	Brewmaster	268	Staggering Strikes	387625	talent-passive	TraitNodeEntry	false	0	Rotational	spec		101065	124839	1					api
Monk	Brewmaster	268	Stand Ready	1262603	talent-passive	TraitNodeEntry	false	0	Rotational	hero	Shado-Pan	109698	135956	1					api
Monk	Brewmaster	268	Stillstep Coil	1266733	talent-passive	TraitNodeEntry	false	0	Rotational	class		110025	136518	1					api
Monk	Brewmaster	268	Stormstout's Last Keg	383707	talent-passive	TraitNodeEntry	false	0	Rotational	spec		101195	124999	1					api
Monk	Brewmaster	268	Strength of Spirit	387276	talent-passive	TraitNodeEntry	false	0	Rotational	class		101135	124924	1					api
Monk	Brewmaster	268	Swift Art	450622	talent-passive	TraitNodeEntry	false	0	Rotational	class		101155	124947	1					api
Monk	Brewmaster	268	Swift as a Coursing River	1263346	talent-passive	TraitNodeEntry	false	0	Rotational	spec		101063	124837	1	Buff		cdm-only:CooldownSetSpell		api
Monk	Brewmaster	268	Tiger Tail Sweep	264348	talent-passive	TraitNodeEntry	false	0	Rotational	class		101182	124980	1					api
Monk	Brewmaster	268	Tiger's Vigor	451041	talent-passive	TraitNodeEntry	false	0	Rotational	hero	Master of Harmony	101221	125031	1					api
Monk	Brewmaster	268	Training of Niuzao	383714	talent-passive	TraitNodeEntry	false	0	Rotational	spec		101082	124857	1					api
Monk	Brewmaster	268	Tranquil Spirit	393357	talent-passive	TraitNodeEntry	false	0	Rotational	spec		101083	124860	1					api
Monk	Brewmaster	268	Veteran's Eye	450987	talent-passive	TraitNodeEntry	false	0	Rotational	hero	Shado-Pan	101249	125070	1					api
Monk	Brewmaster	268	Vigilant Watch	450993	talent-passive	TraitNodeEntry	false	0	Rotational	hero	Shado-Pan	101244	125063	1					api
Monk	Brewmaster	268	Vigorous Expulsion	392900	talent-passive	TraitNodeEntry	false	0	Rotational	class		101156	124948	1					api
Monk	Brewmaster	268	Vital Flame	1262659	talent-passive	TraitNodeEntry	false	0	Rotational	spec		101196	136149	1					api
Monk	Brewmaster	268	Vivacious Vivification	388812	talent-passive	TraitNodeEntry	false	0	Rotational	class		101145	124935	1	Buff		cdm-only:CooldownSetSpell		api
Monk	Brewmaster	268	Walk with the Ox	387219	talent-passive	TraitNodeEntry	false	0	Rotational	spec		101074	124848	2					api
Monk	Brewmaster	268	Way of a Thousand Strikes	450965	talent-passive	TraitNodeEntry	false	0	Rotational	hero	Master of Harmony	101226	125037	1					api
Monk	Brewmaster	268	Weapons of the Wall	1262610	talent-passive	TraitNodeEntry	false	0	Rotational	hero	Shado-Pan	109699	135957	1					api
Monk	Brewmaster	268	Whirling Steel	450991	talent-passive	TraitNodeEntry	false	0	Rotational	hero	Shado-Pan	101245	125065	1	Buff		cdm-only:CooldownSetSpell		api
Monk	Brewmaster	268	Wind's Reach	450514	talent-passive	TraitNodeEntry	false	0	Rotational	class		101148	124938	1					api
Monk	Brewmaster	268	Windwalking	157411	talent-passive	TraitNodeEntry	false	0	Rotational	class		101175	124971	1					api
Monk	Brewmaster	268	Wisdom of the Wall	1272821	talent-passive	TraitNodeEntry	false	0	Rotational	hero	Shado-Pan	101252	125073	1					api
Monk	Brewmaster	268	Yu'lon's Grace	414131	talent-passive	TraitNodeEntry	false	0	Rotational	class		101165	124960	1	Buff		cdm-only:CooldownSetSpell		api
Monk	Brewmaster	268	Zen State	1241136	talent-passive	TraitNodeEntry	false	0	Rotational	spec		101077	124851	1					api
Monk	Brewmaster	268	Transcendence: Transfer	119996	cdm-only	CooldownSetSpell	true	45	Cooldown						Utility	Class 1 (Movement)			db2-plain
Monk	Brewmaster	268	Flurry Charge	451021	cdm-only	CooldownSetSpell	true	0	Rotational						Buff				db2-template+redirect
Monk	Brewmaster	268	Mastery: Elusive Brawler	117906	cdm-only	CooldownSetSpell	false	0	Rotational						Buff				api
Monk	Mistweaver	270	Fortifying Brew	115203	talent-active	TraitNodeEntry	true	360	Cooldown	class		101173	124968	1	Buff/Utility	Personal Defensive 1	cdm-only:CooldownSetSpell		api
Monk	Mistweaver	270	Invoke Xuen, the White Tiger	123904	talent-active	TraitNodeEntry	true	120	Cooldown	hero	Conduit of the Celestials	101243	125062	1					api
Monk	Mistweaver	270	Celestial Conduit	443028	talent-active	TraitNodeEntry	true	90	Cooldown	hero	Conduit of the Celestials	110067	136562	1	Essential	Cooldown 3	talent-active:TraitNodeEntry;cdm-only:CooldownSetSpell		api
Monk	Mistweaver	270	Paralysis	115078	talent-active	TraitNodeEntry	true	45	Cooldown	class		101142	124932	1	Utility	CC 2	cdm-only:CooldownSetSpell		api
Monk	Mistweaver	270	Tiger's Lust	116841	talent-active	TraitNodeEntry	true	30	Rotational	class		101147	124937	1	Buff/Utility	Movement Ability 2	cdm-only:CooldownSetSpell		api
Monk	Mistweaver	270	Rising Sun Kick	107428	talent-active	TraitNodeEntry	true	10	Rotational	class		101186	124985	1	Essential	Rotational 3	cdm-only:CooldownSetSpell		api
Monk	Mistweaver	270	Transcendence	101643	talent-active	TraitNodeEntry	true	10	Rotational	class		101167	124962	1	Utility	Class 5 (Purge)	cdm-only:CooldownSetSpell		api
Monk	Mistweaver	270	Thunder Focus Tea	116680	talent-active	TraitNodeEntry	true	1	Rotational	spec		101133	124921	1	Buff/Essential	Self-Heal 1	cdm-only:CooldownSetSpell		api
Monk	Mistweaver	270	Life Cocoon	116849	talent-active	TraitNodeEntry	true	0.8	Rotational	spec		101096	124875	1	Essential	Cooldown 4	cdm-only:CooldownSetSpell		api
Monk	Mistweaver	270	Diffuse Magic	1243287	talent-active	TraitNodeEntry	true	0	Rotational	class		108540	134029	1		Class 7 (Raid Defensive)			api
Monk	Mistweaver	270	Enveloping Mist	124682	talent-active	TraitNodeEntry	true	0	Rotational	spec		101134	124922	1	Essential	Rotational 7	cdm-only:CooldownSetSpell		api
Monk	Mistweaver	270	Mana Tea	115869	talent-active	TraitNodeEntry	true	0	Rotational	spec		101132	124920	1	Essential	Self-Heal 4 (Emergency/Overflow)	cdm-only:CooldownSetSpell		api
Monk	Mistweaver	270	Sheilun's Gift	399491	talent-active	TraitNodeEntry	true	0	Rotational	spec		101120	124904	1		Rotational 5	class-baseline:SkillLineAbility:829		api
Monk	Mistweaver	270	Soothing Mist	115175	talent-active	TraitNodeEntry	true	0	Rotational	class		101143	124933	1	Essential	Rotational 8	class-baseline:SkillLineAbility:829;cdm-only:CooldownSetSpell		api
Monk	Mistweaver	270	Invoke Chi-Ji, the Red Crane	325197	talent-choice	TraitNodeEntry	true	120	Cooldown	spec		101129	124914	1	Essential/Other	Cooldown 1	cdm-only:CooldownSetSpell		api
Monk	Mistweaver	270	Invoke Yu'lon, the Jade Serpent	322118	talent-choice	TraitNodeEntry	true	120	Cooldown	spec		101129	124915	1	Essential/Other		cdm-only:CooldownSetSpell		api
Monk	Mistweaver	270	Ring of Peace	116844	talent-choice	TraitNodeEntry	true	45	Cooldown	class		101136	124926	1	Utility	Class 2 (CC)	cdm-only:CooldownSetSpell		api
Monk	Mistweaver	270	Song of Chi-Ji	198898	talent-choice	TraitNodeEntry	true	30	Rotational	class		101136	124925	1	Utility		cdm-only:CooldownSetSpell		api
Monk	Mistweaver	270	Rushing Wind Kick	467307	talent-choice	TraitNodeEntry	true	10	Rotational	spec		101102	128221	1					api
Monk	Mistweaver	270	Summon Jade Serpent Statue	115313	talent-choice	TraitNodeEntry	true	10	Rotational	class		101164	133997	1		Class 8 (Lust/BRes)			api
Monk	Mistweaver	270	Restoral	388615	talent-choice	TraitNodeEntry	true	1	Rotational	spec		101131	124918	1	Essential		cdm-only:CooldownSetSpell		api
Monk	Mistweaver	270	Revival	115310	talent-choice	TraitNodeEntry	true	1	Rotational	spec		101131	124919	1	Essential	Cooldown 2	cdm-only:CooldownSetSpell		api
Monk	Mistweaver	270	Chi Torpedo	115008	talent-choice	TraitNodeEntry	true	0	Rotational	class		101183	124981	1					api
Monk	Mistweaver	270	Disable	116095	talent-choice	TraitNodeEntry	true	0	Rotational	class		101149	124939	1	Buff	Slow	cdm-only:CooldownSetSpell		api
Monk	Mistweaver	270	Touch of Death	322109	class-baseline	SkillLineAbility:829	true	180	Cooldown						Utility	Class 4 (Special)	cdm-only:CooldownSetSpell		api
Monk	Mistweaver	270	Touch of Fatality	169340	class-baseline	SkillLineAbility:829	true	90	Cooldown										api
Monk	Mistweaver	270	Leg Sweep	119381	class-baseline	SkillLineAbility:829	true	60	Cooldown						Utility	CC	cdm-only:CooldownSetSpell		api
Monk	Mistweaver	270	Zen Pilgrimage	126892	class-baseline	SkillLineAbility:829	true	60	Cooldown										api
Monk	Mistweaver	270	Expel Harm	322101	class-baseline	SkillLineAbility:829	true	15	Rotational							Self-Heal 3 (Overflow)			api
Monk	Mistweaver	270	Provoke	115546	class-baseline	SkillLineAbility:829	true	8	Rotational							Taunt/Quick Access			api
Monk	Mistweaver	270	Blackout Kick	100784	class-baseline	SkillLineAbility:829	true	3	Rotational						Essential	Rotational 2	cdm-only:CooldownSetSpell		api
Monk	Mistweaver	270	Roll	109132	class-baseline	SkillLineAbility:829	true	0.8	Rotational						Utility	Movement Ability	cdm-only:CooldownSetSpell		api
Monk	Mistweaver	270	Chi Burst	130654	class-baseline	SkillLineAbility:829	true	0	Rotational										api
Monk	Mistweaver	270	Chi Wave	132463	class-baseline	SkillLineAbility:829	true	0	Rotational								talent-passive:TraitNodeEntry		api
Monk	Mistweaver	270	Crackling Jade Lightning	117952	class-baseline	SkillLineAbility:829	true	0	Rotational						Essential	Class 3 (Tag)	cdm-only:CooldownSetSpell		api
Monk	Mistweaver	270	Detox	115450	class-baseline	SpecializationSpells	true	0	Rotational						Utility	Class 6 (Dispel)	cdm-only:CooldownSetSpell		api
Monk	Mistweaver	270	Energy Usage	119650	class-baseline	SkillLineAbility:829	true	0	Rotational										none
Monk	Mistweaver	270	Fists of Fury	117418	class-baseline	SkillLineAbility:829	true	0	Rotational										api
Monk	Mistweaver	270	Flying Serpent Kick	123586	class-baseline	SkillLineAbility:829	true	0	Rotational										api
Monk	Mistweaver	270	Healing Sphere	125355	class-baseline	SkillLineAbility:829	true	0	Rotational										api
Monk	Mistweaver	270	Reawaken	212051	class-baseline	SpecializationSpells	true	0	Rotational										api
Monk	Mistweaver	270	Renewing Mist	119611	class-baseline	SkillLineAbility:829	true	0	Rotational						Essential	Rotational 6	class-baseline:SpecializationSpells;cdm-only:CooldownSetSpell		api
Monk	Mistweaver	270	Resuscitate	115178	class-baseline	SkillLineAbility:829	true	0	Rotational										api
Monk	Mistweaver	270	Single-Button Assistant	1229376	class-baseline	SpecializationSpells	true	0	Rotational										api
Monk	Mistweaver	270	Spinning Crane Kick	107270	class-baseline	SkillLineAbility:829	true	0	Rotational						Essential	Rotational 4	cdm-only:CooldownSetSpell		api
Monk	Mistweaver	270	Tiger Palm	100780	class-baseline	SkillLineAbility:829	true	0	Rotational						Essential	Rotational 1	cdm-only:CooldownSetSpell		api
Monk	Mistweaver	270	Touch of Karma	124280	class-baseline	SkillLineAbility:829	true	0	Rotational										api
Monk	Mistweaver	270	Vivify	116670	class-baseline	SkillLineAbility:829	true	0	Rotational						Essential	Self-Heal 2	cdm-only:CooldownSetSpell		api
Monk	Mistweaver	270	Zen Flight	125883	class-baseline	SkillLineAbility:829	true	0	Rotational										api
Monk	Mistweaver	270	Zen Pilgrimage/Death Gate/Moonglade Storage Aura I	126893	class-baseline	SkillLineAbility:829	true	0	Rotational										none
Monk	Mistweaver	270	Zen Pilgrimage: Return	126895	class-baseline	SkillLineAbility:829	true	0	Rotational										api
Monk	Mistweaver	270	Mighty Ox Kick	202370	pvp-talent	PvpTalent	true	30	Rotational						Utility		cdm-only:CooldownSetSpell		api
Monk	Mistweaver	270	Absolute Serenity	455945	pvp-talent	PvpTalent	false	0	Rotational										api
Monk	Mistweaver	270	Counteract Magic	353502	pvp-talent	PvpTalent	false	0	Rotational										api
Monk	Mistweaver	270	Dematerialize	353361	pvp-talent	PvpTalent	false	0	Rotational										api
Monk	Mistweaver	270	Eminence	353584	pvp-talent	PvpTalent	false	0	Rotational										api
Monk	Mistweaver	270	Healing Spheres	1243418	pvp-talent	PvpTalent	false	0	Rotational										api
Monk	Mistweaver	270	Peaceweaver	353313	pvp-talent	PvpTalent	false	0	Rotational										api
Monk	Mistweaver	270	Zen Focus Tea	468430	pvp-talent	PvpTalent	false	0	Rotational										api
Monk	Mistweaver	270	Zen Spheres	1243554	pvp-talent	PvpTalent	false	0	Rotational										api
Monk	Mistweaver	270	Transcendence: Linked Spirits	434774	talent-passive	TraitNodeEntry	false	10	Rotational	class		101176	124972	1					api
Monk	Mistweaver	270	Amplified Rush	1271431	talent-passive	TraitNodeEntry	false	0	Rotational	spec		101103	124884	1					api
Monk	Mistweaver	270	Ancient Arts	344359	talent-passive	TraitNodeEntry	false	0	Rotational	class		101184	124983	2					api
Monk	Mistweaver	270	Aspect of Harmony	450508	talent-passive	TraitNodeEntry	false	0	Rotational	hero	Master of Harmony	101223	125033	1					api
Monk	Mistweaver	270	Balanced Stratagem	450889	talent-passive	TraitNodeEntry	false	0	Rotational	hero	Master of Harmony	101230	125043	1					api
Monk	Mistweaver	270	Bounding Agility	450520	talent-passive	TraitNodeEntry	false	0	Rotational	class		101161	124955	1					api
Monk	Mistweaver	270	Burst of Life	399226	talent-passive	TraitNodeEntry	false	0	Rotational	spec		101098	124877	1					api
Monk	Mistweaver	270	Calming Coalescence	388218	talent-passive	TraitNodeEntry	false	0	Rotational	spec		101095	124874	1					api
Monk	Mistweaver	270	Calming Presence	388664	talent-passive	TraitNodeEntry	false	0	Rotational	class		101153	124944	1					api
Monk	Mistweaver	270	Celerity	115173	talent-passive	TraitNodeEntry	false	0	Rotational	class		101183	124982	1					api
Monk	Mistweaver	270	Celestial Determination	450638	talent-passive	TraitNodeEntry	false	0	Rotational	class		101180	124977	1					api
Monk	Mistweaver	270	Celestial Harmony	343655	talent-passive	TraitNodeEntry	false	0	Rotational	spec		101128	124913	1					api
Monk	Mistweaver	270	Chi Proficiency	450426	talent-passive	TraitNodeEntry	false	0	Rotational	class		101169	124964	2					api
Monk	Mistweaver	270	Chi Transfer	1272452	talent-passive	TraitNodeEntry	false	0	Rotational	class		101177	124974	1					api
Monk	Mistweaver	270	Chi Warding	1277444	talent-passive	TraitNodeEntry	false	0	Rotational	class		110097	136598	1					api
Monk	Mistweaver	270	Chi-Ji's Swiftness	443566	talent-passive	TraitNodeEntry	false	0	Rotational	hero	Conduit of the Celestials	101237	125055	1					api
Monk	Mistweaver	270	Chrysalis	202424	talent-passive	TraitNodeEntry	false	0	Rotational	spec		101098	124878	1					api
Monk	Mistweaver	270	Clarity of Purpose	451017	talent-passive	TraitNodeEntry	false	0	Rotational	hero	Master of Harmony	101228	125040	1					api
Monk	Mistweaver	270	Coalescence	450529	talent-passive	TraitNodeEntry	false	0	Rotational	hero	Master of Harmony	101227	125039	1					api
Monk	Mistweaver	270	Courage of the White Tiger	443087	talent-passive	TraitNodeEntry	false	0	Rotational	hero	Conduit of the Celestials	101242	125061	1					api
Monk	Mistweaver	270	Crane Style	446260	talent-passive	TraitNodeEntry	false	0	Rotational	spec		101097	124876	1					api
Monk	Mistweaver	270	Crashing Momentum	450335	talent-passive	TraitNodeEntry	false	0	Rotational	class		101149	124940	1	Buff		cdm-only:CooldownSetSpell		api
Monk	Mistweaver	270	Dance of Chi-Ji	438439	talent-passive	TraitNodeEntry	false	0	Rotational	spec		101106	124887	1	Buff		cdm-only:CooldownSetSpell		api
Monk	Mistweaver	270	Dance of the Wind	432181	talent-passive	TraitNodeEntry	false	0	Rotational	class		101139	124929	1	Buff		cdm-only:CooldownSetSpell		api
Monk	Mistweaver	270	Dancing Mists	388701	talent-passive	TraitNodeEntry	false	0	Rotational	spec		101112	124893	1					api
Monk	Mistweaver	270	Deep Clarity	446345	talent-passive	TraitNodeEntry	false	0	Rotational	spec		101122	124906	1					api
Monk	Mistweaver	270	Elusive Mists	388681	talent-passive	TraitNodeEntry	false	0	Rotational	class		101144	124934	1					api
Monk	Mistweaver	270	Emperor's Elixir	1268807	talent-passive	TraitNodeEntry	false	0	Rotational	spec		101101	124881	1					api
Monk	Mistweaver	270	Emperor's Favor	471761	talent-passive	TraitNodeEntry	false	0	Rotational	spec		101118	128344	1					api
Monk	Mistweaver	270	Endless Draught	450892	talent-passive	TraitNodeEntry	false	0	Rotational	hero	Master of Harmony	101225	125036	1					api
Monk	Mistweaver	270	Energizing Brew	422031	talent-passive	TraitNodeEntry	false	0	Rotational	spec		101130	124917	1					api
Monk	Mistweaver	270	Escape from Reality	394110	talent-passive	TraitNodeEntry	false	0	Rotational	class		101176	124973	1	Buff		cdm-only:CooldownSetSpell		api
Monk	Mistweaver	270	Expeditious Fortification	388813	talent-passive	TraitNodeEntry	false	0	Rotational	class		101174	124969	1					api
Monk	Mistweaver	270	Fast Feet	388809	talent-passive	TraitNodeEntry	false	0	Rotational	class		101185	124984	1					api
Monk	Mistweaver	270	Fatal Touch	394123	talent-passive	TraitNodeEntry	false	0	Rotational	class		101178	124975	1					api
Monk	Mistweaver	270	Ferocity of Xuen	388674	talent-passive	TraitNodeEntry	false	0	Rotational	class		101166	124961	2					api
Monk	Mistweaver	270	Flow of Chi	450569	talent-passive	TraitNodeEntry	false	0	Rotational	class		101170	124965	1					api
Monk	Mistweaver	270	Flowing Wisdom	1262672	talent-passive	TraitNodeEntry	false	0	Rotational	hero	Conduit of the Celestials	109700	135958	1					api
Monk	Mistweaver	270	Focused Thunder	197895	talent-passive	TraitNodeEntry	false	0	Rotational	spec		101115	124897	1					api
Monk	Mistweaver	270	Gift of the Celestials	388212	talent-passive	TraitNodeEntry	false	0	Rotational	spec		101113	124894	1					api
Monk	Mistweaver	270	Grace of the Crane	388811	talent-passive	TraitNodeEntry	false	0	Rotational	class		101146	124936	1					api
Monk	Mistweaver	270	Harmonic Gambit	450870	talent-passive	TraitNodeEntry	false	0	Rotational	hero	Master of Harmony	101224	125034	1					api
Monk	Mistweaver	270	Harmonic Surge	1270958	talent-passive	TraitNodeEntry	false	0	Rotational	hero	Master of Harmony	109694	135952	1	Buff		cdm-only:CooldownSetSpell		api
Monk	Mistweaver	270	Hasty Provocation	328670	talent-passive	TraitNodeEntry	false	0	Rotational	class		101158	124950	1					api
Monk	Mistweaver	270	Healing Elixir	122280	talent-passive	TraitNodeEntry	false	0	Rotational	spec		101109	124890	1	Buff		cdm-only:CooldownSetSpell		api
Monk	Mistweaver	270	Healing Winds	450560	talent-passive	TraitNodeEntry	false	0	Rotational	class		101171	124966	1					api
Monk	Mistweaver	270	Heart of the Jade Serpent	443294	talent-passive	TraitNodeEntry	false	0	Rotational	hero	Conduit of the Celestials	109701	135959	1	Other		cdm-only:CooldownSetSpell		api
Monk	Mistweaver	270	Improved Detox	388874	talent-passive	TraitNodeEntry	false	0	Rotational	class		101089	124866	1					api
Monk	Mistweaver	270	Improved Touch of Death	322113	talent-passive	TraitNodeEntry	false	0	Rotational	class		101140	124930	1					api
Monk	Mistweaver	270	Inner Compass	443571	talent-passive	TraitNodeEntry	false	0	Rotational	hero	Conduit of the Celestials	101235	125052	1					api
Monk	Mistweaver	270	Invigorating Mists	274586	talent-passive	TraitNodeEntry	false	0	Rotational	spec		101110	124891	1					api
Monk	Mistweaver	270	Ironshell Brew	388814	talent-passive	TraitNodeEntry	false	0	Rotational	class		101174	124970	1					api
Monk	Mistweaver	270	Jade Bond	388031	talent-passive	TraitNodeEntry	false	0	Rotational	spec		101113	124895	1					api
Monk	Mistweaver	270	Jade Empowerment	467316	talent-passive	TraitNodeEntry	false	0	Rotational	spec		101125	124910	1					api
Monk	Mistweaver	270	Jade Infusion	1242910	talent-passive	TraitNodeEntry	false	0	Rotational	class		101164	124958	1					api
Monk	Mistweaver	270	Jade Sanctuary	443059	talent-passive	TraitNodeEntry	false	0	Rotational	hero	Conduit of the Celestials	101238	125056	1					api
Monk	Mistweaver	270	Jade Walk	450553	talent-passive	TraitNodeEntry	false	0	Rotational	class		101160	124954	1	Buff		cdm-only:CooldownSetSpell		api
Monk	Mistweaver	270	Jadefire Teachings	467293	talent-passive	TraitNodeEntry	false	0	Rotational	spec		101102	124882	1					api
Monk	Mistweaver	270	Legacy of Wisdom	404408	talent-passive	TraitNodeEntry	false	0	Rotational	spec		101118	124901	1					api
Monk	Mistweaver	270	Lifecycles	197915	talent-passive	TraitNodeEntry	false	0	Rotational	spec		101130	124916	1					api
Monk	Mistweaver	270	Lighter Than Air	449582	talent-passive	TraitNodeEntry	false	0	Rotational	class		101168	124963	1	Buff		cdm-only:CooldownSetSpell		api
Monk	Mistweaver	270	Lotus Infusion	458431	talent-passive	TraitNodeEntry	false	0	Rotational	spec		101121	124905	1					api
Monk	Mistweaver	270	Manifestation	450875	talent-passive	TraitNodeEntry	false	0	Rotational	hero	Master of Harmony	101222	125032	1					api
Monk	Mistweaver	270	Mantra of Purity	451036	talent-passive	TraitNodeEntry	false	0	Rotational	hero	Master of Harmony	101229	125042	1					api
Monk	Mistweaver	270	Mantra of Tenacity	451029	talent-passive	TraitNodeEntry	false	0	Rotational	hero	Master of Harmony	101229	125041	1					api
Monk	Mistweaver	270	Martial Instincts	450427	talent-passive	TraitNodeEntry	false	0	Rotational	class		101179	124976	2					api
Monk	Mistweaver	270	Meditative Focus	1271105	talent-passive	TraitNodeEntry	false	0	Rotational	hero	Master of Harmony	109696	135954	1					api
Monk	Mistweaver	270	Mist Caller	1266811	talent-passive	TraitNodeEntry	false	0	Rotational	class		110019	136510	1					api
Monk	Mistweaver	270	Mist Wrap	197900	talent-passive	TraitNodeEntry	false	0	Rotational	spec		101093	124871	1					api
Monk	Mistweaver	270	Mistline	1280297	talent-passive	TraitNodeEntry	false	0	Rotational	spec		101123	124907	1					api
Monk	Mistweaver	270	Mists of Life	388548	talent-passive	TraitNodeEntry	false	0	Rotational	spec		101099	124879	1					api
Monk	Mistweaver	270	Misty Coalescence	1268817	talent-passive	TraitNodeEntry	false	0	Rotational	spec		101107	124888	1					api
Monk	Mistweaver	270	Misty Peaks	388682	talent-passive	TraitNodeEntry	false	0	Rotational	spec		101114	124896	2					api
Monk	Mistweaver	270	Morning Breeze	1277302	talent-passive	TraitNodeEntry	false	0	Rotational	spec		101125	124909	1					api
Monk	Mistweaver	270	Niuzao's Protection	442747	talent-passive	TraitNodeEntry	false	0	Rotational	hero	Conduit of the Celestials	101238	125057	1	Buff		cdm-only:CooldownSetSpell		api
Monk	Mistweaver	270	Overflowing Mists	388511	talent-passive	TraitNodeEntry	false	0	Rotational	spec		101094	124872	1					api
Monk	Mistweaver	270	Overwhelming Force	451024	talent-passive	TraitNodeEntry	false	0	Rotational	hero	Master of Harmony	101220	125029	1					api
Monk	Mistweaver	270	Path of Resurgence	450912	talent-passive	TraitNodeEntry	false	0	Rotational	hero	Master of Harmony	101226	125038	1					api
Monk	Mistweaver	270	Path of the Falling Star	1273154	talent-passive	TraitNodeEntry	false	0	Rotational	hero	Conduit of the Celestials	101234	125050	1					api
Monk	Mistweaver	270	Peace and Prosperity	450448	talent-passive	TraitNodeEntry	false	0	Rotational	class		101163	124957	1					api
Monk	Mistweaver	270	Peaceful Mending	388593	talent-passive	TraitNodeEntry	false	0	Rotational	spec		101116	124898	1					api
Monk	Mistweaver	270	Pool of Mists	173841	talent-passive	TraitNodeEntry	false	0	Rotational	spec		101127	125932	1					api
Monk	Mistweaver	270	Potential Energy	1271048	talent-passive	TraitNodeEntry	false	0	Rotational	hero	Master of Harmony	109695	135953	1					api
Monk	Mistweaver	270	Pressure Points	450432	talent-passive	TraitNodeEntry	false	0	Rotational	class		101141	124931	1					api
Monk	Mistweaver	270	Purified Spirit	450867	talent-passive	TraitNodeEntry	false	0	Rotational	hero	Master of Harmony	101224	125035	1					api
Monk	Mistweaver	270	Quick Footed	450503	talent-passive	TraitNodeEntry	false	0	Rotational	class		101158	124951	1					api
Monk	Mistweaver	270	Rapid Diffusion	388847	talent-passive	TraitNodeEntry	false	0	Rotational	spec		101111	124892	2					api
Monk	Mistweaver	270	Refreshment	467270	talent-passive	TraitNodeEntry	false	0	Rotational	spec		101095	124873	1					api
Monk	Mistweaver	270	Reinvigoration	1266740	talent-passive	TraitNodeEntry	false	0	Rotational	class		110027	136520	1					api
Monk	Mistweaver	270	Resplendent Mist	388020	talent-passive	TraitNodeEntry	false	0	Rotational	spec		101126	124911	2					api
Monk	Mistweaver	270	Restore Balance	442719	talent-passive	TraitNodeEntry	false	0	Rotational	hero	Conduit of the Celestials	101233	125049	1			talent-passive:TraitNodeEntry		db2-template
Monk	Mistweaver	270	Rising Mist	274909	talent-passive	TraitNodeEntry	false	0	Rotational	spec		101117	124899	1					api
Monk	Mistweaver	270	Roar from the Heavens	451043	talent-passive	TraitNodeEntry	false	0	Rotational	hero	Master of Harmony	101221	125030	1					api
Monk	Mistweaver	270	Rushing Reflexes	450154	talent-passive	TraitNodeEntry	false	0	Rotational	class		101154	124946	1					api
Monk	Mistweaver	270	Save Them All	389579	talent-passive	TraitNodeEntry	false	0	Rotational	class		101157	124949	1					api
Monk	Mistweaver	270	Secret Infusion	388491	talent-passive	TraitNodeEntry	false	0	Rotational	spec		101124	124908	2					api
Monk	Mistweaver	270	Serene Surge	1266734	talent-passive	TraitNodeEntry	false	0	Rotational	class		110026	136516	1	Buff		cdm-only:CooldownSetSpell		api
Monk	Mistweaver	270	Silent Sanctuary	1266719	talent-passive	TraitNodeEntry	false	0	Rotational	class		110024	136517	1					api
Monk	Mistweaver	270	Spirit's Essence	450595	talent-passive	TraitNodeEntry	false	0	Rotational	class		101138	124928	1					api
Monk	Mistweaver	270	Spiritfont	1260511	talent-passive	TraitNodeEntry	false	0	Rotational	spec		109516	135749	1	Other		talent-passive:TraitNodeEntry;cdm-only:CooldownSetSpell		api
Monk	Mistweaver	270	Stampede of the Ancients	1262756	talent-passive	TraitNodeEntry	false	0	Rotational	hero	Conduit of the Celestials	101240	125059	1					api
Monk	Mistweaver	270	Stillstep Coil	1266733	talent-passive	TraitNodeEntry	false	0	Rotational	class		110025	136518	1					api
Monk	Mistweaver	270	Strength of the Black Ox	443110	talent-passive	TraitNodeEntry	false	0	Rotational	hero	Conduit of the Celestials	110211	136747	1	Buff		cdm-only:CooldownSetSpell		db2-template
Monk	Mistweaver	270	Swift Art	450622	talent-passive	TraitNodeEntry	false	0	Rotational	class		101155	124947	1					api
Monk	Mistweaver	270	Tear of Morning	387991	talent-passive	TraitNodeEntry	false	0	Rotational	spec		101117	124900	1					api
Monk	Mistweaver	270	Temple Training	442743	talent-passive	TraitNodeEntry	false	0	Rotational	hero	Conduit of the Celestials	101236	125054	1					db2-template
Monk	Mistweaver	270	Tiger Tail Sweep	264348	talent-passive	TraitNodeEntry	false	0	Rotational	class		101182	124980	1					api
Monk	Mistweaver	270	Tiger's Vigor	451041	talent-passive	TraitNodeEntry	false	0	Rotational	hero	Master of Harmony	101221	125031	1					api
Monk	Mistweaver	270	Tranquil Tea	1270621	talent-passive	TraitNodeEntry	false	0	Rotational	spec		101119	124902	1					api
Monk	Mistweaver	270	Unity Within	443589	talent-passive	TraitNodeEntry	false	0	Rotational	hero	Conduit of the Celestials	101239	125058	1					api
Monk	Mistweaver	270	Uplifted Spirits	388551	talent-passive	TraitNodeEntry	false	0	Rotational	spec		101092	124869	1					api
Monk	Mistweaver	270	Veil of Pride	400053	talent-passive	TraitNodeEntry	false	0	Rotational	spec		101119	124903	1					api
Monk	Mistweaver	270	Vital Clarity	1266748	talent-passive	TraitNodeEntry	false	0	Rotational	class		110021	136512	1					api
Monk	Mistweaver	270	Vivacious Vivification	388812	talent-passive	TraitNodeEntry	false	0	Rotational	class		110026	136519	1	Buff		cdm-only:CooldownSetSpell		api
Monk	Mistweaver	270	Way of a Thousand Strikes	450965	talent-passive	TraitNodeEntry	false	0	Rotational	hero	Master of Harmony	101226	125037	1					api
Monk	Mistweaver	270	Way of the Crane	388779	talent-passive	TraitNodeEntry	false	0	Rotational	spec		101104	134001	1					api
Monk	Mistweaver	270	Way of the Serpent	1243155	talent-passive	TraitNodeEntry	false	0	Rotational	spec		101104	124885	1					api
Monk	Mistweaver	270	Wind's Reach	450514	talent-passive	TraitNodeEntry	false	0	Rotational	class		101148	124938	1					api
Monk	Mistweaver	270	Windwalking	157411	talent-passive	TraitNodeEntry	false	0	Rotational	class		101175	124971	1					api
Monk	Mistweaver	270	Xuen's Bond	392986	talent-passive	TraitNodeEntry	false	0	Rotational	hero	Conduit of the Celestials	110221	136744	1					api
Monk	Mistweaver	270	Xuen's Guidance	442687	talent-passive	TraitNodeEntry	false	0	Rotational	hero	Conduit of the Celestials	101236	125053	1					api
Monk	Mistweaver	270	Yu'lon's Avatar	1262667	talent-passive	TraitNodeEntry	false	0	Rotational	hero	Conduit of the Celestials	110218	136754	1					api
Monk	Mistweaver	270	Yu'lon's Grace	414131	talent-passive	TraitNodeEntry	false	0	Rotational	class		101165	124960	1					api
Monk	Mistweaver	270	Yu'lon's Knowledge	443625	talent-passive	TraitNodeEntry	false	0	Rotational	hero	Conduit of the Celestials	101233	125048	1					api
Monk	Mistweaver	270	Yu'lon's Whisper	388038	talent-passive	TraitNodeEntry	false	0	Rotational	spec		101100	124880	1					api
Monk	Mistweaver	270	Zen Pulse	446326	talent-passive	TraitNodeEntry	false	0	Rotational	spec		101108	124889	1	Buff		cdm-only:CooldownSetSpell		api
Monk	Mistweaver	270	Transcendence: Transfer	119996	cdm-only	CooldownSetSpell	true	45	Cooldown						Utility	Class 1 (Movement)			db2-plain
Monk	Mistweaver	270	Teachings of the Monastery	116645	cdm-only	CooldownSetSpell	false	0	Rotational						Buff				api
Monk	Windwalker	269	Fortifying Brew	115203	talent-active	TraitNodeEntry	true	360	Cooldown	class		101173	124968	1	Buff/Other/Utility	Personal Defensive 1	cdm-only:CooldownSetSpell		api
Monk	Windwalker	269	Invoke Xuen, the White Tiger	123904	talent-active	TraitNodeEntry	true	120	Cooldown	hero	Conduit of the Celestials	101243	125062	1	Essential	Cooldown 1	cdm-only:CooldownSetSpell		api
Monk	Windwalker	269	Celestial Conduit	443028	talent-active	TraitNodeEntry	true	90	Cooldown	hero	Conduit of the Celestials	110067	136562	1	Essential		talent-active:TraitNodeEntry;cdm-only:CooldownSetSpell		api
Monk	Windwalker	269	Paralysis	115078	talent-active	TraitNodeEntry	true	45	Cooldown	class		101142	124932	1	Utility	CC 2	cdm-only:CooldownSetSpell		api
Monk	Windwalker	269	Slicing Winds	1217413	talent-active	TraitNodeEntry	true	30	Rotational	spec		102250	126307	1	Essential		cdm-only:CooldownSetSpell		api
Monk	Windwalker	269	Tiger's Lust	116841	talent-active	TraitNodeEntry	true	30	Rotational	class		101147	124937	1	Buff/Utility	Movement Ability 2	cdm-only:CooldownSetSpell		api
Monk	Windwalker	269	Fists of Fury	113656	talent-active	TraitNodeEntry	true	24	Rotational	spec		101218	125026	1	Essential	Rotational 4	class-baseline:SkillLineAbility:829;cdm-only:CooldownSetSpell		api
Monk	Windwalker	269	Zenith	1249625	talent-active	TraitNodeEntry	true	16	Rotational	spec		101053	124826	1	Essential/Other	Cooldown 2	cdm-only:CooldownSetSpell		api
Monk	Windwalker	269	Spear Hand Strike	116705	talent-active	TraitNodeEntry	true	15	Rotational	class		110098	136599	1	Utility	Interrupt	cdm-only:CooldownSetSpell		api
Monk	Windwalker	269	Rising Sun Kick	107428	talent-active	TraitNodeEntry	true	10	Rotational	class		101186	124985	1	Essential	Rotational 3	cdm-only:CooldownSetSpell		api
Monk	Windwalker	269	Transcendence	101643	talent-active	TraitNodeEntry	true	10	Rotational	class		101167	124962	1	Utility	Class 5 (Purge)	cdm-only:CooldownSetSpell		api
Monk	Windwalker	269	Detox	218164	talent-active	TraitNodeEntry	true	0	Rotational	class		101150	124941	1	Utility	Class 6 (Dispel)	cdm-only:CooldownSetSpell		api
Monk	Windwalker	269	Diffuse Magic	1243287	talent-active	TraitNodeEntry	true	0	Rotational	class		108540	134029	1		Class 7 (Raid Defensive)			api
Monk	Windwalker	269	Soothing Mist	115175	talent-active	TraitNodeEntry	true	0	Rotational	class		101143	124933	1		Self-Heal 3 (Overflow)	class-baseline:SkillLineAbility:829		api
Monk	Windwalker	269	Ring of Peace	116844	talent-choice	TraitNodeEntry	true	45	Cooldown	class		101136	124926	1	Utility	Class 2 (CC)	cdm-only:CooldownSetSpell		api
Monk	Windwalker	269	Strike of the Windlord	392983	talent-choice	TraitNodeEntry	true	35	Rotational	spec		101207	125014	1	Essential		cdm-only:CooldownSetSpell		api
Monk	Windwalker	269	Whirling Dragon Punch	152175	talent-choice	TraitNodeEntry	true	35	Rotational	spec		101207	134452	1	Essential		cdm-only:CooldownSetSpell		api
Monk	Windwalker	269	Song of Chi-Ji	198898	talent-choice	TraitNodeEntry	true	30	Rotational	class		101136	124925	1	Utility		cdm-only:CooldownSetSpell		api
Monk	Windwalker	269	Chi Torpedo	115008	talent-choice	TraitNodeEntry	true	0	Rotational	class		101183	124981	1					api
Monk	Windwalker	269	Disable	116095	talent-choice	TraitNodeEntry	true	0	Rotational	class		101149	124939	1	Buff	Slow	cdm-only:CooldownSetSpell		api
Monk	Windwalker	269	Touch of Death	322109	class-baseline	SkillLineAbility:829	true	180	Cooldown						Essential	Cooldown 3	cdm-only:CooldownSetSpell		api
Monk	Windwalker	269	Touch of Fatality	169340	class-baseline	SkillLineAbility:829	true	90	Cooldown										api
Monk	Windwalker	269	Leg Sweep	119381	class-baseline	SkillLineAbility:829	true	60	Cooldown						Utility	CC	cdm-only:CooldownSetSpell		api
Monk	Windwalker	269	Zen Pilgrimage	126892	class-baseline	SkillLineAbility:829	true	60	Cooldown										api
Monk	Windwalker	269	Expel Harm	322101	class-baseline	SkillLineAbility:829	true	15	Rotational										api
Monk	Windwalker	269	Provoke	115546	class-baseline	SkillLineAbility:829	true	8	Rotational							Taunt/Quick Access			api
Monk	Windwalker	269	Blackout Kick	100784	class-baseline	SkillLineAbility:829	true	3	Rotational						Essential	Rotational 2	cdm-only:CooldownSetSpell		api
Monk	Windwalker	269	Roll	109132	class-baseline	SkillLineAbility:829	true	0.8	Rotational						Utility	Movement Ability	cdm-only:CooldownSetSpell		api
Monk	Windwalker	269	Chi Burst	130654	class-baseline	SkillLineAbility:829	true	0	Rotational										api
Monk	Windwalker	269	Chi Wave	132463	class-baseline	SkillLineAbility:829	true	0	Rotational										api
Monk	Windwalker	269	Crackling Jade Lightning	117952	class-baseline	SkillLineAbility:829	true	0	Rotational						Essential	Class 3 (Tag)	cdm-only:CooldownSetSpell		api
Monk	Windwalker	269	Energy Usage	119650	class-baseline	SkillLineAbility:829	true	0	Rotational										none
Monk	Windwalker	269	Flying Serpent Kick	123586	class-baseline	SkillLineAbility:829	true	0	Rotational						Utility	Immune/Spell Immune/Movement	class-baseline:SpecializationSpells;cdm-only:CooldownSetSpell		api
Monk	Windwalker	269	Healing Sphere	125355	class-baseline	SkillLineAbility:829	true	0	Rotational										api
Monk	Windwalker	269	Renewing Mist	119611	class-baseline	SkillLineAbility:829	true	0	Rotational										api
Monk	Windwalker	269	Resuscitate	115178	class-baseline	SkillLineAbility:829	true	0	Rotational										api
Monk	Windwalker	269	Sheilun's Gift	205406	class-baseline	SkillLineAbility:829	true	0	Rotational										api
Monk	Windwalker	269	Single-Button Assistant	1229376	class-baseline	SpecializationSpells	true	0	Rotational										api
Monk	Windwalker	269	Spinning Crane Kick	107270	class-baseline	SkillLineAbility:829	true	0	Rotational						Essential	Rotational 5	cdm-only:CooldownSetSpell		api
Monk	Windwalker	269	Tiger Palm	100780	class-baseline	SkillLineAbility:829	true	0	Rotational						Essential	Rotational 1	cdm-only:CooldownSetSpell		api
Monk	Windwalker	269	Touch of Karma	124280	class-baseline	SkillLineAbility:829	true	0	Rotational						Buff/Utility	Personal Defensive 2	class-baseline:SpecializationSpells;cdm-only:CooldownSetSpell		api
Monk	Windwalker	269	Vivify	116670	class-baseline	SkillLineAbility:829	true	0	Rotational							Self-Heal 1			api
Monk	Windwalker	269	Zen Flight	125883	class-baseline	SkillLineAbility:829	true	0	Rotational										api
Monk	Windwalker	269	Zen Pilgrimage/Death Gate/Moonglade Storage Aura I	126893	class-baseline	SkillLineAbility:829	true	0	Rotational										none
Monk	Windwalker	269	Zen Pilgrimage: Return	126895	class-baseline	SkillLineAbility:829	true	0	Rotational										api
Monk	Windwalker	269	Grapple Weapon	233759	pvp-talent	PvpTalent	true	45	Cooldown						Utility		cdm-only:CooldownSetSpell		api
Monk	Windwalker	269	Absolute Serenity	455945	pvp-talent	PvpTalent	false	0	Rotational										api
Monk	Windwalker	269	Perpetual Paralysis	357495	pvp-talent	PvpTalent	false	0	Rotational										api
Monk	Windwalker	269	Predestination	345829	pvp-talent	PvpTalent	false	0	Rotational										api
Monk	Windwalker	269	Ride the Wind	201372	pvp-talent	PvpTalent	false	0	Rotational										api
Monk	Windwalker	269	Rising Dragon Sweep	460276	pvp-talent	PvpTalent	false	0	Rotational										api
Monk	Windwalker	269	Turbo Fists	287681	pvp-talent	PvpTalent	false	0	Rotational										api
Monk	Windwalker	269	Wind Waker	357633	pvp-talent	PvpTalent	false	0	Rotational										api
Monk	Windwalker	269	Transcendence: Linked Spirits	434774	talent-passive	TraitNodeEntry	false	10	Rotational	class		101176	124972	1					api
Monk	Windwalker	269	Against All Odds	450986	talent-passive	TraitNodeEntry	false	0	Rotational	hero	Shado-Pan	101253	125074	1					api
Monk	Windwalker	269	Airborne Rhythm	1248833	talent-passive	TraitNodeEntry	false	0	Rotational	spec		101043	124815	1					api
Monk	Windwalker	269	Ancient Arts	344359	talent-passive	TraitNodeEntry	false	0	Rotational	class		101184	124983	2					api
Monk	Windwalker	269	Ascension	115396	talent-passive	TraitNodeEntry	false	0	Rotational	spec		101037	124807	1					api
Monk	Windwalker	269	Bounding Agility	450520	talent-passive	TraitNodeEntry	false	0	Rotational	class		101161	124955	1					api
Monk	Windwalker	269	Brawler's Intensity	451485	talent-passive	TraitNodeEntry	false	0	Rotational	spec		101038	124809	1					api
Monk	Windwalker	269	Calming Presence	388664	talent-passive	TraitNodeEntry	false	0	Rotational	class		101153	124944	1					api
Monk	Windwalker	269	Celerity	115173	talent-passive	TraitNodeEntry	false	0	Rotational	class		101183	124982	1					api
Monk	Windwalker	269	Celestial Determination	450638	talent-passive	TraitNodeEntry	false	0	Rotational	class		101180	124977	1					api
Monk	Windwalker	269	Chi Proficiency	450426	talent-passive	TraitNodeEntry	false	0	Rotational	class		101169	124964	2					api
Monk	Windwalker	269	Chi Transfer	1272452	talent-passive	TraitNodeEntry	false	0	Rotational	class		101177	124974	1					api
Monk	Windwalker	269	Chi-Ji's Swiftness	443566	talent-passive	TraitNodeEntry	false	0	Rotational	hero	Conduit of the Celestials	101237	125055	1					api
Monk	Windwalker	269	Combat Stance	1272844	talent-passive	TraitNodeEntry	false	0	Rotational	hero	Shado-Pan	101254	125076	1					api
Monk	Windwalker	269	Combat Wisdom	121817	talent-passive	TraitNodeEntry	false	0	Rotational	spec		101217	125025	1	Other		cdm-only:CooldownSetSpell		api
Monk	Windwalker	269	Combo Breaker	137384	talent-passive	TraitNodeEntry	false	0	Rotational	spec		101215	125022	1	Buff		cdm-only:CooldownSetSpell		api
Monk	Windwalker	269	Communion With Wind	451576	talent-passive	TraitNodeEntry	false	0	Rotational	spec		101041	124812	1					api
Monk	Windwalker	269	Courage of the White Tiger	443087	talent-passive	TraitNodeEntry	false	0	Rotational	hero	Conduit of the Celestials	101242	125061	1					api
Monk	Windwalker	269	Crane Vortex	388848	talent-passive	TraitNodeEntry	false	0	Rotational	spec		101211	125018	1					api
Monk	Windwalker	269	Crashing Fists	1248747	talent-passive	TraitNodeEntry	false	0	Rotational	spec		101057	134453	1					api
Monk	Windwalker	269	Crashing Momentum	450335	talent-passive	TraitNodeEntry	false	0	Rotational	class		101149	124940	1	Buff		cdm-only:CooldownSetSpell		api
Monk	Windwalker	269	Cyclone's Drift	1248749	talent-passive	TraitNodeEntry	false	0	Rotational	spec		101057	124830	1					api
Monk	Windwalker	269	Dance of Chi-Ji	325201	talent-passive	TraitNodeEntry	false	0	Rotational	spec		101060	124834	1	Buff		cdm-only:CooldownSetSpell		api
Monk	Windwalker	269	Dance of the Wind	432181	talent-passive	TraitNodeEntry	false	0	Rotational	class		101137	124927	1	Buff		cdm-only:CooldownSetSpell		api
Monk	Windwalker	269	Drinking Horn Cover	391370	talent-passive	TraitNodeEntry	false	0	Rotational	spec		101052	124825	1					api
Monk	Windwalker	269	Dual Threat	451823	talent-passive	TraitNodeEntry	false	0	Rotational	spec		101055	124828	1					api
Monk	Windwalker	269	Echo Technique	1250042	talent-passive	TraitNodeEntry	false	0	Rotational	spec		101203	125009	1					api
Monk	Windwalker	269	Efficient Training	450989	talent-passive	TraitNodeEntry	false	0	Rotational	hero	Shado-Pan	101251	125072	1					api
Monk	Windwalker	269	Elusive Mists	388681	talent-passive	TraitNodeEntry	false	0	Rotational	class		101144	124934	1					api
Monk	Windwalker	269	Energy Burst	451498	talent-passive	TraitNodeEntry	false	0	Rotational	spec		101056	124829	1					api
Monk	Windwalker	269	Energy Transfer	450631	talent-passive	TraitNodeEntry	false	0	Rotational	class		110095	136596	1					api
Monk	Windwalker	269	Escape from Reality	394110	talent-passive	TraitNodeEntry	false	0	Rotational	class		101176	124973	1	Buff		cdm-only:CooldownSetSpell		api
Monk	Windwalker	269	Expeditious Fortification	388813	talent-passive	TraitNodeEntry	false	0	Rotational	class		101174	124969	1					api
Monk	Windwalker	269	Fast Feet	388809	talent-passive	TraitNodeEntry	false	0	Rotational	class		101185	124984	1					api
Monk	Windwalker	269	Fatal Touch	394123	talent-passive	TraitNodeEntry	false	0	Rotational	class		101178	124975	1					api
Monk	Windwalker	269	Ferociousness	458623	talent-passive	TraitNodeEntry	false	0	Rotational	spec		101035	124805	2					api
Monk	Windwalker	269	Ferocity of Xuen	388674	talent-passive	TraitNodeEntry	false	0	Rotational	class		101166	124961	2					api
Monk	Windwalker	269	Flow of Chi	450569	talent-passive	TraitNodeEntry	false	0	Rotational	class		101170	124965	1					api
Monk	Windwalker	269	Flowing Wisdom	1262672	talent-passive	TraitNodeEntry	false	0	Rotational	hero	Conduit of the Celestials	109700	135958	1					api
Monk	Windwalker	269	Flurry Strikes	450615	talent-passive	TraitNodeEntry	false	0	Rotational	hero	Shado-Pan	101248	125069	1	Buff		cdm-only:CooldownSetSpell		api
Monk	Windwalker	269	Flurry of Xuen	452137	talent-passive	TraitNodeEntry	false	0	Rotational	spec		101204	125011	1					api
Monk	Windwalker	269	Glory of the Dawn	392958	talent-passive	TraitNodeEntry	false	0	Rotational	spec		101039	124810	1					api
Monk	Windwalker	269	Grace of the Crane	388811	talent-passive	TraitNodeEntry	false	0	Rotational	class		101146	124936	1					api
Monk	Windwalker	269	Hardened Soles	391383	talent-passive	TraitNodeEntry	false	0	Rotational	spec		101047	124819	2					api
Monk	Windwalker	269	Harmonic Combo	1250041	talent-passive	TraitNodeEntry	false	0	Rotational	spec		104129	128712	1					api
Monk	Windwalker	269	Hasty Provocation	328670	talent-passive	TraitNodeEntry	false	0	Rotational	class		101158	124950	1					api
Monk	Windwalker	269	Healing Winds	450560	talent-passive	TraitNodeEntry	false	0	Rotational	class		101171	124966	1					api
Monk	Windwalker	269	Heart of the Jade Serpent	443294	talent-passive	TraitNodeEntry	false	0	Rotational	hero	Conduit of the Celestials	109701	135959	1	Other		cdm-only:CooldownSetSpell		api
Monk	Windwalker	269	High Impact	450982	talent-passive	TraitNodeEntry	false	0	Rotational	hero	Shado-Pan	101247	125067	1					api
Monk	Windwalker	269	Hit Combo	196740	talent-passive	TraitNodeEntry	false	0	Rotational	spec		101216	125023	1					api
Monk	Windwalker	269	Hurricane's Vault	1248837	talent-passive	TraitNodeEntry	false	0	Rotational	spec		101043	124814	1					api
Monk	Windwalker	269	Improved Touch of Death	322113	talent-passive	TraitNodeEntry	false	0	Rotational	class		101140	124930	1					api
Monk	Windwalker	269	Initiator's Edge	1272849	talent-passive	TraitNodeEntry	false	0	Rotational	hero	Shado-Pan	101254	125075	1	Buff		cdm-only:CooldownSetSpell		api
Monk	Windwalker	269	Inner Compass	443571	talent-passive	TraitNodeEntry	false	0	Rotational	hero	Conduit of the Celestials	101235	125052	1					api
Monk	Windwalker	269	Inner Peace	397768	talent-passive	TraitNodeEntry	false	0	Rotational	spec		101214	125021	1					api
Monk	Windwalker	269	Ironshell Brew	388814	talent-passive	TraitNodeEntry	false	0	Rotational	class		101174	124970	1					api
Monk	Windwalker	269	Jade Ignition	392979	talent-passive	TraitNodeEntry	false	0	Rotational	spec		101050	124822	1					api
Monk	Windwalker	269	Jade Sanctuary	443059	talent-passive	TraitNodeEntry	false	0	Rotational	hero	Conduit of the Celestials	101238	125056	1					api
Monk	Windwalker	269	Jade Walk	450553	talent-passive	TraitNodeEntry	false	0	Rotational	class		101160	124954	1	Buff		cdm-only:CooldownSetSpell		api
Monk	Windwalker	269	Jadefire Stomp	457974	talent-passive	TraitNodeEntry	false	0	Rotational	spec		101045	124817	1					api
Monk	Windwalker	269	Knowledge of the Broken Temple	451529	talent-passive	TraitNodeEntry	false	0	Rotational	spec		101212	125019	1					api
Monk	Windwalker	269	Lighter Than Air	449582	talent-passive	TraitNodeEntry	false	0	Rotational	class		101168	124963	1	Buff		cdm-only:CooldownSetSpell		api
Monk	Windwalker	269	Martial Agility	1272685	talent-passive	TraitNodeEntry	false	0	Rotational	spec		101208	125015	1					api
Monk	Windwalker	269	Martial Instincts	450427	talent-passive	TraitNodeEntry	false	0	Rotational	class		101179	124976	2					api
Monk	Windwalker	269	Martial Precision	450990	talent-passive	TraitNodeEntry	false	0	Rotational	hero	Shado-Pan	101246	125066	1					api
Monk	Windwalker	269	Memory of the Monastery	454969	talent-passive	TraitNodeEntry	false	0	Rotational	spec		101209	125016	1					api
Monk	Windwalker	269	Meridian Strikes	391330	talent-passive	TraitNodeEntry	false	0	Rotational	spec		101061	124835	1					api
Monk	Windwalker	269	Momentum Boost	451294	talent-passive	TraitNodeEntry	false	0	Rotational	spec		101048	124820	1	Buff		cdm-only:CooldownSetSpell		api
Monk	Windwalker	269	Niuzao's Protection	442747	talent-passive	TraitNodeEntry	false	0	Rotational	hero	Conduit of the Celestials	101238	125057	1					api
Monk	Windwalker	269	Obsidian Spiral	1249832	talent-passive	TraitNodeEntry	false	0	Rotational	spec		101051	124823	1					api
Monk	Windwalker	269	One Versus Many	450988	talent-passive	TraitNodeEntry	false	0	Rotational	hero	Shado-Pan	101250	125071	1					api
Monk	Windwalker	269	Path of Jade	392994	talent-passive	TraitNodeEntry	false	0	Rotational	spec		101044	124816	1					api
Monk	Windwalker	269	Path of the Falling Star	1273154	talent-passive	TraitNodeEntry	false	0	Rotational	hero	Conduit of the Celestials	101234	125050	1					api
Monk	Windwalker	269	Peace and Prosperity	450448	talent-passive	TraitNodeEntry	false	0	Rotational	class		101163	124957	1					api
Monk	Windwalker	269	Predictive Training	450992	talent-passive	TraitNodeEntry	false	0	Rotational	hero	Shado-Pan	101245	125064	1					api
Monk	Windwalker	269	Pressure Points	450432	talent-passive	TraitNodeEntry	false	0	Rotational	class		101141	124931	1					api
Monk	Windwalker	269	Pride of Pandaria	450979	talent-passive	TraitNodeEntry	false	0	Rotational	hero	Shado-Pan	101247	125068	1					api
Monk	Windwalker	269	Profound Rebuttal	392910	talent-passive	TraitNodeEntry	false	0	Rotational	class		110022	136513	1					api
Monk	Windwalker	269	Quick Footed	450503	talent-passive	TraitNodeEntry	false	0	Rotational	class		101158	124951	1					api
Monk	Windwalker	269	Reinvigoration	1266740	talent-passive	TraitNodeEntry	false	0	Rotational	class		110027	136520	1					api
Monk	Windwalker	269	Restore Balance	442719	talent-passive	TraitNodeEntry	false	0	Rotational	hero	Conduit of the Celestials	101233	125049	1			talent-passive:TraitNodeEntry		db2-template
Monk	Windwalker	269	Revolving Whirl	451524	talent-passive	TraitNodeEntry	false	0	Rotational	spec		101203	125010	1					api
Monk	Windwalker	269	Rising Star	388849	talent-passive	TraitNodeEntry	false	0	Rotational	spec		101205	125012	1					api
Monk	Windwalker	269	Rushing Reflexes	450154	talent-passive	TraitNodeEntry	false	0	Rotational	class		101154	124946	1					api
Monk	Windwalker	269	Rushing Wind Kick	1250566	talent-passive	TraitNodeEntry	false	0	Rotational	spec		108946	134543	1	Buff		cdm-only:CooldownSetSpell		api
Monk	Windwalker	269	Save Them All	389579	talent-passive	TraitNodeEntry	false	0	Rotational	class		101157	124949	1					api
Monk	Windwalker	269	Sequenced Strikes	451515	talent-passive	TraitNodeEntry	false	0	Rotational	spec		101059	124833	1					api
Monk	Windwalker	269	Shado Over the Battlefield	1262612	talent-passive	TraitNodeEntry	false	0	Rotational	hero	Shado-Pan	109697	135955	1					api
Monk	Windwalker	269	Shadowboxing Treads	392982	talent-passive	TraitNodeEntry	false	0	Rotational	spec		101062	124836	1					api
Monk	Windwalker	269	Sharp Reflexes	261917	talent-passive	TraitNodeEntry	false	0	Rotational	spec		101036	124806	1					api
Monk	Windwalker	269	Silent Sanctuary	1266719	talent-passive	TraitNodeEntry	false	0	Rotational	class		110024	136517	1					api
Monk	Windwalker	269	Singularly Focused Jade	451573	talent-passive	TraitNodeEntry	false	0	Rotational	spec		101044	126026	1					api
Monk	Windwalker	269	Skyfire Heel	1248704	talent-passive	TraitNodeEntry	false	0	Rotational	spec		104128	128711	1	Buff		cdm-only:CooldownSetSpell		api
Monk	Windwalker	269	Spirit's Essence	450595	talent-passive	TraitNodeEntry	false	0	Rotational	class		101138	124928	1					api
Monk	Windwalker	269	Spiritual Focus	280197	talent-passive	TraitNodeEntry	false	0	Rotational	spec		101052	124824	1					api
Monk	Windwalker	269	Stampede of the Ancients	1262756	talent-passive	TraitNodeEntry	false	0	Rotational	hero	Conduit of the Celestials	101240	125059	1					api
Monk	Windwalker	269	Stand Ready	1262603	talent-passive	TraitNodeEntry	false	0	Rotational	hero	Shado-Pan	109698	135956	1					api
Monk	Windwalker	269	Stillstep Coil	1266733	talent-passive	TraitNodeEntry	false	0	Rotational	class		110025	136518	1					api
Monk	Windwalker	269	Strength of Spirit	387276	talent-passive	TraitNodeEntry	false	0	Rotational	class		110022	136514	1					api
Monk	Windwalker	269	Strength of the Black Ox	443110	talent-passive	TraitNodeEntry	false	0	Rotational	hero	Conduit of the Celestials	110211	136747	1	Other		cdm-only:CooldownSetSpell		db2-template
Monk	Windwalker	269	Sunfire Spiral	1272415	talent-passive	TraitNodeEntry	false	0	Rotational	spec		101213	125020	1					api
Monk	Windwalker	269	Swift Art	450622	talent-passive	TraitNodeEntry	false	0	Rotational	class		101155	124947	1					api
Monk	Windwalker	269	Teachings of the Monastery	116645	talent-passive	TraitNodeEntry	false	0	Rotational	spec		101054	124827	1	Buff		cdm-only:CooldownSetSpell		api
Monk	Windwalker	269	Temple Training	442743	talent-passive	TraitNodeEntry	false	0	Rotational	hero	Conduit of the Celestials	101236	125054	1					db2-template
Monk	Windwalker	269	Thunderfist	392985	talent-passive	TraitNodeEntry	false	0	Rotational	spec		101040	124811	1	Buff		cdm-only:CooldownSetSpell		api
Monk	Windwalker	269	Tiger Fang	1272781	talent-passive	TraitNodeEntry	false	0	Rotational	class		101159	124953	1					api
Monk	Windwalker	269	Tiger Tail Sweep	264348	talent-passive	TraitNodeEntry	false	0	Rotational	class		101182	124980	1					api
Monk	Windwalker	269	Tigereye Brew	1261703	talent-passive	TraitNodeEntry	false	0	Rotational	spec		110436	137076	1	Buff		talent-passive:TraitNodeEntry;cdm-only:CooldownSetSpell		api
Monk	Windwalker	269	Touch of the Tiger	388856	talent-passive	TraitNodeEntry	false	0	Rotational	spec		101049	124821	1					api
Monk	Windwalker	269	Unity Within	443589	talent-passive	TraitNodeEntry	false	0	Rotational	hero	Conduit of the Celestials	101239	125058	1					api
Monk	Windwalker	269	Universal Energy	1272175	talent-passive	TraitNodeEntry	false	0	Rotational	spec		101046	124818	1					api
Monk	Windwalker	269	Veteran's Eye	450987	talent-passive	TraitNodeEntry	false	0	Rotational	hero	Shado-Pan	101249	125070	1					api
Monk	Windwalker	269	Vigilant Watch	450993	talent-passive	TraitNodeEntry	false	0	Rotational	hero	Shado-Pan	101244	125063	1					api
Monk	Windwalker	269	Vigorous Expulsion	392900	talent-passive	TraitNodeEntry	false	0	Rotational	class		110020	136511	1					api
Monk	Windwalker	269	Vivacious Vivification	388812	talent-passive	TraitNodeEntry	false	0	Rotational	class		110023	136515	1	Buff		cdm-only:CooldownSetSpell		api
Monk	Windwalker	269	Weapon of Wind	1272678	talent-passive	TraitNodeEntry	false	0	Rotational	spec		101206	125013	1					api
Monk	Windwalker	269	Weapons of the Wall	1262610	talent-passive	TraitNodeEntry	false	0	Rotational	hero	Shado-Pan	109699	135957	1					api
Monk	Windwalker	269	Whirling Steel	450991	talent-passive	TraitNodeEntry	false	0	Rotational	hero	Shado-Pan	101245	125065	1					api
Monk	Windwalker	269	Wind's Reach	450514	talent-passive	TraitNodeEntry	false	0	Rotational	class		101148	124938	1					api
Monk	Windwalker	269	Windwalking	157411	talent-passive	TraitNodeEntry	false	0	Rotational	class		101175	124971	1					api
Monk	Windwalker	269	Wisdom of the Wall	1272821	talent-passive	TraitNodeEntry	false	0	Rotational	hero	Shado-Pan	101252	125073	1					api
Monk	Windwalker	269	Xuen's Battlegear	392993	talent-passive	TraitNodeEntry	false	0	Rotational	spec		101210	125017	1					api
Monk	Windwalker	269	Xuen's Bond	392986	talent-passive	TraitNodeEntry	false	0	Rotational	hero	Conduit of the Celestials	110221	136744	1					api
Monk	Windwalker	269	Xuen's Guidance	442687	talent-passive	TraitNodeEntry	false	0	Rotational	hero	Conduit of the Celestials	101236	125053	1					api
Monk	Windwalker	269	Yu'lon's Avatar	1262667	talent-passive	TraitNodeEntry	false	0	Rotational	hero	Conduit of the Celestials	110218	136754	1					api
Monk	Windwalker	269	Yu'lon's Grace	414131	talent-passive	TraitNodeEntry	false	0	Rotational	class		101165	124960	1					api
Monk	Windwalker	269	Yu'lon's Knowledge	443625	talent-passive	TraitNodeEntry	false	0	Rotational	hero	Conduit of the Celestials	101233	125048	1					api
Monk	Windwalker	269	Zenith Stomp	1272694	talent-passive	TraitNodeEntry	false	0	Rotational	class		101162	124956	1					api
Monk	Windwalker	269	Transcendence: Transfer	119996	cdm-only	CooldownSetSpell	true	45	Cooldown						Utility	Class 1 (Movement)			db2-plain
Monk	Windwalker	269	Mastery: Combo Strikes	115636	cdm-only	CooldownSetSpell	false	0	Rotational						Buff				api
Paladin	Holy	65	Lay on Hands	633	talent-active	TraitNodeEntry	true	600	Cooldown	class		81597	102583	1	Essential	Self-Heal 4 (Emergency/Overflow)	class-baseline:SkillLineAbility:800;cdm-only:CooldownSetSpell		api
Paladin	Holy	65	Aura Mastery	31821	talent-active	TraitNodeEntry	true	180	Cooldown	spec		81567	102548	1	Essential	Cooldown 2	cdm-only:CooldownSetSpell		api
Paladin	Holy	65	Blessing of Sacrifice	6940	talent-active	TraitNodeEntry	true	120	Cooldown	class		81614	102602	1	Utility	Class 3 (Tag)	class-baseline:SkillLineAbility:800;cdm-only:CooldownSetSpell		api
Paladin	Holy	65	Blinding Light	115750	talent-active	TraitNodeEntry	true	90	Cooldown	class		81598	102584	1	Utility	CC 2	cdm-only:CooldownSetSpell		api
Paladin	Holy	65	Turn Evil	10326	talent-active	TraitNodeEntry	true	15	Rotational	class		93010	102623	1	Utility	Class 5 (Purge)	class-baseline:SkillLineAbility:800;cdm-only:CooldownSetSpell		api
Paladin	Holy	65	Blessing of Protection	1022	talent-active	TraitNodeEntry	true	1.5	Rotational	class		81616	102604	1	Buff/Utility	Class 2 (CC)	class-baseline:SkillLineAbility:800;cdm-only:CooldownSetSpell		api
Paladin	Holy	65	Divine Steed	190784	talent-active	TraitNodeEntry	true	0.8	Rotational	class		81632	102625	1	Buff/Utility	Movement Ability	class-baseline:SkillLineAbility:800;cdm-only:CooldownSetSpell		api
Paladin	Holy	65	Eternal Flame	156322	talent-active	TraitNodeEntry	true	0	Rotational	hero	Herald of the Sun	95095	117692	1					api
Paladin	Holy	65	Holy Armaments	432459	talent-active	TraitNodeEntry	true	0	Rotational	hero	Lightsmith	95234	117882	1			talent-active:TraitNodeEntry	Holy Bulwark	api
Paladin	Holy	65	Holy Shock	20473	talent-active	TraitNodeEntry	true	0	Rotational	spec		81555	102534	1	Essential	Rotational 1	class-baseline:SkillLineAbility:800;cdm-only:CooldownSetSpell		api
Paladin	Holy	65	Light of Dawn	85222	talent-active	TraitNodeEntry	true	0	Rotational	spec		81565	102545	1	Essential	Rotational 6	cdm-only:CooldownSetSpell		api
Paladin	Holy	65	Avenging Wrath	31884	talent-choice	TraitNodeEntry	true	120	Cooldown	spec		81584	102569	1	Buff/Essential	Cooldown 1	class-baseline:SkillLineAbility:800;cdm-only:CooldownSetSpell		api
Paladin	Holy	65	Avenging Crusader	216331	talent-choice	TraitNodeEntry	true	60	Cooldown	spec		81584	102568	1					api
Paladin	Holy	65	Divine Toll	375576	talent-choice	TraitNodeEntry	true	60	Cooldown	class		81496	102465	1	Essential		cdm-only:CooldownSetSpell		api
Paladin	Holy	65	Holy Prism	114165	talent-choice	TraitNodeEntry	true	45	Cooldown	class		81496	133480	1	Essential		class-baseline:SkillLineAbility:800;cdm-only:CooldownSetSpell		api
Paladin	Holy	65	Beacon of Virtue	200025	talent-choice	TraitNodeEntry	true	15	Rotational	spec		81554	102532	1	Buff/Essential		cdm-only:CooldownSetSpell		api
Paladin	Holy	65	Blessing of Freedom	1044	talent-choice	TraitNodeEntry	true	1.5	Rotational	class		81631	128251	1	Buff/Utility	Class 1 (Movement)	class-baseline:SkillLineAbility:800;cdm-only:CooldownSetSpell		api
Paladin	Holy	65	Beacon of Faith	156910	talent-choice	TraitNodeEntry	true	0	Rotational	spec		81554	102533	1	Essential	Self-Heal 2	cdm-only:CooldownSetSpell		api
Paladin	Holy	65	Rite of Adjuration	433583	talent-choice	TraitNodeEntry	true	0	Rotational	hero	Lightsmith	95233	117880	1					api
Paladin	Holy	65	Rite of Sanctification	433568	talent-choice	TraitNodeEntry	true	0	Rotational	hero	Lightsmith	95233	117881	1		Buff			api
Paladin	Holy	65	Intercession	391054	class-baseline	SkillLineAbility:800	true	600	Cooldown							Class 8 (Lust/BRes)			api
Paladin	Holy	65	Divine Shield	642	class-baseline	SkillLineAbility:800	true	300	Cooldown						Buff/Utility	Immune/Spell Immune/Movement	cdm-only:CooldownSetSpell		api
Paladin	Holy	65	Jailer's Judgment	162056	class-baseline	SkillLineAbility:800	true	180	Cooldown										api
Paladin	Holy	65	Tyr's Deliverance	200652	class-baseline	SkillLineAbility:800	true	90	Cooldown								talent-passive:TraitNodeEntry		api
Paladin	Holy	65	Divine Protection	498	class-baseline	SpecializationSpells	true	60	Cooldown						Buff/Utility	Personal Defensive 1	cdm-only:CooldownSetSpell		api
Paladin	Holy	65	Eye of Tyr	209202	class-baseline	SkillLineAbility:800	true	60	Cooldown										api
Paladin	Holy	65	Hammer of Justice	853	class-baseline	SkillLineAbility:800	true	45	Cooldown						Utility	CC	cdm-only:CooldownSetSpell		api
Paladin	Holy	65	Wake of Ashes	205273	class-baseline	SkillLineAbility:800	true	30	Rotational										api
Paladin	Holy	65	Cleanse	4987	class-baseline	SpecializationSpells	true	8	Rotational						Utility	Class 6 (Dispel)	cdm-only:CooldownSetSpell		api
Paladin	Holy	65	Cleanse Toxins	440013	class-baseline	SpecializationSpells	true	8	Rotational										api
Paladin	Holy	65	Contemplation	121183	class-baseline	SkillLineAbility:800	true	8	Rotational										api
Paladin	Holy	65	Shield of the Righteous	53600	class-baseline	SkillLineAbility:800	true	1	Rotational						Essential	Rotational 5	class-baseline:SpecializationSpells;cdm-only:CooldownSetSpell		api
Paladin	Holy	65	Absolution	212056	class-baseline	SpecializationSpells	true	0	Rotational										api
Paladin	Holy	65	Ancient Fury	86704	class-baseline	SkillLineAbility:800	true	0	Rotational										api
Paladin	Holy	65	Ardent Defender	66235	class-baseline	SkillLineAbility:800	true	0	Rotational										api
Paladin	Holy	65	Beacon of Light	53652	class-baseline	SkillLineAbility:800	true	0	Rotational						Essential	Self-Heal 1	class-baseline:SpecializationSpells;cdm-only:CooldownSetSpell		api
Paladin	Holy	65	Consecration	81297	class-baseline	SkillLineAbility:800	true	0	Rotational						Essential		cdm-only:CooldownSetSpell		api
Paladin	Holy	65	Crusader Aura	32223	class-baseline	SkillLineAbility:800	true	0	Rotational							Stance 1			api
Paladin	Holy	65	Crusader Strike	35395	class-baseline	SkillLineAbility:800	true	0	Rotational										api
Paladin	Holy	65	Crusader's Direhorn	290608	class-baseline	SkillLineAbility:800	true	0	Rotational										api
Paladin	Holy	65	Devotion Aura	465	class-baseline	SkillLineAbility:800	true	0	Rotational							Stance 2			api
Paladin	Holy	65	Earthen Ordinant's Ramolith	453785	class-baseline	SkillLineAbility:800	true	0	Rotational										api
Paladin	Holy	65	Flash of Light	19750	class-baseline	SkillLineAbility:800	true	0	Rotational						Essential	Rotational 3	cdm-only:CooldownSetSpell		api
Paladin	Holy	65	Hammer of Wrath	24275	class-baseline	SkillLineAbility:800	true	0	Rotational								talent-passive:TraitNodeEntry		api
Paladin	Holy	65	Hand of Reckoning	62124	class-baseline	SkillLineAbility:800	true	0	Rotational							Taunt/Quick Access			api
Paladin	Holy	65	Holy Light	82326	class-baseline	SpecializationSpells	true	0	Rotational						Essential	Rotational 4	cdm-only:CooldownSetSpell		api
Paladin	Holy	65	Judgment	20271	class-baseline	SkillLineAbility:800	true	0	Rotational						Essential	Rotational 2	class-baseline:SpecializationSpells;cdm-only:CooldownSetSpell		api
Paladin	Holy	65	Light of the Ancient Kings	86678	class-baseline	SkillLineAbility:800	true	0	Rotational										api
Paladin	Holy	65	Light's Hammer	114919	class-baseline	SkillLineAbility:800	true	0	Rotational										api
Paladin	Holy	65	Protector of the Innocent	94289	class-baseline	SkillLineAbility:800	true	0	Rotational										api
Paladin	Holy	65	Redemption	7328	class-baseline	SkillLineAbility:800	true	0	Rotational							Res			api
Paladin	Holy	65	Retribution Aura	183435	class-baseline	SkillLineAbility:800	true	0	Rotational										api
Paladin	Holy	65	Sense Undead	5502	class-baseline	SkillLineAbility:800	true	0	Rotational										api
Paladin	Holy	65	Single-Button Assistant	1229376	class-baseline	SpecializationSpells	true	0	Rotational										api
Paladin	Holy	65	Summon Charger	23214	class-baseline	SkillLineAbility:800	true	0	Rotational										api
Paladin	Holy	65	Summon Darkforge Ram	270562	class-baseline	SkillLineAbility:800	true	0	Rotational										api
Paladin	Holy	65	Summon Dawnforge Ram	270564	class-baseline	SkillLineAbility:800	true	0	Rotational										api
Paladin	Holy	65	Summon Exarch's Elekk	73629	class-baseline	SkillLineAbility:800	true	0	Rotational										api
Paladin	Holy	65	Summon Great Exarch's Elekk	73630	class-baseline	SkillLineAbility:800	true	0	Rotational										api
Paladin	Holy	65	Summon Great Sunwalker Kodo	69826	class-baseline	SkillLineAbility:800	true	0	Rotational										api
Paladin	Holy	65	Summon Lightforged Ruinstrider	363613	class-baseline	SkillLineAbility:800	true	0	Rotational										api
Paladin	Holy	65	Summon Sunwalker Kodo	69820	class-baseline	SkillLineAbility:800	true	0	Rotational										api
Paladin	Holy	65	Summon Thalassian Charger	34767	class-baseline	SkillLineAbility:800	true	0	Rotational										api
Paladin	Holy	65	Summon Thalassian Warhorse	34769	class-baseline	SkillLineAbility:800	true	0	Rotational										api
Paladin	Holy	65	Summon Warhorse	13819	class-baseline	SkillLineAbility:800	true	0	Rotational										api
Paladin	Holy	65	Word of Glory	85673	class-baseline	SkillLineAbility:800	true	0	Rotational						Essential	Rotational 7	cdm-only:CooldownSetSpell		api
Paladin	Holy	65	Searing Glare	410126	pvp-talent	PvpTalent	true	60	Cooldown										api
Paladin	Holy	65	Blessing of Spellwarding	204018	pvp-talent	PvpTalent	true	1.5	Rotational						Utility		cdm-only:CooldownSetSpell		api
Paladin	Holy	65	Cleanse the Weak	199330	pvp-talent	PvpTalent	false	0	Rotational										api
Paladin	Holy	65	Darkest before the Dawn	210378	pvp-talent	PvpTalent	false	0	Rotational										api
Paladin	Holy	65	Denounce	2812	pvp-talent	PvpTalent	true	0	Rotational										api
Paladin	Holy	65	Divine Plea	415244	pvp-talent	PvpTalent	false	0	Rotational										api
Paladin	Holy	65	Divine Vision	199324	pvp-talent	PvpTalent	false	0	Rotational										api
Paladin	Holy	65	Luminescence	556606	pvp-talent	PvpTalent	false	0	Rotational										api
Paladin	Holy	65	Shining Revelation	936051	pvp-talent	PvpTalent	false	0	Rotational										api
Paladin	Holy	65	Spellbreaker	469895	pvp-talent	PvpTalent	false	0	Rotational										api
Paladin	Holy	65	Spreading the Word	199456	pvp-talent	PvpTalent	false	0	Rotational										api
Paladin	Holy	65	Ultimate Sacrifice	199452	pvp-talent	PvpTalent	false	0	Rotational										api
Paladin	Holy	65	A Just Reward	469411	talent-passive	TraitNodeEntry	false	0	Rotational	class		103858	128254	2					api
Paladin	Holy	65	Afterimage	385414	talent-passive	TraitNodeEntry	false	0	Rotational	class		81613	102601	1	Buff		cdm-only:CooldownSetSpell		api
Paladin	Holy	65	Armory of Light	1277443	talent-passive	TraitNodeEntry	false	0	Rotational	class		110092	136593	1					api
Paladin	Holy	65	Auras of the Resolute	385633	talent-passive	TraitNodeEntry	false	0	Rotational	class		81600	102587	1					api
Paladin	Holy	65	Aurora	439760	talent-passive	TraitNodeEntry	false	0	Rotational	hero	Herald of the Sun	95069	117666	1					api
Paladin	Holy	65	Authoritative Rebuke	469886	talent-passive	TraitNodeEntry	false	0	Rotational	hero	Lightsmith	95232	117879	1					api
Paladin	Holy	65	Awakening	414195	talent-passive	TraitNodeEntry	false	0	Rotational	spec		81592	116205	1	Buff		cdm-only:CooldownSetSpell		api
Paladin	Holy	65	Awestruck	417855	talent-passive	TraitNodeEntry	false	0	Rotational	spec		81564	102544	1					api
Paladin	Holy	65	Beacon of the Lightbringer	197446	talent-passive	TraitNodeEntry	false	0	Rotational	spec		81568	102549	1					api
Paladin	Holy	65	Beacon of the Savior	1244878	talent-passive	TraitNodeEntry	false	0	Rotational	spec		110417	137019	1			talent-passive:TraitNodeEntry		api
Paladin	Holy	65	Bestow Light	448040	talent-passive	TraitNodeEntry	false	0	Rotational	spec		81560	102539	1					api
Paladin	Holy	65	Blessed Assurance	433015	talent-passive	TraitNodeEntry	false	0	Rotational	hero	Lightsmith	95235	117883	1					api
Paladin	Holy	65	Blessed Calling	469770	talent-passive	TraitNodeEntry	false	0	Rotational	class		103868	128264	1					api
Paladin	Holy	65	Blessing of An'she	445200	talent-passive	TraitNodeEntry	false	0	Rotational	hero	Herald of the Sun	95071	117668	1					api
Paladin	Holy	65	Blessing of Dawn	183416	talent-passive	TraitNodeEntry	false	0	Rotational	class		93357	115673	1					api
Paladin	Holy	65	Blessing of Dusk	1241945	talent-passive	TraitNodeEntry	false	0	Rotational	class		103863	128259	1					api
Paladin	Holy	65	Blessing of the Forge	433011	talent-passive	TraitNodeEntry	false	0	Rotational	hero	Lightsmith	95230	117875	1					api
Paladin	Holy	65	Born in Sunlight	1263920	talent-passive	TraitNodeEntry	false	0	Rotational	hero	Herald of the Sun	109749	136007	1					api
Paladin	Holy	65	Breaking Dawn	387879	talent-passive	TraitNodeEntry	false	0	Rotational	spec		81583	102567	2					api
Paladin	Holy	65	Brought to Light	1265549	talent-passive	TraitNodeEntry	false	0	Rotational	class		109998	136486	1					api
Paladin	Holy	65	Call of the Righteous	1241511	talent-passive	TraitNodeEntry	false	0	Rotational	spec		81587	102572	2					api
Paladin	Holy	65	Cavalier	230332	talent-passive	TraitNodeEntry	false	0	Rotational	class		81605	102592	1					api
Paladin	Holy	65	Commanding Light	387781	talent-passive	TraitNodeEntry	false	0	Rotational	spec		81580	102564	1					api
Paladin	Holy	65	Consecrated Ground	204054	talent-passive	TraitNodeEntry	false	0	Rotational	class		81543	102518	1					api
Paladin	Holy	65	Crusader's Might	196926	talent-passive	TraitNodeEntry	false	0	Rotational	spec		102502	136574	1					api
Paladin	Holy	65	Dawnlight	431377	talent-passive	TraitNodeEntry	false	0	Rotational	hero	Herald of the Sun	95099	117696	1	Buff		cdm-only:CooldownSetSpell		api
Paladin	Holy	65	Divine Favor	1270916	talent-passive	TraitNodeEntry	false	0	Rotational	spec		81570	102551	1					api
Paladin	Holy	65	Divine Glimpse	387805	talent-passive	TraitNodeEntry	false	0	Rotational	spec		81585	102570	1					api
Paladin	Holy	65	Divine Guidance	433106	talent-passive	TraitNodeEntry	false	0	Rotational	hero	Lightsmith	95235	117884	1					api
Paladin	Holy	65	Divine Inspiration	432964	talent-passive	TraitNodeEntry	false	0	Rotational	hero	Lightsmith	95231	117877	1					api
Paladin	Holy	65	Divine Overload	1271077	talent-passive	TraitNodeEntry	false	0	Rotational	spec		81589	102574	1					api
Paladin	Holy	65	Divine Purpose	223817	talent-passive	TraitNodeEntry	false	0	Rotational	class		93191	128246	1	Buff		cdm-only:CooldownSetSpell		api
Paladin	Holy	65	Divine Reach	469476	talent-passive	TraitNodeEntry	false	0	Rotational	class		93168	115447	1					api
Paladin	Holy	65	Divine Resonance	386738	talent-passive	TraitNodeEntry	false	0	Rotational	class		93180	115466	1	Other		cdm-only:CooldownSetSpell		api
Paladin	Holy	65	Divine Revelations	387808	talent-passive	TraitNodeEntry	false	0	Rotational	spec		81578	102562	1					api
Paladin	Holy	65	Divine Spurs	469409	talent-passive	TraitNodeEntry	false	0	Rotational	class		103857	128253	1					api
Paladin	Holy	65	Echoing Blessings	387801	talent-passive	TraitNodeEntry	false	0	Rotational	class		93520	115872	1					api
Paladin	Holy	65	Empyreal Ward	387791	talent-passive	TraitNodeEntry	false	0	Rotational	class		103859	128255	1					api
Paladin	Holy	65	Empyrean Legacy	1241358	talent-passive	TraitNodeEntry	false	0	Rotational	spec		103831	102576	1	Buff		cdm-only:CooldownSetSpell		api
Paladin	Holy	65	Endless Gleam	1263787	talent-passive	TraitNodeEntry	false	0	Rotational	hero	Herald of the Sun	109748	136006	1					api
Paladin	Holy	65	Extrication	461278	talent-passive	TraitNodeEntry	false	0	Rotational	spec		81590	102575	1					api
Paladin	Holy	65	Eye for an Eye	469309	talent-passive	TraitNodeEntry	false	0	Rotational	class		81628	102620	1					api
Paladin	Holy	65	Faith's Armor	406101	talent-passive	TraitNodeEntry	false	0	Rotational	class		81495	102464	1					api
Paladin	Holy	65	Fear No Evil	1265541	talent-passive	TraitNodeEntry	false	0	Rotational	class		109997	136485	1					api
Paladin	Holy	65	Fist of Justice	234299	talent-passive	TraitNodeEntry	false	0	Rotational	class		109999	136487	1					api
Paladin	Holy	65	Forewarning	432804	talent-passive	TraitNodeEntry	false	0	Rotational	hero	Lightsmith	95231	117876	1					api
Paladin	Holy	65	Gleaming Rays	431480	talent-passive	TraitNodeEntry	false	0	Rotational	hero	Herald of the Sun	95073	117778	1					api
Paladin	Holy	65	Glistening Radiance	1241805	talent-passive	TraitNodeEntry	false	0	Rotational	spec		81576	102559	1					api
Paladin	Holy	65	Glorious Dawn	461246	talent-passive	TraitNodeEntry	false	0	Rotational	spec		93521	115873	1					api
Paladin	Holy	65	Golden Path	377128	talent-passive	TraitNodeEntry	false	0	Rotational	class		103856	128252	1					api
Paladin	Holy	65	Greater Judgment	231644	talent-passive	TraitNodeEntry	false	0	Rotational	class		92220	114292	1					api
Paladin	Holy	65	Guided Prayer	404357	talent-passive	TraitNodeEntry	false	0	Rotational	class		110012	136503	1					api
Paladin	Holy	65	Hammer and Anvil	433718	talent-passive	TraitNodeEntry	false	0	Rotational	hero	Lightsmith	109743	136001	1					api
Paladin	Holy	65	Hand of Divinity	1242008	talent-passive	TraitNodeEntry	false	0	Rotational	spec		81588	133501	1	Buff		cdm-only:CooldownSetSpell		api
Paladin	Holy	65	Holy Aegis	385515	talent-passive	TraitNodeEntry	false	0	Rotational	class		81609	102597	1					api
Paladin	Holy	65	Holy Reprieve	469445	talent-passive	TraitNodeEntry	false	0	Rotational	class		103860	128256	1					api
Paladin	Holy	65	Holy Ritual	199422	talent-passive	TraitNodeEntry	false	0	Rotational	class		103866	128262	1					api
Paladin	Holy	65	Illumine	431423	talent-passive	TraitNodeEntry	false	0	Rotational	hero	Herald of the Sun	95098	117695	1					api
Paladin	Holy	65	Imbued Infusions	392961	talent-passive	TraitNodeEntry	false	0	Rotational	spec		81557	102536	1					api
Paladin	Holy	65	Improved Blessing of Protection	384909	talent-passive	TraitNodeEntry	false	0	Rotational	class		81617	102606	1					api
Paladin	Holy	65	Improved Cleanse	393024	talent-passive	TraitNodeEntry	false	0	Rotational	class		81508	102477	1					api
Paladin	Holy	65	Inflorescence of the Sunwell	392907	talent-passive	TraitNodeEntry	false	0	Rotational	spec		81591	102577	1					api
Paladin	Holy	65	Infusion of Light	53576	talent-passive	TraitNodeEntry	false	0	Rotational	spec		81569	102550	1	Buff		cdm-only:CooldownSetSpell		api
Paladin	Holy	65	Inspired Guard	469439	talent-passive	TraitNodeEntry	false	0	Rotational	class		103864	128260	1					api
Paladin	Holy	65	Laying Down Arms	432866	talent-passive	TraitNodeEntry	false	0	Rotational	hero	Lightsmith	95236	117885	1					api
Paladin	Holy	65	Lead the Charge	469780	talent-passive	TraitNodeEntry	false	0	Rotational	class		103867	128263	1					api
Paladin	Holy	65	Liberation	461287	talent-passive	TraitNodeEntry	false	0	Rotational	spec		102502	126571	1					api
Paladin	Holy	65	Light of the Martyr	447985	talent-passive	TraitNodeEntry	false	0	Rotational	spec		81561	102540	1					api
Paladin	Holy	65	Light's Conviction	414073	talent-passive	TraitNodeEntry	false	0	Rotational	spec		93927	116376	1					api
Paladin	Holy	65	Light's Countenance	469325	talent-passive	TraitNodeEntry	false	0	Rotational	class		103854	128247	1					api
Paladin	Holy	65	Light's Protection	461243	talent-passive	TraitNodeEntry	false	0	Rotational	spec		93522	115874	1					api
Paladin	Holy	65	Light's Revocation	146956	talent-passive	TraitNodeEntry	false	0	Rotational	class		81608	102596	1					api
Paladin	Holy	65	Lightbearer	469416	talent-passive	TraitNodeEntry	false	0	Rotational	class		103861	128257	1					api
Paladin	Holy	65	Lightforged Blessing	406468	talent-passive	TraitNodeEntry	false	0	Rotational	class		103852	128242	1			talent-passive:TraitNodeEntry		api
Paladin	Holy	65	Lingering Radiance	431407	talent-passive	TraitNodeEntry	false	0	Rotational	hero	Herald of the Sun	95071	117779	1					api
Paladin	Holy	65	Luminosity	431402	talent-passive	TraitNodeEntry	false	0	Rotational	hero	Herald of the Sun	95080	117677	1					api
Paladin	Holy	65	Masterwork	1271387	talent-passive	TraitNodeEntry	false	0	Rotational	hero	Lightsmith	109742	136000	1	Buff		cdm-only:CooldownSetSpell		api
Paladin	Holy	65	Moment of Compassion	387786	talent-passive	TraitNodeEntry	false	0	Rotational	spec		81571	102553	1					api
Paladin	Holy	65	Morning Star	431482	talent-passive	TraitNodeEntry	false	0	Rotational	hero	Herald of the Sun	95073	117670	1					api
Paladin	Holy	65	Obduracy	385427	talent-passive	TraitNodeEntry	false	0	Rotational	class		81630	102622	2					api
Paladin	Holy	65	Overflowing Light	461244	talent-passive	TraitNodeEntry	false	0	Rotational	spec		81556	102535	1					api
Paladin	Holy	65	Pillars of Light	1232616	talent-passive	TraitNodeEntry	false	0	Rotational	spec		81579	102563	1					api
Paladin	Holy	65	Protection of Tyr	200430	talent-passive	TraitNodeEntry	false	0	Rotational	spec		81566	102546	1					api
Paladin	Holy	65	Quickened Invocation	379391	talent-passive	TraitNodeEntry	false	0	Rotational	class		93180	115465	1					api
Paladin	Holy	65	Reclamation	415364	talent-passive	TraitNodeEntry	false	0	Rotational	spec		81558	102537	1					api
Paladin	Holy	65	Recompense	384914	talent-passive	TraitNodeEntry	false	0	Rotational	class		81607	102594	1					api
Paladin	Holy	65	Reflection of Radiance	1271466	talent-passive	TraitNodeEntry	false	0	Rotational	hero	Lightsmith	95238	117887	1					api
Paladin	Holy	65	Resounding Strike	1271553	talent-passive	TraitNodeEntry	false	0	Rotational	hero	Lightsmith	109744	136002	1					api
Paladin	Holy	65	Resplendent Light	392902	talent-passive	TraitNodeEntry	false	0	Rotational	spec		81571	102552	1					api
Paladin	Holy	65	Righteous Judgment	414113	talent-passive	TraitNodeEntry	false	0	Rotational	spec		93523	115875	1					api
Paladin	Holy	65	Righteous Protection	469321	talent-passive	TraitNodeEntry	false	0	Rotational	class		103865	128248	1					api
Paladin	Holy	65	Ringing of the Heavens	1241542	talent-passive	TraitNodeEntry	false	0	Rotational	spec		108099	133479	1					api
Paladin	Holy	65	Rising Sunlight	1277651	talent-passive	TraitNodeEntry	false	0	Rotational	spec		81595	102581	1					api
Paladin	Holy	65	Sacred Strength	469337	talent-passive	TraitNodeEntry	false	0	Rotational	class		93191	115489	1					api
Paladin	Holy	65	Sacrifice of the Just	384820	talent-passive	TraitNodeEntry	false	0	Rotational	class		81607	102595	1					api
Paladin	Holy	65	Sanctified Plates	402964	talent-passive	TraitNodeEntry	false	0	Rotational	class		93009	115034	2					api
Paladin	Holy	65	Sanctified Wrath	53376	talent-passive	TraitNodeEntry	false	0	Rotational	spec		81592	102578	1					api
Paladin	Holy	65	Saved by the Light	157047	talent-passive	TraitNodeEntry	false	0	Rotational	spec		81574	102557	1					api
Paladin	Holy	65	Seal of Might	385450	talent-passive	TraitNodeEntry	false	0	Rotational	class		81621	102612	2					api
Paladin	Holy	65	Second Sunrise	431474	talent-passive	TraitNodeEntry	false	0	Rotational	hero	Herald of the Sun	95086	117683	1					api
Paladin	Holy	65	Seek Deliverance	1271016	talent-passive	TraitNodeEntry	false	0	Rotational	spec		81594	102580	1					api
Paladin	Holy	65	Selfless Healer	469434	talent-passive	TraitNodeEntry	false	0	Rotational	class		103856	128309	1					api
Paladin	Holy	65	Seraphic Barrier	1241714	talent-passive	TraitNodeEntry	false	0	Rotational	spec		81593	102579	1					api
Paladin	Holy	65	Shared Resolve	432821	talent-passive	TraitNodeEntry	false	0	Rotational	hero	Lightsmith	95237	117886	1					api
Paladin	Holy	65	Shining Righteousness	414443	talent-passive	TraitNodeEntry	false	0	Rotational	spec		81562	102541	1					api
Paladin	Holy	65	Solar Grace	431404	talent-passive	TraitNodeEntry	false	0	Rotational	hero	Herald of the Sun	109750	136008	1	Buff		cdm-only:CooldownSetSpell		api
Paladin	Holy	65	Solidarity	432802	talent-passive	TraitNodeEntry	false	0	Rotational	hero	Lightsmith	95228	117873	1					api
Paladin	Holy	65	Stand Against Evil	469317	talent-passive	TraitNodeEntry	false	0	Rotational	class		103855	128249	1					api
Paladin	Holy	65	Steed of Liberty	469304	talent-passive	TraitNodeEntry	false	0	Rotational	class		81631	102624	1					api
Paladin	Holy	65	Stoicism	469316	talent-passive	TraitNodeEntry	false	0	Rotational	class		103862	128258	1					api
Paladin	Holy	65	Sun Sear	431413	talent-passive	TraitNodeEntry	false	0	Rotational	hero	Herald of the Sun	95072	117669	1					api
Paladin	Holy	65	Sun's Avatar	431425	talent-passive	TraitNodeEntry	false	0	Rotational	hero	Herald of the Sun	95105	117702	1					api
Paladin	Holy	65	Tempered in Battle	469701	talent-passive	TraitNodeEntry	false	0	Rotational	hero	Lightsmith	95232	117878	1					api
Paladin	Holy	65	Tirion's Devotion	414720	talent-passive	TraitNodeEntry	false	0	Rotational	spec		81573	102556	1					api
Paladin	Holy	65	Truth Prevails	461273	talent-passive	TraitNodeEntry	false	0	Rotational	spec		108034	133407	1					api
Paladin	Holy	65	Unbound Freedom	305394	talent-passive	TraitNodeEntry	false	0	Rotational	class		93520	131438	1					api
Paladin	Holy	65	Unbreakable Spirit	114154	talent-passive	TraitNodeEntry	false	0	Rotational	class		81615	102603	1					api
Paladin	Holy	65	Unending Light	1271221	talent-passive	TraitNodeEntry	false	0	Rotational	spec		81575	102558	1					api
Paladin	Holy	65	Unwavering Spirit	392911	talent-passive	TraitNodeEntry	false	0	Rotational	spec		81566	102547	1					api
Paladin	Holy	65	Valiance	432919	talent-passive	TraitNodeEntry	false	0	Rotational	hero	Lightsmith	95229	117874	1					api
Paladin	Holy	65	Veneration	392938	talent-passive	TraitNodeEntry	false	0	Rotational	spec		81581	102565	1					api
Paladin	Holy	65	Vengeful Wrath	1241958	talent-passive	TraitNodeEntry	false	0	Rotational	class		103851	128241	2					api
Paladin	Holy	65	Walk Into Light	1263782	talent-passive	TraitNodeEntry	false	0	Rotational	hero	Herald of the Sun	95094	117691	1					api
Paladin	Holy	65	Will of the Dawn	431406	talent-passive	TraitNodeEntry	false	0	Rotational	hero	Herald of the Sun	95098	117777	1	Buff		cdm-only:CooldownSetSpell		api
Paladin	Holy	65	Worthy Sacrifice	469279	talent-passive	TraitNodeEntry	false	0	Rotational	class		103865	128261	1					api
Paladin	Holy	65	Wrench Evil	460720	talent-passive	TraitNodeEntry	false	0	Rotational	class		103855	128250	1					api
Paladin	Holy	65	Holy Bulwark	432459	cdm-only	CooldownSetSpell	true	0	Rotational						Essential	Rotational 8			api
Paladin	Holy	65	Holy Paladin	137029	cdm-only	CooldownSetSpell	false	0	Rotational						Buff				api
Paladin	Protection	66	Lay on Hands	633	talent-active	TraitNodeEntry	true	600	Cooldown	class		81597	102583	1	Utility	Self-Heal 4 (Emergency/Overflow)	class-baseline:SkillLineAbility:800;cdm-only:CooldownSetSpell		api
Paladin	Protection	66	Blessing of Sacrifice	6940	talent-active	TraitNodeEntry	true	120	Cooldown	class		81614	102602	1	Utility	Class 3 (Tag)	class-baseline:SkillLineAbility:800;cdm-only:CooldownSetSpell		api
Paladin	Protection	66	Ardent Defender	31850	talent-active	TraitNodeEntry	true	90	Cooldown	spec		81481	102445	1	Buff/Essential	Cooldown 3	class-baseline:SkillLineAbility:800;cdm-only:CooldownSetSpell		api
Paladin	Protection	66	Blinding Light	115750	talent-active	TraitNodeEntry	true	90	Cooldown	class		81598	102584	1	Utility	CC 2	cdm-only:CooldownSetSpell		api
Paladin	Protection	66	Divine Toll	375576	talent-active	TraitNodeEntry	true	60	Cooldown	class		110006	136496	1	Essential	Cooldown 2	cdm-only:CooldownSetSpell		api
Paladin	Protection	66	Avenger's Shield	31935	talent-active	TraitNodeEntry	true	15	Rotational	spec		81502	102471	1	Essential	Rotational 4	cdm-only:CooldownSetSpell		api
Paladin	Protection	66	Rebuke	96231	talent-active	TraitNodeEntry	true	15	Rotational	class		81604	102591	1	Utility	Interrupt	cdm-only:CooldownSetSpell		api
Paladin	Protection	66	Turn Evil	10326	talent-active	TraitNodeEntry	true	15	Rotational	class		93010	102623	1	Utility	Class 5 (Purge)	class-baseline:SkillLineAbility:800;cdm-only:CooldownSetSpell		api
Paladin	Protection	66	Cleanse Toxins	213644	talent-active	TraitNodeEntry	true	8	Rotational	class		81507	102476	1	Utility	Class 6 (Dispel)	cdm-only:CooldownSetSpell		api
Paladin	Protection	66	Blessing of Protection	1022	talent-active	TraitNodeEntry	true	1.5	Rotational	class		81616	102604	1	Buff/Utility	Class 2 (CC)	class-baseline:SkillLineAbility:800;cdm-only:CooldownSetSpell		api
Paladin	Protection	66	Divine Steed	190784	talent-active	TraitNodeEntry	true	0.8	Rotational	class		81632	102625	1	Buff/Utility	Movement Ability	class-baseline:SkillLineAbility:800;cdm-only:CooldownSetSpell		api
Paladin	Protection	66	Guardian of Ancient Kings	86659	talent-active	TraitNodeEntry	true	0	Rotational	spec		81490	102456	1	Essential/Other	Cooldown 4	cdm-only:CooldownSetSpell		api
Paladin	Protection	66	Holy Armaments	432459	talent-active	TraitNodeEntry	true	0	Rotational	hero	Lightsmith	95234	117882	1			talent-active:TraitNodeEntry	Holy Bulwark	api
Paladin	Protection	66	Avenging Wrath	31884	talent-choice	TraitNodeEntry	true	120	Cooldown	spec		81483	102448	1	Essential/Other		class-baseline:SkillLineAbility:800;cdm-only:CooldownSetSpell		api
Paladin	Protection	66	Sentinel	389539	talent-choice	TraitNodeEntry	true	120	Cooldown	spec		81483	102447	1	Essential/Other		cdm-only:CooldownSetSpell		api
Paladin	Protection	66	Blessing of Freedom	1044	talent-choice	TraitNodeEntry	true	1.5	Rotational	class		81631	128251	1	Buff/Utility	Class 1 (Movement)	class-baseline:SkillLineAbility:800;cdm-only:CooldownSetSpell		api
Paladin	Protection	66	Blessing of Spellwarding	204018	talent-choice	TraitNodeEntry	true	1.5	Rotational	spec		90062	111886	1	Buff/Utility	Class 4 (Special)	cdm-only:CooldownSetSpell		api
Paladin	Protection	66	Blessed Hammer	204019	talent-choice	TraitNodeEntry	true	0	Rotational	spec		81469	102430	1					api
Paladin	Protection	66	Hammer of the Righteous	53595	talent-choice	TraitNodeEntry	true	0	Rotational	spec		81469	102431	1					api
Paladin	Protection	66	Rite of Adjuration	433583	talent-choice	TraitNodeEntry	true	0	Rotational	hero	Lightsmith	95233	117880	1					api
Paladin	Protection	66	Rite of Sanctification	433568	talent-choice	TraitNodeEntry	true	0	Rotational	hero	Lightsmith	95233	117881	1		Buff			api
Paladin	Protection	66	Intercession	391054	class-baseline	SkillLineAbility:800	true	600	Cooldown						Utility	Class 8 (Lust/BRes)	cdm-only:CooldownSetSpell		api
Paladin	Protection	66	Divine Shield	642	class-baseline	SkillLineAbility:800	true	300	Cooldown						Buff/Utility	Immune/Spell Immune/Movement	cdm-only:CooldownSetSpell		api
Paladin	Protection	66	Jailer's Judgment	162056	class-baseline	SkillLineAbility:800	true	180	Cooldown										api
Paladin	Protection	66	Tyr's Deliverance	200652	class-baseline	SkillLineAbility:800	true	90	Cooldown										api
Paladin	Protection	66	Eye of Tyr	209202	class-baseline	SkillLineAbility:800	true	60	Cooldown										api
Paladin	Protection	66	Hammer of Justice	853	class-baseline	SkillLineAbility:800	true	45	Cooldown						Utility	CC	cdm-only:CooldownSetSpell		api
Paladin	Protection	66	Wake of Ashes	205273	class-baseline	SkillLineAbility:800	true	30	Rotational										api
Paladin	Protection	66	Holy Prism	114852	class-baseline	SkillLineAbility:800	true	20	Rotational										api
Paladin	Protection	66	Contemplation	121183	class-baseline	SkillLineAbility:800	true	8	Rotational										api
Paladin	Protection	66	Shield of the Righteous	53600	class-baseline	SkillLineAbility:800	true	1	Rotational						Essential/Other	Rotational 1	cdm-only:CooldownSetSpell		api
Paladin	Protection	66	Ancient Fury	86704	class-baseline	SkillLineAbility:800	true	0	Rotational										api
Paladin	Protection	66	Beacon of Light	53652	class-baseline	SkillLineAbility:800	true	0	Rotational										api
Paladin	Protection	66	Consecration	81297	class-baseline	SkillLineAbility:800	true	0	Rotational						Essential/Other	Rotational 6	cdm-only:CooldownSetSpell		api
Paladin	Protection	66	Crusader Aura	32223	class-baseline	SkillLineAbility:800	true	0	Rotational							Stance 1			api
Paladin	Protection	66	Crusader Strike	35395	class-baseline	SkillLineAbility:800	true	0	Rotational						Essential		cdm-only:CooldownSetSpell		api
Paladin	Protection	66	Crusader's Direhorn	290608	class-baseline	SkillLineAbility:800	true	0	Rotational										api
Paladin	Protection	66	Devotion Aura	465	class-baseline	SkillLineAbility:800	true	0	Rotational							Stance 2			api
Paladin	Protection	66	Earthen Ordinant's Ramolith	453785	class-baseline	SkillLineAbility:800	true	0	Rotational										api
Paladin	Protection	66	Flash of Light	19750	class-baseline	SkillLineAbility:800	true	0	Rotational							Self-Heal 1			api
Paladin	Protection	66	Hammer of Wrath	24275	class-baseline	SkillLineAbility:800	true	0	Rotational								talent-passive:TraitNodeEntry		api
Paladin	Protection	66	Hand of Reckoning	62124	class-baseline	SkillLineAbility:800	true	0	Rotational						Utility	Taunt/Quick Access	cdm-only:CooldownSetSpell		api
Paladin	Protection	66	Holy Shock	25912	class-baseline	SkillLineAbility:800	true	0	Rotational										api
Paladin	Protection	66	Judgment	20271	class-baseline	SkillLineAbility:800	true	0	Rotational						Buff/Essential	Rotational 3	class-baseline:SpecializationSpells;cdm-only:CooldownSetSpell		api
Paladin	Protection	66	Light of the Ancient Kings	86678	class-baseline	SkillLineAbility:800	true	0	Rotational										api
Paladin	Protection	66	Light's Hammer	114919	class-baseline	SkillLineAbility:800	true	0	Rotational										api
Paladin	Protection	66	Protector of the Innocent	94289	class-baseline	SkillLineAbility:800	true	0	Rotational										api
Paladin	Protection	66	Redemption	7328	class-baseline	SkillLineAbility:800	true	0	Rotational							Res			api
Paladin	Protection	66	Retribution Aura	183435	class-baseline	SkillLineAbility:800	true	0	Rotational										api
Paladin	Protection	66	Sense Undead	5502	class-baseline	SkillLineAbility:800	true	0	Rotational										api
Paladin	Protection	66	Single-Button Assistant	1229376	class-baseline	SpecializationSpells	true	0	Rotational										api
Paladin	Protection	66	Summon Charger	23214	class-baseline	SkillLineAbility:800	true	0	Rotational										api
Paladin	Protection	66	Summon Darkforge Ram	270562	class-baseline	SkillLineAbility:800	true	0	Rotational										api
Paladin	Protection	66	Summon Dawnforge Ram	270564	class-baseline	SkillLineAbility:800	true	0	Rotational										api
Paladin	Protection	66	Summon Exarch's Elekk	73629	class-baseline	SkillLineAbility:800	true	0	Rotational										api
Paladin	Protection	66	Summon Great Exarch's Elekk	73630	class-baseline	SkillLineAbility:800	true	0	Rotational										api
Paladin	Protection	66	Summon Great Sunwalker Kodo	69826	class-baseline	SkillLineAbility:800	true	0	Rotational										api
Paladin	Protection	66	Summon Lightforged Ruinstrider	363613	class-baseline	SkillLineAbility:800	true	0	Rotational										api
Paladin	Protection	66	Summon Sunwalker Kodo	69820	class-baseline	SkillLineAbility:800	true	0	Rotational										api
Paladin	Protection	66	Summon Thalassian Charger	34767	class-baseline	SkillLineAbility:800	true	0	Rotational										api
Paladin	Protection	66	Summon Thalassian Warhorse	34769	class-baseline	SkillLineAbility:800	true	0	Rotational										api
Paladin	Protection	66	Summon Warhorse	13819	class-baseline	SkillLineAbility:800	true	0	Rotational										api
Paladin	Protection	66	Word of Glory	85673	class-baseline	SkillLineAbility:800	true	0	Rotational						Essential	Rotational 7	cdm-only:CooldownSetSpell		api
Paladin	Protection	66	Searing Glare	410126	pvp-talent	PvpTalent	true	60	Cooldown						Utility		cdm-only:CooldownSetSpell		api
Paladin	Protection	66	Shield of Virtue	215652	pvp-talent	PvpTalent	true	45	Cooldown						Utility		cdm-only:CooldownSetSpell		api
Paladin	Protection	66	Inquisition	207028	pvp-talent	PvpTalent	true	20	Rotational										api
Paladin	Protection	66	Bear the Burden	468454	pvp-talent	PvpTalent	false	0	Rotational										api
Paladin	Protection	66	Guarded by the Light	216855	pvp-talent	PvpTalent	false	0	Rotational										api
Paladin	Protection	66	Guardian of the Forgotten Queen	228049	pvp-talent	PvpTalent	true	0	Rotational										api
Paladin	Protection	66	Hallowed Ground	216868	pvp-talent	PvpTalent	false	0	Rotational										api
Paladin	Protection	66	Luminescence	556606	pvp-talent	PvpTalent	false	0	Rotational										api
Paladin	Protection	66	Sacred Duty	216853	pvp-talent	PvpTalent	false	0	Rotational										api
Paladin	Protection	66	Shining Revelation	936051	pvp-talent	PvpTalent	false	0	Rotational										api
Paladin	Protection	66	Spellbreaker	469895	pvp-talent	PvpTalent	false	0	Rotational										api
Paladin	Protection	66	Steed of Glory	199542	pvp-talent	PvpTalent	false	0	Rotational										api
Paladin	Protection	66	Warrior of Light	210341	pvp-talent	PvpTalent	false	0	Rotational										api
Paladin	Protection	66	A Just Reward	469411	talent-passive	TraitNodeEntry	false	0	Rotational	class		103858	128254	2					api
Paladin	Protection	66	Adjudication	1277005	talent-passive	TraitNodeEntry	false	0	Rotational	spec		81505	136732	1	Buff		cdm-only:CooldownSetSpell		api
Paladin	Protection	66	Afterimage	385414	talent-passive	TraitNodeEntry	false	0	Rotational	class		93188	115480	1	Buff		cdm-only:CooldownSetSpell		api
Paladin	Protection	66	Auras of the Resolute	385633	talent-passive	TraitNodeEntry	false	0	Rotational	class		81600	102587	1					api
Paladin	Protection	66	Authoritative Rebuke	469886	talent-passive	TraitNodeEntry	false	0	Rotational	hero	Lightsmith	95232	117879	1					api
Paladin	Protection	66	Blessed Assurance	433015	talent-passive	TraitNodeEntry	false	0	Rotational	hero	Lightsmith	95235	117883	1	Buff		cdm-only:CooldownSetSpell		api
Paladin	Protection	66	Blessed Calling	469770	talent-passive	TraitNodeEntry	false	0	Rotational	class		103868	128264	1					api
Paladin	Protection	66	Blessing of Dawn	183416	talent-passive	TraitNodeEntry	false	0	Rotational	class		93357	115673	1					api
Paladin	Protection	66	Blessing of Dusk	1241945	talent-passive	TraitNodeEntry	false	0	Rotational	class		103863	128259	1					api
Paladin	Protection	66	Blessing of the Forge	433011	talent-passive	TraitNodeEntry	false	0	Rotational	hero	Lightsmith	95230	117875	1					api
Paladin	Protection	66	Bonds of Fellowship	432992	talent-passive	TraitNodeEntry	false	0	Rotational	hero	Templar	95181	117814	1					api
Paladin	Protection	66	Brought to Light	1265549	talent-passive	TraitNodeEntry	false	0	Rotational	class		109998	136486	1					api
Paladin	Protection	66	Bulwark of Order	209389	talent-passive	TraitNodeEntry	false	0	Rotational	spec		81499	102468	1					api
Paladin	Protection	66	Bulwark of Righteous Fury	386653	talent-passive	TraitNodeEntry	false	0	Rotational	spec		81491	102457	1	Buff		cdm-only:CooldownSetSpell		api
Paladin	Protection	66	Cavalier	230332	talent-passive	TraitNodeEntry	false	0	Rotational	class		81605	102592	1					api
Paladin	Protection	66	Consecrated Ground	204054	talent-passive	TraitNodeEntry	false	0	Rotational	class		81543	102518	1					api
Paladin	Protection	66	Consecration in Flame	379022	talent-passive	TraitNodeEntry	false	0	Rotational	spec		81485	102450	2					api
Paladin	Protection	66	Crusader's Judgment	204023	talent-passive	TraitNodeEntry	false	0	Rotational	spec		81612	102600	1					api
Paladin	Protection	66	Crusader's Resolve	380188	talent-passive	TraitNodeEntry	false	0	Rotational	spec		81493	102460	1					api
Paladin	Protection	66	Divine Exaction	1260429	talent-passive	TraitNodeEntry	false	0	Rotational	hero	Templar	109745	136003	1					api
Paladin	Protection	66	Divine Guidance	433106	talent-passive	TraitNodeEntry	false	0	Rotational	hero	Lightsmith	95235	117884	1	Buff		cdm-only:CooldownSetSpell		api
Paladin	Protection	66	Divine Hammer	432929	talent-passive	TraitNodeEntry	false	0	Rotational	hero	Templar	109747	136005	1	Buff		cdm-only:CooldownSetSpell		api
Paladin	Protection	66	Divine Inspiration	432964	talent-passive	TraitNodeEntry	false	0	Rotational	hero	Lightsmith	95231	117877	1					api
Paladin	Protection	66	Divine Purpose	223817	talent-passive	TraitNodeEntry	false	0	Rotational	class		93192	128244	1	Buff		cdm-only:CooldownSetSpell		api
Paladin	Protection	66	Divine Reach	469476	talent-passive	TraitNodeEntry	false	0	Rotational	class		93168	115447	1					api
Paladin	Protection	66	Divine Resonance	386738	talent-passive	TraitNodeEntry	false	0	Rotational	class		81479	102443	1					api
Paladin	Protection	66	Divine Spurs	469409	talent-passive	TraitNodeEntry	false	0	Rotational	class		103857	128253	1					api
Paladin	Protection	66	Empyreal Ward	387791	talent-passive	TraitNodeEntry	false	0	Rotational	class		103859	128255	1					api
Paladin	Protection	66	Empyrean Authority	1246481	talent-passive	TraitNodeEntry	false	0	Rotational	spec		81497	102466	1					api
Paladin	Protection	66	Endless Wrath	432615	talent-passive	TraitNodeEntry	false	0	Rotational	hero	Templar	95185	117820	1					api
Paladin	Protection	66	Eye for an Eye	469309	talent-passive	TraitNodeEntry	false	0	Rotational	class		81628	102620	1					api
Paladin	Protection	66	Faith's Armor	406101	talent-passive	TraitNodeEntry	false	0	Rotational	class		81495	102464	1					api
Paladin	Protection	66	Fear No Evil	1265541	talent-passive	TraitNodeEntry	false	0	Rotational	class		109997	136485	1					api
Paladin	Protection	66	Ferren Marcus's Fervor	378762	talent-passive	TraitNodeEntry	false	0	Rotational	spec		81482	102446	2					api
Paladin	Protection	66	Final Stand	204077	talent-passive	TraitNodeEntry	false	0	Rotational	spec		81504	102473	1					api
Paladin	Protection	66	Fist of Justice	234299	talent-passive	TraitNodeEntry	false	0	Rotational	class		109999	136487	1					api
Paladin	Protection	66	Focused Enmity	378845	talent-passive	TraitNodeEntry	false	0	Rotational	spec		81472	102435	1					api
Paladin	Protection	66	Forewarning	432804	talent-passive	TraitNodeEntry	false	0	Rotational	hero	Lightsmith	95231	117876	1					api
Paladin	Protection	66	Gift of the Golden Val'kyr	378279	talent-passive	TraitNodeEntry	false	0	Rotational	spec		81484	102449	1					api
Paladin	Protection	66	Glory of the Vanguard	1267203	talent-passive	TraitNodeEntry	false	0	Rotational	spec		110418	137022	1	Buff		talent-passive:TraitNodeEntry;cdm-only:CooldownSetSpell		api
Paladin	Protection	66	Golden Path	377128	talent-passive	TraitNodeEntry	false	0	Rotational	class		103856	128252	1					api
Paladin	Protection	66	Grand Crusader	85043	talent-passive	TraitNodeEntry	false	0	Rotational	spec		81487	102453	1					api
Paladin	Protection	66	Greater Judgment	231663	talent-passive	TraitNodeEntry	false	0	Rotational	class		81603	102590	1					api
Paladin	Protection	66	Guided Prayer	404357	talent-passive	TraitNodeEntry	false	0	Rotational	class		110012	136503	1					api
Paladin	Protection	66	Hammer and Anvil	433718	talent-passive	TraitNodeEntry	false	0	Rotational	hero	Lightsmith	109743	136001	1					api
Paladin	Protection	66	Hammerfall	432463	talent-passive	TraitNodeEntry	false	0	Rotational	hero	Templar	95184	117818	1					api
Paladin	Protection	66	Hand of the Protector	315924	talent-passive	TraitNodeEntry	false	0	Rotational	spec		81475	102438	1					api
Paladin	Protection	66	Higher Calling	431687	talent-passive	TraitNodeEntry	false	0	Rotational	hero	Templar	95178	117811	1					api
Paladin	Protection	66	Holy Aegis	385515	talent-passive	TraitNodeEntry	false	0	Rotational	class		81609	102597	1					api
Paladin	Protection	66	Holy Reprieve	469445	talent-passive	TraitNodeEntry	false	0	Rotational	class		103860	128256	1					api
Paladin	Protection	66	Holy Ritual	199422	talent-passive	TraitNodeEntry	false	0	Rotational	class		103866	128262	1					api
Paladin	Protection	66	Imbued Shield	1276945	talent-passive	TraitNodeEntry	false	0	Rotational	spec		81494	102463	1					api
Paladin	Protection	66	Improved Ardent Defender	393114	talent-passive	TraitNodeEntry	false	0	Rotational	spec		90062	111887	1					api
Paladin	Protection	66	Improved Blessing of Protection	384909	talent-passive	TraitNodeEntry	false	0	Rotational	class		81617	102606	1					api
Paladin	Protection	66	Inspired Guard	469439	talent-passive	TraitNodeEntry	false	0	Rotational	class		103864	128260	1					api
Paladin	Protection	66	Instrument of the Divine	1277162	talent-passive	TraitNodeEntry	false	0	Rotational	spec		81488	102454	1					api
Paladin	Protection	66	Laying Down Arms	432866	talent-passive	TraitNodeEntry	false	0	Rotational	hero	Lightsmith	95236	117885	1					api
Paladin	Protection	66	Lead the Charge	469780	talent-passive	TraitNodeEntry	false	0	Rotational	class		103867	128263	1					api
Paladin	Protection	66	Light of the Titans	378405	talent-passive	TraitNodeEntry	false	0	Rotational	spec		81503	102472	1	Buff		cdm-only:CooldownSetSpell		api
Paladin	Protection	66	Light's Countenance	469325	talent-passive	TraitNodeEntry	false	0	Rotational	class		103854	128247	1					api
Paladin	Protection	66	Light's Deliverance	425518	talent-passive	TraitNodeEntry	false	0	Rotational	hero	Templar	95182	117815	1	Buff		cdm-only:CooldownSetSpell		api
Paladin	Protection	66	Light's Guidance	427445	talent-passive	TraitNodeEntry	false	0	Rotational	hero	Templar	95180	117813	1					api
Paladin	Protection	66	Light's Judicator	1261525	talent-passive	TraitNodeEntry	false	0	Rotational	hero	Templar	109746	136004	1					api
Paladin	Protection	66	Light's Revocation	146956	talent-passive	TraitNodeEntry	false	0	Rotational	class		81608	102596	1					api
Paladin	Protection	66	Lightbearer	469416	talent-passive	TraitNodeEntry	false	0	Rotational	class		103861	128257	1					api
Paladin	Protection	66	Lightforged Blessing	406468	talent-passive	TraitNodeEntry	false	0	Rotational	class		103850	128240	1			talent-passive:TraitNodeEntry		api
Paladin	Protection	66	Masterwork	1271387	talent-passive	TraitNodeEntry	false	0	Rotational	hero	Lightsmith	109742	136000	1	Buff		cdm-only:CooldownSetSpell		api
Paladin	Protection	66	Obduracy	385427	talent-passive	TraitNodeEntry	false	0	Rotational	class		81630	102622	2					api
Paladin	Protection	66	Punishment	403530	talent-passive	TraitNodeEntry	false	0	Rotational	class		93165	115444	1					api
Paladin	Protection	66	Quickened Invocation	379391	talent-passive	TraitNodeEntry	false	0	Rotational	class		81479	115168	1					api
Paladin	Protection	66	Recompense	384914	talent-passive	TraitNodeEntry	false	0	Rotational	class		81607	102594	1					api
Paladin	Protection	66	Redoubt	280373	talent-passive	TraitNodeEntry	false	0	Rotational	spec		81494	102462	1	Buff		cdm-only:CooldownSetSpell		api
Paladin	Protection	66	Refining Fire	469883	talent-passive	TraitNodeEntry	false	0	Rotational	spec		81486	102452	1	Buff		cdm-only:CooldownSetSpell		api
Paladin	Protection	66	Reflection of Radiance	1271466	talent-passive	TraitNodeEntry	false	0	Rotational	hero	Lightsmith	95238	117887	1					api
Paladin	Protection	66	Relentless Inquisitor	383388	talent-passive	TraitNodeEntry	false	0	Rotational	spec		81506	102475	1					api
Paladin	Protection	66	Resounding Strike	1271553	talent-passive	TraitNodeEntry	false	0	Rotational	hero	Lightsmith	109744	136002	1					api
Paladin	Protection	66	Righteous Protection	469321	talent-passive	TraitNodeEntry	false	0	Rotational	class		103865	128248	1					api
Paladin	Protection	66	Righteous Protector	204074	talent-passive	TraitNodeEntry	false	0	Rotational	spec		81477	102440	1					api
Paladin	Protection	66	Sacred Strength	469337	talent-passive	TraitNodeEntry	false	0	Rotational	class		93192	115490	1					api
Paladin	Protection	66	Sacrifice of the Just	384820	talent-passive	TraitNodeEntry	false	0	Rotational	class		81607	102595	1					api
Paladin	Protection	66	Sacrosanct Crusade	431730	talent-passive	TraitNodeEntry	false	0	Rotational	hero	Templar	95179	117812	1					api
Paladin	Protection	66	Sanctification	432977	talent-passive	TraitNodeEntry	false	0	Rotational	hero	Templar	95185	117819	1	Buff		cdm-only:CooldownSetSpell		api
Paladin	Protection	66	Sanctified Plates	402964	talent-passive	TraitNodeEntry	false	0	Rotational	class		93009	115034	2					api
Paladin	Protection	66	Sanctified Wrath	53376	talent-passive	TraitNodeEntry	false	0	Rotational	spec		103877	128278	1					api
Paladin	Protection	66	Sanctuary	379021	talent-passive	TraitNodeEntry	false	0	Rotational	spec		81473	102436	1					api
Paladin	Protection	66	Seal of Charity	384815	talent-passive	TraitNodeEntry	false	0	Rotational	spec		81498	102467	1					api
Paladin	Protection	66	Seal of Might	385450	talent-passive	TraitNodeEntry	false	0	Rotational	class		81621	102612	2					api
Paladin	Protection	66	Seal of Reprisal	377053	talent-passive	TraitNodeEntry	false	0	Rotational	spec		81629	102621	1					api
Paladin	Protection	66	Seal of the Templar	1263252	talent-passive	TraitNodeEntry	false	0	Rotational	hero	Templar	109745	136184	1					api
Paladin	Protection	66	Searing Sunlight	1244070	talent-passive	TraitNodeEntry	false	0	Rotational	spec		81501	102470	1					api
Paladin	Protection	66	Selfless Healer	469434	talent-passive	TraitNodeEntry	false	0	Rotational	class		103856	128309	1					api
Paladin	Protection	66	Shake the Heavens	431533	talent-passive	TraitNodeEntry	false	0	Rotational	hero	Templar	95187	117823	1	Buff		cdm-only:CooldownSetSpell		api
Paladin	Protection	66	Shared Resolve	432821	talent-passive	TraitNodeEntry	false	0	Rotational	hero	Lightsmith	95237	117886	1					api
Paladin	Protection	66	Shining Light	321136	talent-passive	TraitNodeEntry	false	0	Rotational	spec		81489	102455	1	Buff		cdm-only:CooldownSetSpell		api
Paladin	Protection	66	Soaring Shield	378457	talent-passive	TraitNodeEntry	false	0	Rotational	spec		101928	102434	1					api
Paladin	Protection	66	Solace	1245891	talent-passive	TraitNodeEntry	false	0	Rotational	spec		101927	102451	1					api
Paladin	Protection	66	Solidarity	432802	talent-passive	TraitNodeEntry	false	0	Rotational	hero	Lightsmith	95228	117873	1					api
Paladin	Protection	66	Stand Against Evil	469317	talent-passive	TraitNodeEntry	false	0	Rotational	class		103855	128249	1					api
Paladin	Protection	66	Steed of Liberty	469304	talent-passive	TraitNodeEntry	false	0	Rotational	class		81631	102624	1					api
Paladin	Protection	66	Stoicism	469316	talent-passive	TraitNodeEntry	false	0	Rotational	class		103862	128258	1					api
Paladin	Protection	66	Strength in Adversity	393071	talent-passive	TraitNodeEntry	false	0	Rotational	spec		81493	102461	1					api
Paladin	Protection	66	Sweeping Verdict	1246488	talent-passive	TraitNodeEntry	false	0	Rotational	spec		81505	102474	1					api
Paladin	Protection	66	Tempered in Battle	469701	talent-passive	TraitNodeEntry	false	0	Rotational	hero	Lightsmith	95232	117878	1					api
Paladin	Protection	66	Tirion's Devotion	392928	talent-passive	TraitNodeEntry	false	0	Rotational	spec		81503	125873	1					api
Paladin	Protection	66	Tyr's Enforcer	378285	talent-passive	TraitNodeEntry	false	0	Rotational	spec		81474	102437	2					api
Paladin	Protection	66	Unbound Freedom	305394	talent-passive	TraitNodeEntry	false	0	Rotational	class		93187	115479	1					api
Paladin	Protection	66	Unbreakable Spirit	114154	talent-passive	TraitNodeEntry	false	0	Rotational	class		81615	102603	1					api
Paladin	Protection	66	Undisputed Ruling	432626	talent-passive	TraitNodeEntry	false	0	Rotational	hero	Templar	95186	117822	1	Buff		cdm-only:CooldownSetSpell		api
Paladin	Protection	66	Undying Embers	1244019	talent-passive	TraitNodeEntry	false	0	Rotational	spec		81492	102459	1					api
Paladin	Protection	66	Unrelenting Charger	432990	talent-passive	TraitNodeEntry	false	0	Rotational	hero	Templar	95181	117858	1					api
Paladin	Protection	66	Uther's Counsel	378425	talent-passive	TraitNodeEntry	false	0	Rotational	spec		81500	102469	1					api
Paladin	Protection	66	Valiance	432919	talent-passive	TraitNodeEntry	false	0	Rotational	hero	Lightsmith	95229	117874	1					api
Paladin	Protection	66	Valiant Crusade	1245979	talent-passive	TraitNodeEntry	false	0	Rotational	spec		81476	102439	1	Buff		cdm-only:CooldownSetSpell		api
Paladin	Protection	66	Vengeful Wrath	1241958	talent-passive	TraitNodeEntry	false	0	Rotational	class		103851	128241	2					api
Paladin	Protection	66	Vision of Sanctity	1245354	talent-passive	TraitNodeEntry	false	0	Rotational	spec		81470	102432	1					api
Paladin	Protection	66	Worthy Sacrifice	469279	talent-passive	TraitNodeEntry	false	0	Rotational	class		103865	128261	1					api
Paladin	Protection	66	Wrathful Descent	431551	talent-passive	TraitNodeEntry	false	0	Rotational	hero	Templar	95177	117810	1					api
Paladin	Protection	66	Wrench Evil	460720	talent-passive	TraitNodeEntry	false	0	Rotational	class		103855	128250	1					api
Paladin	Protection	66	Zealot's Paragon	391142	talent-passive	TraitNodeEntry	false	0	Rotational	spec		81471	102433	2					api
Paladin	Protection	66	Zealous Vindication	431463	talent-passive	TraitNodeEntry	false	0	Rotational	hero	Templar	95183	117816	1					api
Paladin	Protection	66	Hammer of Light	1246643	cdm-only	CooldownSetSpell	true	0	Rotational						Buff				db2-template+redirect
Paladin	Protection	66	Holy Bulwark	432459	cdm-only	CooldownSetSpell	true	0	Rotational						Essential				api
Paladin	Protection	66	Protection Paladin	137028	cdm-only	CooldownSetSpell	false	0	Rotational						Buff				none
Paladin	Retribution	70	Lay on Hands	633	talent-active	TraitNodeEntry	true	600	Cooldown	class		81597	102583	1	Utility	Self-Heal 4 (Emergency/Overflow)	class-baseline:SkillLineAbility:800;cdm-only:CooldownSetSpell		api
Paladin	Retribution	70	Avenging Wrath	31884	talent-active	TraitNodeEntry	true	120	Cooldown	spec		81544	102519	1	Essential/Other		class-baseline:SkillLineAbility:800;cdm-only:CooldownSetSpell		api
Paladin	Retribution	70	Blessing of Sacrifice	6940	talent-active	TraitNodeEntry	true	120	Cooldown	class		81614	102602	1	Utility	Class 3 (Tag)	class-baseline:SkillLineAbility:800;cdm-only:CooldownSetSpell		api
Paladin	Retribution	70	Blinding Light	115750	talent-active	TraitNodeEntry	true	90	Cooldown	class		81598	102584	1	Utility	CC 2	cdm-only:CooldownSetSpell		api
Paladin	Retribution	70	Divine Toll	375576	talent-active	TraitNodeEntry	true	60	Cooldown	class		109368	135564	1	Essential		cdm-only:CooldownSetSpell		api
Paladin	Retribution	70	Execution Sentence	343527	talent-active	TraitNodeEntry	true	60	Cooldown	spec		109373	115435	1	Essential/Other		cdm-only:CooldownSetSpell		api
Paladin	Retribution	70	Rebuke	96231	talent-active	TraitNodeEntry	true	15	Rotational	class		110093	136594	1	Utility	Interrupt	cdm-only:CooldownSetSpell		api
Paladin	Retribution	70	Turn Evil	10326	talent-active	TraitNodeEntry	true	15	Rotational	class		93010	102623	1	Utility	Class 5 (Purge)	class-baseline:SkillLineAbility:800;cdm-only:CooldownSetSpell		api
Paladin	Retribution	70	Cleanse Toxins	213644	talent-active	TraitNodeEntry	true	8	Rotational	class		81507	102476	1	Utility	Class 6 (Dispel)	cdm-only:CooldownSetSpell		api
Paladin	Retribution	70	Blessing of Protection	1022	talent-active	TraitNodeEntry	true	1.5	Rotational	class		81616	102604	1	Buff/Utility	Class 2 (CC)	class-baseline:SkillLineAbility:800;cdm-only:CooldownSetSpell		api
Paladin	Retribution	70	Divine Steed	190784	talent-active	TraitNodeEntry	true	0.8	Rotational	class		81632	102625	1	Buff/Utility	Movement Ability	class-baseline:SkillLineAbility:800;cdm-only:CooldownSetSpell		api
Paladin	Retribution	70	Blade of Justice	184575	talent-active	TraitNodeEntry	true	0	Rotational	spec		81526	102498	1	Essential		cdm-only:CooldownSetSpell		api
Paladin	Retribution	70	Divine Storm	53385	talent-active	TraitNodeEntry	true	0	Rotational	spec		81527	102499	1	Essential		cdm-only:CooldownSetSpell		api
Paladin	Retribution	70	Eternal Flame	156322	talent-active	TraitNodeEntry	true	0	Rotational	hero	Herald of the Sun	95095	117692	1					api
Paladin	Retribution	70	Final Verdict	383328	talent-active	TraitNodeEntry	true	0	Rotational	spec		81532	102504	1					api
Paladin	Retribution	70	Shield of Vengeance	1261562	talent-active	TraitNodeEntry	true	0	Rotational	class		109867	136127	1	Buff	Personal Defensive 2	cdm-only:CooldownSetSpell		api
Paladin	Retribution	70	Wake of Ashes	255937	talent-active	TraitNodeEntry	true	0	Rotational	spec		81525	102497	1	Buff/Essential		class-baseline:SkillLineAbility:800;cdm-only:CooldownSetSpell		api
Paladin	Retribution	70	Blessing of Freedom	1044	talent-choice	TraitNodeEntry	true	1.5	Rotational	class		81631	128251	1	Buff/Utility	Class 1 (Movement)	class-baseline:SkillLineAbility:800;cdm-only:CooldownSetSpell		api
Paladin	Retribution	70	Intercession	391054	class-baseline	SkillLineAbility:800	true	600	Cooldown						Utility	Class 8 (Lust/BRes)	cdm-only:CooldownSetSpell		api
Paladin	Retribution	70	Divine Shield	642	class-baseline	SkillLineAbility:800	true	300	Cooldown						Buff/Utility	Immune/Spell Immune/Movement	cdm-only:CooldownSetSpell		api
Paladin	Retribution	70	Jailer's Judgment	162056	class-baseline	SkillLineAbility:800	true	180	Cooldown										api
Paladin	Retribution	70	Tyr's Deliverance	200652	class-baseline	SkillLineAbility:800	true	90	Cooldown										api
Paladin	Retribution	70	Divine Protection	403876	class-baseline	SpecializationSpells	true	60	Cooldown						Buff/Utility	Personal Defensive 1	cdm-only:CooldownSetSpell		api
Paladin	Retribution	70	Eye of Tyr	209202	class-baseline	SkillLineAbility:800	true	60	Cooldown										api
Paladin	Retribution	70	Hammer of Justice	853	class-baseline	SkillLineAbility:800	true	45	Cooldown						Utility	CC	cdm-only:CooldownSetSpell		api
Paladin	Retribution	70	Holy Prism	114852	class-baseline	SkillLineAbility:800	true	20	Rotational										api
Paladin	Retribution	70	Contemplation	121183	class-baseline	SkillLineAbility:800	true	8	Rotational										api
Paladin	Retribution	70	Shield of the Righteous	53600	class-baseline	SkillLineAbility:800	true	1	Rotational										api
Paladin	Retribution	70	Ancient Fury	86704	class-baseline	SkillLineAbility:800	true	0	Rotational										api
Paladin	Retribution	70	Ardent Defender	66235	class-baseline	SkillLineAbility:800	true	0	Rotational										api
Paladin	Retribution	70	Beacon of Light	53652	class-baseline	SkillLineAbility:800	true	0	Rotational										api
Paladin	Retribution	70	Consecration	81297	class-baseline	SkillLineAbility:800	true	0	Rotational										api
Paladin	Retribution	70	Crusader Aura	32223	class-baseline	SkillLineAbility:800	true	0	Rotational							Stance 1			api
Paladin	Retribution	70	Crusader Strike	35395	class-baseline	SkillLineAbility:800	true	0	Rotational						Essential	Rotational 2	cdm-only:CooldownSetSpell		api
Paladin	Retribution	70	Crusader's Direhorn	290608	class-baseline	SkillLineAbility:800	true	0	Rotational										api
Paladin	Retribution	70	Devotion Aura	465	class-baseline	SkillLineAbility:800	true	0	Rotational							Stance 2			api
Paladin	Retribution	70	Earthen Ordinant's Ramolith	453785	class-baseline	SkillLineAbility:800	true	0	Rotational										api
Paladin	Retribution	70	Flash of Light	19750	class-baseline	SkillLineAbility:800	true	0	Rotational							Self-Heal 1			api
Paladin	Retribution	70	Hammer of Wrath	24275	class-baseline	SkillLineAbility:800	true	0	Rotational								talent-passive:TraitNodeEntry		api
Paladin	Retribution	70	Hand of Reckoning	62124	class-baseline	SkillLineAbility:800	true	0	Rotational							Taunt/Quick Access			api
Paladin	Retribution	70	Holy Shock	25912	class-baseline	SkillLineAbility:800	true	0	Rotational										api
Paladin	Retribution	70	Judgment	20271	class-baseline	SkillLineAbility:800	true	0	Rotational						Essential	Rotational 3	cdm-only:CooldownSetSpell		api
Paladin	Retribution	70	Light of the Ancient Kings	86678	class-baseline	SkillLineAbility:800	true	0	Rotational										api
Paladin	Retribution	70	Light's Hammer	114919	class-baseline	SkillLineAbility:800	true	0	Rotational										api
Paladin	Retribution	70	Protector of the Innocent	94289	class-baseline	SkillLineAbility:800	true	0	Rotational										api
Paladin	Retribution	70	Redemption	7328	class-baseline	SkillLineAbility:800	true	0	Rotational							Res			api
Paladin	Retribution	70	Retribution Aura	183435	class-baseline	SkillLineAbility:800	true	0	Rotational										api
Paladin	Retribution	70	Sense Undead	5502	class-baseline	SkillLineAbility:800	true	0	Rotational										api
Paladin	Retribution	70	Single-Button Assistant	1229376	class-baseline	SpecializationSpells	true	0	Rotational										api
Paladin	Retribution	70	Summon Charger	23214	class-baseline	SkillLineAbility:800	true	0	Rotational										api
Paladin	Retribution	70	Summon Darkforge Ram	270562	class-baseline	SkillLineAbility:800	true	0	Rotational										api
Paladin	Retribution	70	Summon Dawnforge Ram	270564	class-baseline	SkillLineAbility:800	true	0	Rotational										api
Paladin	Retribution	70	Summon Exarch's Elekk	73629	class-baseline	SkillLineAbility:800	true	0	Rotational										api
Paladin	Retribution	70	Summon Great Exarch's Elekk	73630	class-baseline	SkillLineAbility:800	true	0	Rotational										api
Paladin	Retribution	70	Summon Great Sunwalker Kodo	69826	class-baseline	SkillLineAbility:800	true	0	Rotational										api
Paladin	Retribution	70	Summon Lightforged Ruinstrider	363613	class-baseline	SkillLineAbility:800	true	0	Rotational										api
Paladin	Retribution	70	Summon Sunwalker Kodo	69820	class-baseline	SkillLineAbility:800	true	0	Rotational										api
Paladin	Retribution	70	Summon Thalassian Charger	34767	class-baseline	SkillLineAbility:800	true	0	Rotational										api
Paladin	Retribution	70	Summon Thalassian Warhorse	34769	class-baseline	SkillLineAbility:800	true	0	Rotational										api
Paladin	Retribution	70	Summon Warhorse	13819	class-baseline	SkillLineAbility:800	true	0	Rotational										api
Paladin	Retribution	70	Templar's Verdict	85256	class-baseline	SpecializationSpells	true	0	Rotational						Essential	Rotational 1	cdm-only:CooldownSetSpell		api
Paladin	Retribution	70	Word of Glory	85673	class-baseline	SkillLineAbility:800	true	0	Rotational							Self-Heal 2			api
Paladin	Retribution	70	Blessing of Sanctuary	210256	pvp-talent	PvpTalent	true	60	Cooldown						Buff/Utility		cdm-only:CooldownSetSpell		api
Paladin	Retribution	70	Searing Glare	410126	pvp-talent	PvpTalent	true	60	Cooldown										api
Paladin	Retribution	70	Blessing of Spellwarding	204018	pvp-talent	PvpTalent	true	1.5	Rotational						Utility		cdm-only:CooldownSetSpell		api
Paladin	Retribution	70	Hallowed Ground	216868	pvp-talent	PvpTalent	false	0	Rotational										api
Paladin	Retribution	70	Luminescence	556606	pvp-talent	PvpTalent	false	0	Rotational										api
Paladin	Retribution	70	Shining Revelation	936051	pvp-talent	PvpTalent	false	0	Rotational										api
Paladin	Retribution	70	Spellbreaker	469895	pvp-talent	PvpTalent	false	0	Rotational										api
Paladin	Retribution	70	Spreading the Word	199456	pvp-talent	PvpTalent	false	0	Rotational										api
Paladin	Retribution	70	Ultimate Retribution	355614	pvp-talent	PvpTalent	false	0	Rotational										api
Paladin	Retribution	70	A Just Reward	469411	talent-passive	TraitNodeEntry	false	0	Rotational	class		103858	128254	2					api
Paladin	Retribution	70	Afterimage	385414	talent-passive	TraitNodeEntry	false	0	Rotational	class		93189	115482	1					api
Paladin	Retribution	70	Art of War	406064	talent-passive	TraitNodeEntry	false	0	Rotational	spec		81523	102493	1	Buff		cdm-only:CooldownSetSpell		api
Paladin	Retribution	70	Auras of the Resolute	385633	talent-passive	TraitNodeEntry	false	0	Rotational	class		81600	102587	1					api
Paladin	Retribution	70	Aurora	439760	talent-passive	TraitNodeEntry	false	0	Rotational	hero	Herald of the Sun	95069	117666	1					api
Paladin	Retribution	70	Blade of Vengeance	403826	talent-passive	TraitNodeEntry	false	0	Rotational	spec		81545	102521	1					api
Paladin	Retribution	70	Blades of Light	403664	talent-passive	TraitNodeEntry	false	0	Rotational	spec		93164	115443	2					api
Paladin	Retribution	70	Blessed Calling	469770	talent-passive	TraitNodeEntry	false	0	Rotational	class		103868	128264	1					api
Paladin	Retribution	70	Blessed Champion	403010	talent-passive	TraitNodeEntry	false	0	Rotational	spec		81541	102515	1					api
Paladin	Retribution	70	Blessing of An'she	445200	talent-passive	TraitNodeEntry	false	0	Rotational	hero	Herald of the Sun	95071	117668	1	Other		cdm-only:CooldownSetSpell		api
Paladin	Retribution	70	Blessing of Dawn	183416	talent-passive	TraitNodeEntry	false	0	Rotational	class		93357	115673	1					api
Paladin	Retribution	70	Blessing of Dusk	1241945	talent-passive	TraitNodeEntry	false	0	Rotational	class		103863	128259	1					api
Paladin	Retribution	70	Bonds of Fellowship	432992	talent-passive	TraitNodeEntry	false	0	Rotational	hero	Templar	95181	117814	1					api
Paladin	Retribution	70	Born in Sunlight	1263920	talent-passive	TraitNodeEntry	false	0	Rotational	hero	Herald of the Sun	109749	136007	1					api
Paladin	Retribution	70	Boundless Judgment	405278	talent-passive	TraitNodeEntry	false	0	Rotational	spec		81533	115021	1					api
Paladin	Retribution	70	Brought to Light	1265549	talent-passive	TraitNodeEntry	false	0	Rotational	class		109998	136486	1					api
Paladin	Retribution	70	Burn to Ash	446663	talent-passive	TraitNodeEntry	false	0	Rotational	spec		92686	114824	1					api
Paladin	Retribution	70	Burning Crusade	403026	talent-passive	TraitNodeEntry	false	0	Rotational	spec		92839	115024	1					api
Paladin	Retribution	70	Cavalier	230332	talent-passive	TraitNodeEntry	false	0	Rotational	class		81605	102592	1					api
Paladin	Retribution	70	Consecrated Ground	204054	talent-passive	TraitNodeEntry	false	0	Rotational	class		81543	102518	1					api
Paladin	Retribution	70	Crusade	1253598	talent-passive	TraitNodeEntry	false	0	Rotational	spec		109369	135565	1					api
Paladin	Retribution	70	Crusading Strikes	404542	talent-passive	TraitNodeEntry	false	0	Rotational	spec		109374	136809	1	Other		cdm-only:CooldownSetSpell		api
Paladin	Retribution	70	Dawnlight	431377	talent-passive	TraitNodeEntry	false	0	Rotational	hero	Herald of the Sun	95099	117696	1	Buff		cdm-only:CooldownSetSpell		api
Paladin	Retribution	70	Divine Exaction	1260429	talent-passive	TraitNodeEntry	false	0	Rotational	hero	Templar	109745	136003	1					api
Paladin	Retribution	70	Divine Hammer	432929	talent-passive	TraitNodeEntry	false	0	Rotational	hero	Templar	109747	136005	1	Other		cdm-only:CooldownSetSpell		api
Paladin	Retribution	70	Divine Purpose	408459	talent-passive	TraitNodeEntry	false	0	Rotational	class		81618	128243	1	Buff		cdm-only:CooldownSetSpell		api
Paladin	Retribution	70	Divine Reach	469476	talent-passive	TraitNodeEntry	false	0	Rotational	class		93168	115447	1					api
Paladin	Retribution	70	Divine Resonance	384027	talent-passive	TraitNodeEntry	false	0	Rotational	class		93181	115468	1	Buff/Other		cdm-only:CooldownSetSpell		api
Paladin	Retribution	70	Divine Spurs	469409	talent-passive	TraitNodeEntry	false	0	Rotational	class		103857	128253	1					api
Paladin	Retribution	70	Divine Wrath	406872	talent-passive	TraitNodeEntry	false	0	Rotational	spec		93160	115439	2					api
Paladin	Retribution	70	Empyreal Ward	387791	talent-passive	TraitNodeEntry	false	0	Rotational	class		103859	128255	1					api
Paladin	Retribution	70	Empyrean Legacy	387170	talent-passive	TraitNodeEntry	false	0	Rotational	spec		93173	115453	1	Buff		cdm-only:CooldownSetSpell		api
Paladin	Retribution	70	Empyrean Power	326732	talent-passive	TraitNodeEntry	false	0	Rotational	spec		92860	115051	1	Buff		cdm-only:CooldownSetSpell		api
Paladin	Retribution	70	Endless Gleam	1263787	talent-passive	TraitNodeEntry	false	0	Rotational	hero	Herald of the Sun	109748	136006	1					api
Paladin	Retribution	70	Endless Wrath	432615	talent-passive	TraitNodeEntry	false	0	Rotational	hero	Templar	95185	117820	1					api
Paladin	Retribution	70	Expurgation	383344	talent-passive	TraitNodeEntry	false	0	Rotational	spec		92689	114830	1	Buff		cdm-only:CooldownSetSpell		api
Paladin	Retribution	70	Eye for an Eye	469309	talent-passive	TraitNodeEntry	false	0	Rotational	class		81628	102620	1					api
Paladin	Retribution	70	Faith's Armor	406101	talent-passive	TraitNodeEntry	false	0	Rotational	class		81495	102464	1					api
Paladin	Retribution	70	Fear No Evil	1265541	talent-passive	TraitNodeEntry	false	0	Rotational	class		109997	136485	1					api
Paladin	Retribution	70	Fist of Justice	234299	talent-passive	TraitNodeEntry	false	0	Rotational	class		109999	136487	1					api
Paladin	Retribution	70	Gleaming Rays	431480	talent-passive	TraitNodeEntry	false	0	Rotational	hero	Herald of the Sun	95073	117778	1					api
Paladin	Retribution	70	Golden Path	377128	talent-passive	TraitNodeEntry	false	0	Rotational	class		103856	128252	1					api
Paladin	Retribution	70	Greater Judgment	231663	talent-passive	TraitNodeEntry	false	0	Rotational	class		81603	102590	1	Buff		cdm-only:CooldownSetSpell		api
Paladin	Retribution	70	Guided Prayer	404357	talent-passive	TraitNodeEntry	false	0	Rotational	class		110012	136503	1					api
Paladin	Retribution	70	Hammerfall	432463	talent-passive	TraitNodeEntry	false	0	Rotational	hero	Templar	95184	117818	1					api
Paladin	Retribution	70	Healing Hands	326734	talent-passive	TraitNodeEntry	false	0	Rotational	class		93189	115481	1					api
Paladin	Retribution	70	Heart of the Crusader	406154	talent-passive	TraitNodeEntry	false	0	Rotational	spec		93190	115483	2					api
Paladin	Retribution	70	Higher Calling	431687	talent-passive	TraitNodeEntry	false	0	Rotational	hero	Templar	95178	117811	1					api
Paladin	Retribution	70	Highlord's Wrath	404512	talent-passive	TraitNodeEntry	false	0	Rotational	spec		81534	102506	1					api
Paladin	Retribution	70	Holy Aegis	385515	talent-passive	TraitNodeEntry	false	0	Rotational	class		81609	102597	1					api
Paladin	Retribution	70	Holy Blade	383342	talent-passive	TraitNodeEntry	false	0	Rotational	spec		92838	115022	1					api
Paladin	Retribution	70	Holy Flames	406545	talent-passive	TraitNodeEntry	false	0	Rotational	spec		109371	115438	1					api
Paladin	Retribution	70	Holy Reprieve	469445	talent-passive	TraitNodeEntry	false	0	Rotational	class		103860	128256	1					api
Paladin	Retribution	70	Holy Ritual	199422	talent-passive	TraitNodeEntry	false	0	Rotational	class		103866	128262	1					api
Paladin	Retribution	70	Illumine	431423	talent-passive	TraitNodeEntry	false	0	Rotational	hero	Herald of the Sun	95098	117695	1					api
Paladin	Retribution	70	Improved Blade of Justice	403745	talent-passive	TraitNodeEntry	false	0	Rotational	spec		92838	115023	1					api
Paladin	Retribution	70	Improved Blessing of Protection	384909	talent-passive	TraitNodeEntry	false	0	Rotational	class		81617	102606	1					api
Paladin	Retribution	70	Improved Judgment	405461	talent-passive	TraitNodeEntry	false	0	Rotational	spec		81533	102505	1					api
Paladin	Retribution	70	Inspired Guard	469439	talent-passive	TraitNodeEntry	false	0	Rotational	class		103864	128260	1					api
Paladin	Retribution	70	Judge, Jury and Executioner	406157	talent-passive	TraitNodeEntry	false	0	Rotational	spec		81537	102511	1	Buff		cdm-only:CooldownSetSpell		api
Paladin	Retribution	70	Judgment of Justice	403495	talent-passive	TraitNodeEntry	false	0	Rotational	spec		93161	115440	1	Buff		cdm-only:CooldownSetSpell		api
Paladin	Retribution	70	Jurisdiction	402971	talent-passive	TraitNodeEntry	false	0	Rotational	spec		81542	102516	1					api
Paladin	Retribution	70	Lead the Charge	469780	talent-passive	TraitNodeEntry	false	0	Rotational	class		103867	128263	1					api
Paladin	Retribution	70	Light Within	1261113	talent-passive	TraitNodeEntry	false	0	Rotational	spec		110419	137025	1			talent-passive:TraitNodeEntry		api
Paladin	Retribution	70	Light of Justice	404436	talent-passive	TraitNodeEntry	false	0	Rotational	spec		81521	114828	1					api
Paladin	Retribution	70	Light's Countenance	469325	talent-passive	TraitNodeEntry	false	0	Rotational	class		103854	128247	1					api
Paladin	Retribution	70	Light's Deliverance	425518	talent-passive	TraitNodeEntry	false	0	Rotational	hero	Templar	95182	117815	1	Buff		cdm-only:CooldownSetSpell		api
Paladin	Retribution	70	Light's Guidance	427445	talent-passive	TraitNodeEntry	false	0	Rotational	hero	Templar	95180	117813	1					api
Paladin	Retribution	70	Light's Judicator	1261525	talent-passive	TraitNodeEntry	false	0	Rotational	hero	Templar	109746	136004	1					api
Paladin	Retribution	70	Light's Revocation	146956	talent-passive	TraitNodeEntry	false	0	Rotational	class		81608	102596	1					api
Paladin	Retribution	70	Lightbearer	469416	talent-passive	TraitNodeEntry	false	0	Rotational	class		103861	128257	1					api
Paladin	Retribution	70	Lightforged Blessing	403479	talent-passive	TraitNodeEntry	false	0	Rotational	class		93008	115239	1					api
Paladin	Retribution	70	Lingering Radiance	431407	talent-passive	TraitNodeEntry	false	0	Rotational	hero	Herald of the Sun	95071	117779	1					api
Paladin	Retribution	70	Luminosity	431402	talent-passive	TraitNodeEntry	false	0	Rotational	hero	Herald of the Sun	95080	117677	1					api
Paladin	Retribution	70	Morning Star	431482	talent-passive	TraitNodeEntry	false	0	Rotational	hero	Herald of the Sun	95073	117670	1					api
Paladin	Retribution	70	Obduracy	385427	talent-passive	TraitNodeEntry	false	0	Rotational	class		81630	102622	2					api
Paladin	Retribution	70	Punishment	403530	talent-passive	TraitNodeEntry	false	0	Rotational	class		110091	136592	1					api
Paladin	Retribution	70	Quickened Invocation	379391	talent-passive	TraitNodeEntry	false	0	Rotational	class		93181	115467	1					api
Paladin	Retribution	70	Radiant Glory	458359	talent-passive	TraitNodeEntry	false	0	Rotational	spec		81549	102525	1					api
Paladin	Retribution	70	Recompense	384914	talent-passive	TraitNodeEntry	false	0	Rotational	class		81607	102594	1					api
Paladin	Retribution	70	Righteous Cause	402912	talent-passive	TraitNodeEntry	false	0	Rotational	spec		81523	102494	1	Buff		cdm-only:CooldownSetSpell		api
Paladin	Retribution	70	Righteous Protection	469321	talent-passive	TraitNodeEntry	false	0	Rotational	class		103865	128248	1					api
Paladin	Retribution	70	Rush of Light	407067	talent-passive	TraitNodeEntry	false	0	Rotational	spec		81512	115475	1	Buff		cdm-only:CooldownSetSpell		api
Paladin	Retribution	70	Sacred Strength	469337	talent-passive	TraitNodeEntry	false	0	Rotational	class		81618	102608	1					api
Paladin	Retribution	70	Sacrifice of the Just	384820	talent-passive	TraitNodeEntry	false	0	Rotational	class		81607	102595	1					api
Paladin	Retribution	70	Sacrosanct Crusade	431730	talent-passive	TraitNodeEntry	false	0	Rotational	hero	Templar	95179	117812	1	Buff		cdm-only:CooldownSetSpell		api
Paladin	Retribution	70	Sanctification	432977	talent-passive	TraitNodeEntry	false	0	Rotational	hero	Templar	95185	117819	1	Buff		cdm-only:CooldownSetSpell		api
Paladin	Retribution	70	Sanctified Plates	402964	talent-passive	TraitNodeEntry	false	0	Rotational	class		93009	115034	2					api
Paladin	Retribution	70	Sanctify	382536	talent-passive	TraitNodeEntry	false	0	Rotational	spec		109370	115488	1	Buff		cdm-only:CooldownSetSpell		api
Paladin	Retribution	70	Seal of Might	385450	talent-passive	TraitNodeEntry	false	0	Rotational	class		81621	102612	2					api
Paladin	Retribution	70	Seal of the Templar	1263252	talent-passive	TraitNodeEntry	false	0	Rotational	hero	Templar	109745	136184	1					api
Paladin	Retribution	70	Second Sunrise	431474	talent-passive	TraitNodeEntry	false	0	Rotational	hero	Herald of the Sun	95086	117683	1					api
Paladin	Retribution	70	Seething Flames	405355	talent-passive	TraitNodeEntry	false	0	Rotational	spec		92854	115043	1					api
Paladin	Retribution	70	Selfless Healer	469434	talent-passive	TraitNodeEntry	false	0	Rotational	class		103856	128309	1					api
Paladin	Retribution	70	Shake the Heavens	431533	talent-passive	TraitNodeEntry	false	0	Rotational	hero	Templar	95187	117823	1	Other		cdm-only:CooldownSetSpell		api
Paladin	Retribution	70	Solar Grace	431404	talent-passive	TraitNodeEntry	false	0	Rotational	hero	Herald of the Sun	109750	136008	1					api
Paladin	Retribution	70	Stand Against Evil	469317	talent-passive	TraitNodeEntry	false	0	Rotational	class		103855	128249	1					api
Paladin	Retribution	70	Steed of Liberty	469304	talent-passive	TraitNodeEntry	false	0	Rotational	class		81631	102624	1					api
Paladin	Retribution	70	Stoicism	469316	talent-passive	TraitNodeEntry	false	0	Rotational	class		103862	128258	1					api
Paladin	Retribution	70	Sun Sear	431413	talent-passive	TraitNodeEntry	false	0	Rotational	hero	Herald of the Sun	95072	117669	1	Buff		cdm-only:CooldownSetSpell		api
Paladin	Retribution	70	Sun's Avatar	431425	talent-passive	TraitNodeEntry	false	0	Rotational	hero	Herald of the Sun	95105	117702	1					api
Paladin	Retribution	70	Swift Justice	383228	talent-passive	TraitNodeEntry	false	0	Rotational	spec		81521	102491	1					api
Paladin	Retribution	70	Tempest of the Lightbringer	383396	talent-passive	TraitNodeEntry	false	0	Rotational	spec		109372	115452	1					api
Paladin	Retribution	70	Templar Strikes	406646	talent-passive	TraitNodeEntry	false	0	Rotational	spec		109374	115473	1					api
Paladin	Retribution	70	Unbound Freedom	305394	talent-passive	TraitNodeEntry	false	0	Rotational	class		93174	115454	1					api
Paladin	Retribution	70	Unbreakable Spirit	114154	talent-passive	TraitNodeEntry	false	0	Rotational	class		81615	102603	1					api
Paladin	Retribution	70	Undisputed Ruling	432626	talent-passive	TraitNodeEntry	false	0	Rotational	hero	Templar	95186	117822	1	Buff		cdm-only:CooldownSetSpell		api
Paladin	Retribution	70	Unrelenting Charger	432990	talent-passive	TraitNodeEntry	false	0	Rotational	hero	Templar	95181	117858	1					api
Paladin	Retribution	70	Vengeful Wrath	1241958	talent-passive	TraitNodeEntry	false	0	Rotational	class		103851	128241	2					api
Paladin	Retribution	70	Walk Into Light	1263782	talent-passive	TraitNodeEntry	false	0	Rotational	hero	Herald of the Sun	95094	117691	1					api
Paladin	Retribution	70	Will of the Dawn	431406	talent-passive	TraitNodeEntry	false	0	Rotational	hero	Herald of the Sun	95098	117777	1	Buff		cdm-only:CooldownSetSpell		api
Paladin	Retribution	70	Worthy Sacrifice	469279	talent-passive	TraitNodeEntry	false	0	Rotational	class		103865	128261	1					api
Paladin	Retribution	70	Wrathful Descent	431551	talent-passive	TraitNodeEntry	false	0	Rotational	hero	Templar	95177	117810	1					api
Paladin	Retribution	70	Wrench Evil	460720	talent-passive	TraitNodeEntry	false	0	Rotational	class		103855	128250	1					api
Paladin	Retribution	70	Zealot's Fervor	403509	talent-passive	TraitNodeEntry	false	0	Rotational	spec		92952	115165	2					api
Paladin	Retribution	70	Zealous Vindication	431463	talent-passive	TraitNodeEntry	false	0	Rotational	hero	Templar	95183	117816	1					api
Priest	Discipline	256	Mass Dispel	32375	talent-active	TraitNodeEntry	true	120	Cooldown	class		109890	136157	1	Utility	Class 3 (Tag)	cdm-only:CooldownSetSpell		api
Priest	Discipline	256	Power Infusion	10060	talent-active	TraitNodeEntry	true	120	Cooldown	class		82556	103834	1	Buff/Essential	Class 4 (Special)	cdm-only:CooldownSetSpell		api
Priest	Discipline	256	Desperate Prayer	19236	talent-active	TraitNodeEntry	true	90	Cooldown	class		109012	134846	1	Buff/Utility	Self-Heal 1	cdm-only:CooldownSetSpell		api
Priest	Discipline	256	Evangelism	472433	talent-active	TraitNodeEntry	true	90	Cooldown	spec		82577	103702	1	Buff/Essential	Cooldown 1	cdm-only:CooldownSetSpell		api
Priest	Discipline	256	Psychic Scream	8122	talent-active	TraitNodeEntry	true	40	Rotational	class		82701	103851	1	Buff/Utility	CC	cdm-only:CooldownSetSpell		api
Priest	Discipline	256	Fade	586	talent-active	TraitNodeEntry	true	30	Rotational	class		109015	134849	1	Buff/Utility	Personal Defensive 1	cdm-only:CooldownSetSpell		api
Priest	Discipline	256	Void Torrent	263165	talent-active	TraitNodeEntry	true	30	Rotational	hero	Voidweaver	94684	117287	1			class-baseline:SkillLineAbility:804		api
Priest	Discipline	256	Pain Suppression	33206	talent-active	TraitNodeEntry	true	1.5	Rotational	spec		82587	103713	1	Utility	Cooldown 4	cdm-only:CooldownSetSpell		api
Priest	Discipline	256	Leap of Faith	73325	talent-active	TraitNodeEntry	true	1	Rotational	class		82715	103867	1	Utility	Immune/Spell Immune/Movement	cdm-only:CooldownSetSpell		api
Priest	Discipline	256	Angelic Feather	121536	talent-active	TraitNodeEntry	true	0	Rotational	class		82703	103853	1	Buff/Utility	Movement Ability	cdm-only:CooldownSetSpell		api
Priest	Discipline	256	Dispel Magic	528	talent-active	TraitNodeEntry	true	0	Rotational	class		109009	103677	1		Class 5 (Purge)			api
Priest	Discipline	256	Holy Nova	132157	talent-active	TraitNodeEntry	true	0	Rotational	class		82718	103870	1	Essential	Class 1 (Movement)	cdm-only:CooldownSetSpell		api
Priest	Discipline	256	Mind Blast	8092	talent-active	TraitNodeEntry	true	0	Rotational	class		82713	103865	1	Essential	Rotational 2	cdm-only:CooldownSetSpell		api
Priest	Discipline	256	Power Word: Radiance	194509	talent-active	TraitNodeEntry	true	0	Rotational	spec		82593	103722	1	Essential	Rotational 6	cdm-only:CooldownSetSpell		api
Priest	Discipline	256	Shackle Horror	9484	talent-active	TraitNodeEntry	true	0	Rotational	class		82693	103843	1		CC 2			api
Priest	Discipline	256	Shadow Word: Death	32379	talent-active	TraitNodeEntry	true	0	Rotational	class		82712	103864	1	Essential	Rotational 8	cdm-only:CooldownSetSpell		api
Priest	Discipline	256	Shadowfiend	34433	talent-active	TraitNodeEntry	true	0	Rotational	spec		82570	103695	1	Buff		cdm-only:CooldownSetSpell		api
Priest	Discipline	256	Ultimate Penitence	421453	talent-choice	TraitNodeEntry	true	240	Cooldown	spec		82564	116182	1	Buff/Essential		cdm-only:CooldownSetSpell		api
Priest	Discipline	256	Power Word: Barrier	62618	talent-choice	TraitNodeEntry	true	180	Cooldown	spec		82564	103687	1	Essential	Cooldown 2	cdm-only:CooldownSetSpell		api
Priest	Discipline	256	Dominate Mind	205364	talent-choice	TraitNodeEntry	true	30	Rotational	class		82710	103678	1	Utility		cdm-only:CooldownSetSpell		api
Priest	Discipline	256	Mind Control	605	talent-choice	TraitNodeEntry	true	0	Rotational	class		82710	103862	1		Slow			api
Priest	Discipline	256	Spirit of Redemption	215769	class-baseline	SkillLineAbility:804	true	120	Cooldown										api
Priest	Discipline	256	Ascension	161862	class-baseline	SkillLineAbility:804	true	90	Cooldown										api
Priest	Discipline	256	Light's Wrath	207946	class-baseline	SkillLineAbility:804	true	90	Cooldown										api
Priest	Discipline	256	Purify	527	class-baseline	SpecializationSpells	true	8	Rotational						Utility	Class 6 (Dispel)	cdm-only:CooldownSetSpell		api
Priest	Discipline	256	Purify Disease	440006	class-baseline	SpecializationSpells	true	8	Rotational										api
Priest	Discipline	256	Power Word: Shield	17	class-baseline	SkillLineAbility:804	true	7.5	Rotational						Essential	Rotational 7	cdm-only:CooldownSetSpell		api
Priest	Discipline	256	Mind Soothe	453	class-baseline	SkillLineAbility:804	true	5	Rotational						Utility	Class 8 (Lust/BRes)	cdm-only:CooldownSetSpell		api
Priest	Discipline	256	Penance	47540	class-baseline	SpecializationSpells	true	1.5	Rotational						Essential	Rotational 5	cdm-only:CooldownSetSpell		api
Priest	Discipline	256	Echo of Light	77489	class-baseline	SkillLineAbility:804	true	0	Rotational										api
Priest	Discipline	256	Flash Heal	2061	class-baseline	SkillLineAbility:804	true	0	Rotational							Rotational 4			api
Priest	Discipline	256	Levitate	1706	class-baseline	SkillLineAbility:804	true	0	Rotational						Buff		cdm-only:CooldownSetSpell		api
Priest	Discipline	256	Light of T'uure	208065	class-baseline	SkillLineAbility:804	true	0	Rotational										api
Priest	Discipline	256	Mass Resurrection	212036	class-baseline	SpecializationSpells	true	0	Rotational										api
Priest	Discipline	256	Mind Vision	2096	class-baseline	SkillLineAbility:804	true	0	Rotational										api
Priest	Discipline	256	Plea	200829	class-baseline	SpecializationSpells	true	0	Rotational							Class 2 (CC)			api
Priest	Discipline	256	Power Word: Fortitude	21562	class-baseline	SkillLineAbility:804	true	0	Rotational							Buff			api
Priest	Discipline	256	Resurrection	2006	class-baseline	SkillLineAbility:804	true	0	Rotational							Res			api
Priest	Discipline	256	Shadow Word: Pain	589	class-baseline	SkillLineAbility:804	true	0	Rotational						Buff/Essential	Rotational 3	cdm-only:CooldownSetSpell		api
Priest	Discipline	256	Single-Button Assistant	1229376	class-baseline	SpecializationSpells	true	0	Rotational										api
Priest	Discipline	256	Smite	585	class-baseline	SkillLineAbility:804	true	0	Rotational							Rotational 1			api
Priest	Discipline	256	Mindgames	375901	pvp-talent	PvpTalent	true	45	Cooldown						Essential		cdm-only:CooldownSetSpell		api
Priest	Discipline	256	Inner Light	355897	pvp-talent	PvpTalent	true	6	Rotational										api
Priest	Discipline	256	Absolute Faith	408853	pvp-talent	PvpTalent	false	0	Rotational						Buff		cdm-only:CooldownSetSpell		api
Priest	Discipline	256	Dark Archangel	1218211	pvp-talent	PvpTalent	false	0	Rotational						Buff		cdm-only:CooldownSetSpell		api
Priest	Discipline	256	Improved Mass Dispel	426438	pvp-talent	PvpTalent	false	0	Rotational										api
Priest	Discipline	256	Phase Shift	408557	pvp-talent	PvpTalent	false	0	Rotational						Buff		cdm-only:CooldownSetSpell		api
Priest	Discipline	256	Psychic Shroud	1246968	pvp-talent	PvpTalent	false	0	Rotational										api
Priest	Discipline	256	Purification	196439	pvp-talent	PvpTalent	false	0	Rotational										api
Priest	Discipline	256	Strength of Soul	197535	pvp-talent	PvpTalent	false	0	Rotational										api
Priest	Discipline	256	Trinity	214205	pvp-talent	PvpTalent	false	0	Rotational						Buff		cdm-only:CooldownSetSpell		api
Priest	Discipline	256	Ultimate Radiance	236499	pvp-talent	PvpTalent	false	0	Rotational										api
Priest	Discipline	256	Abyssal Reverie	373054	talent-passive	TraitNodeEntry	false	0	Rotational	spec		82583	103709	2					api
Priest	Discipline	256	Angel's Mercy	238100	talent-passive	TraitNodeEntry	false	0	Rotational	class		82682	103831	1					api
Priest	Discipline	256	Angelic Bulwark	108945	talent-passive	TraitNodeEntry	false	0	Rotational	class		82675	103821	1	Buff		cdm-only:CooldownSetSpell		api
Priest	Discipline	256	Archangel	197862	talent-passive	TraitNodeEntry	false	0	Rotational	spec		82571	103696	1	Other		cdm-only:CooldownSetSpell		api
Priest	Discipline	256	Assured Safety	440766	talent-passive	TraitNodeEntry	false	0	Rotational	hero	Oracle	94691	117294	1					api
Priest	Discipline	256	Atonement	81749	talent-passive	TraitNodeEntry	false	0	Rotational	spec		82594	103723	1					api
Priest	Discipline	256	Benevolence	415416	talent-passive	TraitNodeEntry	false	0	Rotational	class		82676	115884	1					api
Priest	Discipline	256	Binding Heals	368275	talent-passive	TraitNodeEntry	false	0	Rotational	class		82678	103825	1					api
Priest	Discipline	256	Blaze of Light	215768	talent-passive	TraitNodeEntry	false	0	Rotational	spec		82568	103693	2					api
Priest	Discipline	256	Body and Soul	64129	talent-passive	TraitNodeEntry	false	0	Rotational	class		109917	136185	1	Buff		cdm-only:CooldownSetSpell		api
Priest	Discipline	256	Borrowed Time	390691	talent-passive	TraitNodeEntry	false	0	Rotational	spec		82572	103697	2	Buff		cdm-only:CooldownSetSpell		api
Priest	Discipline	256	Bright Pupil	390684	talent-passive	TraitNodeEntry	false	0	Rotational	spec		82591	103720	1					api
Priest	Discipline	256	Castigation	193134	talent-passive	TraitNodeEntry	false	0	Rotational	spec		82575	103700	1					api
Priest	Discipline	256	Collapsing Void	448403	talent-passive	TraitNodeEntry	false	0	Rotational	hero	Voidweaver	94694	117297	1					api
Priest	Discipline	256	Dark Energy	451018	talent-passive	TraitNodeEntry	false	0	Rotational	hero	Voidweaver	94693	123845	1					api
Priest	Discipline	256	Dark Enlightenment	1250835	talent-passive	TraitNodeEntry	false	0	Rotational	class		109020	134859	1					api
Priest	Discipline	256	Dark Indulgence	372972	talent-passive	TraitNodeEntry	false	0	Rotational	spec		82596	103725	1					api
Priest	Discipline	256	Darkening Horizon	449912	talent-passive	TraitNodeEntry	false	0	Rotational	hero	Voidweaver	94695	125982	1					api
Priest	Discipline	256	Death's Torment	1240364	talent-passive	TraitNodeEntry	false	0	Rotational	spec		110277	136828	1					api
Priest	Discipline	256	Desperate Measures	458718	talent-passive	TraitNodeEntry	false	0	Rotational	hero	Oracle	94690	126068	1					api
Priest	Discipline	256	Devour Matter	451840	talent-passive	TraitNodeEntry	false	0	Rotational	hero	Voidweaver	94668	117271	1					api
Priest	Discipline	256	Divine Aegis	47515	talent-passive	TraitNodeEntry	false	0	Rotational	spec		82602	103732	1					api
Priest	Discipline	256	Divine Feathers	440670	talent-passive	TraitNodeEntry	false	0	Rotational	hero	Oracle	94675	117278	1					api
Priest	Discipline	256	Divine Procession	472361	talent-passive	TraitNodeEntry	false	0	Rotational	spec		82599	103728	1					api
Priest	Discipline	256	Embrace the Shadow	451569	talent-passive	TraitNodeEntry	false	0	Rotational	hero	Voidweaver	94696	123844	1					api
Priest	Discipline	256	Encroaching Shadows	472568	talent-passive	TraitNodeEntry	false	0	Rotational	spec		82579	103704	1					api
Priest	Discipline	256	Enduring Luminescence	390685	talent-passive	TraitNodeEntry	false	0	Rotational	spec		82591	103719	1					api
Priest	Discipline	256	Entropic Rift	447444	talent-passive	TraitNodeEntry	false	0	Rotational	hero	Voidweaver	110008	136498	1	Other		cdm-only:CooldownSetSpell		api
Priest	Discipline	256	Eternal Barrier	238135	talent-passive	TraitNodeEntry	false	0	Rotational	spec		86730	103688	1					api
Priest	Discipline	256	Everlasting Light	1249233	talent-passive	TraitNodeEntry	false	0	Rotational	class		82702	103852	1					api
Priest	Discipline	256	Expiation	390832	talent-passive	TraitNodeEntry	false	0	Rotational	spec		82585	103711	2					api
Priest	Discipline	256	False Autonomy	1250806	talent-passive	TraitNodeEntry	false	0	Rotational	class		109005	134841	1					api
Priest	Discipline	256	Focused Power	1249230	talent-passive	TraitNodeEntry	false	0	Rotational	class		82676	135091	1					api
Priest	Discipline	256	Foreseen Circumstances	440738	talent-passive	TraitNodeEntry	false	0	Rotational	hero	Oracle	94689	117292	1					api
Priest	Discipline	256	Greater Smite	1253724	talent-passive	TraitNodeEntry	false	0	Rotational	spec		82569	103694	2	Buff		cdm-only:CooldownSetSpell		api
Priest	Discipline	256	Guiding Light	1248423	talent-passive	TraitNodeEntry	false	0	Rotational	hero	Oracle	94683	117286	1					api
Priest	Discipline	256	Harsh Discipline	373180	talent-passive	TraitNodeEntry	false	0	Rotational	spec		82600	103729	2	Buff		cdm-only:CooldownSetSpell		api
Priest	Discipline	256	Holy Ray	372969	talent-passive	TraitNodeEntry	false	0	Rotational	spec		82590	103718	1					api
Priest	Discipline	256	Improved Fade	390670	talent-passive	TraitNodeEntry	false	0	Rotational	class		82686	103836	2					api
Priest	Discipline	256	Improved Flash Heal	393870	talent-passive	TraitNodeEntry	false	0	Rotational	class		82717	103869	1					api
Priest	Discipline	256	Improved Purify	390632	talent-passive	TraitNodeEntry	false	0	Rotational	class		82705	103855	1					api
Priest	Discipline	256	Indemnity	373049	talent-passive	TraitNodeEntry	false	0	Rotational	spec		82576	108226	1					api
Priest	Discipline	256	Inescapable Torment	373427	talent-passive	TraitNodeEntry	false	0	Rotational	spec		110278	136830	1					api
Priest	Discipline	256	Inner Focus	390693	talent-passive	TraitNodeEntry	false	0	Rotational	spec		82601	103731	1					api
Priest	Discipline	256	Inner Quietus	448278	talent-passive	TraitNodeEntry	false	0	Rotational	hero	Voidweaver	94670	117273	1					api
Priest	Discipline	256	Inspiration	390676	talent-passive	TraitNodeEntry	false	0	Rotational	class		82696	103846	1					api
Priest	Discipline	256	Lenience	238063	talent-passive	TraitNodeEntry	false	0	Rotational	spec		82598	103727	1					api
Priest	Discipline	256	Light's Inspiration	373450	talent-passive	TraitNodeEntry	false	0	Rotational	class		82679	103826	1					api
Priest	Discipline	256	Light's Promise	322115	talent-passive	TraitNodeEntry	false	0	Rotational	spec		82592	103721	1					api
Priest	Discipline	256	Lightburst	1246549	talent-passive	TraitNodeEntry	false	0	Rotational	class		82719	103871	1					api
Priest	Discipline	256	Master the Darkness	1253590	talent-passive	TraitNodeEntry	false	0	Rotational	spec		110410	136998	1	Buff		talent-passive:TraitNodeEntry;cdm-only:CooldownSetSpell		api
Priest	Discipline	256	Mental Agility	341167	talent-passive	TraitNodeEntry	false	0	Rotational	class		109019	134852	1					api
Priest	Discipline	256	Mindbender	1280137	talent-passive	TraitNodeEntry	false	0	Rotational	spec		82571	136829	1	Buff		cdm-only:CooldownSetSpell		api
Priest	Discipline	256	Mindpierce	1251029	talent-passive	TraitNodeEntry	false	0	Rotational	class		109011	134845	1					api
Priest	Discipline	256	Move with Grace	390620	talent-passive	TraitNodeEntry	false	0	Rotational	class		82699	103849	1					api
Priest	Discipline	256	No Escape	451204	talent-passive	TraitNodeEntry	false	0	Rotational	hero	Voidweaver	94693	117296	1					api
Priest	Discipline	256	Occultist	1250293	talent-passive	TraitNodeEntry	false	0	Rotational	spec		82582	103708	1					api
Priest	Discipline	256	Overwhelming Shadows	1266883	talent-passive	TraitNodeEntry	false	0	Rotational	hero	Voidweaver	109778	136036	1					api
Priest	Discipline	256	Pain Transformation	372991	talent-passive	TraitNodeEntry	false	0	Rotational	spec		82588	103715	1					api
Priest	Discipline	256	Pain and Suffering	390689	talent-passive	TraitNodeEntry	false	0	Rotational	spec		82578	103703	2					api
Priest	Discipline	256	Painful Invocation	1251030	talent-passive	TraitNodeEntry	false	0	Rotational	class		109006	103841	1					api
Priest	Discipline	256	Painful Punishment	390686	talent-passive	TraitNodeEntry	false	0	Rotational	spec		82597	103726	1					api
Priest	Discipline	256	Petrifying Scream	55676	talent-passive	TraitNodeEntry	false	0	Rotational	class		82695	114588	1					api
Priest	Discipline	256	Phantasm	108942	talent-passive	TraitNodeEntry	false	0	Rotational	class		82674	115883	1					api
Priest	Discipline	256	Phantom Reach	459559	talent-passive	TraitNodeEntry	false	0	Rotational	class		82673	103819	1					api
Priest	Discipline	256	Piety	1246802	talent-passive	TraitNodeEntry	false	0	Rotational	hero	Oracle	94700	117303	1					api
Priest	Discipline	256	Power of the Dark Side	198068	talent-passive	TraitNodeEntry	false	0	Rotational	spec		82595	103724	1	Buff		cdm-only:CooldownSetSpell		api
Priest	Discipline	256	Preemptive Care	440671	talent-passive	TraitNodeEntry	false	0	Rotational	hero	Oracle	94674	117277	1					api
Priest	Discipline	256	Preventive Measures	440662	talent-passive	TraitNodeEntry	false	0	Rotational	hero	Oracle	94698	117301	1					api
Priest	Discipline	256	Prompt Prognosis	1246799	talent-passive	TraitNodeEntry	false	0	Rotational	hero	Oracle	94673	117276	1					api
Priest	Discipline	256	Prophet's Insight	1272359	talent-passive	TraitNodeEntry	false	0	Rotational	hero	Oracle	109783	136041	1					api
Priest	Discipline	256	Prophet's Will	433905	talent-passive	TraitNodeEntry	false	0	Rotational	hero	Oracle	94690	117293	1					api
Priest	Discipline	256	Protective Light	193063	talent-passive	TraitNodeEntry	false	0	Rotational	class		82677	103823	1					api
Priest	Discipline	256	Protector of the Frail	373035	talent-passive	TraitNodeEntry	false	0	Rotational	spec		82588	103714	1					api
Priest	Discipline	256	Psychic Voice	196704	talent-passive	TraitNodeEntry	false	0	Rotational	class		82708	103860	1					api
Priest	Discipline	256	Purge the Wicked	1250218	talent-passive	TraitNodeEntry	false	0	Rotational	spec		82566	103690	1					api
Priest	Discipline	256	Quickened Pulse	1266845	talent-passive	TraitNodeEntry	false	0	Rotational	hero	Voidweaver	94692	117295	1					api
Priest	Discipline	256	Revel in Darkness	373003	talent-passive	TraitNodeEntry	false	0	Rotational	spec		82580	103705	1					api
Priest	Discipline	256	Sanctuary	231682	talent-passive	TraitNodeEntry	false	0	Rotational	spec		92225	108225	1					api
Priest	Discipline	256	Sanguine Teachings	373218	talent-passive	TraitNodeEntry	false	0	Rotational	class		109021	134860	1					api
Priest	Discipline	256	Save the Day	440669	talent-passive	TraitNodeEntry	false	0	Rotational	hero	Oracle	94675	119331	1	Buff		cdm-only:CooldownSetSpell		api
Priest	Discipline	256	Searing Light	1280131	talent-passive	TraitNodeEntry	false	0	Rotational	spec		82586	103712	1	Buff		cdm-only:CooldownSetSpell		api
Priest	Discipline	256	Shadow Mend	1252215	talent-passive	TraitNodeEntry	false	0	Rotational	spec		82567	103692	1	Buff		cdm-only:CooldownSetSpell		api
Priest	Discipline	256	Shadow Tap	1235211	talent-passive	TraitNodeEntry	false	0	Rotational	spec		82581	103706	1					api
Priest	Discipline	256	Sheer Terror	390919	talent-passive	TraitNodeEntry	false	0	Rotational	class		82695	103845	1					api
Priest	Discipline	256	Shield Discipline	197045	talent-passive	TraitNodeEntry	false	0	Rotational	spec		82589	103717	1					api
Priest	Discipline	256	Spectral Illusion	1250378	talent-passive	TraitNodeEntry	false	0	Rotational	class		109014	134848	1					api
Priest	Discipline	256	Spell Warding	390667	talent-passive	TraitNodeEntry	false	0	Rotational	class		109010	134844	2					api
Priest	Discipline	256	Spiritual Guidance	1250818	talent-passive	TraitNodeEntry	false	0	Rotational	class		82672	103818	1					api
Priest	Discipline	256	Strength of Resolve	1250820	talent-passive	TraitNodeEntry	false	0	Rotational	class		82687	103837	1					api
Priest	Discipline	256	Surge of Light	109186	talent-passive	TraitNodeEntry	false	0	Rotational	class		82716	103868	1	Buff		cdm-only:CooldownSetSpell		api
Priest	Discipline	256	Tithe Evasion	373223	talent-passive	TraitNodeEntry	false	0	Rotational	class		82711	103863	1					api
Priest	Discipline	256	Touch of the Void	1266856	talent-passive	TraitNodeEntry	false	0	Rotational	hero	Voidweaver	109779	136037	1					api
Priest	Discipline	256	Translucent Image	373446	talent-passive	TraitNodeEntry	false	0	Rotational	class		82685	103835	1					api
Priest	Discipline	256	Twin Disciplines	1251077	talent-passive	TraitNodeEntry	false	0	Rotational	class		82690	103840	1					api
Priest	Discipline	256	Twins of the Sun Priestess	373466	talent-passive	TraitNodeEntry	false	0	Rotational	class		108731	134284	1					api
Priest	Discipline	256	Twinsight	440742	talent-passive	TraitNodeEntry	false	0	Rotational	hero	Oracle	94687	117290	1					api
Priest	Discipline	256	Twist of Fate	390972	talent-passive	TraitNodeEntry	false	0	Rotational	class		82684	103833	2	Buff		cdm-only:CooldownSetSpell		api
Priest	Discipline	256	Unfolding Vision	1272363	talent-passive	TraitNodeEntry	false	0	Rotational	hero	Oracle	109781	136039	1					api
Priest	Discipline	256	Unwavering Will	373456	talent-passive	TraitNodeEntry	false	0	Rotational	class		82697	103847	2					api
Priest	Discipline	256	Void Blast	450405	talent-passive	TraitNodeEntry	false	0	Rotational	hero	Voidweaver	94703	117306	1					api
Priest	Discipline	256	Void Empowerment	450138	talent-passive	TraitNodeEntry	false	0	Rotational	hero	Voidweaver	94695	125821	1					api
Priest	Discipline	256	Void Infusion	450612	talent-passive	TraitNodeEntry	false	0	Rotational	hero	Voidweaver	94669	117272	1					api
Priest	Discipline	256	Void Leech	451311	talent-passive	TraitNodeEntry	false	0	Rotational	hero	Voidweaver	94696	117299	1					api
Priest	Discipline	256	Void Tendrils	1250691	talent-passive	TraitNodeEntry	false	0	Rotational	class		82708	103859	1					api
Priest	Discipline	256	Voidheart	449880	talent-passive	TraitNodeEntry	false	0	Rotational	hero	Voidweaver	109780	136038	1	Buff		cdm-only:CooldownSetSpell		api
Priest	Discipline	256	Voidwraith	451234	talent-passive	TraitNodeEntry	false	0	Rotational	hero	Voidweaver	100212	123841	1	Buff		cdm-only:CooldownSetSpell		api
Priest	Discipline	256	Waste No Time	440681	talent-passive	TraitNodeEntry	false	0	Rotational	hero	Oracle	94679	117282	1					api
Priest	Discipline	256	Weal and Woe	390786	talent-passive	TraitNodeEntry	false	0	Rotational	spec		82573	103698	1	Buff		cdm-only:CooldownSetSpell		api
Priest	Discipline	256	Words of the Wise	1272352	talent-passive	TraitNodeEntry	false	0	Rotational	hero	Oracle	109782	136040	1					api
Priest	Discipline	256	Inner Light and Shadow	356085	cdm-only	CooldownSetSpell	false	15	Rotational						Buff/Utility				db2-template
Priest	Discipline	256	Focused Will	45243	cdm-only	CooldownSetSpell	false	0	Rotational						Buff				api
Priest	Holy	257	Divine Hymn	64843	talent-active	TraitNodeEntry	true	180	Cooldown	spec		82621	103755	1	Essential	Cooldown 2	cdm-only:CooldownSetSpell		api
Priest	Holy	257	Guardian Spirit	47788	talent-active	TraitNodeEntry	true	180	Cooldown	spec		82637	103774	1	Essential	Cooldown 4	cdm-only:CooldownSetSpell		api
Priest	Holy	257	Apotheosis	200183	talent-active	TraitNodeEntry	true	120	Cooldown	spec		82614	103748	1	Buff/Essential	Cooldown 1	cdm-only:CooldownSetSpell		api
Priest	Holy	257	Mass Dispel	32375	talent-active	TraitNodeEntry	true	120	Cooldown	class		109890	136157	1	Utility	Class 3 (Tag)	cdm-only:CooldownSetSpell		api
Priest	Holy	257	Power Infusion	10060	talent-active	TraitNodeEntry	true	120	Cooldown	class		82556	103834	1	Buff/Essential	Class 4 (Special)	cdm-only:CooldownSetSpell		api
Priest	Holy	257	Desperate Prayer	19236	talent-active	TraitNodeEntry	true	90	Cooldown	class		109012	134846	1	Buff/Utility	Self-Heal 1	cdm-only:CooldownSetSpell		api
Priest	Holy	257	Halo	120644	talent-active	TraitNodeEntry	true	60	Cooldown	hero	Archon	94697	117300	1	Essential	Rotational 8	talent-active:TraitNodeEntry;cdm-only:CooldownSetSpell		api
Priest	Holy	257	Holy Word: Chastise	88625	talent-active	TraitNodeEntry	true	60	Cooldown	spec		82639	103776	1	Buff/Essential	Interrupt	cdm-only:CooldownSetSpell		api
Priest	Holy	257	Psychic Scream	8122	talent-active	TraitNodeEntry	true	40	Rotational	class		82701	103851	1	Buff/Utility	CC	cdm-only:CooldownSetSpell		api
Priest	Holy	257	Fade	586	talent-active	TraitNodeEntry	true	30	Rotational	class		109015	134849	1	Buff/Utility	Personal Defensive 1	cdm-only:CooldownSetSpell		api
Priest	Holy	257	Holy Fire	14914	talent-active	TraitNodeEntry	true	10	Rotational	class		108730	134283	1		Rotational 2			api
Priest	Holy	257	Leap of Faith	73325	talent-active	TraitNodeEntry	true	1	Rotational	class		82715	103867	1	Utility	Immune/Spell Immune/Movement	cdm-only:CooldownSetSpell		api
Priest	Holy	257	Angelic Feather	121536	talent-active	TraitNodeEntry	true	0	Rotational	class		82703	103853	1	Buff/Utility	Movement Ability	cdm-only:CooldownSetSpell		api
Priest	Holy	257	Dispel Magic	528	talent-active	TraitNodeEntry	true	0	Rotational	class		109009	103677	1		Class 5 (Purge)			api
Priest	Holy	257	Holy Nova	132157	talent-active	TraitNodeEntry	true	0	Rotational	class		82718	103870	1	Essential	Class 1 (Movement)	cdm-only:CooldownSetSpell		api
Priest	Holy	257	Holy Word: Sanctify	34861	talent-active	TraitNodeEntry	true	0	Rotational	spec		82631	103766	1	Essential	Rotational 7	cdm-only:CooldownSetSpell		api
Priest	Holy	257	Holy Word: Serenity	2050	talent-active	TraitNodeEntry	true	0	Rotational	spec		82638	103775	1	Essential	Rotational 5	cdm-only:CooldownSetSpell		api
Priest	Holy	257	Prayer of Healing	596	talent-active	TraitNodeEntry	true	0	Rotational	spec		82632	103767	1	Essential	Rotational 6	cdm-only:CooldownSetSpell		api
Priest	Holy	257	Shackle Horror	9484	talent-active	TraitNodeEntry	true	0	Rotational	class		82693	103843	1	Buff/Essential	CC 2	cdm-only:CooldownSetSpell		api
Priest	Holy	257	Shadow Word: Death	32379	talent-active	TraitNodeEntry	true	0	Rotational	class		82712	103864	1	Essential	Class 2 (CC)	cdm-only:CooldownSetSpell		api
Priest	Holy	257	Dominate Mind	205364	talent-choice	TraitNodeEntry	true	30	Rotational	class		82710	103678	1	Utility		cdm-only:CooldownSetSpell		api
Priest	Holy	257	Mind Control	605	talent-choice	TraitNodeEntry	true	0	Rotational	class		82710	103862	1					api
Priest	Holy	257	Spirit of Redemption	215769	class-baseline	SkillLineAbility:804	true	120	Cooldown						Essential/Other		cdm-only:CooldownSetSpell		api
Priest	Holy	257	Ascension	161862	class-baseline	SkillLineAbility:804	true	90	Cooldown										api
Priest	Holy	257	Light's Wrath	207946	class-baseline	SkillLineAbility:804	true	90	Cooldown										api
Priest	Holy	257	Void Torrent	205065	class-baseline	SkillLineAbility:804	true	60	Cooldown										api
Priest	Holy	257	Purify	527	class-baseline	SpecializationSpells	true	8	Rotational						Utility	Class 6 (Dispel)	cdm-only:CooldownSetSpell		api
Priest	Holy	257	Purify Disease	440006	class-baseline	SpecializationSpells	true	8	Rotational										api
Priest	Holy	257	Power Word: Shield	17	class-baseline	SkillLineAbility:804	true	7.5	Rotational										api
Priest	Holy	257	Mind Soothe	453	class-baseline	SkillLineAbility:804	true	5	Rotational						Buff/Essential	Class 8 (Lust/BRes)	cdm-only:CooldownSetSpell		api
Priest	Holy	257	Prayer of Mending	33076	class-baseline	SpecializationSpells	true	1.5	Rotational						Essential	Rotational 3	cdm-only:CooldownSetSpell		api
Priest	Holy	257	Echo of Light	77489	class-baseline	SkillLineAbility:804	true	0	Rotational										api
Priest	Holy	257	Flash Heal	2061	class-baseline	SkillLineAbility:804	true	0	Rotational						Essential	Rotational 4	cdm-only:CooldownSetSpell		api
Priest	Holy	257	Levitate	1706	class-baseline	SkillLineAbility:804	true	0	Rotational						Buff		cdm-only:CooldownSetSpell		api
Priest	Holy	257	Light of T'uure	208065	class-baseline	SkillLineAbility:804	true	0	Rotational										api
Priest	Holy	257	Mass Resurrection	212036	class-baseline	SpecializationSpells	true	0	Rotational										api
Priest	Holy	257	Mind Vision	2096	class-baseline	SkillLineAbility:804	true	0	Rotational										api
Priest	Holy	257	Power Word: Fortitude	21562	class-baseline	SkillLineAbility:804	true	0	Rotational							Buff			api
Priest	Holy	257	Resurrection	2006	class-baseline	SkillLineAbility:804	true	0	Rotational							Res			api
Priest	Holy	257	Shadow Word: Pain	589	class-baseline	SkillLineAbility:804	true	0	Rotational						Buff/Essential		cdm-only:CooldownSetSpell		api
Priest	Holy	257	Single-Button Assistant	1229376	class-baseline	SpecializationSpells	true	0	Rotational										api
Priest	Holy	257	Smite	585	class-baseline	SkillLineAbility:804	true	0	Rotational							Rotational 1			api
Priest	Holy	257	Greater Heal	289666	pvp-talent	PvpTalent	true	12	Rotational						Essential		cdm-only:CooldownSetSpell		api
Priest	Holy	257	Absolute Faith	408853	pvp-talent	PvpTalent	false	0	Rotational						Buff		cdm-only:CooldownSetSpell		api
Priest	Holy	257	Improved Mass Dispel	426438	pvp-talent	PvpTalent	false	0	Rotational										api
Priest	Holy	257	Phase Shift	408557	pvp-talent	PvpTalent	false	0	Rotational						Buff		cdm-only:CooldownSetSpell		api
Priest	Holy	257	Psychic Shroud	1246968	pvp-talent	PvpTalent	false	0	Rotational						Buff		cdm-only:CooldownSetSpell		api
Priest	Holy	257	Purification	196439	pvp-talent	PvpTalent	false	0	Rotational										api
Priest	Holy	257	Sanctified Ground	357481	pvp-talent	PvpTalent	false	0	Rotational						Buff		cdm-only:CooldownSetSpell		api
Priest	Holy	257	Spirit of the Redeemer	215982	pvp-talent	PvpTalent	false	0	Rotational										api
Priest	Holy	257	Afterlife	196707	talent-passive	TraitNodeEntry	false	0	Rotational	spec		82635	103771	1					api
Priest	Holy	257	Angel's Mercy	238100	talent-passive	TraitNodeEntry	false	0	Rotational	class		82682	103831	1					api
Priest	Holy	257	Angelic Bulwark	108945	talent-passive	TraitNodeEntry	false	0	Rotational	class		82675	103821	1	Buff		cdm-only:CooldownSetSpell		api
Priest	Holy	257	Angelic Touch	1250565	talent-passive	TraitNodeEntry	false	0	Rotational	spec		82627	103762	1					api
Priest	Holy	257	Assured Safety	440766	talent-passive	TraitNodeEntry	false	0	Rotational	hero	Oracle	94691	117294	1					api
Priest	Holy	257	Benediction	1262755	talent-passive	TraitNodeEntry	false	0	Rotational	spec		110409	136995	1	Buff		talent-passive:TraitNodeEntry;cdm-only:CooldownSetSpell		api
Priest	Holy	257	Benevolence	415416	talent-passive	TraitNodeEntry	false	0	Rotational	class		82676	115884	1					api
Priest	Holy	257	Binding Heals	368275	talent-passive	TraitNodeEntry	false	0	Rotational	class		82678	103825	1					api
Priest	Holy	257	Body and Soul	64129	talent-passive	TraitNodeEntry	false	0	Rotational	class		109917	136185	1	Buff		cdm-only:CooldownSetSpell		api
Priest	Holy	257	Burning Vehemence	372307	talent-passive	TraitNodeEntry	false	0	Rotational	spec		82607	103739	1					api
Priest	Holy	257	Censure	200199	talent-passive	TraitNodeEntry	false	0	Rotational	spec		82619	103753	1					api
Priest	Holy	257	Cosmic Ripple	238136	talent-passive	TraitNodeEntry	false	0	Rotational	spec		82630	103765	1					api
Priest	Holy	257	Cosmic Wave	1248418	talent-passive	TraitNodeEntry	false	0	Rotational	spec		103916	128333	1					api
Priest	Holy	257	Crisis Management	390954	talent-passive	TraitNodeEntry	false	0	Rotational	spec		82628	103763	1					api
Priest	Holy	257	Dark Enlightenment	1250835	talent-passive	TraitNodeEntry	false	0	Rotational	class		109020	134859	1					api
Priest	Holy	257	Desperate Measures	458718	talent-passive	TraitNodeEntry	false	0	Rotational	hero	Oracle	94690	126068	1					api
Priest	Holy	257	Desperate Times	391381	talent-passive	TraitNodeEntry	false	0	Rotational	spec		82609	103741	2					api
Priest	Holy	257	Dispersing Light	1215265	talent-passive	TraitNodeEntry	false	0	Rotational	spec		82604	103735	1					api
Priest	Holy	257	Divine Feathers	440670	talent-passive	TraitNodeEntry	false	0	Rotational	hero	Oracle	94675	117278	1					api
Priest	Holy	257	Divine Halo	449806	talent-passive	TraitNodeEntry	false	0	Rotational	hero	Archon	94702	117305	1					api
Priest	Holy	257	Divine Image	392988	talent-passive	TraitNodeEntry	false	0	Rotational	spec		82554	103675	1	Other		cdm-only:CooldownSetSpell		api
Priest	Holy	257	Divine Service	391233	talent-passive	TraitNodeEntry	false	0	Rotational	spec		82617	103751	1					api
Priest	Holy	257	Divinity	1215241	talent-passive	TraitNodeEntry	false	0	Rotational	spec		104097	128611	1	Buff		cdm-only:CooldownSetSpell		api
Priest	Holy	257	Efficient Prayers	1247131	talent-passive	TraitNodeEntry	false	0	Rotational	spec		82623	103757	1					api
Priest	Holy	257	Empowered Surges	453799	talent-passive	TraitNodeEntry	false	0	Rotational	hero	Archon	94688	117291	1					api
Priest	Holy	257	Empyreal Blaze	372616	talent-passive	TraitNodeEntry	false	0	Rotational	spec		82640	103777	1	Buff		cdm-only:CooldownSetSpell		api
Priest	Holy	257	Energy Compression	449874	talent-passive	TraitNodeEntry	false	0	Rotational	hero	Archon	94678	117281	1					api
Priest	Holy	257	Energy Conservation	1272308	talent-passive	TraitNodeEntry	false	0	Rotational	hero	Archon	94680	117283	1					api
Priest	Holy	257	Energy Cycle	453828	talent-passive	TraitNodeEntry	false	0	Rotational	hero	Archon	94685	117288	1					api
Priest	Holy	257	Enlightenment	193155	talent-passive	TraitNodeEntry	false	0	Rotational	spec		82618	103752	1					api
Priest	Holy	257	Epiphany	414553	talent-passive	TraitNodeEntry	false	0	Rotational	spec		82608	103740	1					api
Priest	Holy	257	Eternal Sanctity	1215245	talent-passive	TraitNodeEntry	false	0	Rotational	spec		104097	128612	1					api
Priest	Holy	257	Everlasting Light	1249233	talent-passive	TraitNodeEntry	false	0	Rotational	class		82702	103852	1					api
Priest	Holy	257	False Autonomy	1250806	talent-passive	TraitNodeEntry	false	0	Rotational	class		109005	134841	1					api
Priest	Holy	257	Focused Outburst	1272320	talent-passive	TraitNodeEntry	false	0	Rotational	hero	Archon	109777	136035	1					api
Priest	Holy	257	Focused Power	1249230	talent-passive	TraitNodeEntry	false	0	Rotational	class		82676	135091	1					api
Priest	Holy	257	Foreseen Circumstances	440738	talent-passive	TraitNodeEntry	false	0	Rotational	hero	Oracle	94689	117292	1					api
Priest	Holy	257	Gales of Song	372370	talent-passive	TraitNodeEntry	false	0	Rotational	spec		82613	128316	1					api
Priest	Holy	257	Guardian Angel	200209	talent-passive	TraitNodeEntry	false	0	Rotational	spec		82636	128315	1					api
Priest	Holy	257	Guiding Light	1248423	talent-passive	TraitNodeEntry	false	0	Rotational	hero	Oracle	94683	117286	1					api
Priest	Holy	257	Healing Focus	1247166	talent-passive	TraitNodeEntry	false	0	Rotational	spec		82634	103770	1					api
Priest	Holy	257	Heightened Alteration	453729	talent-passive	TraitNodeEntry	false	0	Rotational	hero	Archon	109776	136687	1					api
Priest	Holy	257	Holy Celerity	1215275	talent-passive	TraitNodeEntry	false	0	Rotational	spec		82612	103745	1					api
Priest	Holy	257	Improved Fade	390670	talent-passive	TraitNodeEntry	false	0	Rotational	class		82686	103836	2					api
Priest	Holy	257	Improved Flash Heal	393870	talent-passive	TraitNodeEntry	false	0	Rotational	class		82717	103869	1					api
Priest	Holy	257	Improved Purify	390632	talent-passive	TraitNodeEntry	false	0	Rotational	class		82705	103855	1					api
Priest	Holy	257	Incessant Screams	453918	talent-passive	TraitNodeEntry	false	0	Rotational	hero	Archon	94686	125083	1					api
Priest	Holy	257	Inspiration	390676	talent-passive	TraitNodeEntry	false	0	Rotational	class		82696	103846	1					api
Priest	Holy	257	Lasting Words	471504	talent-passive	TraitNodeEntry	false	0	Rotational	spec		103901	103676	1					api
Priest	Holy	257	Light in the Darkness	471668	talent-passive	TraitNodeEntry	false	0	Rotational	spec		103914	128331	2					api
Priest	Holy	257	Light of the Naaru	196985	talent-passive	TraitNodeEntry	false	0	Rotational	spec		82629	103764	2					api
Priest	Holy	257	Light's Inspiration	373450	talent-passive	TraitNodeEntry	false	0	Rotational	class		82679	103826	1					api
Priest	Holy	257	Light's Resurgence	193157	talent-passive	TraitNodeEntry	false	0	Rotational	spec		82641	103779	1					api
Priest	Holy	257	Lightburst	1246549	talent-passive	TraitNodeEntry	false	0	Rotational	class		82719	103871	1					api
Priest	Holy	257	Lightweaver	390992	talent-passive	TraitNodeEntry	false	0	Rotational	spec		82603	103734	1	Buff		cdm-only:CooldownSetSpell		api
Priest	Holy	257	Manifested Power	453783	talent-passive	TraitNodeEntry	false	0	Rotational	hero	Archon	94699	117302	1					api
Priest	Holy	257	Mental Agility	341167	talent-passive	TraitNodeEntry	false	0	Rotational	class		109019	134852	1					api
Priest	Holy	257	Mindpierce	1251029	talent-passive	TraitNodeEntry	false	0	Rotational	class		109011	134845	1					api
Priest	Holy	257	Miracle Worker	235587	talent-passive	TraitNodeEntry	false	0	Rotational	spec		82610	103743	1					api
Priest	Holy	257	Move with Grace	390620	talent-passive	TraitNodeEntry	false	0	Rotational	class		82699	103849	1					api
Priest	Holy	257	Painful Invocation	1251030	talent-passive	TraitNodeEntry	false	0	Rotational	class		109006	103841	1					api
Priest	Holy	257	Perfected Form	453917	talent-passive	TraitNodeEntry	false	0	Rotational	hero	Archon	94677	117280	1					api
Priest	Holy	257	Petrifying Scream	55676	talent-passive	TraitNodeEntry	false	0	Rotational	class		82695	114588	1					api
Priest	Holy	257	Phantasm	108942	talent-passive	TraitNodeEntry	false	0	Rotational	class		82674	115883	1					api
Priest	Holy	257	Phantom Reach	459559	talent-passive	TraitNodeEntry	false	0	Rotational	class		82673	103819	1					api
Priest	Holy	257	Piety	1246802	talent-passive	TraitNodeEntry	false	0	Rotational	hero	Oracle	94700	117303	1					api
Priest	Holy	257	Power Surge	453109	talent-passive	TraitNodeEntry	false	0	Rotational	hero	Archon	94681	117284	1	Buff		cdm-only:CooldownSetSpell		api
Priest	Holy	257	Prayerful Litany	391209	talent-passive	TraitNodeEntry	false	0	Rotational	spec		82633	103769	1					api
Priest	Holy	257	Prayers of the Virtuous	390977	talent-passive	TraitNodeEntry	false	0	Rotational	spec		82616	103750	1					api
Priest	Holy	257	Preemptive Care	440671	talent-passive	TraitNodeEntry	false	0	Rotational	hero	Oracle	94674	117277	1					api
Priest	Holy	257	Preventive Measures	440662	talent-passive	TraitNodeEntry	false	0	Rotational	hero	Oracle	94698	117301	1					api
Priest	Holy	257	Prismatic Echoes	390967	talent-passive	TraitNodeEntry	false	0	Rotational	spec		82611	103744	2					api
Priest	Holy	257	Prompt Prognosis	1246799	talent-passive	TraitNodeEntry	false	0	Rotational	hero	Oracle	94673	117276	1					api
Priest	Holy	257	Prophet's Insight	1272359	talent-passive	TraitNodeEntry	false	0	Rotational	hero	Oracle	109783	136041	1					api
Priest	Holy	257	Prophet's Will	433905	talent-passive	TraitNodeEntry	false	0	Rotational	hero	Oracle	94690	117293	1					api
Priest	Holy	257	Protective Light	193063	talent-passive	TraitNodeEntry	false	0	Rotational	class		82677	103823	1	Buff		cdm-only:CooldownSetSpell		api
Priest	Holy	257	Psychic Voice	196704	talent-passive	TraitNodeEntry	false	0	Rotational	class		82708	103860	1					api
Priest	Holy	257	Radiant Plea	1250684	talent-passive	TraitNodeEntry	false	0	Rotational	spec		82606	103738	1					api
Priest	Holy	257	Realized Potential	1272326	talent-passive	TraitNodeEntry	false	0	Rotational	hero	Archon	109775	136033	1					api
Priest	Holy	257	Renewed Faith	341997	talent-passive	TraitNodeEntry	false	0	Rotational	spec		82642	103780	1					api
Priest	Holy	257	Resonant Energy	453845	talent-passive	TraitNodeEntry	false	0	Rotational	hero	Archon	94676	117279	1					api
Priest	Holy	257	Restitution	391124	talent-passive	TraitNodeEntry	false	0	Rotational	spec		82636	103773	1					api
Priest	Holy	257	Sanguine Teachings	373218	talent-passive	TraitNodeEntry	false	0	Rotational	class		109021	134860	1					api
Priest	Holy	257	Save the Day	440669	talent-passive	TraitNodeEntry	false	0	Rotational	hero	Oracle	94675	119331	1	Buff		cdm-only:CooldownSetSpell		api
Priest	Holy	257	Say Your Prayers	391186	talent-passive	TraitNodeEntry	false	0	Rotational	spec		82615	103749	1					api
Priest	Holy	257	Seraphic Crescendo	419110	talent-passive	TraitNodeEntry	false	0	Rotational	spec		82613	103747	1					api
Priest	Holy	257	Sheer Terror	390919	talent-passive	TraitNodeEntry	false	0	Rotational	class		82695	103845	1					api
Priest	Holy	257	Shock Pulse	453852	talent-passive	TraitNodeEntry	false	0	Rotational	hero	Archon	94686	117289	1	Buff		cdm-only:CooldownSetSpell		api
Priest	Holy	257	Spectral Illusion	1250378	talent-passive	TraitNodeEntry	false	0	Rotational	class		109014	134848	1	Buff		cdm-only:CooldownSetSpell		api
Priest	Holy	257	Spell Warding	390667	talent-passive	TraitNodeEntry	false	0	Rotational	class		109010	134844	2					api
Priest	Holy	257	Spiritual Guidance	1250818	talent-passive	TraitNodeEntry	false	0	Rotational	class		82672	103818	1					api
Priest	Holy	257	Spiritwell	1247178	talent-passive	TraitNodeEntry	false	0	Rotational	hero	Archon	109775	136688	1					api
Priest	Holy	257	Strength of Resolve	1250820	talent-passive	TraitNodeEntry	false	0	Rotational	class		82687	103837	1					api
Priest	Holy	257	Surge of Light	109186	talent-passive	TraitNodeEntry	false	0	Rotational	class		82716	103868	1	Buff		cdm-only:CooldownSetSpell		api
Priest	Holy	257	Sustained Potency	454001	talent-passive	TraitNodeEntry	false	0	Rotational	hero	Archon	94678	125085	1	Buff		cdm-only:CooldownSetSpell		api
Priest	Holy	257	Tithe Evasion	373223	talent-passive	TraitNodeEntry	false	0	Rotational	class		82711	103863	1					api
Priest	Holy	257	Trail of Light	200128	talent-passive	TraitNodeEntry	false	0	Rotational	spec		82604	128613	1					api
Priest	Holy	257	Translucent Image	373446	talent-passive	TraitNodeEntry	false	0	Rotational	class		82685	103835	1					api
Priest	Holy	257	Twin Disciplines	1251077	talent-passive	TraitNodeEntry	false	0	Rotational	class		82690	103840	1					api
Priest	Holy	257	Twins of the Sun Priestess	373466	talent-passive	TraitNodeEntry	false	0	Rotational	class		108731	134284	1					api
Priest	Holy	257	Twinsight	440742	talent-passive	TraitNodeEntry	false	0	Rotational	hero	Oracle	94687	117290	1					api
Priest	Holy	257	Twist of Fate	390972	talent-passive	TraitNodeEntry	false	0	Rotational	class		82684	103833	2	Buff		cdm-only:CooldownSetSpell		api
Priest	Holy	257	Ultimate Serenity	1246517	talent-passive	TraitNodeEntry	false	0	Rotational	spec		103900	103733	1					api
Priest	Holy	257	Unfolding Vision	1272363	talent-passive	TraitNodeEntry	false	0	Rotational	hero	Oracle	109781	136039	1					api
Priest	Holy	257	Unwavering Will	373456	talent-passive	TraitNodeEntry	false	0	Rotational	class		82697	103847	2					api
Priest	Holy	257	Uplifting Words	1250562	talent-passive	TraitNodeEntry	false	0	Rotational	spec		82622	103756	1					api
Priest	Holy	257	Voice of Harmony	390994	talent-passive	TraitNodeEntry	false	0	Rotational	spec		82620	103754	1					api
Priest	Holy	257	Void Tendrils	1250691	talent-passive	TraitNodeEntry	false	0	Rotational	class		82708	103859	1	Buff		cdm-only:CooldownSetSpell		api
Priest	Holy	257	Waste No Time	440681	talent-passive	TraitNodeEntry	false	0	Rotational	hero	Oracle	94679	117282	1					api
Priest	Holy	257	Word of Supremacy	453726	talent-passive	TraitNodeEntry	false	0	Rotational	hero	Archon	109776	136034	1					api
Priest	Holy	257	Words of the Wise	1272352	talent-passive	TraitNodeEntry	false	0	Rotational	hero	Oracle	109782	136040	1					api
Priest	Holy	257	Focused Will	45243	cdm-only	CooldownSetSpell	false	0	Rotational						Buff				api
Priest	Shadow	258	Mass Dispel	32375	talent-active	TraitNodeEntry	true	120	Cooldown	class		109890	136157	1	Utility	Class 3 (Tag)	cdm-only:CooldownSetSpell		api
Priest	Shadow	258	Power Infusion	10060	talent-active	TraitNodeEntry	true	120	Cooldown	class		82556	103834	1	Buff/Essential	Cooldown 2	cdm-only:CooldownSetSpell		api
Priest	Shadow	258	Voidform	228260	talent-active	TraitNodeEntry	true	120	Cooldown	spec		82657	103674	1	Essential/Other	Cooldown 1	cdm-only:CooldownSetSpell		api
Priest	Shadow	258	Desperate Prayer	19236	talent-active	TraitNodeEntry	true	90	Cooldown	class		109012	134846	1	Buff/Utility	Self-Heal 1	cdm-only:CooldownSetSpell		api
Priest	Shadow	258	Halo	120644	talent-active	TraitNodeEntry	true	60	Cooldown	hero	Archon	94697	117300	1	Essential		talent-active:TraitNodeEntry;cdm-only:CooldownSetSpell		api
Priest	Shadow	258	Psychic Scream	8122	talent-active	TraitNodeEntry	true	40	Rotational	class		82701	103851	1	Buff/Utility	CC	cdm-only:CooldownSetSpell		api
Priest	Shadow	258	Fade	586	talent-active	TraitNodeEntry	true	30	Rotational	class		109015	134849	1	Buff/Utility	Personal Defensive 1	cdm-only:CooldownSetSpell		api
Priest	Shadow	258	Void Torrent	263165	talent-active	TraitNodeEntry	true	30	Rotational	hero	Voidweaver	94684	117287	1	Essential		class-baseline:SkillLineAbility:804;cdm-only:CooldownSetSpell		api
Priest	Shadow	258	Purify Disease	213634	talent-active	TraitNodeEntry	true	8	Rotational	class		82704	103854	1	Utility	Class 6 (Dispel)	cdm-only:CooldownSetSpell		api
Priest	Shadow	258	Leap of Faith	73325	talent-active	TraitNodeEntry	true	1	Rotational	class		82715	103867	1	Utility	Immune/Spell Immune/Movement	cdm-only:CooldownSetSpell		api
Priest	Shadow	258	Angelic Feather	121536	talent-active	TraitNodeEntry	true	0	Rotational	class		82703	103853	1	Buff/Utility	Movement Ability	cdm-only:CooldownSetSpell		api
Priest	Shadow	258	Dispel Magic	528	talent-active	TraitNodeEntry	true	0	Rotational	class		109009	103677	1		Class 5 (Purge)			api
Priest	Shadow	258	Holy Nova	132157	talent-active	TraitNodeEntry	true	0	Rotational	class		82718	103870	1	Essential	Class 1 (Movement)	cdm-only:CooldownSetSpell		api
Priest	Shadow	258	Mind Blast	8092	talent-active	TraitNodeEntry	true	0	Rotational	class		82713	103865	1	Essential	Rotational 2	cdm-only:CooldownSetSpell		api
Priest	Shadow	258	Shackle Horror	9484	talent-active	TraitNodeEntry	true	0	Rotational	class		82693	103843	1	Buff/Essential	CC 2	cdm-only:CooldownSetSpell		api
Priest	Shadow	258	Shadow Word: Death	32379	talent-active	TraitNodeEntry	true	0	Rotational	class		82712	103864	1	Essential	Rotational 6	cdm-only:CooldownSetSpell		api
Priest	Shadow	258	Shadow Word: Madness	335467	talent-active	TraitNodeEntry	true	0	Rotational	spec		82665	103808	1	Buff/Essential	Rotational 1	cdm-only:CooldownSetSpell		api
Priest	Shadow	258	Shadowfiend	34433	talent-active	TraitNodeEntry	true	0	Rotational	spec		109018	134851	1	Buff	Cooldown 3	cdm-only:CooldownSetSpell		api
Priest	Shadow	258	Tentacle Slam	1227280	talent-active	TraitNodeEntry	true	0	Rotational	spec		93171	115448	1	Essential	Rotational 5	cdm-only:CooldownSetSpell		api
Priest	Shadow	258	Dominate Mind	205364	talent-choice	TraitNodeEntry	true	30	Rotational	class		82710	103678	1	Utility		cdm-only:CooldownSetSpell		api
Priest	Shadow	258	Mind Control	605	talent-choice	TraitNodeEntry	true	0	Rotational	class		82710	103862	1		Slow			api
Priest	Shadow	258	Dispersion	47585	class-baseline	SpecializationSpells	true	120	Cooldown						Buff/Utility	Taunt/Quick Access	cdm-only:CooldownSetSpell		api
Priest	Shadow	258	Spirit of Redemption	215769	class-baseline	SkillLineAbility:804	true	120	Cooldown										api
Priest	Shadow	258	Vampiric Embrace	15286	class-baseline	SpecializationSpells	true	120	Cooldown						Buff/Utility	Self-Heal 3 (Overflow)	cdm-only:CooldownSetSpell		api
Priest	Shadow	258	Ascension	161862	class-baseline	SkillLineAbility:804	true	90	Cooldown										api
Priest	Shadow	258	Light's Wrath	207946	class-baseline	SkillLineAbility:804	true	90	Cooldown										api
Priest	Shadow	258	Silence	15487	class-baseline	SpecializationSpells	true	30	Rotational						Buff/Utility	Interrupt	cdm-only:CooldownSetSpell		api
Priest	Shadow	258	Power Word: Shield	17	class-baseline	SkillLineAbility:804	true	7.5	Rotational						Buff/Utility	Self-Heal 4 (Emergency/Overflow)	cdm-only:CooldownSetSpell		api
Priest	Shadow	258	Mind Soothe	453	class-baseline	SkillLineAbility:804	true	5	Rotational						Buff/Utility	Class 8 (Lust/BRes)	cdm-only:CooldownSetSpell		api
Priest	Shadow	258	Echo of Light	77489	class-baseline	SkillLineAbility:804	true	0	Rotational										api
Priest	Shadow	258	Flash Heal	2061	class-baseline	SkillLineAbility:804	true	0	Rotational							Self-Heal 2			api
Priest	Shadow	258	Levitate	1706	class-baseline	SkillLineAbility:804	true	0	Rotational						Buff		cdm-only:CooldownSetSpell		api
Priest	Shadow	258	Light of T'uure	208065	class-baseline	SkillLineAbility:804	true	0	Rotational										api
Priest	Shadow	258	Mind Flay	15407	class-baseline	SpecializationSpells	true	0	Rotational						Essential	Overflow 1	cdm-only:CooldownSetSpell		api
Priest	Shadow	258	Mind Vision	2096	class-baseline	SkillLineAbility:804	true	0	Rotational										api
Priest	Shadow	258	Power Word: Fortitude	21562	class-baseline	SkillLineAbility:804	true	0	Rotational							Buff			api
Priest	Shadow	258	Resurrection	2006	class-baseline	SkillLineAbility:804	true	0	Rotational							Res			api
Priest	Shadow	258	Shadow Word: Pain	589	class-baseline	SkillLineAbility:804	true	0	Rotational						Buff/Essential	Rotational 4	cdm-only:CooldownSetSpell		api
Priest	Shadow	258	Shadowform	232698	class-baseline	SpecializationSpells	true	0	Rotational						Buff		cdm-only:CooldownSetSpell		api
Priest	Shadow	258	Single-Button Assistant	1229376	class-baseline	SpecializationSpells	true	0	Rotational										api
Priest	Shadow	258	Smite	585	class-baseline	SkillLineAbility:804	true	0	Rotational										api
Priest	Shadow	258	Vampiric Touch	34914	class-baseline	SpecializationSpells	true	0	Rotational						Buff/Essential	Rotational 7	cdm-only:CooldownSetSpell		api
Priest	Shadow	258	Mindgames	375901	pvp-talent	PvpTalent	true	45	Cooldown						Essential		cdm-only:CooldownSetSpell		api
Priest	Shadow	258	Psyfiend	211522	pvp-talent	PvpTalent	true	45	Cooldown						Buff/Utility		cdm-only:CooldownSetSpell		api
Priest	Shadow	258	Absolute Faith	408853	pvp-talent	PvpTalent	false	0	Rotational						Buff		cdm-only:CooldownSetSpell		api
Priest	Shadow	258	Cascading Horrors	357711	pvp-talent	PvpTalent	false	0	Rotational										api
Priest	Shadow	258	Driven to Madness	199259	pvp-talent	PvpTalent	false	0	Rotational										api
Priest	Shadow	258	Improved Mass Dispel	426438	pvp-talent	PvpTalent	false	0	Rotational										api
Priest	Shadow	258	Mind Trauma	199445	pvp-talent	PvpTalent	false	0	Rotational						Buff		cdm-only:CooldownSetSpell		api
Priest	Shadow	258	Phase Shift	408557	pvp-talent	PvpTalent	false	0	Rotational						Buff		cdm-only:CooldownSetSpell		api
Priest	Shadow	258	Psychic Shroud	1246968	pvp-talent	PvpTalent	false	0	Rotational						Buff		cdm-only:CooldownSetSpell		api
Priest	Shadow	258	Ancient Madness	1231346	talent-passive	TraitNodeEntry	false	0	Rotational	spec		82656	134052	1					api
Priest	Shadow	258	Angel's Mercy	238100	talent-passive	TraitNodeEntry	false	0	Rotational	class		82680	103828	1					api
Priest	Shadow	258	Angelic Bulwark	108945	talent-passive	TraitNodeEntry	false	0	Rotational	class		82675	103821	1	Buff		cdm-only:CooldownSetSpell		api
Priest	Shadow	258	Auspicious Spirits	155271	talent-passive	TraitNodeEntry	false	0	Rotational	spec		82667	103811	1					api
Priest	Shadow	258	Benevolence	415416	talent-passive	TraitNodeEntry	false	0	Rotational	class		82676	115884	1					api
Priest	Shadow	258	Binding Heals	368275	talent-passive	TraitNodeEntry	false	0	Rotational	class		82678	103825	1					api
Priest	Shadow	258	Body and Soul	64129	talent-passive	TraitNodeEntry	false	0	Rotational	class		109917	136185	1	Buff		cdm-only:CooldownSetSpell		api
Priest	Shadow	258	Collapsing Void	448403	talent-passive	TraitNodeEntry	false	0	Rotational	hero	Voidweaver	94694	117297	1					api
Priest	Shadow	258	Crushing Void	1279354	talent-passive	TraitNodeEntry	false	0	Rotational	spec		82655	103797	1	Buff		cdm-only:CooldownSetSpell		api
Priest	Shadow	258	Dark Energy	451018	talent-passive	TraitNodeEntry	false	0	Rotational	hero	Voidweaver	94693	123845	1					api
Priest	Shadow	258	Dark Enlightenment	1250835	talent-passive	TraitNodeEntry	false	0	Rotational	class		109020	134859	1					api
Priest	Shadow	258	Dark Evangelism	391099	talent-passive	TraitNodeEntry	false	0	Rotational	spec		108031	134051	1					api
Priest	Shadow	258	Dark Thoughts	1240388	talent-passive	TraitNodeEntry	false	0	Rotational	spec		82660	103802	1					api
Priest	Shadow	258	Darkening Horizon	449912	talent-passive	TraitNodeEntry	false	0	Rotational	hero	Voidweaver	94695	125982	1					api
Priest	Shadow	258	Death and Madness	321291	talent-passive	TraitNodeEntry	false	0	Rotational	spec		82558	134274	1					api
Priest	Shadow	258	Death's Torment	1240364	talent-passive	TraitNodeEntry	false	0	Rotational	spec		108006	133377	1					api
Priest	Shadow	258	Deathspeaker	392507	talent-passive	TraitNodeEntry	false	0	Rotational	spec		82558	103681	1					api
Priest	Shadow	258	Descending Darkness	1242666	talent-passive	TraitNodeEntry	false	0	Rotational	spec		82670	103814	1					api
Priest	Shadow	258	Devour Matter	451840	talent-passive	TraitNodeEntry	false	0	Rotational	hero	Voidweaver	94668	117271	1					api
Priest	Shadow	258	Distorted Reality	409044	talent-passive	TraitNodeEntry	false	0	Rotational	spec		82647	115671	1					api
Priest	Shadow	258	Divine Halo	449806	talent-passive	TraitNodeEntry	false	0	Rotational	hero	Archon	94702	117305	1					api
Priest	Shadow	258	Embrace the Shadow	451569	talent-passive	TraitNodeEntry	false	0	Rotational	hero	Voidweaver	94696	123844	1					api
Priest	Shadow	258	Empowered Surges	453799	talent-passive	TraitNodeEntry	false	0	Rotational	hero	Archon	94688	117291	1					api
Priest	Shadow	258	Energy Compression	449874	talent-passive	TraitNodeEntry	false	0	Rotational	hero	Archon	94678	117281	1					api
Priest	Shadow	258	Energy Conservation	1272308	talent-passive	TraitNodeEntry	false	0	Rotational	hero	Archon	94680	117283	1					api
Priest	Shadow	258	Energy Cycle	453828	talent-passive	TraitNodeEntry	false	0	Rotational	hero	Archon	94685	117288	1					api
Priest	Shadow	258	Entropic Rift	447444	talent-passive	TraitNodeEntry	false	0	Rotational	hero	Voidweaver	110008	136498	1	Other		cdm-only:CooldownSetSpell		api
Priest	Shadow	258	Everlasting Light	1249233	talent-passive	TraitNodeEntry	false	0	Rotational	class		82702	103852	1					api
Priest	Shadow	258	False Autonomy	1250806	talent-passive	TraitNodeEntry	false	0	Rotational	class		109005	134841	1					api
Priest	Shadow	258	Focused Outburst	1272320	talent-passive	TraitNodeEntry	false	0	Rotational	hero	Archon	109777	136035	1					api
Priest	Shadow	258	Focused Power	1249230	talent-passive	TraitNodeEntry	false	0	Rotational	class		82676	135091	1					api
Priest	Shadow	258	Haunting Shadows	1279355	talent-passive	TraitNodeEntry	false	0	Rotational	spec		82658	103799	1					api
Priest	Shadow	258	Heightened Alteration	453729	talent-passive	TraitNodeEntry	false	0	Rotational	hero	Archon	109776	136687	1					api
Priest	Shadow	258	Idol of C'Thun	377349	talent-passive	TraitNodeEntry	false	0	Rotational	spec		82643	103782	1					api
Priest	Shadow	258	Idol of N'Zoth	373280	talent-passive	TraitNodeEntry	false	0	Rotational	spec		82552	103781	1					api
Priest	Shadow	258	Idol of Y'Shaarj	373310	talent-passive	TraitNodeEntry	false	0	Rotational	spec		82553	103787	1	Buff		cdm-only:CooldownSetSpell		api
Priest	Shadow	258	Idol of Yogg-Saron	373273	talent-passive	TraitNodeEntry	false	0	Rotational	spec		82555	103817	1	Buff		cdm-only:CooldownSetSpell		api
Priest	Shadow	258	Improved Fade	390670	talent-passive	TraitNodeEntry	false	0	Rotational	class		82686	103836	2					api
Priest	Shadow	258	Improved Flash Heal	393870	talent-passive	TraitNodeEntry	false	0	Rotational	class		82717	103869	1					api
Priest	Shadow	258	Improved Voidform	341240	talent-passive	TraitNodeEntry	false	0	Rotational	spec		82656	103798	1					api
Priest	Shadow	258	Incessant Screams	453918	talent-passive	TraitNodeEntry	false	0	Rotational	hero	Archon	94686	125083	1					api
Priest	Shadow	258	Inescapable Torment	373427	talent-passive	TraitNodeEntry	false	0	Rotational	spec		82644	103783	1					api
Priest	Shadow	258	Inner Quietus	448278	talent-passive	TraitNodeEntry	false	0	Rotational	hero	Voidweaver	94670	117273	1					api
Priest	Shadow	258	Insidious Ire	373212	talent-passive	TraitNodeEntry	false	0	Rotational	spec		82560	103683	2	Buff		cdm-only:CooldownSetSpell		api
Priest	Shadow	258	Inspiration	390676	talent-passive	TraitNodeEntry	false	0	Rotational	class		82696	103846	1					api
Priest	Shadow	258	Instilled Doubt	1242862	talent-passive	TraitNodeEntry	false	0	Rotational	spec		108152	133549	2					api
Priest	Shadow	258	Intangibility	288733	talent-passive	TraitNodeEntry	false	0	Rotational	spec		109017	134850	1					api
Priest	Shadow	258	Invoked Nightmare	1279350	talent-passive	TraitNodeEntry	false	0	Rotational	spec		82666	136811	1					api
Priest	Shadow	258	Light's Inspiration	373450	talent-passive	TraitNodeEntry	false	0	Rotational	class		82679	103826	1					api
Priest	Shadow	258	Lightburst	1246549	talent-passive	TraitNodeEntry	false	0	Rotational	class		82719	103871	1					api
Priest	Shadow	258	Maddening Tentacles	1279353	talent-passive	TraitNodeEntry	false	0	Rotational	spec		82654	103796	1					api
Priest	Shadow	258	Maddening Touch	391228	talent-passive	TraitNodeEntry	false	0	Rotational	spec		82662	103805	1					api
Priest	Shadow	258	Madness Weaving	1240394	talent-passive	TraitNodeEntry	false	0	Rotational	spec		82671	103816	2					api
Priest	Shadow	258	Manifested Power	453783	talent-passive	TraitNodeEntry	false	0	Rotational	hero	Archon	94699	117302	1	Buff		cdm-only:CooldownSetSpell		api
Priest	Shadow	258	Mastermind	391151	talent-passive	TraitNodeEntry	false	0	Rotational	spec		82645	103784	2					api
Priest	Shadow	258	Mental Agility	341167	talent-passive	TraitNodeEntry	false	0	Rotational	class		109019	134852	1					api
Priest	Shadow	258	Mental Decay	375994	talent-passive	TraitNodeEntry	false	0	Rotational	spec		108007	133378	1					api
Priest	Shadow	258	Mental Fortitude	377065	talent-passive	TraitNodeEntry	false	0	Rotational	spec		109017	136223	1					api
Priest	Shadow	258	Mind Devourer	373202	talent-passive	TraitNodeEntry	false	0	Rotational	spec		108153	133550	1	Buff		cdm-only:CooldownSetSpell		api
Priest	Shadow	258	Mind's Eye	407470	talent-passive	TraitNodeEntry	false	0	Rotational	spec		82647	103786	1					api
Priest	Shadow	258	Mindbender	1230339	talent-passive	TraitNodeEntry	false	0	Rotational	spec		82648	103788	1	Buff		cdm-only:CooldownSetSpell		api
Priest	Shadow	258	Mindpierce	1251029	talent-passive	TraitNodeEntry	false	0	Rotational	class		109011	134845	1					api
Priest	Shadow	258	Misery	238558	talent-passive	TraitNodeEntry	false	0	Rotational	spec		82666	103809	1					api
Priest	Shadow	258	Move with Grace	390620	talent-passive	TraitNodeEntry	false	0	Rotational	class		82699	103849	1					api
Priest	Shadow	258	No Escape	451204	talent-passive	TraitNodeEntry	false	0	Rotational	hero	Voidweaver	94693	117296	1	Buff		cdm-only:CooldownSetSpell		api
Priest	Shadow	258	Overwhelming Shadows	1266883	talent-passive	TraitNodeEntry	false	0	Rotational	hero	Voidweaver	109778	136036	1					api
Priest	Shadow	258	Painful Invocation	1251030	talent-passive	TraitNodeEntry	false	0	Rotational	class		109006	103841	1					api
Priest	Shadow	258	Perfected Form	453917	talent-passive	TraitNodeEntry	false	0	Rotational	hero	Archon	94677	117280	1					api
Priest	Shadow	258	Petrifying Scream	55676	talent-passive	TraitNodeEntry	false	0	Rotational	class		82695	114588	1					api
Priest	Shadow	258	Phantasm	108942	talent-passive	TraitNodeEntry	false	0	Rotational	class		82674	115883	1					api
Priest	Shadow	258	Phantom Menace	1242779	talent-passive	TraitNodeEntry	false	0	Rotational	spec		82646	103785	1					api
Priest	Shadow	258	Phantom Reach	459559	talent-passive	TraitNodeEntry	false	0	Rotational	class		82673	103819	1					api
Priest	Shadow	258	Power Surge	453109	talent-passive	TraitNodeEntry	false	0	Rotational	hero	Archon	94681	117284	1	Buff		cdm-only:CooldownSetSpell		api
Priest	Shadow	258	Protective Light	193063	talent-passive	TraitNodeEntry	false	0	Rotational	class		82677	103823	1	Buff		cdm-only:CooldownSetSpell		api
Priest	Shadow	258	Psychic Link	199484	talent-passive	TraitNodeEntry	false	0	Rotational	spec		82663	103806	1					api
Priest	Shadow	258	Psychic Voice	196704	talent-passive	TraitNodeEntry	false	0	Rotational	class		82708	103860	1					api
Priest	Shadow	258	Quickened Pulse	1266845	talent-passive	TraitNodeEntry	false	0	Rotational	hero	Voidweaver	94692	117295	1					api
Priest	Shadow	258	Realized Potential	1272326	talent-passive	TraitNodeEntry	false	0	Rotational	hero	Archon	109775	136033	1					api
Priest	Shadow	258	Resonant Energy	453845	talent-passive	TraitNodeEntry	false	0	Rotational	hero	Archon	94676	117279	1	Buff		cdm-only:CooldownSetSpell		api
Priest	Shadow	258	Sanguine Teachings	373218	talent-passive	TraitNodeEntry	false	0	Rotational	class		109021	134860	1					api
Priest	Shadow	258	Screams of the Void	375767	talent-passive	TraitNodeEntry	false	0	Rotational	spec		82649	103789	2	Buff		cdm-only:CooldownSetSpell		api
Priest	Shadow	258	Shadowy Apparitions	341491	talent-passive	TraitNodeEntry	false	0	Rotational	spec		82651	103792	1					api
Priest	Shadow	258	Shadowy Insight	375888	talent-passive	TraitNodeEntry	false	0	Rotational	spec		82669	103813	1	Buff		cdm-only:CooldownSetSpell		api
Priest	Shadow	258	Shattered Psyche	391090	talent-passive	TraitNodeEntry	false	0	Rotational	spec		108029	133400	1	Buff		cdm-only:CooldownSetSpell		api
Priest	Shadow	258	Sheer Terror	390919	talent-passive	TraitNodeEntry	false	0	Rotational	class		82695	103845	1					api
Priest	Shadow	258	Shock Pulse	453852	talent-passive	TraitNodeEntry	false	0	Rotational	hero	Archon	94686	117289	1					api
Priest	Shadow	258	Spectral Horrors	407469	talent-passive	TraitNodeEntry	false	0	Rotational	spec		82563	103686	1					api
Priest	Shadow	258	Spectral Illusion	1250378	talent-passive	TraitNodeEntry	false	0	Rotational	class		109014	134848	1	Buff		cdm-only:CooldownSetSpell		api
Priest	Shadow	258	Spell Warding	390667	talent-passive	TraitNodeEntry	false	0	Rotational	class		109010	134844	2					api
Priest	Shadow	258	Spiritual Guidance	1250818	talent-passive	TraitNodeEntry	false	0	Rotational	class		82672	103818	1					api
Priest	Shadow	258	Spiritwell	1247178	talent-passive	TraitNodeEntry	false	0	Rotational	hero	Archon	109775	136688	1					api
Priest	Shadow	258	Strength of Resolve	1250820	talent-passive	TraitNodeEntry	false	0	Rotational	class		82687	103837	1					api
Priest	Shadow	258	Subservient Shadows	1228516	talent-passive	TraitNodeEntry	false	0	Rotational	spec		82559	103682	1					api
Priest	Shadow	258	Surge of Insanity	391399	talent-passive	TraitNodeEntry	false	0	Rotational	spec		82668	103812	1					api
Priest	Shadow	258	Surge of Light	109186	talent-passive	TraitNodeEntry	false	0	Rotational	class		82716	103868	1	Buff		cdm-only:CooldownSetSpell		api
Priest	Shadow	258	Sustained Potency	454001	talent-passive	TraitNodeEntry	false	0	Rotational	hero	Archon	94678	125085	1	Buff		cdm-only:CooldownSetSpell		api
Priest	Shadow	258	Thought Harvester	406788	talent-passive	TraitNodeEntry	false	0	Rotational	spec		82653	103795	1					api
Priest	Shadow	258	Tithe Evasion	373223	talent-passive	TraitNodeEntry	false	0	Rotational	class		82711	103863	1					api
Priest	Shadow	258	Tormented Spirits	391284	talent-passive	TraitNodeEntry	false	0	Rotational	spec		93170	103810	1					api
Priest	Shadow	258	Tormenting Whispers	1250492	talent-passive	TraitNodeEntry	false	0	Rotational	spec		82659	103801	1					api
Priest	Shadow	258	Touch of the Void	1266856	talent-passive	TraitNodeEntry	false	0	Rotational	hero	Voidweaver	109779	136037	1					api
Priest	Shadow	258	Translucent Image	373446	talent-passive	TraitNodeEntry	false	0	Rotational	class		82685	103835	1					api
Priest	Shadow	258	Twin Disciplines	1251077	talent-passive	TraitNodeEntry	false	0	Rotational	class		82690	103840	1					api
Priest	Shadow	258	Twins of the Sun Priestess	373466	talent-passive	TraitNodeEntry	false	0	Rotational	class		108731	134284	1					api
Priest	Shadow	258	Twist of Fate	390972	talent-passive	TraitNodeEntry	false	0	Rotational	class		82684	103833	2	Buff		cdm-only:CooldownSetSpell		api
Priest	Shadow	258	Unwavering Will	373456	talent-passive	TraitNodeEntry	false	0	Rotational	class		82697	103847	2					api
Priest	Shadow	258	Void Apparitions	1264096	talent-passive	TraitNodeEntry	false	0	Rotational	spec		110408	136992	1			talent-passive:TraitNodeEntry		api
Priest	Shadow	258	Void Blast	450405	talent-passive	TraitNodeEntry	false	0	Rotational	hero	Voidweaver	94703	117306	1					api
Priest	Shadow	258	Void Empowerment	450138	talent-passive	TraitNodeEntry	false	0	Rotational	hero	Voidweaver	94695	125821	1					api
Priest	Shadow	258	Void Infusion	450612	talent-passive	TraitNodeEntry	false	0	Rotational	hero	Voidweaver	94669	117272	1					api
Priest	Shadow	258	Void Leech	451311	talent-passive	TraitNodeEntry	false	0	Rotational	hero	Voidweaver	94696	117299	1					api
Priest	Shadow	258	Void Tendrils	1250691	talent-passive	TraitNodeEntry	false	0	Rotational	class		82708	103859	1	Buff		cdm-only:CooldownSetSpell		api
Priest	Shadow	258	Voidheart	449880	talent-passive	TraitNodeEntry	false	0	Rotational	hero	Voidweaver	109780	136038	1	Buff		cdm-only:CooldownSetSpell		api
Priest	Shadow	258	Voidtouched	407430	talent-passive	TraitNodeEntry	false	0	Rotational	spec		108147	133542	1					api
Priest	Shadow	258	Voidwraith	451234	talent-passive	TraitNodeEntry	false	0	Rotational	hero	Voidweaver	100212	123841	1	Buff		cdm-only:CooldownSetSpell		api
Priest	Shadow	258	Word of Supremacy	453726	talent-passive	TraitNodeEntry	false	0	Rotational	hero	Archon	109776	136034	1					api
Priest	Shadow	258	Focused Will	45243	cdm-only	CooldownSetSpell	false	0	Rotational						Buff				api
Priest	Shadow	258	Horrific Visions	1243069	cdm-only	CooldownSetSpell	true	0	Rotational						Buff				db2-template+redirect
Priest	Shadow	258	Thing from Beyond	373277	cdm-only	CooldownSetSpell	true	0	Rotational						Buff				db2-template+redirect
Rogue	Assassination	259	Blind	2094	talent-active	TraitNodeEntry	true	120	Cooldown	class		90684	112572	1	Buff/Utility	Class 2 (CC)	class-baseline:SkillLineAbility:921;cdm-only:CooldownSetSpell		api
Rogue	Assassination	259	Cloak of Shadows	31224	talent-active	TraitNodeEntry	true	120	Cooldown	class		90697	112585	1	Buff/Utility	Self-Heal 4 (Emergency/Overflow)	class-baseline:SkillLineAbility:921;cdm-only:CooldownSetSpell		api
Rogue	Assassination	259	Deathmark	360194	talent-active	TraitNodeEntry	true	120	Cooldown	spec		90769	112662	1	Buff/Essential		cdm-only:CooldownSetSpell		api
Rogue	Assassination	259	Evasion	5277	talent-active	TraitNodeEntry	true	120	Cooldown	class		90762	112654	1	Buff/Utility	Personal Defensive 1	class-baseline:SkillLineAbility:921;cdm-only:CooldownSetSpell		api
Rogue	Assassination	259	Kingsbane	385627	talent-active	TraitNodeEntry	true	60	Cooldown	spec		90770	112663	1	Buff/Essential		cdm-only:CooldownSetSpell		api
Rogue	Assassination	259	Thistle Tea	381623	talent-active	TraitNodeEntry	true	1	Rotational	class		90756	112648	1	Essential	Self-Heal 2	cdm-only:CooldownSetSpell		api
Rogue	Assassination	259	Amplifying Poison	381664	talent-active	TraitNodeEntry	true	0	Rotational	spec		90777	112670	1	Buff		cdm-only:CooldownSetSpell		api
Rogue	Assassination	259	Crimson Tempest	1247227	talent-active	TraitNodeEntry	true	0	Rotational	spec		94557	117139	1	Essential		cdm-only:CooldownSetSpell		api
Rogue	Assassination	259	Deadly Poison	2823	talent-active	TraitNodeEntry	true	0	Rotational	spec		90783	112676	1	Buff		class-baseline:SkillLineAbility:921;cdm-only:CooldownSetSpell		api
Rogue	Assassination	259	Shiv	5938	talent-active	TraitNodeEntry	true	0	Rotational	class		90740	112630	1	Utility	Class 5 (Purge)	class-baseline:SkillLineAbility:921;cdm-only:CooldownSetSpell		api
Rogue	Assassination	259	Tricks of the Trade	57934	talent-choice	TraitNodeEntry	true	30	Rotational	class		90686	112574	1	Buff/Utility	Class 7 (Raid Defensive)	class-baseline:SkillLineAbility:921;cdm-only:CooldownSetSpell		api
Rogue	Assassination	259	Gouge	1776	talent-choice	TraitNodeEntry	true	25	Rotational	class		90741	112631	1	Buff/Utility	Slow	cdm-only:CooldownSetSpell		api
Rogue	Assassination	259	Atrophic Poison	381637	talent-choice	TraitNodeEntry	true	0	Rotational	class		90763	112655	1	Buff		cdm-only:CooldownSetSpell		api
Rogue	Assassination	259	Numbing Poison	5761	talent-choice	TraitNodeEntry	true	0	Rotational	class		90763	112656	1	Buff		class-baseline:SkillLineAbility:921;cdm-only:CooldownSetSpell		api
Rogue	Assassination	259	Shroud of Concealment	114018	class-baseline	SkillLineAbility:921	true	360	Cooldown						Buff/Utility	Class 8 (Lust/BRes)	cdm-only:CooldownSetSpell		api
Rogue	Assassination	259	Sprint	2983	class-baseline	SkillLineAbility:921	true	120	Cooldown						Buff/Utility	Movement Ability	cdm-only:CooldownSetSpell		api
Rogue	Assassination	259	Crimson Vial	185311	class-baseline	SkillLineAbility:921	true	30	Rotational						Buff/Utility	Self-Heal 1	cdm-only:CooldownSetSpell		api
Rogue	Assassination	259	Distract	1725	class-baseline	SkillLineAbility:921	true	30	Rotational						Utility	Class 6 (Dispel)	cdm-only:CooldownSetSpell		api
Rogue	Assassination	259	Kidney Shot	408	class-baseline	SkillLineAbility:921	true	30	Rotational						Buff/Utility	CC	cdm-only:CooldownSetSpell		api
Rogue	Assassination	259	Kick	1766	class-baseline	SkillLineAbility:921	true	15	Rotational						Utility	Interrupt	cdm-only:CooldownSetSpell		api
Rogue	Assassination	259	Garrote	703	class-baseline	SpecializationSpells	true	6	Rotational						Buff/Essential	Rotational 4	cdm-only:CooldownSetSpell		api
Rogue	Assassination	259	Stealth	1784	class-baseline	SkillLineAbility:921	true	2	Rotational						Buff	Stance 1	cdm-only:CooldownSetSpell		api
Rogue	Assassination	259	Cheap Shot	1833	class-baseline	SkillLineAbility:921	true	1	Rotational						Buff/Utility	CC 2	cdm-only:CooldownSetSpell		api
Rogue	Assassination	259	Feint	1966	class-baseline	SkillLineAbility:921	true	1	Rotational						Buff/Utility	Personal Defensive 2	cdm-only:CooldownSetSpell		api
Rogue	Assassination	259	Vanish	1856	class-baseline	SkillLineAbility:921	true	1	Rotational						Buff/Utility	Class 4 (Special)	cdm-only:CooldownSetSpell		api
Rogue	Assassination	259	Pick Pocket	921	class-baseline	SkillLineAbility:921	true	0.5	Rotational										api
Rogue	Assassination	259	Ambush	8676	class-baseline	SkillLineAbility:921	true	0	Rotational							Rotational 6			api
Rogue	Assassination	259	Blade Flurry	22482	class-baseline	SkillLineAbility:921	true	0	Rotational										db2-template+redirect-unresolved
Rogue	Assassination	259	Create: Crimson Vial	212205	class-baseline	SkillLineAbility:921	true	0	Rotational										api
Rogue	Assassination	259	Crippling Poison	3408	class-baseline	SkillLineAbility:921	true	0	Rotational						Buff		cdm-only:CooldownSetSpell		api
Rogue	Assassination	259	Detection	56814	class-baseline	SkillLineAbility:921	true	0	Rotational										api
Rogue	Assassination	259	Envenom	32645	class-baseline	SpecializationSpells	true	0	Rotational						Buff/Essential	Rotational 2	cdm-only:CooldownSetSpell		api
Rogue	Assassination	259	Eviscerate	196819	class-baseline	SkillLineAbility:921	true	0	Rotational										api
Rogue	Assassination	259	Fan of Knives	51723	class-baseline	SpecializationSpells	true	0	Rotational						Essential	Rotational 5	cdm-only:CooldownSetSpell		api
Rogue	Assassination	259	Instant Poison	315584	class-baseline	SkillLineAbility:921	true	0	Rotational										api
Rogue	Assassination	259	Main Gauche	86392	class-baseline	SkillLineAbility:921	true	0	Rotational										api
Rogue	Assassination	259	Mutilate	5374	class-baseline	SkillLineAbility:921	true	0	Rotational						Essential	Rotational 1	class-baseline:SpecializationSpells;cdm-only:CooldownSetSpell		api
Rogue	Assassination	259	Pick Lock	1804	class-baseline	SkillLineAbility:921	true	0	Rotational										api
Rogue	Assassination	259	Poisoned Knife	185565	class-baseline	SpecializationSpells	true	0	Rotational							Class 3 (Tag)			api
Rogue	Assassination	259	Rupture	1943	class-baseline	SpecializationSpells	true	0	Rotational						Buff/Essential	Rotational 3	cdm-only:CooldownSetSpell		api
Rogue	Assassination	259	Sap	6770	class-baseline	SkillLineAbility:921	true	0	Rotational						Utility	Class 1 (Movement)	cdm-only:CooldownSetSpell		api
Rogue	Assassination	259	Single-Button Assistant	1229376	class-baseline	SpecializationSpells	true	0	Rotational										api
Rogue	Assassination	259	Sinister Strike	1752	class-baseline	SkillLineAbility:921	true	0	Rotational										api
Rogue	Assassination	259	Slice and Dice	315496	class-baseline	SkillLineAbility:921	true	0	Rotational						Buff/Essential	Rotational 7	cdm-only:CooldownSetSpell		api
Rogue	Assassination	259	Wound Poison	8679	class-baseline	SkillLineAbility:921	true	0	Rotational						Buff		cdm-only:CooldownSetSpell		api
Rogue	Assassination	259	Smoke Bomb	212182	pvp-talent	PvpTalent	true	180	Cooldown						Utility		cdm-only:CooldownSetSpell		api
Rogue	Assassination	259	Dismantle	207777	pvp-talent	PvpTalent	true	45	Cooldown						Buff/Utility		cdm-only:CooldownSetSpell		api
Rogue	Assassination	259	Death from Above	269513	pvp-talent	PvpTalent	true	30	Rotational						Essential		cdm-only:CooldownSetSpell		api
Rogue	Assassination	259	Control is King	354406	pvp-talent	PvpTalent	false	0	Rotational										api
Rogue	Assassination	259	Creeping Venom	354895	pvp-talent	PvpTalent	false	0	Rotational						Buff		cdm-only:CooldownSetSpell		api
Rogue	Assassination	259	Dagger in the Dark	198675	pvp-talent	PvpTalent	false	0	Rotational						Buff		cdm-only:CooldownSetSpell		api
Rogue	Assassination	259	Hemotoxin	354124	pvp-talent	PvpTalent	false	0	Rotational										api
Rogue	Assassination	259	Maneuverability	197000	pvp-talent	PvpTalent	false	0	Rotational										api
Rogue	Assassination	259	Preemptive Maneuver	1219122	pvp-talent	PvpTalent	false	0	Rotational										api
Rogue	Assassination	259	System Shock	198145	pvp-talent	PvpTalent	false	0	Rotational						Buff		cdm-only:CooldownSetSpell		api
Rogue	Assassination	259	Thick as Thieves	221622	pvp-talent	PvpTalent	false	0	Rotational										api
Rogue	Assassination	259	Airborne Irritant	200733	talent-passive	TraitNodeEntry	false	0	Rotational	class		90741	117740	1					api
Rogue	Assassination	259	Alacrity	193539	talent-passive	TraitNodeEntry	false	0	Rotational	class		90751	112643	2					api
Rogue	Assassination	259	Avulsion	1250358	talent-passive	TraitNodeEntry	false	0	Rotational	spec		90622	112507	1					api
Rogue	Assassination	259	Bait and Switch	457034	talent-passive	TraitNodeEntry	false	0	Rotational	hero	Deathstalker	95106	126029	1					api
Rogue	Assassination	259	Blackjack	379005	talent-passive	TraitNodeEntry	false	0	Rotational	class		90686	117143	1	Buff		cdm-only:CooldownSetSpell		api
Rogue	Assassination	259	Blindside	328085	talent-passive	TraitNodeEntry	false	0	Rotational	spec		90786	112679	1	Buff		cdm-only:CooldownSetSpell		api
Rogue	Assassination	259	Bloody Mess	381626	talent-passive	TraitNodeEntry	false	0	Rotational	spec		90633	112518	1					api
Rogue	Assassination	259	Canny Strikes	1250359	talent-passive	TraitNodeEntry	false	0	Rotational	spec		90634	112519	1					api
Rogue	Assassination	259	Caustic Spatter	421975	talent-passive	TraitNodeEntry	false	0	Rotational	spec		90779	112672	1	Buff		cdm-only:CooldownSetSpell		api
Rogue	Assassination	259	Cheat Death	31230	talent-passive	TraitNodeEntry	false	0	Rotational	class		90742	114737	1	Buff		cdm-only:CooldownSetSpell		api
Rogue	Assassination	259	Chosen's Revelry	1249201	talent-passive	TraitNodeEntry	false	0	Rotational	hero	Fatebound	95138	117735	1					api
Rogue	Assassination	259	Clear the Witnesses	1248793	talent-passive	TraitNodeEntry	false	0	Rotational	hero	Deathstalker	95110	117707	1					api
Rogue	Assassination	259	Cold Blooded Killer	382245	talent-passive	TraitNodeEntry	false	0	Rotational	class		90748	112639	1	Buff		cdm-only:CooldownSetSpell		api
Rogue	Assassination	259	Controlled Chaos	1276816	talent-passive	TraitNodeEntry	false	0	Rotational	hero	Fatebound	109768	136026	1					api
Rogue	Assassination	259	Corrupt the Blood	1248785	talent-passive	TraitNodeEntry	false	0	Rotational	hero	Deathstalker	95108	117705	1					api
Rogue	Assassination	259	Danger Sense	1267220	talent-passive	TraitNodeEntry	false	0	Rotational	class		90760	112652	1					api
Rogue	Assassination	259	Darkest Night	457058	talent-passive	TraitNodeEntry	false	0	Rotational	hero	Deathstalker	95142	117739	1	Buff		cdm-only:CooldownSetSpell		api
Rogue	Assassination	259	Dashing Scoundrel	381797	talent-passive	TraitNodeEntry	false	0	Rotational	spec		90784	112677	1					api
Rogue	Assassination	259	Deadened Nerves	231719	talent-passive	TraitNodeEntry	false	0	Rotational	class		110323	136881	1					api
Rogue	Assassination	259	Deadly Momentum	1250271	talent-passive	TraitNodeEntry	false	0	Rotational	spec		90774	112667	1	Buff		cdm-only:CooldownSetSpell		api
Rogue	Assassination	259	Deadly Precision	381542	talent-passive	TraitNodeEntry	false	0	Rotational	class		90743	112633	1					api
Rogue	Assassination	259	Deal Fate	454419	talent-passive	TraitNodeEntry	false	0	Rotational	hero	Fatebound	95107	117704	1					api
Rogue	Assassination	259	Death's Arrival	454433	talent-passive	TraitNodeEntry	false	0	Rotational	hero	Fatebound	95130	125140	1					api
Rogue	Assassination	259	Deathstalker's Mark	457052	talent-passive	TraitNodeEntry	false	0	Rotational	hero	Deathstalker	95136	117733	1	Buff		cdm-only:CooldownSetSpell		api
Rogue	Assassination	259	Deep Cuts	1267216	talent-passive	TraitNodeEntry	false	0	Rotational	class		94562	117145	1					api
Rogue	Assassination	259	Deeper Stratagem	193531	talent-passive	TraitNodeEntry	false	0	Rotational	class		90750	112642	1					api
Rogue	Assassination	259	Delivered Doom	1249194	talent-passive	TraitNodeEntry	false	0	Rotational	hero	Fatebound	95119	117716	1					api
Rogue	Assassination	259	Destiny Defined	454435	talent-passive	TraitNodeEntry	false	0	Rotational	hero	Fatebound	95114	125139	1					api
Rogue	Assassination	259	Doomblade	381673	talent-passive	TraitNodeEntry	false	0	Rotational	spec		94556	117137	1	Buff		cdm-only:CooldownSetSpell		api
Rogue	Assassination	259	Dragon-Tempered Blades	381801	talent-passive	TraitNodeEntry	false	0	Rotational	spec		94553	117131	1					api
Rogue	Assassination	259	Echoing Reprimand	470669	talent-passive	TraitNodeEntry	false	0	Rotational	class		90638	112524	1	Buff		cdm-only:CooldownSetSpell		api
Rogue	Assassination	259	Edge Case	453457	talent-passive	TraitNodeEntry	false	0	Rotational	hero	Fatebound	95120	117717	1					api
Rogue	Assassination	259	Elusiveness	79008	talent-passive	TraitNodeEntry	false	0	Rotational	class		90742	112632	1					api
Rogue	Assassination	259	Ethereal Cloak	457022	talent-passive	TraitNodeEntry	false	0	Rotational	hero	Deathstalker	95106	117703	1					api
Rogue	Assassination	259	Fatal Concoction	392384	talent-passive	TraitNodeEntry	false	0	Rotational	spec		90772	112665	2					api
Rogue	Assassination	259	Fate Intertwined	1249215	talent-passive	TraitNodeEntry	false	0	Rotational	hero	Fatebound	95139	117736	1					api
Rogue	Assassination	259	Featherfoot	423683	talent-passive	TraitNodeEntry	false	0	Rotational	class		101714	125615	1					api
Rogue	Assassination	259	Finish the Job	1249809	talent-passive	TraitNodeEntry	false	0	Rotational	spec		90626	112511	1					api
Rogue	Assassination	259	Fleet Footed	378813	talent-passive	TraitNodeEntry	false	0	Rotational	class		90764	112657	1					api
Rogue	Assassination	259	Flying Daggers	381631	talent-passive	TraitNodeEntry	false	0	Rotational	spec		109003	134837	1					api
Rogue	Assassination	259	Follow the Blood	457068	talent-passive	TraitNodeEntry	false	0	Rotational	hero	Deathstalker	95131	126028	1					api
Rogue	Assassination	259	Forced Induction	470668	talent-passive	TraitNodeEntry	false	0	Rotational	class		90638	112523	1					api
Rogue	Assassination	259	Graceful Guile	423647	talent-passive	TraitNodeEntry	false	0	Rotational	class		90754	112646	1					api
Rogue	Assassination	259	Hand of Fate	452536	talent-passive	TraitNodeEntry	false	0	Rotational	hero	Fatebound	95125	117722	1	Buff		cdm-only:CooldownSetSpell		api
Rogue	Assassination	259	Hunt Them Down	457054	talent-passive	TraitNodeEntry	false	0	Rotational	hero	Deathstalker	95132	117729	1					api
Rogue	Assassination	259	Implacable	1265385	talent-passive	TraitNodeEntry	false	0	Rotational	spec		110433	137067	1	Buff		talent-passive:TraitNodeEntry;cdm-only:CooldownSetSpell		api
Rogue	Assassination	259	Improved Ambush	381620	talent-passive	TraitNodeEntry	false	0	Rotational	class		90692	112580	1					api
Rogue	Assassination	259	Improved Garrote	381632	talent-passive	TraitNodeEntry	false	0	Rotational	spec		90625	112510	1	Other		cdm-only:CooldownSetSpell		api
Rogue	Assassination	259	Improved Poisons	381624	talent-passive	TraitNodeEntry	false	0	Rotational	spec		90635	112520	1					api
Rogue	Assassination	259	Improved Sprint	231691	talent-passive	TraitNodeEntry	false	0	Rotational	class		90687	112575	1					api
Rogue	Assassination	259	Improved Wound Poison	319066	talent-passive	TraitNodeEntry	false	0	Rotational	class		90637	112522	1					api
Rogue	Assassination	259	Inexorable March	454432	talent-passive	TraitNodeEntry	false	0	Rotational	hero	Fatebound	95130	117727	1					api
Rogue	Assassination	259	Inspiring Strike	1250036	talent-passive	TraitNodeEntry	false	0	Rotational	spec		90767	112660	1					api
Rogue	Assassination	259	Intent to Kill	381630	talent-passive	TraitNodeEntry	false	0	Rotational	spec		109004	134839	1					api
Rogue	Assassination	259	Internal Bleeding	381627	talent-passive	TraitNodeEntry	false	0	Rotational	spec		90634	134840	1	Buff		cdm-only:CooldownSetSpell		api
Rogue	Assassination	259	Iron Stomach	193546	talent-passive	TraitNodeEntry	false	0	Rotational	class		90744	112634	1					api
Rogue	Assassination	259	Iron Wire	196861	talent-passive	TraitNodeEntry	false	0	Rotational	spec		109004	134838	1	Buff		cdm-only:CooldownSetSpell		api
Rogue	Assassination	259	Leeching Poison	280716	talent-passive	TraitNodeEntry	false	0	Rotational	class		90758	112650	1					api
Rogue	Assassination	259	Lethal Dose	381640	talent-passive	TraitNodeEntry	false	0	Rotational	spec		90624	112509	2					api
Rogue	Assassination	259	Lethality	382238	talent-passive	TraitNodeEntry	false	0	Rotational	class		90749	112640	2					api
Rogue	Assassination	259	Lingering Darkness	457056	talent-passive	TraitNodeEntry	false	0	Rotational	hero	Deathstalker	95109	117706	1	Buff		cdm-only:CooldownSetSpell		api
Rogue	Assassination	259	Lucky Coin	1248970	talent-passive	TraitNodeEntry	false	0	Rotational	hero	Fatebound	95127	117724	1	Buff		cdm-only:CooldownSetSpell		api
Rogue	Assassination	259	Mass Casualty	1273035	talent-passive	TraitNodeEntry	false	0	Rotational	hero	Deathstalker	109760	136018	1					api
Rogue	Assassination	259	Master Poisoner	378436	talent-passive	TraitNodeEntry	false	0	Rotational	class		90636	112521	1					api
Rogue	Assassination	259	Mean Streak	453428	talent-passive	TraitNodeEntry	false	0	Rotational	hero	Fatebound	95122	117719	1					api
Rogue	Assassination	259	Momentum of Despair	457067	talent-passive	TraitNodeEntry	false	0	Rotational	hero	Deathstalker	95131	117728	1	Buff		cdm-only:CooldownSetSpell		api
Rogue	Assassination	259	Motivated Murderer	1247993	talent-passive	TraitNodeEntry	false	0	Rotational	spec		90628	112513	1					api
Rogue	Assassination	259	Negotiable Contract	1292996	talent-passive	TraitNodeEntry	false	0	Rotational	spec		90626	137379	1					api
Rogue	Assassination	259	Nimble Fingers	378427	talent-passive	TraitNodeEntry	false	0	Rotational	class		90745	112635	1					api
Rogue	Assassination	259	Overflowing Purse	1249190	talent-passive	TraitNodeEntry	false	0	Rotational	hero	Fatebound	95114	117711	1					api
Rogue	Assassination	259	Path of Blood	423054	talent-passive	TraitNodeEntry	false	0	Rotational	spec		94536	117106	1					api
Rogue	Assassination	259	Poison Bomb	255544	talent-passive	TraitNodeEntry	false	0	Rotational	spec		94555	117135	1					api
Rogue	Assassination	259	Poisoner's Drive	1250318	talent-passive	TraitNodeEntry	false	0	Rotational	spec		90767	134835	1					api
Rogue	Assassination	259	Precise Killer	1272989	talent-passive	TraitNodeEntry	false	0	Rotational	hero	Deathstalker	109762	136020	1					api
Rogue	Assassination	259	Quick Fingers	1267210	talent-passive	TraitNodeEntry	false	0	Rotational	class		90746	112636	1					api
Rogue	Assassination	259	Quietus Celeris	1273017	talent-passive	TraitNodeEntry	false	0	Rotational	hero	Deathstalker	109761	136019	1					api
Rogue	Assassination	259	Rapid Injection	455072	talent-passive	TraitNodeEntry	false	0	Rotational	spec		90766	112659	2					api
Rogue	Assassination	259	Ravenholdt Mint	1276809	talent-passive	TraitNodeEntry	false	0	Rotational	hero	Fatebound	109766	136024	1					api
Rogue	Assassination	259	Razor Wire	1249802	talent-passive	TraitNodeEntry	false	0	Rotational	spec		90780	112673	1					api
Rogue	Assassination	259	Recuperator	378996	talent-passive	TraitNodeEntry	false	0	Rotational	class		90640	112526	1					api
Rogue	Assassination	259	Regicide's Reward	1250325	talent-passive	TraitNodeEntry	false	0	Rotational	spec		94552	117130	1	Buff		cdm-only:CooldownSetSpell		api
Rogue	Assassination	259	Rush to the Inevitable	1249204	talent-passive	TraitNodeEntry	false	0	Rotational	hero	Fatebound	95129	117726	1					api
Rogue	Assassination	259	Sanguine Stratagem	457512	talent-passive	TraitNodeEntry	false	0	Rotational	spec		94554	117133	1					api
Rogue	Assassination	259	Sanguine Vial	1293135	talent-passive	TraitNodeEntry	false	0	Rotational	class		110576	137380	1	Buff		cdm-only:CooldownSetSpell		api
Rogue	Assassination	259	Scent of Blood	381799	talent-passive	TraitNodeEntry	false	0	Rotational	spec		90775	112668	2	Buff		cdm-only:CooldownSetSpell		api
Rogue	Assassination	259	Seal Fate	14190	talent-passive	TraitNodeEntry	false	0	Rotational	spec		90757	112649	1					api
Rogue	Assassination	259	Secondary Poisoning	1250141	talent-passive	TraitNodeEntry	false	0	Rotational	spec		109003	134836	1					api
Rogue	Assassination	259	Shadewalker	457057	talent-passive	TraitNodeEntry	false	0	Rotational	hero	Deathstalker	95123	117720	1					api
Rogue	Assassination	259	Shadowrunner	378807	talent-passive	TraitNodeEntry	false	0	Rotational	class		110324	136882	1					api
Rogue	Assassination	259	Shroud of Night	457063	talent-passive	TraitNodeEntry	false	0	Rotational	hero	Deathstalker	95123	126027	1					api
Rogue	Assassination	259	Shrouded Suffocation	385478	talent-passive	TraitNodeEntry	false	0	Rotational	spec		90776	112669	1					api
Rogue	Assassination	259	Singular Focus	457055	talent-passive	TraitNodeEntry	false	0	Rotational	hero	Deathstalker	95117	117714	1					api
Rogue	Assassination	259	Sometimes Lucky	1277030	talent-passive	TraitNodeEntry	false	0	Rotational	hero	Fatebound	109767	136025	1					api
Rogue	Assassination	259	Soothing Darkness	393970	talent-passive	TraitNodeEntry	false	0	Rotational	class		90691	112579	1	Buff		cdm-only:CooldownSetSpell		api
Rogue	Assassination	259	Stillshroud	423662	talent-passive	TraitNodeEntry	false	0	Rotational	class		94563	117146	1					api
Rogue	Assassination	259	Subterfuge	108208	talent-passive	TraitNodeEntry	false	0	Rotational	class		90688	112576	2	Buff		cdm-only:CooldownSetSpell		api
Rogue	Assassination	259	Sudden Demise	423136	talent-passive	TraitNodeEntry	false	0	Rotational	spec		94551	117129	1					api
Rogue	Assassination	259	Supercharger	470347	talent-passive	TraitNodeEntry	false	0	Rotational	class		90639	112525	2					api
Rogue	Assassination	259	Superior Mixture	423701	talent-passive	TraitNodeEntry	false	0	Rotational	class		94567	117151	1					api
Rogue	Assassination	259	Swift Slasher	381988	talent-passive	TraitNodeEntry	false	0	Rotational	class		90752	112644	1					api
Rogue	Assassination	259	Symbolic Victory	457062	talent-passive	TraitNodeEntry	false	0	Rotational	hero	Deathstalker	95109	126030	1	Buff		cdm-only:CooldownSetSpell		api
Rogue	Assassination	259	Systemic Failure	381652	talent-passive	TraitNodeEntry	false	0	Rotational	spec		90771	112664	1					api
Rogue	Assassination	259	Tempted Fate	454286	talent-passive	TraitNodeEntry	false	0	Rotational	hero	Fatebound	95138	125132	1					api
Rogue	Assassination	259	Thrill Seeking	394931	talent-passive	TraitNodeEntry	false	0	Rotational	class		90695	112583	1					api
Rogue	Assassination	259	Thrown Precision	381629	talent-passive	TraitNodeEntry	false	0	Rotational	spec		90630	112515	1					api
Rogue	Assassination	259	Tight Spender	381621	talent-passive	TraitNodeEntry	false	0	Rotational	class		90692	117152	1					api
Rogue	Assassination	259	Toxic Stiletto	1267182	talent-passive	TraitNodeEntry	false	0	Rotational	class		110325	136883	1					api
Rogue	Assassination	259	Unbreakable Stride	400804	talent-passive	TraitNodeEntry	false	0	Rotational	class		94561	117144	1					api
Rogue	Assassination	259	Unshakeable Drive	1248774	talent-passive	TraitNodeEntry	false	0	Rotational	hero	Deathstalker	95135	117732	1	Buff		cdm-only:CooldownSetSpell		api
Rogue	Assassination	259	Venomous Wounds	79134	talent-passive	TraitNodeEntry	false	0	Rotational	spec		90768	112661	1					api
Rogue	Assassination	259	Vigor	14983	talent-passive	TraitNodeEntry	false	0	Rotational	class		90759	112651	2					api
Rogue	Assassination	259	Virulent Poisons	381543	talent-passive	TraitNodeEntry	false	0	Rotational	class		90747	112638	1					api
Rogue	Assassination	259	Without a Trace	382513	talent-passive	TraitNodeEntry	false	0	Rotational	class		101713	125614	1					api
Rogue	Assassination	259	Zoldyck Recipe	381798	talent-passive	TraitNodeEntry	false	0	Rotational	spec		90785	112678	2					api
Rogue	Assassination	259	Mark for Death	1293340	cdm-only	CooldownSetSpell	true	20	Rotational						Essential				db2-plain
Rogue	Assassination	259	Shadowstep	36554	cdm-only	CooldownSetSpell	true	1	Rotational						Buff/Utility	Immune/Spell Immune/Movement			api
Rogue	Outlaw	260	Keep It Rolling	381989	talent-active	TraitNodeEntry	true	360	Cooldown	spec		90652	112538	1	Essential		cdm-only:CooldownSetSpell		api
Rogue	Outlaw	260	Preparation	1277933	talent-active	TraitNodeEntry	true	240	Cooldown	spec		90665	112552	1	Essential		cdm-only:CooldownSetSpell		api
Rogue	Outlaw	260	Adrenaline Rush	13750	talent-active	TraitNodeEntry	true	180	Cooldown	spec		90659	112545	1	Buff/Essential	Cooldown 1	cdm-only:CooldownSetSpell		api
Rogue	Outlaw	260	Killing Spree	51690	talent-active	TraitNodeEntry	true	180	Cooldown	spec		94565	117148	1	Essential		cdm-only:CooldownSetSpell		api
Rogue	Outlaw	260	Blind	2094	talent-active	TraitNodeEntry	true	120	Cooldown	class		90684	112572	1	Buff/Utility	Class 2 (CC)	class-baseline:SkillLineAbility:921;cdm-only:CooldownSetSpell		api
Rogue	Outlaw	260	Cloak of Shadows	31224	talent-active	TraitNodeEntry	true	120	Cooldown	class		90697	112585	1	Buff/Utility	Self-Heal 4 (Emergency/Overflow)	class-baseline:SkillLineAbility:921;cdm-only:CooldownSetSpell		api
Rogue	Outlaw	260	Evasion	5277	talent-active	TraitNodeEntry	true	120	Cooldown	class		90762	112654	1	Buff/Utility	Personal Defensive 1	class-baseline:SkillLineAbility:921;cdm-only:CooldownSetSpell		api
Rogue	Outlaw	260	Blade Rush	271877	talent-active	TraitNodeEntry	true	60	Cooldown	spec		90649	112535	1	Buff/Essential	Movement Ability 2	cdm-only:CooldownSetSpell		api
Rogue	Outlaw	260	Thistle Tea	381623	talent-active	TraitNodeEntry	true	1	Rotational	class		90756	112648	1	Essential	Self-Heal 2	cdm-only:CooldownSetSpell		api
Rogue	Outlaw	260	Shiv	5938	talent-active	TraitNodeEntry	true	0	Rotational	class		90740	112630	1	Utility	Class 5 (Purge)	class-baseline:SkillLineAbility:921;cdm-only:CooldownSetSpell		api
Rogue	Outlaw	260	Tricks of the Trade	57934	talent-choice	TraitNodeEntry	true	30	Rotational	class		90686	112574	1	Buff/Utility	Class 7 (Raid Defensive)	class-baseline:SkillLineAbility:921;cdm-only:CooldownSetSpell		api
Rogue	Outlaw	260	Gouge	1776	talent-choice	TraitNodeEntry	true	25	Rotational	class		90741	112631	1	Buff/Utility	Slow	cdm-only:CooldownSetSpell		api
Rogue	Outlaw	260	Atrophic Poison	381637	talent-choice	TraitNodeEntry	true	0	Rotational	class		90763	112655	1	Buff		cdm-only:CooldownSetSpell		api
Rogue	Outlaw	260	Numbing Poison	5761	talent-choice	TraitNodeEntry	true	0	Rotational	class		90763	112656	1	Buff		class-baseline:SkillLineAbility:921;cdm-only:CooldownSetSpell		api
Rogue	Outlaw	260	Shroud of Concealment	114018	class-baseline	SkillLineAbility:921	true	360	Cooldown						Buff/Utility	Class 8 (Lust/BRes)	cdm-only:CooldownSetSpell		api
Rogue	Outlaw	260	Sprint	2983	class-baseline	SkillLineAbility:921	true	120	Cooldown						Buff/Utility	Movement Ability	cdm-only:CooldownSetSpell		api
Rogue	Outlaw	260	Between the Eyes	315341	class-baseline	SpecializationSpells	true	45	Cooldown						Buff/Essential	Rotational 4	cdm-only:CooldownSetSpell		api
Rogue	Outlaw	260	Roll the Bones	1214909	class-baseline	SpecializationSpells	true	45	Cooldown						Essential/Other	Rotational 5	cdm-only:CooldownSetSpell		api
Rogue	Outlaw	260	Crimson Vial	185311	class-baseline	SkillLineAbility:921	true	30	Rotational						Buff/Utility	Self-Heal 1	cdm-only:CooldownSetSpell		api
Rogue	Outlaw	260	Distract	1725	class-baseline	SkillLineAbility:921	true	30	Rotational						Utility	Class 6 (Dispel)	cdm-only:CooldownSetSpell		api
Rogue	Outlaw	260	Kidney Shot	408	class-baseline	SkillLineAbility:921	true	30	Rotational						Buff/Utility	CC	cdm-only:CooldownSetSpell		api
Rogue	Outlaw	260	Kick	1766	class-baseline	SkillLineAbility:921	true	15	Rotational						Utility	Interrupt	cdm-only:CooldownSetSpell		api
Rogue	Outlaw	260	Stealth	1784	class-baseline	SkillLineAbility:921	true	2	Rotational						Buff	Stance 1	cdm-only:CooldownSetSpell		api
Rogue	Outlaw	260	Find Treasure	199736	class-baseline	SpecializationSpells	true	1.5	Rotational										api
Rogue	Outlaw	260	Cheap Shot	1833	class-baseline	SkillLineAbility:921	true	1	Rotational						Buff/Utility	CC 2	cdm-only:CooldownSetSpell		api
Rogue	Outlaw	260	Feint	1966	class-baseline	SkillLineAbility:921	true	1	Rotational						Buff/Utility	Personal Defensive 2	cdm-only:CooldownSetSpell		api
Rogue	Outlaw	260	Vanish	1856	class-baseline	SkillLineAbility:921	true	1	Rotational						Buff/Utility	Class 4 (Special)	cdm-only:CooldownSetSpell		api
Rogue	Outlaw	260	Grappling Hook	195457	class-baseline	SpecializationSpells	true	0.8	Rotational						Utility	Immune/Spell Immune/Movement	cdm-only:CooldownSetSpell		api
Rogue	Outlaw	260	Pick Pocket	921	class-baseline	SkillLineAbility:921	true	0.5	Rotational										api
Rogue	Outlaw	260	Ambush	8676	class-baseline	SkillLineAbility:921	true	0	Rotational										api
Rogue	Outlaw	260	Blade Flurry	22482	class-baseline	SkillLineAbility:921	true	0	Rotational						Essential/Other	Rotational 7	class-baseline:SpecializationSpells;cdm-only:CooldownSetSpell		db2-template+redirect-unresolved
Rogue	Outlaw	260	Create: Crimson Vial	212205	class-baseline	SkillLineAbility:921	true	0	Rotational										api
Rogue	Outlaw	260	Crippling Poison	3408	class-baseline	SkillLineAbility:921	true	0	Rotational						Buff		cdm-only:CooldownSetSpell		api
Rogue	Outlaw	260	Deadly Poison	2818	class-baseline	SkillLineAbility:921	true	0	Rotational										api
Rogue	Outlaw	260	Detection	56814	class-baseline	SkillLineAbility:921	true	0	Rotational										api
Rogue	Outlaw	260	Dispatch	2098	class-baseline	SpecializationSpells	true	0	Rotational						Essential	Rotational 2	cdm-only:CooldownSetSpell		api
Rogue	Outlaw	260	Eviscerate	196819	class-baseline	SkillLineAbility:921	true	0	Rotational										api
Rogue	Outlaw	260	Instant Poison	315584	class-baseline	SkillLineAbility:921	true	0	Rotational										api
Rogue	Outlaw	260	Main Gauche	86392	class-baseline	SkillLineAbility:921	true	0	Rotational										api
Rogue	Outlaw	260	Mutilate	5374	class-baseline	SkillLineAbility:921	true	0	Rotational										api
Rogue	Outlaw	260	Pick Lock	1804	class-baseline	SkillLineAbility:921	true	0	Rotational										api
Rogue	Outlaw	260	Pistol Shot	185763	class-baseline	SpecializationSpells	true	0	Rotational						Essential	Rotational 3	cdm-only:CooldownSetSpell		api
Rogue	Outlaw	260	Sap	6770	class-baseline	SkillLineAbility:921	true	0	Rotational						Utility	Class 1 (Movement)	cdm-only:CooldownSetSpell		api
Rogue	Outlaw	260	Single-Button Assistant	1229376	class-baseline	SpecializationSpells	true	0	Rotational										api
Rogue	Outlaw	260	Sinister Strike	1752	class-baseline	SkillLineAbility:921	true	0	Rotational						Essential	Rotational 1	class-baseline:SpecializationSpells;cdm-only:CooldownSetSpell		api
Rogue	Outlaw	260	Slice and Dice	315496	class-baseline	SkillLineAbility:921	true	0	Rotational						Buff/Essential	Rotational 6	cdm-only:CooldownSetSpell		api
Rogue	Outlaw	260	Wound Poison	8679	class-baseline	SkillLineAbility:921	true	0	Rotational						Buff		cdm-only:CooldownSetSpell		api
Rogue	Outlaw	260	Smoke Bomb	212182	pvp-talent	PvpTalent	true	180	Cooldown						Utility		cdm-only:CooldownSetSpell		api
Rogue	Outlaw	260	Dismantle	207777	pvp-talent	PvpTalent	true	45	Cooldown						Buff/Utility		cdm-only:CooldownSetSpell		api
Rogue	Outlaw	260	Death from Above	269513	pvp-talent	PvpTalent	true	30	Rotational						Essential		cdm-only:CooldownSetSpell		api
Rogue	Outlaw	260	Boarding Party	209752	pvp-talent	PvpTalent	false	0	Rotational						Buff		cdm-only:CooldownSetSpell		api
Rogue	Outlaw	260	Control is King	354406	pvp-talent	PvpTalent	false	0	Rotational										api
Rogue	Outlaw	260	Dagger in the Dark	198675	pvp-talent	PvpTalent	false	0	Rotational						Buff		cdm-only:CooldownSetSpell		api
Rogue	Outlaw	260	Drink Up Me Hearties	354425	pvp-talent	PvpTalent	false	0	Rotational										api
Rogue	Outlaw	260	Maneuverability	197000	pvp-talent	PvpTalent	false	0	Rotational										api
Rogue	Outlaw	260	Preemptive Maneuver	1219122	pvp-talent	PvpTalent	false	0	Rotational										api
Rogue	Outlaw	260	Thick as Thieves	221622	pvp-talent	PvpTalent	false	0	Rotational										api
Rogue	Outlaw	260	Turn the Tables	198020	pvp-talent	PvpTalent	false	0	Rotational						Buff		cdm-only:CooldownSetSpell		api
Rogue	Outlaw	260	Ace Up Your Sleeve	381828	talent-passive	TraitNodeEntry	false	0	Rotational	spec		90668	112555	2					api
Rogue	Outlaw	260	Acrobatic Strikes	455143	talent-passive	TraitNodeEntry	false	0	Rotational	spec		90664	112551	1	Buff		cdm-only:CooldownSetSpell		api
Rogue	Outlaw	260	Airborne Irritant	200733	talent-passive	TraitNodeEntry	false	0	Rotational	class		90741	117740	1					api
Rogue	Outlaw	260	Alacrity	193539	talent-passive	TraitNodeEntry	false	0	Rotational	class		90751	112643	2					api
Rogue	Outlaw	260	Audacity	381845	talent-passive	TraitNodeEntry	false	0	Rotational	spec		90641	112527	1	Buff		cdm-only:CooldownSetSpell		api
Rogue	Outlaw	260	Blackjack	379005	talent-passive	TraitNodeEntry	false	0	Rotational	class		90686	117143	1	Buff		cdm-only:CooldownSetSpell		api
Rogue	Outlaw	260	Blinding Powder	256165	talent-passive	TraitNodeEntry	false	0	Rotational	spec		90673	135733	1					api
Rogue	Outlaw	260	Cheat Death	31230	talent-passive	TraitNodeEntry	false	0	Rotational	class		90742	114737	1	Buff		cdm-only:CooldownSetSpell		api
Rogue	Outlaw	260	Chosen's Revelry	1249201	talent-passive	TraitNodeEntry	false	0	Rotational	hero	Fatebound	95138	117735	1					api
Rogue	Outlaw	260	Clever Combatant	1276679	talent-passive	TraitNodeEntry	false	0	Rotational	hero	Trickster	109763	136021	1					api
Rogue	Outlaw	260	Cloud Cover	441429	talent-passive	TraitNodeEntry	false	0	Rotational	hero	Trickster	95116	117713	1	Buff		cdm-only:CooldownSetSpell		api
Rogue	Outlaw	260	Cold Blooded Killer	382245	talent-passive	TraitNodeEntry	false	0	Rotational	class		90748	112639	1	Buff		cdm-only:CooldownSetSpell		api
Rogue	Outlaw	260	Combat Potency	61329	talent-passive	TraitNodeEntry	false	0	Rotational	spec		90648	112534	1					api
Rogue	Outlaw	260	Combat Stamina	381877	talent-passive	TraitNodeEntry	false	0	Rotational	spec		90681	135734	1					api
Rogue	Outlaw	260	Controlled Chaos	1276816	talent-passive	TraitNodeEntry	false	0	Rotational	hero	Fatebound	109768	136026	1					api
Rogue	Outlaw	260	Coup de Grace	441423	talent-passive	TraitNodeEntry	false	0	Rotational	hero	Trickster	95115	117712	1	Buff		cdm-only:CooldownSetSpell		api
Rogue	Outlaw	260	Crescendo of Violence	1259499	talent-passive	TraitNodeEntry	false	0	Rotational	spec		90661	112547	1					api
Rogue	Outlaw	260	Dancing Steel	272026	talent-passive	TraitNodeEntry	false	0	Rotational	spec		90669	112556	1					api
Rogue	Outlaw	260	Danger Sense	1267220	talent-passive	TraitNodeEntry	false	0	Rotational	class		90760	112652	1					api
Rogue	Outlaw	260	Deadened Nerves	231719	talent-passive	TraitNodeEntry	false	0	Rotational	class		110323	136881	1					api
Rogue	Outlaw	260	Deadly Precision	381542	talent-passive	TraitNodeEntry	false	0	Rotational	class		90743	112633	1					api
Rogue	Outlaw	260	Deadly Pursuit	1259612	talent-passive	TraitNodeEntry	false	0	Rotational	spec		90643	112529	1	Buff		cdm-only:CooldownSetSpell		api
Rogue	Outlaw	260	Deal Fate	454419	talent-passive	TraitNodeEntry	false	0	Rotational	hero	Fatebound	95107	117704	1					api
Rogue	Outlaw	260	Death's Arrival	454433	talent-passive	TraitNodeEntry	false	0	Rotational	hero	Fatebound	95130	125140	1					api
Rogue	Outlaw	260	Deep Cuts	1267216	talent-passive	TraitNodeEntry	false	0	Rotational	class		94562	117145	1					api
Rogue	Outlaw	260	Deeper Stratagem	193531	talent-passive	TraitNodeEntry	false	0	Rotational	class		90750	112642	1					api
Rogue	Outlaw	260	Deft Maneuvers	381878	talent-passive	TraitNodeEntry	false	0	Rotational	spec		90647	112533	1					api
Rogue	Outlaw	260	Delivered Doom	1249194	talent-passive	TraitNodeEntry	false	0	Rotational	hero	Fatebound	95119	117716	1					api
Rogue	Outlaw	260	Destiny Defined	454435	talent-passive	TraitNodeEntry	false	0	Rotational	hero	Fatebound	95114	125139	1					api
Rogue	Outlaw	260	Devious Distractions	441263	talent-passive	TraitNodeEntry	false	0	Rotational	hero	Trickster	95133	117730	1					api
Rogue	Outlaw	260	Devious Stratagem	394321	talent-passive	TraitNodeEntry	false	0	Rotational	spec		90679	112567	1					api
Rogue	Outlaw	260	Disorienting Strikes	441274	talent-passive	TraitNodeEntry	false	0	Rotational	hero	Trickster	95118	117715	1					api
Rogue	Outlaw	260	Don't Be Suspicious	441415	talent-passive	TraitNodeEntry	false	0	Rotational	hero	Trickster	95134	120133	1					api
Rogue	Outlaw	260	Dragon-Bone Dice	1259481	talent-passive	TraitNodeEntry	false	0	Rotational	spec		90653	112539	1					api
Rogue	Outlaw	260	Echoing Reprimand	470669	talent-passive	TraitNodeEntry	false	0	Rotational	class		90638	112524	1	Buff		cdm-only:CooldownSetSpell		api
Rogue	Outlaw	260	Edge Case	453457	talent-passive	TraitNodeEntry	false	0	Rotational	hero	Fatebound	95120	117717	1					api
Rogue	Outlaw	260	Elusiveness	79008	talent-passive	TraitNodeEntry	false	0	Rotational	class		90742	112632	1					api
Rogue	Outlaw	260	Expert Duelist	1259498	talent-passive	TraitNodeEntry	false	0	Rotational	spec		90645	112531	1					api
Rogue	Outlaw	260	Fan the Hammer	381846	talent-passive	TraitNodeEntry	false	0	Rotational	spec		90666	112553	2					api
Rogue	Outlaw	260	Fast Action	1259480	talent-passive	TraitNodeEntry	false	0	Rotational	spec		90644	112530	1					api
Rogue	Outlaw	260	Fatal Flourish	35551	talent-passive	TraitNodeEntry	false	0	Rotational	spec		90662	112548	1					api
Rogue	Outlaw	260	Fate Intertwined	1249215	talent-passive	TraitNodeEntry	false	0	Rotational	hero	Fatebound	95139	117736	1					api
Rogue	Outlaw	260	Featherfoot	423683	talent-passive	TraitNodeEntry	false	0	Rotational	class		101714	125615	1					api
Rogue	Outlaw	260	Find an Opening	1259457	talent-passive	TraitNodeEntry	false	0	Rotational	spec		90677	112565	1					api
Rogue	Outlaw	260	Flashing Steel	1276630	talent-passive	TraitNodeEntry	false	0	Rotational	hero	Trickster	109764	136022	1					api
Rogue	Outlaw	260	Flawless Form	441321	talent-passive	TraitNodeEntry	false	0	Rotational	hero	Trickster	95111	117708	1	Buff		cdm-only:CooldownSetSpell		api
Rogue	Outlaw	260	Fleet Footed	378813	talent-passive	TraitNodeEntry	false	0	Rotational	class		90764	112657	1					api
Rogue	Outlaw	260	Flickering Steel	1259492	talent-passive	TraitNodeEntry	false	0	Rotational	spec		90671	135731	1					api
Rogue	Outlaw	260	Flickerstrike	441359	talent-passive	TraitNodeEntry	false	0	Rotational	hero	Trickster	95137	120131	1					api
Rogue	Outlaw	260	Forced Induction	470668	talent-passive	TraitNodeEntry	false	0	Rotational	class		90638	112523	1					api
Rogue	Outlaw	260	Graceful Guile	423647	talent-passive	TraitNodeEntry	false	0	Rotational	class		90754	112646	1					api
Rogue	Outlaw	260	Grand Melee	1259469	talent-passive	TraitNodeEntry	false	0	Rotational	spec		90667	112554	1					api
Rogue	Outlaw	260	Gravedigger	1265861	talent-passive	TraitNodeEntry	false	0	Rotational	spec		110434	137070	1	Buff		talent-passive:TraitNodeEntry;cdm-only:CooldownSetSpell		api
Rogue	Outlaw	260	Hand of Fate	452536	talent-passive	TraitNodeEntry	false	0	Rotational	hero	Fatebound	95125	117722	1	Buff		cdm-only:CooldownSetSpell		api
Rogue	Outlaw	260	Heavy Hitter	381885	talent-passive	TraitNodeEntry	false	0	Rotational	spec		90678	112566	2					api
Rogue	Outlaw	260	Heightened Rush	1259465	talent-passive	TraitNodeEntry	false	0	Rotational	spec		90655	112541	1					api
Rogue	Outlaw	260	Hidden Opportunity	383281	talent-passive	TraitNodeEntry	false	0	Rotational	spec		90675	112562	1					api
Rogue	Outlaw	260	Hit and Run	196922	talent-passive	TraitNodeEntry	false	0	Rotational	spec		90681	112569	1					api
Rogue	Outlaw	260	Hoodwink	1276626	talent-passive	TraitNodeEntry	false	0	Rotational	hero	Trickster	109765	136023	1					api
Rogue	Outlaw	260	Improved Adrenaline Rush	395422	talent-passive	TraitNodeEntry	false	0	Rotational	spec		90654	112540	1					api
Rogue	Outlaw	260	Improved Ambush	381620	talent-passive	TraitNodeEntry	false	0	Rotational	class		90692	112580	1					api
Rogue	Outlaw	260	Improved Between the Eyes	235484	talent-passive	TraitNodeEntry	false	0	Rotational	spec		90753	112645	1					api
Rogue	Outlaw	260	Improved Sprint	231691	talent-passive	TraitNodeEntry	false	0	Rotational	class		90687	112575	1					api
Rogue	Outlaw	260	Improved Wound Poison	319066	talent-passive	TraitNodeEntry	false	0	Rotational	class		90637	112522	1					api
Rogue	Outlaw	260	Inexorable March	454432	talent-passive	TraitNodeEntry	false	0	Rotational	hero	Fatebound	95130	117727	1					api
Rogue	Outlaw	260	Iron Stomach	193546	talent-passive	TraitNodeEntry	false	0	Rotational	class		90744	112634	1					api
Rogue	Outlaw	260	Leeching Poison	280716	talent-passive	TraitNodeEntry	false	0	Rotational	class		90758	112650	1					api
Rogue	Outlaw	260	Lethality	382238	talent-passive	TraitNodeEntry	false	0	Rotational	class		90749	112640	2					api
Rogue	Outlaw	260	Loaded Dice	256170	talent-passive	TraitNodeEntry	false	0	Rotational	spec		90656	112542	1	Buff		cdm-only:CooldownSetSpell		api
Rogue	Outlaw	260	Lucky Coin	1248970	talent-passive	TraitNodeEntry	false	0	Rotational	hero	Fatebound	95127	117724	1	Buff		cdm-only:CooldownSetSpell		api
Rogue	Outlaw	260	Master Poisoner	378436	talent-passive	TraitNodeEntry	false	0	Rotational	class		90636	112521	1					api
Rogue	Outlaw	260	Mean Streak	453428	talent-passive	TraitNodeEntry	false	0	Rotational	hero	Fatebound	95122	117719	1					api
Rogue	Outlaw	260	Menacing Rush	1256630	talent-passive	TraitNodeEntry	false	0	Rotational	spec		90655	135732	1					api
Rogue	Outlaw	260	Mirrors	441250	talent-passive	TraitNodeEntry	false	0	Rotational	hero	Trickster	95141	120130	1					api
Rogue	Outlaw	260	Nimble Fingers	378427	talent-passive	TraitNodeEntry	false	0	Rotational	class		90745	112635	1					api
Rogue	Outlaw	260	Nimble Flurry	441367	talent-passive	TraitNodeEntry	false	0	Rotational	hero	Trickster	95128	117725	1					api
Rogue	Outlaw	260	No Scruples	441398	talent-passive	TraitNodeEntry	false	0	Rotational	hero	Trickster	95116	120132	1					api
Rogue	Outlaw	260	Opportunity	279876	talent-passive	TraitNodeEntry	false	0	Rotational	spec		90683	112571	1	Buff		cdm-only:CooldownSetSpell		api
Rogue	Outlaw	260	Overflowing Purse	1249190	talent-passive	TraitNodeEntry	false	0	Rotational	hero	Fatebound	95114	117711	1					api
Rogue	Outlaw	260	Precision Shot	428377	talent-passive	TraitNodeEntry	false	0	Rotational	spec		90755	112647	1					api
Rogue	Outlaw	260	Quick Draw	196938	talent-passive	TraitNodeEntry	false	0	Rotational	spec		90663	112549	1					api
Rogue	Outlaw	260	Quick Fingers	1267210	talent-passive	TraitNodeEntry	false	0	Rotational	class		90746	112636	1					api
Rogue	Outlaw	260	Ravenholdt Mint	1276809	talent-passive	TraitNodeEntry	false	0	Rotational	hero	Fatebound	109766	136024	1					api
Rogue	Outlaw	260	Recuperator	378996	talent-passive	TraitNodeEntry	false	0	Rotational	class		90640	112526	1					api
Rogue	Outlaw	260	Retractable Hook	256188	talent-passive	TraitNodeEntry	false	0	Rotational	spec		90673	112560	1					api
Rogue	Outlaw	260	Rush to the Inevitable	1249204	talent-passive	TraitNodeEntry	false	0	Rotational	hero	Fatebound	95129	117726	1					api
Rogue	Outlaw	260	Ruthlessness	14161	talent-passive	TraitNodeEntry	false	0	Rotational	spec		90680	112568	1					api
Rogue	Outlaw	260	Sanguine Vial	1293135	talent-passive	TraitNodeEntry	false	0	Rotational	class		110576	137380	1	Buff		cdm-only:CooldownSetSpell		api
Rogue	Outlaw	260	Shadowrunner	378807	talent-passive	TraitNodeEntry	false	0	Rotational	class		110324	136882	1					api
Rogue	Outlaw	260	Sleight of Hand	381839	talent-passive	TraitNodeEntry	false	0	Rotational	spec		90651	112537	1					api
Rogue	Outlaw	260	Smoke	441247	talent-passive	TraitNodeEntry	false	0	Rotational	hero	Trickster	95141	117738	1					api
Rogue	Outlaw	260	So Tricky	441403	talent-passive	TraitNodeEntry	false	0	Rotational	hero	Trickster	95134	117731	1					api
Rogue	Outlaw	260	Sometimes Lucky	1277030	talent-passive	TraitNodeEntry	false	0	Rotational	hero	Fatebound	109767	136025	1					api
Rogue	Outlaw	260	Soothing Darkness	393970	talent-passive	TraitNodeEntry	false	0	Rotational	class		90691	112579	1	Buff		cdm-only:CooldownSetSpell		api
Rogue	Outlaw	260	Stillshroud	423662	talent-passive	TraitNodeEntry	false	0	Rotational	class		94563	117146	1					api
Rogue	Outlaw	260	Subterfuge	108208	talent-passive	TraitNodeEntry	false	0	Rotational	class		90688	112576	2	Buff		cdm-only:CooldownSetSpell		api
Rogue	Outlaw	260	Summarily Dispatched	381990	talent-passive	TraitNodeEntry	false	0	Rotational	spec		90676	112563	2					api
Rogue	Outlaw	260	Supercharger	470347	talent-passive	TraitNodeEntry	false	0	Rotational	class		90639	112525	2					api
Rogue	Outlaw	260	Superior Mixture	423701	talent-passive	TraitNodeEntry	false	0	Rotational	class		94567	117151	1					api
Rogue	Outlaw	260	Surprising Strikes	441273	talent-passive	TraitNodeEntry	false	0	Rotational	hero	Trickster	95121	117718	1					api
Rogue	Outlaw	260	Swift Slasher	381988	talent-passive	TraitNodeEntry	false	0	Rotational	class		90752	112644	1					api
Rogue	Outlaw	260	Tempted Fate	454286	talent-passive	TraitNodeEntry	false	0	Rotational	hero	Fatebound	95138	125132	1					api
Rogue	Outlaw	260	Thief's Versatility	381619	talent-passive	TraitNodeEntry	false	0	Rotational	spec		90671	112558	1					api
Rogue	Outlaw	260	Thousand Cuts	441346	talent-passive	TraitNodeEntry	false	0	Rotational	hero	Trickster	95137	117734	1					api
Rogue	Outlaw	260	Thrill Seeking	394931	talent-passive	TraitNodeEntry	false	0	Rotational	class		90695	112583	1					api
Rogue	Outlaw	260	Tight Spender	381621	talent-passive	TraitNodeEntry	false	0	Rotational	class		90692	117152	1					api
Rogue	Outlaw	260	Toxic Stiletto	1267182	talent-passive	TraitNodeEntry	false	0	Rotational	class		110325	136883	1					api
Rogue	Outlaw	260	Unbreakable Stride	400804	talent-passive	TraitNodeEntry	false	0	Rotational	class		94561	117144	1					api
Rogue	Outlaw	260	Unseen Blade	441146	talent-passive	TraitNodeEntry	false	0	Rotational	hero	Trickster	95140	117737	1	Buff		cdm-only:CooldownSetSpell		api
Rogue	Outlaw	260	Vigor	14983	talent-passive	TraitNodeEntry	false	0	Rotational	class		90759	112651	2					api
Rogue	Outlaw	260	Virulent Poisons	381543	talent-passive	TraitNodeEntry	false	0	Rotational	class		90747	112638	1					api
Rogue	Outlaw	260	Without a Trace	382513	talent-passive	TraitNodeEntry	false	0	Rotational	class		101713	125614	1					api
Rogue	Outlaw	260	Zero In	1259485	talent-passive	TraitNodeEntry	false	0	Rotational	spec		90670	112557	1	Buff		cdm-only:CooldownSetSpell		api
Rogue	Subtlety	261	Blind	2094	talent-active	TraitNodeEntry	true	120	Cooldown	class		90684	112572	1	Utility	Class 2 (CC)	class-baseline:SkillLineAbility:921;cdm-only:CooldownSetSpell		api
Rogue	Subtlety	261	Cloak of Shadows	31224	talent-active	TraitNodeEntry	true	120	Cooldown	class		90697	112585	1	Buff/Utility	Self-Heal 4 (Emergency/Overflow)	class-baseline:SkillLineAbility:921;cdm-only:CooldownSetSpell		api
Rogue	Subtlety	261	Evasion	5277	talent-active	TraitNodeEntry	true	120	Cooldown	class		90762	112654	1	Buff/Utility	Personal Defensive 1	class-baseline:SkillLineAbility:921;cdm-only:CooldownSetSpell		api
Rogue	Subtlety	261	Shadow Blades	121471	talent-active	TraitNodeEntry	true	90	Cooldown	spec		90726	112614	1	Buff/Essential	Cooldown 1	cdm-only:CooldownSetSpell		api
Rogue	Subtlety	261	Goremaw's Bite	426591	talent-active	TraitNodeEntry	true	45	Cooldown	spec		94581	117169	1	Buff/Essential		cdm-only:CooldownSetSpell		api
Rogue	Subtlety	261	Thistle Tea	381623	talent-active	TraitNodeEntry	true	1	Rotational	class		90756	112648	1	Buff/Essential	Self-Heal 2	cdm-only:CooldownSetSpell		api
Rogue	Subtlety	261	Gloomblade	200758	talent-active	TraitNodeEntry	true	0	Rotational	spec		90699	112587	1					api
Rogue	Subtlety	261	Shiv	5938	talent-active	TraitNodeEntry	true	0	Rotational	class		90740	112630	1	Utility	Class 5 (Purge)	class-baseline:SkillLineAbility:921;cdm-only:CooldownSetSpell		api
Rogue	Subtlety	261	Tricks of the Trade	57934	talent-choice	TraitNodeEntry	true	30	Rotational	class		90686	112574	1	Buff/Utility		class-baseline:SkillLineAbility:921;cdm-only:CooldownSetSpell		api
Rogue	Subtlety	261	Gouge	1776	talent-choice	TraitNodeEntry	true	25	Rotational	class		90741	112631	1	Utility	Slow	cdm-only:CooldownSetSpell		api
Rogue	Subtlety	261	Atrophic Poison	381637	talent-choice	TraitNodeEntry	true	0	Rotational	class		90763	112655	1					api
Rogue	Subtlety	261	Numbing Poison	5761	talent-choice	TraitNodeEntry	true	0	Rotational	class		90763	112656	1			class-baseline:SkillLineAbility:921		api
Rogue	Subtlety	261	Shroud of Concealment	114018	class-baseline	SkillLineAbility:921	true	360	Cooldown						Buff/Utility	Class 8 (Lust/BRes)	cdm-only:CooldownSetSpell		api
Rogue	Subtlety	261	Sprint	2983	class-baseline	SkillLineAbility:921	true	120	Cooldown						Buff/Utility	Movement Ability	cdm-only:CooldownSetSpell		api
Rogue	Subtlety	261	Crimson Vial	185311	class-baseline	SkillLineAbility:921	true	30	Rotational						Buff/Utility	Self-Heal 1	cdm-only:CooldownSetSpell		api
Rogue	Subtlety	261	Distract	1725	class-baseline	SkillLineAbility:921	true	30	Rotational						Utility		cdm-only:CooldownSetSpell		api
Rogue	Subtlety	261	Kidney Shot	408	class-baseline	SkillLineAbility:921	true	30	Rotational						Utility	CC	cdm-only:CooldownSetSpell		api
Rogue	Subtlety	261	Kick	1766	class-baseline	SkillLineAbility:921	true	15	Rotational						Utility	Interrupt	cdm-only:CooldownSetSpell		api
Rogue	Subtlety	261	Shadow Dance	185313	class-baseline	SpecializationSpells	true	6	Rotational						Buff/Essential	Rotational 6	cdm-only:CooldownSetSpell		api
Rogue	Subtlety	261	Stealth	1784	class-baseline	SkillLineAbility:921	true	2	Rotational						Buff	Stance 1	cdm-only:CooldownSetSpell		api
Rogue	Subtlety	261	Cheap Shot	1833	class-baseline	SkillLineAbility:921	true	1	Rotational						Utility	CC 2	cdm-only:CooldownSetSpell		api
Rogue	Subtlety	261	Feint	1966	class-baseline	SkillLineAbility:921	true	1	Rotational						Buff/Utility	Personal Defensive 2	cdm-only:CooldownSetSpell		api
Rogue	Subtlety	261	Vanish	1856	class-baseline	SkillLineAbility:921	true	1	Rotational						Essential/Utility	Class 4 (Special)	cdm-only:CooldownSetSpell		api
Rogue	Subtlety	261	Pick Pocket	921	class-baseline	SkillLineAbility:921	true	0.5	Rotational										api
Rogue	Subtlety	261	Ambush	8676	class-baseline	SkillLineAbility:921	true	0	Rotational										api
Rogue	Subtlety	261	Backstab	53	class-baseline	SpecializationSpells	true	0	Rotational						Essential	Rotational 1	cdm-only:CooldownSetSpell		api
Rogue	Subtlety	261	Black Powder	319175	class-baseline	SpecializationSpells	true	0	Rotational							Rotational 7			api
Rogue	Subtlety	261	Blade Flurry	22482	class-baseline	SkillLineAbility:921	true	0	Rotational										db2-template+redirect-unresolved
Rogue	Subtlety	261	Create: Crimson Vial	212205	class-baseline	SkillLineAbility:921	true	0	Rotational										api
Rogue	Subtlety	261	Crippling Poison	3408	class-baseline	SkillLineAbility:921	true	0	Rotational										api
Rogue	Subtlety	261	Deadly Poison	2818	class-baseline	SkillLineAbility:921	true	0	Rotational										api
Rogue	Subtlety	261	Detection	56814	class-baseline	SkillLineAbility:921	true	0	Rotational										api
Rogue	Subtlety	261	Eviscerate	196819	class-baseline	SkillLineAbility:921	true	0	Rotational						Essential	Rotational 3	cdm-only:CooldownSetSpell		api
Rogue	Subtlety	261	Instant Poison	315584	class-baseline	SkillLineAbility:921	true	0	Rotational										api
Rogue	Subtlety	261	Main Gauche	86392	class-baseline	SkillLineAbility:921	true	0	Rotational										api
Rogue	Subtlety	261	Mutilate	5374	class-baseline	SkillLineAbility:921	true	0	Rotational										api
Rogue	Subtlety	261	Pick Lock	1804	class-baseline	SkillLineAbility:921	true	0	Rotational										api
Rogue	Subtlety	261	Sap	6770	class-baseline	SkillLineAbility:921	true	0	Rotational							Class 1 (Movement)			api
Rogue	Subtlety	261	Secret Technique	280719	class-baseline	SpecializationSpells	true	0	Rotational						Essential	Rotational 4	cdm-only:CooldownSetSpell		api
Rogue	Subtlety	261	Shadowstrike	185438	class-baseline	SpecializationSpells	true	0	Rotational							Rotational 2			api
Rogue	Subtlety	261	Shuriken Storm	197835	class-baseline	SpecializationSpells	true	0	Rotational							Rotational 5			api
Rogue	Subtlety	261	Shuriken Toss	114014	class-baseline	SpecializationSpells	true	0	Rotational							Class 3 (Tag)			api
Rogue	Subtlety	261	Single-Button Assistant	1229376	class-baseline	SpecializationSpells	true	0	Rotational										api
Rogue	Subtlety	261	Sinister Strike	1752	class-baseline	SkillLineAbility:921	true	0	Rotational										api
Rogue	Subtlety	261	Slice and Dice	315496	class-baseline	SkillLineAbility:921	true	0	Rotational						Buff		cdm-only:CooldownSetSpell		api
Rogue	Subtlety	261	Wound Poison	8679	class-baseline	SkillLineAbility:921	true	0	Rotational										api
Rogue	Subtlety	261	Smoke Bomb	359053	pvp-talent	PvpTalent	true	120	Cooldown						Utility		cdm-only:CooldownSetSpell		api
Rogue	Subtlety	261	Dismantle	207777	pvp-talent	PvpTalent	true	45	Cooldown						Utility		cdm-only:CooldownSetSpell		api
Rogue	Subtlety	261	Death from Above	269513	pvp-talent	PvpTalent	true	30	Rotational						Essential		cdm-only:CooldownSetSpell		api
Rogue	Subtlety	261	Control is King	354406	pvp-talent	PvpTalent	false	0	Rotational										api
Rogue	Subtlety	261	Dagger in the Dark	198675	pvp-talent	PvpTalent	false	0	Rotational										api
Rogue	Subtlety	261	Distracting Mirage	354661	pvp-talent	PvpTalent	false	0	Rotational										api
Rogue	Subtlety	261	Maneuverability	197000	pvp-talent	PvpTalent	false	0	Rotational										api
Rogue	Subtlety	261	Preemptive Maneuver	1219122	pvp-talent	PvpTalent	false	0	Rotational										api
Rogue	Subtlety	261	Silhouette	197899	pvp-talent	PvpTalent	false	0	Rotational										api
Rogue	Subtlety	261	Thick as Thieves	221622	pvp-talent	PvpTalent	false	0	Rotational										api
Rogue	Subtlety	261	Thief's Bargain	354825	pvp-talent	PvpTalent	false	0	Rotational										api
Rogue	Subtlety	261	Airborne Irritant	200733	talent-passive	TraitNodeEntry	false	0	Rotational	class		90741	117740	1					api
Rogue	Subtlety	261	Alacrity	193539	talent-passive	TraitNodeEntry	false	0	Rotational	class		90751	112643	2					api
Rogue	Subtlety	261	Ancient Arts	1268932	talent-passive	TraitNodeEntry	false	0	Rotational	spec		110432	137064	1	Buff		talent-passive:TraitNodeEntry;cdm-only:CooldownSetSpell		api
Rogue	Subtlety	261	Bait and Switch	457034	talent-passive	TraitNodeEntry	false	0	Rotational	hero	Deathstalker	95106	126029	1					api
Rogue	Subtlety	261	Blackjack	379005	talent-passive	TraitNodeEntry	false	0	Rotational	class		90686	117143	1					api
Rogue	Subtlety	261	Cheat Death	31230	talent-passive	TraitNodeEntry	false	0	Rotational	class		90742	114737	1					api
Rogue	Subtlety	261	Clear the Witnesses	1248793	talent-passive	TraitNodeEntry	false	0	Rotational	hero	Deathstalker	95110	117707	1					api
Rogue	Subtlety	261	Clever Combatant	1276679	talent-passive	TraitNodeEntry	false	0	Rotational	hero	Trickster	109763	136021	1					api
Rogue	Subtlety	261	Cloaked in Shadows	382515	talent-passive	TraitNodeEntry	false	0	Rotational	spec		90733	112622	1	Buff		cdm-only:CooldownSetSpell		api
Rogue	Subtlety	261	Cloud Cover	441429	talent-passive	TraitNodeEntry	false	0	Rotational	hero	Trickster	95116	117713	1	Buff		cdm-only:CooldownSetSpell		api
Rogue	Subtlety	261	Cold Blooded Killer	382245	talent-passive	TraitNodeEntry	false	0	Rotational	class		90748	112639	1	Buff		cdm-only:CooldownSetSpell		api
Rogue	Subtlety	261	Corrupt the Blood	1248785	talent-passive	TraitNodeEntry	false	0	Rotational	hero	Deathstalker	95108	117705	1					api
Rogue	Subtlety	261	Coup de Grace	441423	talent-passive	TraitNodeEntry	false	0	Rotational	hero	Trickster	95115	117712	1	Buff		cdm-only:CooldownSetSpell		api
Rogue	Subtlety	261	Danger Sense	1267220	talent-passive	TraitNodeEntry	false	0	Rotational	class		90760	112652	1					api
Rogue	Subtlety	261	Danse Macabre	382528	talent-passive	TraitNodeEntry	false	0	Rotational	spec		90730	112618	1					api
Rogue	Subtlety	261	Dark Brew	382504	talent-passive	TraitNodeEntry	false	0	Rotational	spec		90719	112607	1					api
Rogue	Subtlety	261	Dark Shadow	245687	talent-passive	TraitNodeEntry	false	0	Rotational	spec		90732	112620	2					api
Rogue	Subtlety	261	Darkest Night	457058	talent-passive	TraitNodeEntry	false	0	Rotational	hero	Deathstalker	95142	117739	1	Buff		cdm-only:CooldownSetSpell		api
Rogue	Subtlety	261	Deadened Nerves	231719	talent-passive	TraitNodeEntry	false	0	Rotational	class		110323	136881	1					api
Rogue	Subtlety	261	Deadly Precision	381542	talent-passive	TraitNodeEntry	false	0	Rotational	class		90743	112633	1					api
Rogue	Subtlety	261	Death Perception	469642	talent-passive	TraitNodeEntry	false	0	Rotational	spec		90706	112594	2					api
Rogue	Subtlety	261	Deathstalker's Mark	457052	talent-passive	TraitNodeEntry	false	0	Rotational	hero	Deathstalker	95136	117733	1	Buff		cdm-only:CooldownSetSpell		api
Rogue	Subtlety	261	Deep Cuts	1267216	talent-passive	TraitNodeEntry	false	0	Rotational	class		94562	117145	1					api
Rogue	Subtlety	261	Deepening Shadows	185314	talent-passive	TraitNodeEntry	false	0	Rotational	spec		90724	112612	1					api
Rogue	Subtlety	261	Deeper Daggers	382517	talent-passive	TraitNodeEntry	false	0	Rotational	spec		90721	112609	1					api
Rogue	Subtlety	261	Deeper Stratagem	193531	talent-passive	TraitNodeEntry	false	0	Rotational	class		90750	112642	1					api
Rogue	Subtlety	261	Devious Distractions	441263	talent-passive	TraitNodeEntry	false	0	Rotational	hero	Trickster	95133	117730	1					api
Rogue	Subtlety	261	Disorienting Strikes	441274	talent-passive	TraitNodeEntry	false	0	Rotational	hero	Trickster	95118	117715	1					api
Rogue	Subtlety	261	Don't Be Suspicious	441415	talent-passive	TraitNodeEntry	false	0	Rotational	hero	Trickster	95134	120133	1					api
Rogue	Subtlety	261	Double Dance	394930	talent-passive	TraitNodeEntry	false	0	Rotational	spec		101715	125619	1					api
Rogue	Subtlety	261	Echoing Reprimand	470669	talent-passive	TraitNodeEntry	false	0	Rotational	class		90638	112524	1					api
Rogue	Subtlety	261	Elusiveness	79008	talent-passive	TraitNodeEntry	false	0	Rotational	class		90742	112632	1					api
Rogue	Subtlety	261	Ephemeral Bond	426563	talent-passive	TraitNodeEntry	false	0	Rotational	spec		90728	136808	1					api
Rogue	Subtlety	261	Ethereal Cloak	457022	talent-passive	TraitNodeEntry	false	0	Rotational	hero	Deathstalker	95106	117703	1					api
Rogue	Subtlety	261	Exhilarating Execution	428486	talent-passive	TraitNodeEntry	false	0	Rotational	spec		90701	136807	1					api
Rogue	Subtlety	261	Fade to Nothing	382514	talent-passive	TraitNodeEntry	false	0	Rotational	spec		90733	112621	1	Buff		cdm-only:CooldownSetSpell		api
Rogue	Subtlety	261	Featherfoot	423683	talent-passive	TraitNodeEntry	false	0	Rotational	class		101714	125615	1					api
Rogue	Subtlety	261	Finality	382525	talent-passive	TraitNodeEntry	false	0	Rotational	spec		90720	112608	2					api
Rogue	Subtlety	261	Find Weakness	91023	talent-passive	TraitNodeEntry	false	0	Rotational	spec		90690	112578	1	Buff		cdm-only:CooldownSetSpell		api
Rogue	Subtlety	261	Flashing Steel	1276630	talent-passive	TraitNodeEntry	false	0	Rotational	hero	Trickster	109764	136022	1					api
Rogue	Subtlety	261	Flawless Form	441321	talent-passive	TraitNodeEntry	false	0	Rotational	hero	Trickster	95111	117708	1	Buff		cdm-only:CooldownSetSpell		api
Rogue	Subtlety	261	Fleet Footed	378813	talent-passive	TraitNodeEntry	false	0	Rotational	class		90764	112657	1					api
Rogue	Subtlety	261	Flickerstrike	441359	talent-passive	TraitNodeEntry	false	0	Rotational	hero	Trickster	95137	120131	1					api
Rogue	Subtlety	261	Follow the Blood	457068	talent-passive	TraitNodeEntry	false	0	Rotational	hero	Deathstalker	95131	126028	1					api
Rogue	Subtlety	261	Forced Induction	470668	talent-passive	TraitNodeEntry	false	0	Rotational	class		90638	112523	1					api
Rogue	Subtlety	261	Graceful Guile	423647	talent-passive	TraitNodeEntry	false	0	Rotational	class		90754	112646	1					api
Rogue	Subtlety	261	Hoodwink	1276626	talent-passive	TraitNodeEntry	false	0	Rotational	hero	Trickster	109765	136023	1					api
Rogue	Subtlety	261	Hunt Them Down	457054	talent-passive	TraitNodeEntry	false	0	Rotational	hero	Deathstalker	95132	117729	1					api
Rogue	Subtlety	261	Improved Ambush	381620	talent-passive	TraitNodeEntry	false	0	Rotational	class		90692	112580	1					api
Rogue	Subtlety	261	Improved Backstab	319949	talent-passive	TraitNodeEntry	false	0	Rotational	spec		90739	112629	1					api
Rogue	Subtlety	261	Improved Find Weakness	382512	talent-passive	TraitNodeEntry	false	0	Rotational	spec		90704	112592	1					api
Rogue	Subtlety	261	Improved Secret Technique	1279444	talent-passive	TraitNodeEntry	false	0	Rotational	spec		90715	112603	1					api
Rogue	Subtlety	261	Improved Shuriken Storm	319951	talent-passive	TraitNodeEntry	false	0	Rotational	spec		90710	112598	1					api
Rogue	Subtlety	261	Improved Sprint	231691	talent-passive	TraitNodeEntry	false	0	Rotational	class		90687	112575	1					api
Rogue	Subtlety	261	Improved Wound Poison	319066	talent-passive	TraitNodeEntry	false	0	Rotational	class		90637	112522	1					api
Rogue	Subtlety	261	Iron Stomach	193546	talent-passive	TraitNodeEntry	false	0	Rotational	class		90744	112634	1					api
Rogue	Subtlety	261	Leeching Poison	280716	talent-passive	TraitNodeEntry	false	0	Rotational	class		90758	112650	1					api
Rogue	Subtlety	261	Lethality	382238	talent-passive	TraitNodeEntry	false	0	Rotational	class		90749	112640	2					api
Rogue	Subtlety	261	Lingering Darkness	457056	talent-passive	TraitNodeEntry	false	0	Rotational	hero	Deathstalker	95109	117706	1	Buff		cdm-only:CooldownSetSpell		api
Rogue	Subtlety	261	Lingering Shadow	382524	talent-passive	TraitNodeEntry	false	0	Rotational	spec		90731	112619	1	Buff		cdm-only:CooldownSetSpell		api
Rogue	Subtlety	261	Mass Casualty	1273035	talent-passive	TraitNodeEntry	false	0	Rotational	hero	Deathstalker	109760	136018	1					api
Rogue	Subtlety	261	Master Poisoner	378436	talent-passive	TraitNodeEntry	false	0	Rotational	class		90636	112521	1					api
Rogue	Subtlety	261	Master of Shadows	196976	talent-passive	TraitNodeEntry	false	0	Rotational	spec		90727	112615	1					api
Rogue	Subtlety	261	Mirrors	441250	talent-passive	TraitNodeEntry	false	0	Rotational	hero	Trickster	95141	120130	1					api
Rogue	Subtlety	261	Momentum of Despair	457067	talent-passive	TraitNodeEntry	false	0	Rotational	hero	Deathstalker	95131	117728	1	Buff		cdm-only:CooldownSetSpell		api
Rogue	Subtlety	261	Night Terrors	277953	talent-passive	TraitNodeEntry	false	0	Rotational	spec		90714	112602	1					api
Rogue	Subtlety	261	Nimble Fingers	378427	talent-passive	TraitNodeEntry	false	0	Rotational	class		90745	112635	1					api
Rogue	Subtlety	261	Nimble Flurry	441367	talent-passive	TraitNodeEntry	false	0	Rotational	hero	Trickster	95128	117725	1					api
Rogue	Subtlety	261	No Scruples	441398	talent-passive	TraitNodeEntry	false	0	Rotational	hero	Trickster	95116	120132	1					api
Rogue	Subtlety	261	Perforated Veins	382518	talent-passive	TraitNodeEntry	false	0	Rotational	spec		90707	112595	1					api
Rogue	Subtlety	261	Planned Execution	382508	talent-passive	TraitNodeEntry	false	0	Rotational	spec		90703	112591	1					api
Rogue	Subtlety	261	Potent Powder	1265952	talent-passive	TraitNodeEntry	false	0	Rotational	spec		90718	112606	1					api
Rogue	Subtlety	261	Precise Killer	1272989	talent-passive	TraitNodeEntry	false	0	Rotational	hero	Deathstalker	109762	136020	1					api
Rogue	Subtlety	261	Premeditation	343160	talent-passive	TraitNodeEntry	false	0	Rotational	spec		90700	112588	1	Buff		cdm-only:CooldownSetSpell		api
Rogue	Subtlety	261	Quick Decisions	382503	talent-passive	TraitNodeEntry	false	0	Rotational	spec		90728	112616	1					api
Rogue	Subtlety	261	Quick Fingers	1267210	talent-passive	TraitNodeEntry	false	0	Rotational	class		90746	112636	1					api
Rogue	Subtlety	261	Quietus Celeris	1273017	talent-passive	TraitNodeEntry	false	0	Rotational	hero	Deathstalker	109761	136019	1					api
Rogue	Subtlety	261	Recuperator	378996	talent-passive	TraitNodeEntry	false	0	Rotational	class		90640	112526	1					api
Rogue	Subtlety	261	Relentless Strikes	58423	talent-passive	TraitNodeEntry	false	0	Rotational	spec		90709	112597	1					api
Rogue	Subtlety	261	Replicating Shadows	382506	talent-passive	TraitNodeEntry	false	0	Rotational	spec		90716	112604	1					api
Rogue	Subtlety	261	Sanguine Vial	1293135	talent-passive	TraitNodeEntry	false	0	Rotational	class		110576	137380	1	Buff		cdm-only:CooldownSetSpell		api
Rogue	Subtlety	261	Secret Stratagem	394320	talent-passive	TraitNodeEntry	false	0	Rotational	spec		90722	112610	1					api
Rogue	Subtlety	261	Shadewalker	457057	talent-passive	TraitNodeEntry	false	0	Rotational	hero	Deathstalker	95123	117720	1					api
Rogue	Subtlety	261	Shadow Focus	108209	talent-passive	TraitNodeEntry	false	0	Rotational	spec		90734	112623	1					api
Rogue	Subtlety	261	Shadowcraft	426594	talent-passive	TraitNodeEntry	false	0	Rotational	spec		94580	117168	1					api
Rogue	Subtlety	261	Shadowed Finishers	382511	talent-passive	TraitNodeEntry	false	0	Rotational	spec		90723	112611	1					api
Rogue	Subtlety	261	Shadowrunner	378807	talent-passive	TraitNodeEntry	false	0	Rotational	class		110324	136882	1					api
Rogue	Subtlety	261	Shot in the Dark	257505	talent-passive	TraitNodeEntry	false	0	Rotational	spec		90701	112589	1					api
Rogue	Subtlety	261	Shroud of Night	457063	talent-passive	TraitNodeEntry	false	0	Rotational	hero	Deathstalker	95123	126027	1					api
Rogue	Subtlety	261	Shrouded in Darkness	382507	talent-passive	TraitNodeEntry	false	0	Rotational	spec		90698	112586	1					api
Rogue	Subtlety	261	Shuriken Tornado	1264764	talent-passive	TraitNodeEntry	false	0	Rotational	spec		90717	112605	1					api
Rogue	Subtlety	261	Silent Storm	385722	talent-passive	TraitNodeEntry	false	0	Rotational	spec		94582	117170	1	Buff		cdm-only:CooldownSetSpell		api
Rogue	Subtlety	261	Singular Focus	457055	talent-passive	TraitNodeEntry	false	0	Rotational	hero	Deathstalker	95117	117714	1					api
Rogue	Subtlety	261	Smoke	441247	talent-passive	TraitNodeEntry	false	0	Rotational	hero	Trickster	95141	117738	1					api
Rogue	Subtlety	261	So Tricky	441403	talent-passive	TraitNodeEntry	false	0	Rotational	hero	Trickster	95134	117731	1					api
Rogue	Subtlety	261	Soothing Darkness	393970	talent-passive	TraitNodeEntry	false	0	Rotational	class		90691	112579	1					api
Rogue	Subtlety	261	Stillshroud	423662	talent-passive	TraitNodeEntry	false	0	Rotational	class		94563	117146	1					api
Rogue	Subtlety	261	Subterfuge	108208	talent-passive	TraitNodeEntry	false	0	Rotational	class		90688	112576	2	Other		cdm-only:CooldownSetSpell		api
Rogue	Subtlety	261	Supercharger	470347	talent-passive	TraitNodeEntry	false	0	Rotational	class		90639	112525	2					api
Rogue	Subtlety	261	Superior Mixture	423701	talent-passive	TraitNodeEntry	false	0	Rotational	class		94567	117151	1					api
Rogue	Subtlety	261	Surprising Strikes	441273	talent-passive	TraitNodeEntry	false	0	Rotational	hero	Trickster	95121	117718	1					api
Rogue	Subtlety	261	Swift Slasher	381988	talent-passive	TraitNodeEntry	false	0	Rotational	class		90752	112644	1					api
Rogue	Subtlety	261	Symbolic Victory	457062	talent-passive	TraitNodeEntry	false	0	Rotational	hero	Deathstalker	95109	126030	1	Buff		cdm-only:CooldownSetSpell		api
Rogue	Subtlety	261	Terrifying Pace	428387	talent-passive	TraitNodeEntry	false	0	Rotational	spec		90714	136488	1					api
Rogue	Subtlety	261	The First Dance	382505	talent-passive	TraitNodeEntry	false	0	Rotational	spec		90735	112625	1					api
Rogue	Subtlety	261	The Rotten	382015	talent-passive	TraitNodeEntry	false	0	Rotational	spec		90705	112593	1					api
Rogue	Subtlety	261	Thousand Cuts	441346	talent-passive	TraitNodeEntry	false	0	Rotational	hero	Trickster	95137	117734	1					api
Rogue	Subtlety	261	Thrill Seeking	394931	talent-passive	TraitNodeEntry	false	0	Rotational	class		90695	112583	1					api
Rogue	Subtlety	261	Tight Spender	381621	talent-passive	TraitNodeEntry	false	0	Rotational	class		90692	117152	1					api
Rogue	Subtlety	261	Toxic Stiletto	1267182	talent-passive	TraitNodeEntry	false	0	Rotational	class		110325	136883	1					api
Rogue	Subtlety	261	Umbral Edge	1281468	talent-passive	TraitNodeEntry	false	0	Rotational	spec		90738	112628	1					api
Rogue	Subtlety	261	Unbreakable Stride	400804	talent-passive	TraitNodeEntry	false	0	Rotational	class		94561	117144	1					api
Rogue	Subtlety	261	Unseen Blade	441146	talent-passive	TraitNodeEntry	false	0	Rotational	hero	Trickster	95140	117737	1	Buff		cdm-only:CooldownSetSpell		api
Rogue	Subtlety	261	Unshakeable Drive	1248774	talent-passive	TraitNodeEntry	false	0	Rotational	hero	Deathstalker	95135	117732	1	Buff		cdm-only:CooldownSetSpell		api
Rogue	Subtlety	261	Veiltouched	382017	talent-passive	TraitNodeEntry	false	0	Rotational	spec		90713	112601	1					api
Rogue	Subtlety	261	Vigor	14983	talent-passive	TraitNodeEntry	false	0	Rotational	class		90759	112651	2					api
Rogue	Subtlety	261	Virulent Poisons	381543	talent-passive	TraitNodeEntry	false	0	Rotational	class		90747	112638	1					api
Rogue	Subtlety	261	Warning Signs	426555	talent-passive	TraitNodeEntry	false	0	Rotational	spec		90703	117172	1					api
Rogue	Subtlety	261	Weaponmaster	193537	talent-passive	TraitNodeEntry	false	0	Rotational	spec		90737	112627	1					api
Rogue	Subtlety	261	Without a Trace	382513	talent-passive	TraitNodeEntry	false	0	Rotational	class		101713	125614	1					api
Rogue	Subtlety	261	Mark for Death	1293340	cdm-only	CooldownSetSpell	true	20	Rotational						Essential				db2-plain
Rogue	Subtlety	261	Shadowstep	36554	cdm-only	CooldownSetSpell	true	1	Rotational						Utility	Immune/Spell Immune/Movement			api
Rogue	Subtlety	261	Shadow Techniques	196912	cdm-only	CooldownSetSpell	false	0	Rotational						Buff				api
Shaman	Elemental	262	Ascendance	114050	talent-active	TraitNodeEntry	true	180	Cooldown	spec		80989	101860	1	Buff/Essential	Cooldown 1	cdm-only:CooldownSetSpell		api
Shaman	Elemental	262	Earth Elemental	198103	talent-active	TraitNodeEntry	true	180	Cooldown	class		103585	127858	1	Buff/Utility	Personal Defensive 2	cdm-only:CooldownSetSpell		api
Shaman	Elemental	262	Astral Shift	108271	talent-active	TraitNodeEntry	true	120	Cooldown	class		103616	127893	1	Buff/Utility	Personal Defensive 1	cdm-only:CooldownSetSpell		api
Shaman	Elemental	262	Spiritwalker's Grace	79206	talent-active	TraitNodeEntry	true	120	Cooldown	class		103584	127857	1	Buff/Utility	Class 4 (Special)	cdm-only:CooldownSetSpell		api
Shaman	Elemental	262	Wind Rush Totem	192077	talent-active	TraitNodeEntry	true	120	Cooldown	class		103627	127909	1	Buff/Utility	Class 1 (Movement)	cdm-only:CooldownSetSpell		api
Shaman	Elemental	262	Capacitor Totem	192058	talent-active	TraitNodeEntry	true	60	Cooldown	class		103579	127851	1	Buff/Utility	CC	cdm-only:CooldownSetSpell		api
Shaman	Elemental	262	Nature's Swiftness	378081	talent-active	TraitNodeEntry	true	60	Cooldown	class		103620	127899	1	Buff/Essential		cdm-only:CooldownSetSpell		api
Shaman	Elemental	262	Stormkeeper	191634	talent-active	TraitNodeEntry	true	60	Cooldown	spec		80988	101859	1	Buff/Essential	Cooldown 2	class-baseline:SkillLineAbility:924;cdm-only:CooldownSetSpell		api
Shaman	Elemental	262	Ancestral Swiftness	443454	talent-active	TraitNodeEntry	true	30	Rotational	hero	Farseer	94894	117491	1	Buff		cdm-only:CooldownSetSpell		api
Shaman	Elemental	262	Earthgrab Totem	51485	talent-active	TraitNodeEntry	true	30	Rotational	class		103622	127902	1		Slow			api
Shaman	Elemental	262	Hex	51514	talent-active	TraitNodeEntry	true	30	Rotational	class		103623	127903	1	Buff/Utility	Class 3 (Tag)	class-baseline:SkillLineAbility:924;cdm-only:CooldownSetSpell		api
Shaman	Elemental	262	Wind Shear	57994	talent-active	TraitNodeEntry	true	12	Rotational	class		103615	127892	1	Utility	Interrupt	cdm-only:CooldownSetSpell		api
Shaman	Elemental	262	Totemic Projection	108287	talent-active	TraitNodeEntry	true	10	Rotational	class		109386	135590	1	Utility	Class 7 (Raid Defensive)	cdm-only:CooldownSetSpell		api
Shaman	Elemental	262	Voltaic Blaze	470057	talent-active	TraitNodeEntry	true	10	Rotational	spec		81007	101883	1					api
Shaman	Elemental	262	Cleanse Spirit	51886	talent-active	TraitNodeEntry	true	8	Rotational	class		103608	127884	1	Utility	Class 6 (Dispel)	cdm-only:CooldownSetSpell		api
Shaman	Elemental	262	Chain Heal	1064	talent-active	TraitNodeEntry	true	0	Rotational	class		103588	127861	1		Self-Heal 2			api
Shaman	Elemental	262	Chain Lightning	188443	talent-active	TraitNodeEntry	true	0	Rotational	class		103583	127856	1	Essential	Rotational 4	cdm-only:CooldownSetSpell		api
Shaman	Elemental	262	Earth Shield	974	talent-active	TraitNodeEntry	true	0	Rotational	class		103596	127871	1		Self-Heal 4 (Emergency/Overflow)			api
Shaman	Elemental	262	Flametongue Weapon	318038	talent-active	TraitNodeEntry	true	0	Rotational	spec		81004	101879	1					api
Shaman	Elemental	262	Frost Shock	196840	talent-active	TraitNodeEntry	true	0	Rotational	class		109492	135718	1	Buff/Essential		cdm-only:CooldownSetSpell		api
Shaman	Elemental	262	Healing Stream Totem	5394	talent-active	TraitNodeEntry	true	0	Rotational	class		103590	127863	1	Buff/Utility	Self-Heal 3 (Overflow)	cdm-only:CooldownSetSpell		api
Shaman	Elemental	262	Lava Burst	51505	talent-active	TraitNodeEntry	true	0	Rotational	class		103598	127873	1	Essential	Rotational 2	cdm-only:CooldownSetSpell		api
Shaman	Elemental	262	Poison Cleansing Totem	383013	talent-choice	TraitNodeEntry	true	120	Cooldown	class		103599	136567	1	Buff/Utility		cdm-only:CooldownSetSpell		api
Shaman	Elemental	262	Spirit Walk	58875	talent-choice	TraitNodeEntry	true	60	Cooldown	class		103591	127865	1	Buff/Utility	Movement Ability 2	cdm-only:CooldownSetSpell		api
Shaman	Elemental	262	Tremor Totem	8143	talent-choice	TraitNodeEntry	true	60	Cooldown	class		103599	127874	1	Buff/Utility	Class 2 (CC)	cdm-only:CooldownSetSpell		api
Shaman	Elemental	262	Gust of Wind	192063	talent-choice	TraitNodeEntry	true	20	Rotational	class		103591	127864	1	Utility		cdm-only:CooldownSetSpell		api
Shaman	Elemental	262	Greater Purge	378773	talent-choice	TraitNodeEntry	true	12	Rotational	class		103624	127904	1	Utility		cdm-only:CooldownSetSpell		api
Shaman	Elemental	262	Earth Shock	8042	talent-choice	TraitNodeEntry	true	0	Rotational	spec		80984	101854	1	Essential		cdm-only:CooldownSetSpell		api
Shaman	Elemental	262	Earthquake	462620	talent-choice	TraitNodeEntry	true	0	Rotational	spec		80985	101855	1	Buff/Essential		talent-choice:TraitNodeEntry;class-baseline:SkillLineAbility:924;cdm-only:CooldownSetSpell		api
Shaman	Elemental	262	Elemental Blast	117014	talent-choice	TraitNodeEntry	true	0	Rotational	spec		80984	127924	1	Essential		cdm-only:CooldownSetSpell		api
Shaman	Elemental	262	Purge	370	talent-choice	TraitNodeEntry	true	0	Rotational	class		103624	127905	1		Class 5 (Purge)			api
Shaman	Elemental	262	Thunderstrike Ward	462757	talent-choice	TraitNodeEntry	true	0	Rotational	spec		103631	135716	1					api
Shaman	Elemental	262	Astral Recall	556	class-baseline	SkillLineAbility:924	true	600	Cooldown						Essential		cdm-only:CooldownSetSpell		api
Shaman	Elemental	262	Bloodlust	2825	class-baseline	SkillLineAbility:924	true	300	Cooldown						Utility		cdm-only:CooldownSetSpell		api
Shaman	Elemental	262	Heroism	32182	class-baseline	SkillLineAbility:924	true	300	Cooldown						Utility	Class 8 (Lust/BRes)	cdm-only:CooldownSetSpell		api
Shaman	Elemental	262	Earthbind Totem	2484	class-baseline	SkillLineAbility:924	true	30	Rotational						Buff/Utility		cdm-only:CooldownSetSpell		api
Shaman	Elemental	262	Thunderstorm	51490	class-baseline	SpecializationSpells	true	30	Rotational						Utility	CC 2	cdm-only:CooldownSetSpell		api
Shaman	Elemental	262	Flame Shock	470411	class-baseline	SkillLineAbility:924	true	6	Rotational						Essential/Other	Rotational 3	cdm-only:CooldownSetSpell		api
Shaman	Elemental	262	Ancestral Guidance	114911	class-baseline	SkillLineAbility:924	true	0	Rotational										api
Shaman	Elemental	262	Ancestral Spirit	2008	class-baseline	SkillLineAbility:924	true	0	Rotational							Res			api
Shaman	Elemental	262	Downpour	207778	class-baseline	SkillLineAbility:924	true	0	Rotational										api
Shaman	Elemental	262	Fae Transfusion	328930	class-baseline	SkillLineAbility:924	true	0	Rotational										api
Shaman	Elemental	262	Far Sight	6196	class-baseline	SkillLineAbility:924	true	0	Rotational										api
Shaman	Elemental	262	Flametongue Attack	10444	class-baseline	SkillLineAbility:924	true	0	Rotational										api
Shaman	Elemental	262	Ghost Wolf	2645	class-baseline	SkillLineAbility:924	true	0	Rotational						Buff	Movement Ability	cdm-only:CooldownSetSpell		api
Shaman	Elemental	262	Healing Surge	8004	class-baseline	SkillLineAbility:924	true	0	Rotational							Self-Heal 1			api
Shaman	Elemental	262	Lightning Bolt	188196	class-baseline	SkillLineAbility:924	true	0	Rotational						Essential	Rotational 1	cdm-only:CooldownSetSpell		api
Shaman	Elemental	262	Lightning Shield	192106	class-baseline	SkillLineAbility:924	true	0	Rotational						Buff		cdm-only:CooldownSetSpell		api
Shaman	Elemental	262	Primal Strike	73899	class-baseline	SkillLineAbility:924	true	0	Rotational										api
Shaman	Elemental	262	Primordial Wave	327163	class-baseline	SkillLineAbility:924	true	0	Rotational										api
Shaman	Elemental	262	Single-Button Assistant	1229376	class-baseline	SpecializationSpells	true	0	Rotational										api
Shaman	Elemental	262	Skyfury	462854	class-baseline	SkillLineAbility:924	true	0	Rotational							Buff			api
Shaman	Elemental	262	Stormstrike	32175	class-baseline	SkillLineAbility:924	true	0	Rotational										api
Shaman	Elemental	262	Stormstrike Off-Hand	32176	class-baseline	SkillLineAbility:924	true	0	Rotational										api
Shaman	Elemental	262	Surge of Earth	320747	class-baseline	SkillLineAbility:924	true	0	Rotational										api
Shaman	Elemental	262	Water Walking	546	class-baseline	SkillLineAbility:924	true	0	Rotational						Buff		cdm-only:CooldownSetSpell		api
Shaman	Elemental	262	Windfury Attack	25504	class-baseline	SkillLineAbility:924	true	0	Rotational										api
Shaman	Elemental	262	Windlash	114089	class-baseline	SkillLineAbility:924	true	0	Rotational										api
Shaman	Elemental	262	Windlash Off-Hand	114093	class-baseline	SkillLineAbility:924	true	0	Rotational										api
Shaman	Elemental	262	Windstrike	115356	class-baseline	SkillLineAbility:924	true	0	Rotational										api
Shaman	Elemental	262	Windstrike Off-Hand	115360	class-baseline	SkillLineAbility:924	true	0	Rotational										api
Shaman	Elemental	262	Burrow	409293	pvp-talent	PvpTalent	true	120	Cooldown						Buff/Utility		cdm-only:CooldownSetSpell		api
Shaman	Elemental	262	Static Field Totem	355580	pvp-talent	PvpTalent	true	90	Cooldown						Buff/Utility		cdm-only:CooldownSetSpell		api
Shaman	Elemental	262	Counterstrike Totem	204331	pvp-talent	PvpTalent	true	45	Cooldown						Buff/Utility		cdm-only:CooldownSetSpell		api
Shaman	Elemental	262	Lightning Lasso	305483	pvp-talent	PvpTalent	true	45	Cooldown						Buff/Utility		cdm-only:CooldownSetSpell		api
Shaman	Elemental	262	Grounding Totem	204336	pvp-talent	PvpTalent	true	30	Rotational						Buff/Utility		cdm-only:CooldownSetSpell		api
Shaman	Elemental	262	Electrocute	206642	pvp-talent	PvpTalent	false	0	Rotational										api
Shaman	Elemental	262	Shamanism	193876	pvp-talent	PvpTalent	false	0	Rotational										api
Shaman	Elemental	262	Storm Conduit	1217092	pvp-talent	PvpTalent	false	0	Rotational										api
Shaman	Elemental	262	Totem of Wrath	460697	pvp-talent	PvpTalent	false	0	Rotational						Buff		cdm-only:CooldownSetSpell		api
Shaman	Elemental	262	Aftershock	273221	talent-passive	TraitNodeEntry	false	0	Rotational	spec		81000	101873	1					api
Shaman	Elemental	262	Amped Up	1269360	talent-passive	TraitNodeEntry	false	0	Rotational	spec		103638	127919	1					api
Shaman	Elemental	262	Ancestral Influence	1270446	talent-passive	TraitNodeEntry	false	0	Rotational	hero	Farseer	109732	135990	1					api
Shaman	Elemental	262	Ancestral Wolf Affinity	382197	talent-passive	TraitNodeEntry	false	0	Rotational	class		103610	127886	1					api
Shaman	Elemental	262	Ancient Fellowship	443423	talent-passive	TraitNodeEntry	false	0	Rotational	hero	Farseer	94862	123632	1					api
Shaman	Elemental	262	Arc Discharge	455096	talent-passive	TraitNodeEntry	false	0	Rotational	hero	Stormbringer	94885	117482	1					api
Shaman	Elemental	262	Arctic Snowstorm	462764	talent-passive	TraitNodeEntry	false	0	Rotational	class		109493	135717	1					api
Shaman	Elemental	262	Ascending Air	462791	talent-passive	TraitNodeEntry	false	0	Rotational	class		103607	127883	1					api
Shaman	Elemental	262	Astral Bulwark	377933	talent-passive	TraitNodeEntry	false	0	Rotational	class		103611	127887	1					api
Shaman	Elemental	262	Awakening Storms	455129	talent-passive	TraitNodeEntry	false	0	Rotational	hero	Stormbringer	94867	117464	1					api
Shaman	Elemental	262	Brimming with Life	381689	talent-passive	TraitNodeEntry	false	0	Rotational	class		103582	127855	2	Buff		cdm-only:CooldownSetSpell		api
Shaman	Elemental	262	Call of Fire	378255	talent-passive	TraitNodeEntry	false	0	Rotational	spec		80992	101864	1	Other		cdm-only:CooldownSetSpell		api
Shaman	Elemental	262	Call of the Ancestors	443450	talent-passive	TraitNodeEntry	false	0	Rotational	hero	Farseer	94888	117485	1	Buff		cdm-only:CooldownSetSpell		api
Shaman	Elemental	262	Charged Conduit	468625	talent-passive	TraitNodeEntry	false	0	Rotational	spec		80991	101862	1					api
Shaman	Elemental	262	Conductive Energy	455123	talent-passive	TraitNodeEntry	false	0	Rotational	hero	Stormbringer	94868	117465	1					api
Shaman	Elemental	262	Crackling Fury	1269215	talent-passive	TraitNodeEntry	false	0	Rotational	spec		103632	127914	2					api
Shaman	Elemental	262	Descending Skies	1264688	talent-passive	TraitNodeEntry	false	0	Rotational	hero	Stormbringer	109727	135985	1					api
Shaman	Elemental	262	Earthen Communion	443441	talent-passive	TraitNodeEntry	false	0	Rotational	hero	Farseer	94858	123631	1					api
Shaman	Elemental	262	Earthen Rage	170374	talent-passive	TraitNodeEntry	false	0	Rotational	spec		81010	101887	1					api
Shaman	Elemental	262	Earthshatter	468626	talent-passive	TraitNodeEntry	false	0	Rotational	spec		80995	101867	1					api
Shaman	Elemental	262	Echo Chamber	382032	talent-passive	TraitNodeEntry	false	0	Rotational	spec		81015	101892	1					api
Shaman	Elemental	262	Echo of the Elements	333919	talent-passive	TraitNodeEntry	false	0	Rotational	spec		80981	101850	1					api
Shaman	Elemental	262	Electroshock	454022	talent-passive	TraitNodeEntry	false	0	Rotational	hero	Stormbringer	94863	128226	1	Buff		cdm-only:CooldownSetSpell		api
Shaman	Elemental	262	Elemental Fury	60188	talent-passive	TraitNodeEntry	false	0	Rotational	spec		80983	101853	1					api
Shaman	Elemental	262	Elemental Orbit	383010	talent-passive	TraitNodeEntry	false	0	Rotational	class		103602	127877	1					api
Shaman	Elemental	262	Elemental Resistance	462368	talent-passive	TraitNodeEntry	false	0	Rotational	class		103601	127876	1					api
Shaman	Elemental	262	Elemental Resonance	1258895	talent-passive	TraitNodeEntry	false	0	Rotational	spec		103631	127913	1					api
Shaman	Elemental	262	Elemental Reverb	443418	talent-passive	TraitNodeEntry	false	0	Rotational	hero	Farseer	94869	117466	1					api
Shaman	Elemental	262	Elemental Unity	462866	talent-passive	TraitNodeEntry	false	0	Rotational	spec		103633	127915	1					api
Shaman	Elemental	262	Elemental Warding	381650	talent-passive	TraitNodeEntry	false	0	Rotational	class		103586	127859	1					api
Shaman	Elemental	262	Encasing Cold	462762	talent-passive	TraitNodeEntry	false	0	Rotational	class		109493	135719	1	Buff		cdm-only:CooldownSetSpell		api
Shaman	Elemental	262	Enhanced Imbues	462796	talent-passive	TraitNodeEntry	false	0	Rotational	class		103606	127881	1					api
Shaman	Elemental	262	Everlasting Elements	462867	talent-passive	TraitNodeEntry	false	0	Rotational	spec		103634	127916	1					api
Shaman	Elemental	262	Eye of the Storm	381708	talent-passive	TraitNodeEntry	false	0	Rotational	spec		81003	101877	1					api
Shaman	Elemental	262	Feedback Loop	1270061	talent-passive	TraitNodeEntry	false	0	Rotational	spec		110402	136974	1			talent-passive:TraitNodeEntry		api
Shaman	Elemental	262	Final Calling	443446	talent-passive	TraitNodeEntry	false	0	Rotational	hero	Farseer	94875	117472	1					api
Shaman	Elemental	262	Fire and Ice	382886	talent-passive	TraitNodeEntry	false	0	Rotational	class		103605	127880	1					api
Shaman	Elemental	262	First Ascendant	462440	talent-passive	TraitNodeEntry	false	0	Rotational	spec		103640	127921	1					api
Shaman	Elemental	262	Flames of the Cauldron	378266	talent-passive	TraitNodeEntry	false	0	Rotational	spec		103630	127912	1					api
Shaman	Elemental	262	Flames of the Firelord	381784	talent-passive	TraitNodeEntry	false	0	Rotational	spec		103641	127922	1					api
Shaman	Elemental	262	Flash of Lightning	381936	talent-passive	TraitNodeEntry	false	0	Rotational	spec		80990	101861	1					api
Shaman	Elemental	262	Fury of the Storms	191717	talent-passive	TraitNodeEntry	false	0	Rotational	spec		80998	101871	1	Other		cdm-only:CooldownSetSpell		api
Shaman	Elemental	262	Fusion of Elements	462840	talent-passive	TraitNodeEntry	false	0	Rotational	spec		80993	101865	1					api
Shaman	Elemental	262	Graceful Spirit	192088	talent-passive	TraitNodeEntry	false	0	Rotational	class		103626	127908	1					api
Shaman	Elemental	262	Heed My Call	443444	talent-passive	TraitNodeEntry	false	0	Rotational	hero	Farseer	94884	117481	1					api
Shaman	Elemental	262	Herald of the Storms	468571	talent-passive	TraitNodeEntry	false	0	Rotational	spec		80998	128223	1					api
Shaman	Elemental	262	Inferno Arc	1259047	talent-passive	TraitNodeEntry	false	0	Rotational	spec		81008	101885	1					api
Shaman	Elemental	262	Instinctive Imbuements	1270350	talent-passive	TraitNodeEntry	false	0	Rotational	class		109387	135591	1					api
Shaman	Elemental	262	Jet Stream	462817	talent-passive	TraitNodeEntry	false	0	Rotational	class		103607	127882	1					api
Shaman	Elemental	262	Latent Wisdom	443449	talent-passive	TraitNodeEntry	false	0	Rotational	hero	Farseer	94862	117459	1					api
Shaman	Elemental	262	Lava Flows	1273485	talent-passive	TraitNodeEntry	false	0	Rotational	spec		110186	136713	1					api
Shaman	Elemental	262	Lightning Capacitor	462862	talent-passive	TraitNodeEntry	false	0	Rotational	spec		80997	101870	1					api
Shaman	Elemental	262	Lightning Conduit	467778	talent-passive	TraitNodeEntry	false	0	Rotational	hero	Stormbringer	94863	117460	1	Buff		cdm-only:CooldownSetSpell		api
Shaman	Elemental	262	Lightning Rod	210689	talent-passive	TraitNodeEntry	false	0	Rotational	spec		81012	101889	1					api
Shaman	Elemental	262	Maelstrom Supremacy	443447	talent-passive	TraitNodeEntry	false	0	Rotational	hero	Farseer	94883	117480	1					api
Shaman	Elemental	262	Mana Spring	381930	talent-passive	TraitNodeEntry	false	0	Rotational	class		103587	127860	1					api
Shaman	Elemental	262	Master of the Elements	16166	talent-passive	TraitNodeEntry	false	0	Rotational	spec		80999	136714	1	Buff		cdm-only:CooldownSetSpell		api
Shaman	Elemental	262	Molten Wrath	1258843	talent-passive	TraitNodeEntry	false	0	Rotational	spec		80999	101872	1					api
Shaman	Elemental	262	Mountains Will Fall	381726	talent-passive	TraitNodeEntry	false	0	Rotational	spec		81002	101876	1					api
Shaman	Elemental	262	Mystic Knowledge	1270450	talent-passive	TraitNodeEntry	false	0	Rotational	hero	Farseer	109730	135988	1					api
Shaman	Elemental	262	Natural Gift	1264691	talent-passive	TraitNodeEntry	false	0	Rotational	hero	Stormbringer	109728	135986	1					api
Shaman	Elemental	262	Natural Harmony	443442	talent-passive	TraitNodeEntry	false	0	Rotational	hero	Farseer	94858	117455	1					api
Shaman	Elemental	262	Nature's Fury	381655	talent-passive	TraitNodeEntry	false	0	Rotational	class		103617	127894	2					api
Shaman	Elemental	262	Nature's Guardian	30884	talent-passive	TraitNodeEntry	false	0	Rotational	class		103613	127890	1					api
Shaman	Elemental	262	Nature's Protection	454027	talent-passive	TraitNodeEntry	false	0	Rotational	hero	Stormbringer	94880	117477	1					api
Shaman	Elemental	262	Offering from Beyond	443451	talent-passive	TraitNodeEntry	false	0	Rotational	hero	Farseer	94887	117484	1					api
Shaman	Elemental	262	Path of the Seer	1269364	talent-passive	TraitNodeEntry	false	0	Rotational	spec		110066	136561	1					api
Shaman	Elemental	262	Planes Traveler	381647	talent-passive	TraitNodeEntry	false	0	Rotational	class		103611	127888	1					api
Shaman	Elemental	262	Power of the Maelstrom	191861	talent-passive	TraitNodeEntry	false	0	Rotational	spec		80996	101869	1	Buff		cdm-only:CooldownSetSpell		api
Shaman	Elemental	262	Preeminence	462443	talent-passive	TraitNodeEntry	false	0	Rotational	spec		103640	128224	1					api
Shaman	Elemental	262	Primal Elementalist	117013	talent-passive	TraitNodeEntry	false	0	Rotational	spec		80978	101844	1					api
Shaman	Elemental	262	Primordial Bond	1279819	talent-passive	TraitNodeEntry	false	0	Rotational	class		103612	127889	1					api
Shaman	Elemental	262	Primordial Capacity	443448	talent-passive	TraitNodeEntry	false	0	Rotational	hero	Farseer	94860	117457	1					api
Shaman	Elemental	262	Primordial Fury	378193	talent-passive	TraitNodeEntry	false	0	Rotational	spec		103639	127920	1					api
Shaman	Elemental	262	Purging Flames	1259471	talent-passive	TraitNodeEntry	false	0	Rotational	spec		103637	101884	1	Buff		cdm-only:CooldownSetSpell		api
Shaman	Elemental	262	Reactive Warding	462454	talent-passive	TraitNodeEntry	false	0	Rotational	class		103593	136584	1					api
Shaman	Elemental	262	Refreshing Waters	378211	talent-passive	TraitNodeEntry	false	0	Rotational	class		103594	127869	1					api
Shaman	Elemental	262	Rolling Thunder	454026	talent-passive	TraitNodeEntry	false	0	Rotational	hero	Stormbringer	94889	117486	1					api
Shaman	Elemental	262	Routine Communication	443445	talent-passive	TraitNodeEntry	false	0	Rotational	hero	Farseer	94884	123630	1					api
Shaman	Elemental	262	Searing Flames	381782	talent-passive	TraitNodeEntry	false	0	Rotational	spec		81005	101880	1					api
Shaman	Elemental	262	Spirit Wolf	260878	talent-passive	TraitNodeEntry	false	0	Rotational	class		103581	127854	1	Buff		cdm-only:CooldownSetSpell		api
Shaman	Elemental	262	Spiritual Awakening	1270375	talent-passive	TraitNodeEntry	false	0	Rotational	class		110085	136585	1					api
Shaman	Elemental	262	Spiritwalker's Aegis	378077	talent-passive	TraitNodeEntry	false	0	Rotational	class		103626	127907	1	Buff		cdm-only:CooldownSetSpell		api
Shaman	Elemental	262	Spiritwalker's Momentum	443425	talent-passive	TraitNodeEntry	false	0	Rotational	hero	Farseer	94861	117458	1					api
Shaman	Elemental	262	Static Charge	265046	talent-passive	TraitNodeEntry	false	0	Rotational	class		103618	127896	2					api
Shaman	Elemental	262	Storm Frenzy	462695	talent-passive	TraitNodeEntry	false	0	Rotational	spec		103635	127917	1					api
Shaman	Elemental	262	Storm Infusion	1258889	talent-passive	TraitNodeEntry	false	0	Rotational	spec		103636	127918	1					api
Shaman	Elemental	262	Storm Swell	455088	talent-passive	TraitNodeEntry	false	0	Rotational	hero	Stormbringer	94873	117470	1	Buff		cdm-only:CooldownSetSpell		api
Shaman	Elemental	262	Stormcaller	454021	talent-passive	TraitNodeEntry	false	0	Rotational	hero	Stormbringer	94893	117490	1					api
Shaman	Elemental	262	Stormwell	1264762	talent-passive	TraitNodeEntry	false	0	Rotational	hero	Stormbringer	109729	135987	1					api
Shaman	Elemental	262	Supercharge	455110	talent-passive	TraitNodeEntry	false	0	Rotational	hero	Stormbringer	94873	128225	1					api
Shaman	Elemental	262	Surging Currents	454372	talent-passive	TraitNodeEntry	false	0	Rotational	hero	Stormbringer	94880	125617	1	Buff		cdm-only:CooldownSetSpell		api
Shaman	Elemental	262	Swelling Maelstrom	381707	talent-passive	TraitNodeEntry	false	0	Rotational	spec		81016	101893	1					api
Shaman	Elemental	262	Tectonic Collapse	1258899	talent-passive	TraitNodeEntry	false	0	Rotational	spec		81000	101874	1					api
Shaman	Elemental	262	Tempest	454009	talent-passive	TraitNodeEntry	false	0	Rotational	hero	Stormbringer	94892	117489	1	Buff		cdm-only:CooldownSetSpell		api
Shaman	Elemental	262	Therazane's Resilience	1217622	talent-passive	TraitNodeEntry	false	0	Rotational	class		103593	127868	1					api
Shaman	Elemental	262	Thunderous Paws	378075	talent-passive	TraitNodeEntry	false	0	Rotational	class		103581	127853	1	Buff		cdm-only:CooldownSetSpell		api
Shaman	Elemental	262	Totemic Focus	382201	talent-passive	TraitNodeEntry	false	0	Rotational	class		103625	127906	1					api
Shaman	Elemental	262	Totemic Surge	381867	talent-passive	TraitNodeEntry	false	0	Rotational	class		109388	135592	1					api
Shaman	Elemental	262	Unlimited Power	454391	talent-passive	TraitNodeEntry	false	0	Rotational	hero	Stormbringer	94886	117483	1	Buff		cdm-only:CooldownSetSpell		api
Shaman	Elemental	262	Voltaic Surge	454919	talent-passive	TraitNodeEntry	false	0	Rotational	hero	Stormbringer	94870	117467	1					api
Shaman	Elemental	262	Voodoo Mastery	204268	talent-passive	TraitNodeEntry	false	0	Rotational	class		103600	127875	1	Buff		cdm-only:CooldownSetSpell		api
Shaman	Elemental	262	Winds of Al'Akir	382215	talent-passive	TraitNodeEntry	false	0	Rotational	class		103614	127891	2					api
Shaman	Elemental	262	Windspeaker	1270447	talent-passive	TraitNodeEntry	false	0	Rotational	hero	Farseer	109731	135989	1					api
Shaman	Elemental	262	Windveil	355630	talent-passive	TraitNodeEntry	false	0	Rotational	class		103628	127910	1	Buff		cdm-only:CooldownSetSpell		api
Shaman	Elemental	262	Reincarnation	20608	cdm-only	CooldownSetSpell	false	1800	Cooldown						Utility				api
Shaman	Elemental	262	Elemental Blast: Critical Strike	118522	cdm-only	CooldownSetSpell	true	0	Rotational						Buff				db2-template
Shaman	Elemental	262	Elemental Blast: Haste	173183	cdm-only	CooldownSetSpell	true	0	Rotational						Buff				db2-template
Shaman	Elemental	262	Elemental Blast: Mastery	173184	cdm-only	CooldownSetSpell	true	0	Rotational						Buff				db2-template
Shaman	Elemental	262	Lava Surge	77756	cdm-only	CooldownSetSpell	false	0	Rotational						Buff				api
Shaman	Elemental	262	Wind Rush	192082	cdm-only	CooldownSetSpell	true	0	Rotational						Buff				db2-template
Shaman	Enhancement	263	Earth Elemental	198103	talent-active	TraitNodeEntry	true	180	Cooldown	class		103585	127858	1	Buff/Utility	Personal Defensive 2	cdm-only:CooldownSetSpell		api
Shaman	Enhancement	263	Astral Shift	108271	talent-active	TraitNodeEntry	true	120	Cooldown	class		103616	127893	1	Buff/Utility	Personal Defensive 1	cdm-only:CooldownSetSpell		api
Shaman	Enhancement	263	Spiritwalker's Grace	79206	talent-active	TraitNodeEntry	true	120	Cooldown	class		103584	127857	1					api
Shaman	Enhancement	263	Wind Rush Totem	192077	talent-active	TraitNodeEntry	true	120	Cooldown	class		103627	127909	1	Buff/Utility	Class 1 (Movement)	cdm-only:CooldownSetSpell		api
Shaman	Enhancement	263	Capacitor Totem	192058	talent-active	TraitNodeEntry	true	60	Cooldown	class		103579	127851	1	Buff/Utility	CC	cdm-only:CooldownSetSpell		api
Shaman	Enhancement	263	Doom Winds	384352	talent-active	TraitNodeEntry	true	60	Cooldown	spec		80959	101824	1	Buff/Essential		cdm-only:CooldownSetSpell		api
Shaman	Enhancement	263	Nature's Swiftness	378081	talent-active	TraitNodeEntry	true	60	Cooldown	class		103620	127899	1	Buff		cdm-only:CooldownSetSpell		api
Shaman	Enhancement	263	Earthgrab Totem	51485	talent-active	TraitNodeEntry	true	30	Rotational	class		103622	127902	1		Slow			api
Shaman	Enhancement	263	Hex	51514	talent-active	TraitNodeEntry	true	30	Rotational	class		103623	127903	1	Buff/Utility	Class 3 (Tag)	class-baseline:SkillLineAbility:924;cdm-only:CooldownSetSpell		api
Shaman	Enhancement	263	Sundering	197214	talent-active	TraitNodeEntry	true	30	Rotational	spec		80975	101841	1	Essential		cdm-only:CooldownSetSpell		api
Shaman	Enhancement	263	Surging Totem	444995	talent-active	TraitNodeEntry	true	25	Rotational	hero	Totemic	94877	117474	1	Essential		cdm-only:CooldownSetSpell		api
Shaman	Enhancement	263	Lava Lash	60103	talent-active	TraitNodeEntry	true	18	Rotational	class		109389	135593	1	Essential	Rotational 2	cdm-only:CooldownSetSpell		api
Shaman	Enhancement	263	Wind Shear	57994	talent-active	TraitNodeEntry	true	12	Rotational	class		103615	127892	1	Utility	Interrupt	cdm-only:CooldownSetSpell		api
Shaman	Enhancement	263	Totemic Projection	108287	talent-active	TraitNodeEntry	true	10	Rotational	class		109386	135590	1	Utility	Class 7 (Raid Defensive)	cdm-only:CooldownSetSpell		api
Shaman	Enhancement	263	Voltaic Blaze	470057	talent-active	TraitNodeEntry	true	10	Rotational	spec		80954	101819	1					api
Shaman	Enhancement	263	Cleanse Spirit	51886	talent-active	TraitNodeEntry	true	8	Rotational	class		103608	127884	1	Utility	Class 6 (Dispel)	cdm-only:CooldownSetSpell		api
Shaman	Enhancement	263	Chain Heal	1064	talent-active	TraitNodeEntry	true	0	Rotational	class		103588	127861	1		Self-Heal 2			api
Shaman	Enhancement	263	Chain Lightning	188443	talent-active	TraitNodeEntry	true	0	Rotational	class		103583	127856	1	Essential	Rotational 5	cdm-only:CooldownSetSpell		api
Shaman	Enhancement	263	Crash Lightning	187874	talent-active	TraitNodeEntry	true	0	Rotational	spec		80974	101840	1	Buff/Essential	Rotational 3	cdm-only:CooldownSetSpell		api
Shaman	Enhancement	263	Earth Shield	974	talent-active	TraitNodeEntry	true	0	Rotational	class		103596	127871	1		Self-Heal 4 (Emergency/Overflow)			api
Shaman	Enhancement	263	Flametongue Weapon	318038	talent-active	TraitNodeEntry	true	0	Rotational	spec		80942	101805	1					api
Shaman	Enhancement	263	Flurry	382888	talent-active	TraitNodeEntry	true	0	Rotational	spec		103642	101799	1	Buff		cdm-only:CooldownSetSpell		api
Shaman	Enhancement	263	Frost Shock	196840	talent-active	TraitNodeEntry	true	0	Rotational	class		109492	135718	1	Buff/Utility		cdm-only:CooldownSetSpell		api
Shaman	Enhancement	263	Healing Stream Totem	5394	talent-active	TraitNodeEntry	true	0	Rotational	class		103590	127863	1	Buff/Utility	Self-Heal 3 (Overflow)	cdm-only:CooldownSetSpell		api
Shaman	Enhancement	263	Windfury Weapon	33757	talent-active	TraitNodeEntry	true	0	Rotational	spec		80958	101823	1					api
Shaman	Enhancement	263	Ascendance	114051	talent-choice	TraitNodeEntry	true	180	Cooldown	spec		92219	114291	1	Other		cdm-only:CooldownSetSpell		api
Shaman	Enhancement	263	Poison Cleansing Totem	383013	talent-choice	TraitNodeEntry	true	120	Cooldown	class		103599	136567	1	Buff/Utility		cdm-only:CooldownSetSpell		api
Shaman	Enhancement	263	Spirit Walk	58875	talent-choice	TraitNodeEntry	true	60	Cooldown	class		103591	127865	1	Buff/Utility	Movement Ability 2	cdm-only:CooldownSetSpell		api
Shaman	Enhancement	263	Tremor Totem	8143	talent-choice	TraitNodeEntry	true	60	Cooldown	class		103599	127874	1	Buff/Utility	Class 2 (CC)	cdm-only:CooldownSetSpell		api
Shaman	Enhancement	263	Gust of Wind	192063	talent-choice	TraitNodeEntry	true	20	Rotational	class		103591	127864	1	Utility		cdm-only:CooldownSetSpell		api
Shaman	Enhancement	263	Greater Purge	378773	talent-choice	TraitNodeEntry	true	12	Rotational	class		103624	127904	1	Utility		cdm-only:CooldownSetSpell		api
Shaman	Enhancement	263	Purge	370	talent-choice	TraitNodeEntry	true	0	Rotational	class		103624	127905	1	Utility	Class 5 (Purge)	cdm-only:CooldownSetSpell		api
Shaman	Enhancement	263	Astral Recall	556	class-baseline	SkillLineAbility:924	true	600	Cooldown										api
Shaman	Enhancement	263	Bloodlust	2825	class-baseline	SkillLineAbility:924	true	300	Cooldown						Utility		cdm-only:CooldownSetSpell		api
Shaman	Enhancement	263	Heroism	32182	class-baseline	SkillLineAbility:924	true	300	Cooldown						Utility	Class 8 (Lust/BRes)	cdm-only:CooldownSetSpell		api
Shaman	Enhancement	263	Stormkeeper	205495	class-baseline	SkillLineAbility:924	true	60	Cooldown										api
Shaman	Enhancement	263	Earthbind Totem	2484	class-baseline	SkillLineAbility:924	true	30	Rotational						Buff/Utility		cdm-only:CooldownSetSpell		api
Shaman	Enhancement	263	Feral Lunge	196884	class-baseline	SpecializationSpells	true	30	Rotational						Utility	Class 4 (Special)	cdm-only:CooldownSetSpell		api
Shaman	Enhancement	263	Flame Shock	470411	class-baseline	SkillLineAbility:924	true	6	Rotational						Essential	Overflow 1	cdm-only:CooldownSetSpell		api
Shaman	Enhancement	263	Ancestral Guidance	114911	class-baseline	SkillLineAbility:924	true	0	Rotational										api
Shaman	Enhancement	263	Ancestral Spirit	2008	class-baseline	SkillLineAbility:924	true	0	Rotational							Res			api
Shaman	Enhancement	263	Downpour	207778	class-baseline	SkillLineAbility:924	true	0	Rotational										api
Shaman	Enhancement	263	Earthquake	77478	class-baseline	SkillLineAbility:924	true	0	Rotational										api
Shaman	Enhancement	263	Fae Transfusion	328930	class-baseline	SkillLineAbility:924	true	0	Rotational										api
Shaman	Enhancement	263	Far Sight	6196	class-baseline	SkillLineAbility:924	true	0	Rotational										api
Shaman	Enhancement	263	Flametongue Attack	10444	class-baseline	SkillLineAbility:924	true	0	Rotational										api
Shaman	Enhancement	263	Ghost Wolf	2645	class-baseline	SkillLineAbility:924	true	0	Rotational						Buff	Movement Ability	cdm-only:CooldownSetSpell		api
Shaman	Enhancement	263	Healing Surge	8004	class-baseline	SkillLineAbility:924	true	0	Rotational							Self-Heal 1			api
Shaman	Enhancement	263	Lightning Bolt	188196	class-baseline	SkillLineAbility:924	true	0	Rotational						Essential	Rotational 4	cdm-only:CooldownSetSpell		api
Shaman	Enhancement	263	Lightning Shield	192106	class-baseline	SkillLineAbility:924	true	0	Rotational						Buff		cdm-only:CooldownSetSpell		api
Shaman	Enhancement	263	Primal Strike	73899	class-baseline	SkillLineAbility:924	true	0	Rotational										api
Shaman	Enhancement	263	Primordial Wave	327163	class-baseline	SkillLineAbility:924	true	0	Rotational										api
Shaman	Enhancement	263	Single-Button Assistant	1229376	class-baseline	SpecializationSpells	true	0	Rotational										api
Shaman	Enhancement	263	Skyfury	462854	class-baseline	SkillLineAbility:924	true	0	Rotational							Buff			api
Shaman	Enhancement	263	Stormstrike	32175	class-baseline	SkillLineAbility:924	true	0	Rotational						Essential	Rotational 1	class-baseline:SpecializationSpells;cdm-only:CooldownSetSpell		api
Shaman	Enhancement	263	Stormstrike Off-Hand	32176	class-baseline	SkillLineAbility:924	true	0	Rotational										api
Shaman	Enhancement	263	Surge of Earth	320747	class-baseline	SkillLineAbility:924	true	0	Rotational										api
Shaman	Enhancement	263	Water Walking	546	class-baseline	SkillLineAbility:924	true	0	Rotational						Buff		cdm-only:CooldownSetSpell		api
Shaman	Enhancement	263	Windfury Attack	25504	class-baseline	SkillLineAbility:924	true	0	Rotational										api
Shaman	Enhancement	263	Windlash	114089	class-baseline	SkillLineAbility:924	true	0	Rotational										api
Shaman	Enhancement	263	Windlash Off-Hand	114093	class-baseline	SkillLineAbility:924	true	0	Rotational										api
Shaman	Enhancement	263	Windstrike	115356	class-baseline	SkillLineAbility:924	true	0	Rotational										api
Shaman	Enhancement	263	Windstrike Off-Hand	115360	class-baseline	SkillLineAbility:924	true	0	Rotational										api
Shaman	Enhancement	263	Burrow	409293	pvp-talent	PvpTalent	true	120	Cooldown						Buff/Utility		cdm-only:CooldownSetSpell		api
Shaman	Enhancement	263	Static Field Totem	355580	pvp-talent	PvpTalent	true	90	Cooldown						Buff/Utility		cdm-only:CooldownSetSpell		api
Shaman	Enhancement	263	Counterstrike Totem	204331	pvp-talent	PvpTalent	true	45	Cooldown						Buff/Utility		cdm-only:CooldownSetSpell		api
Shaman	Enhancement	263	Lightning Lasso	305483	pvp-talent	PvpTalent	true	45	Cooldown						Utility		cdm-only:CooldownSetSpell		api
Shaman	Enhancement	263	Grounding Totem	204336	pvp-talent	PvpTalent	true	30	Rotational						Buff/Utility		cdm-only:CooldownSetSpell		api
Shaman	Enhancement	263	Electrocute	206642	pvp-talent	PvpTalent	false	0	Rotational										api
Shaman	Enhancement	263	Shamanism	193876	pvp-talent	PvpTalent	false	0	Rotational										api
Shaman	Enhancement	263	Totem of Wrath	460697	pvp-talent	PvpTalent	false	0	Rotational						Buff		cdm-only:CooldownSetSpell		api
Shaman	Enhancement	263	Amplification Core	445029	talent-passive	TraitNodeEntry	false	0	Rotational	hero	Totemic	94874	117471	1	Buff		cdm-only:CooldownSetSpell		api
Shaman	Enhancement	263	Ancestral Wolf Affinity	382197	talent-passive	TraitNodeEntry	false	0	Rotational	class		103610	127886	1					api
Shaman	Enhancement	263	Arc Discharge	455096	talent-passive	TraitNodeEntry	false	0	Rotational	hero	Stormbringer	94885	117482	1	Buff		cdm-only:CooldownSetSpell		api
Shaman	Enhancement	263	Arctic Snowstorm	462764	talent-passive	TraitNodeEntry	false	0	Rotational	class		109493	135717	1					api
Shaman	Enhancement	263	Ascending Air	462791	talent-passive	TraitNodeEntry	false	0	Rotational	class		103607	127883	1					api
Shaman	Enhancement	263	Ashen Catalyst	390370	talent-passive	TraitNodeEntry	false	0	Rotational	spec		80947	101811	1					api
Shaman	Enhancement	263	Astral Bulwark	377933	talent-passive	TraitNodeEntry	false	0	Rotational	class		103611	127887	1					api
Shaman	Enhancement	263	Awakening Storms	455129	talent-passive	TraitNodeEntry	false	0	Rotational	hero	Stormbringer	94867	117464	1					api
Shaman	Enhancement	263	Brimming with Life	381689	talent-passive	TraitNodeEntry	false	0	Rotational	class		103582	127855	2	Buff		cdm-only:CooldownSetSpell		api
Shaman	Enhancement	263	Chaining Storms	334308	talent-passive	TraitNodeEntry	false	0	Rotational	spec		109192	135254	1					api
Shaman	Enhancement	263	Conductive Energy	455123	talent-passive	TraitNodeEntry	false	0	Rotational	hero	Stormbringer	94868	117465	1	Buff		cdm-only:CooldownSetSpell		api
Shaman	Enhancement	263	Converging Storms	384363	talent-passive	TraitNodeEntry	false	0	Rotational	spec		80973	101839	1	Buff		cdm-only:CooldownSetSpell		api
Shaman	Enhancement	263	Deeply Rooted Elements	378270	talent-passive	TraitNodeEntry	false	0	Rotational	spec		92219	101816	1					api
Shaman	Enhancement	263	Descending Skies	1264688	talent-passive	TraitNodeEntry	false	0	Rotational	hero	Stormbringer	109727	135985	1					api
Shaman	Enhancement	263	Earthsurge	455590	talent-passive	TraitNodeEntry	false	0	Rotational	hero	Totemic	94881	125822	1					api
Shaman	Enhancement	263	Electroshock	454022	talent-passive	TraitNodeEntry	false	0	Rotational	hero	Stormbringer	94863	128226	1	Buff		cdm-only:CooldownSetSpell		api
Shaman	Enhancement	263	Elemental Assault	210853	talent-passive	TraitNodeEntry	false	0	Rotational	spec		80951	101815	1					api
Shaman	Enhancement	263	Elemental Attunement	1263288	talent-passive	TraitNodeEntry	false	0	Rotational	hero	Totemic	109725	135983	1					api
Shaman	Enhancement	263	Elemental Orbit	383010	talent-passive	TraitNodeEntry	false	0	Rotational	class		103602	127877	1					api
Shaman	Enhancement	263	Elemental Resistance	462368	talent-passive	TraitNodeEntry	false	0	Rotational	class		103601	127876	1					api
Shaman	Enhancement	263	Elemental Tempo	1250364	talent-passive	TraitNodeEntry	false	0	Rotational	spec		80961	101826	1					api
Shaman	Enhancement	263	Elemental Warding	381650	talent-passive	TraitNodeEntry	false	0	Rotational	class		103586	127859	1					api
Shaman	Enhancement	263	Elemental Weapons	384355	talent-passive	TraitNodeEntry	false	0	Rotational	spec		80953	101818	1					api
Shaman	Enhancement	263	Encasing Cold	462762	talent-passive	TraitNodeEntry	false	0	Rotational	class		109493	135719	1	Buff		cdm-only:CooldownSetSpell		api
Shaman	Enhancement	263	Enhanced Imbues	462796	talent-passive	TraitNodeEntry	false	0	Rotational	class		103606	127881	1					api
Shaman	Enhancement	263	Feral Spirit	469314	talent-passive	TraitNodeEntry	false	0	Rotational	spec		109194	128236	1	Buff		cdm-only:CooldownSetSpell		api
Shaman	Enhancement	263	Fire Nova	1260666	talent-passive	TraitNodeEntry	false	0	Rotational	spec		109909	136176	1					api
Shaman	Enhancement	263	Fire and Ice	382886	talent-passive	TraitNodeEntry	false	0	Rotational	class		103605	127880	1					api
Shaman	Enhancement	263	Forceful Winds	262647	talent-passive	TraitNodeEntry	false	0	Rotational	spec		80969	101834	1					api
Shaman	Enhancement	263	Graceful Spirit	192088	talent-passive	TraitNodeEntry	false	0	Rotational	class		103626	127908	1					api
Shaman	Enhancement	263	Hot Hand	201900	talent-passive	TraitNodeEntry	false	0	Rotational	spec		80945	101809	2	Buff/Other		cdm-only:CooldownSetSpell		api
Shaman	Enhancement	263	Imbuement Mastery	445028	talent-passive	TraitNodeEntry	false	0	Rotational	hero	Totemic	94871	117468	1					api
Shaman	Enhancement	263	Instinctive Imbuements	1270350	talent-passive	TraitNodeEntry	false	0	Rotational	class		109387	135591	1					api
Shaman	Enhancement	263	Jet Stream	462817	talent-passive	TraitNodeEntry	false	0	Rotational	class		103607	127882	1					api
Shaman	Enhancement	263	Lashing Flames	334046	talent-passive	TraitNodeEntry	false	0	Rotational	spec		80948	101812	1					api
Shaman	Enhancement	263	Lightning Conduit	467778	talent-passive	TraitNodeEntry	false	0	Rotational	hero	Stormbringer	94863	117460	1	Buff		cdm-only:CooldownSetSpell		api
Shaman	Enhancement	263	Lightning Strikes	384450	talent-passive	TraitNodeEntry	false	0	Rotational	spec		109193	135255	1	Buff		cdm-only:CooldownSetSpell		api
Shaman	Enhancement	263	Lively Totems	445034	talent-passive	TraitNodeEntry	false	0	Rotational	hero	Totemic	94882	117479	1	Buff		cdm-only:CooldownSetSpell		api
Shaman	Enhancement	263	Maelstrom Weapon	187880	talent-passive	TraitNodeEntry	false	0	Rotational	spec		80941	101804	1	Buff		cdm-only:CooldownSetSpell		api
Shaman	Enhancement	263	Mana Spring	381930	talent-passive	TraitNodeEntry	false	0	Rotational	class		103587	127860	1					api
Shaman	Enhancement	263	Molten Assault	334033	talent-passive	TraitNodeEntry	false	0	Rotational	spec		80943	101806	1					api
Shaman	Enhancement	263	Natural Gift	1264691	talent-passive	TraitNodeEntry	false	0	Rotational	hero	Stormbringer	109728	135986	1					api
Shaman	Enhancement	263	Nature's Fury	381655	talent-passive	TraitNodeEntry	false	0	Rotational	class		103617	127894	2					api
Shaman	Enhancement	263	Nature's Guardian	30884	talent-passive	TraitNodeEntry	false	0	Rotational	class		103613	127890	1					api
Shaman	Enhancement	263	Nature's Protection	454027	talent-passive	TraitNodeEntry	false	0	Rotational	hero	Stormbringer	94880	117477	1					api
Shaman	Enhancement	263	Overcharge	1251026	talent-passive	TraitNodeEntry	false	0	Rotational	spec		80944	101808	1					api
Shaman	Enhancement	263	Overflowing Maelstrom	384143	talent-passive	TraitNodeEntry	false	0	Rotational	spec		80939	101802	1	Buff		cdm-only:CooldownSetSpell		api
Shaman	Enhancement	263	Oversized Totems	445026	talent-passive	TraitNodeEntry	false	0	Rotational	hero	Totemic	94859	117456	1					api
Shaman	Enhancement	263	Oversurge	445030	talent-passive	TraitNodeEntry	false	0	Rotational	hero	Totemic	94874	125823	1					api
Shaman	Enhancement	263	Planes Traveler	381647	talent-passive	TraitNodeEntry	false	0	Rotational	class		103611	127888	1					api
Shaman	Enhancement	263	Primal Catalyst	1260874	talent-passive	TraitNodeEntry	false	0	Rotational	hero	Totemic	109724	135982	1	Buff		cdm-only:CooldownSetSpell		api
Shaman	Enhancement	263	Primordial Bond	1279819	talent-passive	TraitNodeEntry	false	0	Rotational	class		103612	127889	1	Buff		cdm-only:CooldownSetSpell		api
Shaman	Enhancement	263	Primordial Storm	1218047	talent-passive	TraitNodeEntry	false	0	Rotational	spec		80963	101828	1	Buff		cdm-only:CooldownSetSpell		api
Shaman	Enhancement	263	Pulse Capacitor	445032	talent-passive	TraitNodeEntry	false	0	Rotational	hero	Totemic	94866	117463	1					api
Shaman	Enhancement	263	Raging Maelstrom	384149	talent-passive	TraitNodeEntry	false	0	Rotational	spec		80938	101801	1					api
Shaman	Enhancement	263	Reactive Warding	462454	talent-passive	TraitNodeEntry	false	0	Rotational	class		103593	136584	1					api
Shaman	Enhancement	263	Refreshing Waters	378211	talent-passive	TraitNodeEntry	false	0	Rotational	class		103594	127869	1					api
Shaman	Enhancement	263	Ride the Lightning	289874	talent-passive	TraitNodeEntry	false	0	Rotational	spec		80962	101827	1					api
Shaman	Enhancement	263	Rolling Thunder	454026	talent-passive	TraitNodeEntry	false	0	Rotational	hero	Stormbringer	94889	117486	1					api
Shaman	Enhancement	263	Spirit Wolf	260878	talent-passive	TraitNodeEntry	false	0	Rotational	class		103581	127854	1	Buff		cdm-only:CooldownSetSpell		api
Shaman	Enhancement	263	Spiritual Awakening	1270375	talent-passive	TraitNodeEntry	false	0	Rotational	class		110085	136585	1					api
Shaman	Enhancement	263	Spiritwalker's Aegis	378077	talent-passive	TraitNodeEntry	false	0	Rotational	class		103626	127907	1					api
Shaman	Enhancement	263	Splitstream	445035	talent-passive	TraitNodeEntry	false	0	Rotational	hero	Totemic	94872	117469	1					api
Shaman	Enhancement	263	Static Accumulation	384411	talent-passive	TraitNodeEntry	false	0	Rotational	spec		80950	101814	2					api
Shaman	Enhancement	263	Static Charge	265046	talent-passive	TraitNodeEntry	false	0	Rotational	class		103618	127896	2					api
Shaman	Enhancement	263	Storm Swell	455088	talent-passive	TraitNodeEntry	false	0	Rotational	hero	Stormbringer	94873	117470	1	Buff		cdm-only:CooldownSetSpell		api
Shaman	Enhancement	263	Storm Unleashed	1262713	talent-passive	TraitNodeEntry	false	0	Rotational	spec		110401	136971	1	Buff		talent-passive:TraitNodeEntry;cdm-only:CooldownSetSpell		api
Shaman	Enhancement	263	Storm's Wrath	392352	talent-passive	TraitNodeEntry	false	0	Rotational	spec		80967	101832	1					api
Shaman	Enhancement	263	Stormbind	1251069	talent-passive	TraitNodeEntry	false	0	Rotational	spec		109191	135253	1	Buff		cdm-only:CooldownSetSpell		api
Shaman	Enhancement	263	Stormblast	319930	talent-passive	TraitNodeEntry	false	0	Rotational	spec		80960	101825	1	Buff		cdm-only:CooldownSetSpell		api
Shaman	Enhancement	263	Stormcaller	454021	talent-passive	TraitNodeEntry	false	0	Rotational	hero	Stormbringer	94893	117490	1					api
Shaman	Enhancement	263	Stormflurry	344357	talent-passive	TraitNodeEntry	false	0	Rotational	spec		103871	128270	1					api
Shaman	Enhancement	263	Stormwell	1264762	talent-passive	TraitNodeEntry	false	0	Rotational	hero	Stormbringer	109729	135987	1					api
Shaman	Enhancement	263	Supercharge	455110	talent-passive	TraitNodeEntry	false	0	Rotational	hero	Stormbringer	94873	128225	1					api
Shaman	Enhancement	263	Supportive Imbuements	445033	talent-passive	TraitNodeEntry	false	0	Rotational	hero	Totemic	94866	125824	1					api
Shaman	Enhancement	263	Surging Currents	454372	talent-passive	TraitNodeEntry	false	0	Rotational	hero	Stormbringer	94880	125617	1	Buff		cdm-only:CooldownSetSpell		api
Shaman	Enhancement	263	Surging Elements	382042	talent-passive	TraitNodeEntry	false	0	Rotational	spec		80964	101829	1	Buff		cdm-only:CooldownSetSpell		api
Shaman	Enhancement	263	Swift Recall	445027	talent-passive	TraitNodeEntry	false	0	Rotational	hero	Totemic	94859	125825	1					api
Shaman	Enhancement	263	Tempest	454009	talent-passive	TraitNodeEntry	false	0	Rotational	hero	Stormbringer	94892	117489	1	Buff		cdm-only:CooldownSetSpell		api
Shaman	Enhancement	263	Therazane's Resilience	1217622	talent-passive	TraitNodeEntry	false	0	Rotational	class		103593	127868	1					api
Shaman	Enhancement	263	Thorim's Invocation	384444	talent-passive	TraitNodeEntry	false	0	Rotational	spec		80949	101813	1					api
Shaman	Enhancement	263	Thunder Capacitor	1262635	talent-passive	TraitNodeEntry	false	0	Rotational	spec		109190	135252	1					api
Shaman	Enhancement	263	Thunderous Paws	378075	talent-passive	TraitNodeEntry	false	0	Rotational	class		103581	127853	1	Buff		cdm-only:CooldownSetSpell		api
Shaman	Enhancement	263	Totemic Coordination	445036	talent-passive	TraitNodeEntry	false	0	Rotational	hero	Totemic	94881	117478	1					api
Shaman	Enhancement	263	Totemic Focus	382201	talent-passive	TraitNodeEntry	false	0	Rotational	class		103625	127906	1					api
Shaman	Enhancement	263	Totemic Momentum	1260644	talent-passive	TraitNodeEntry	false	0	Rotational	hero	Totemic	109726	135984	1					api
Shaman	Enhancement	263	Totemic Rebound	445025	talent-passive	TraitNodeEntry	false	0	Rotational	hero	Totemic	94890	117487	1					api
Shaman	Enhancement	263	Totemic Surge	381867	talent-passive	TraitNodeEntry	false	0	Rotational	class		109388	135592	1					api
Shaman	Enhancement	263	Unlimited Power	454391	talent-passive	TraitNodeEntry	false	0	Rotational	hero	Stormbringer	94886	117483	1	Buff		cdm-only:CooldownSetSpell		api
Shaman	Enhancement	263	Unruly Winds	390288	talent-passive	TraitNodeEntry	false	0	Rotational	spec		80968	101833	1					api
Shaman	Enhancement	263	Voltaic Surge	454919	talent-passive	TraitNodeEntry	false	0	Rotational	hero	Stormbringer	94870	117467	1					api
Shaman	Enhancement	263	Voodoo Mastery	204268	talent-passive	TraitNodeEntry	false	0	Rotational	class		103600	127875	1	Buff		cdm-only:CooldownSetSpell		api
Shaman	Enhancement	263	Whirling Elements	445024	talent-passive	TraitNodeEntry	false	0	Rotational	hero	Totemic	94879	117476	1	Buff		cdm-only:CooldownSetSpell		api
Shaman	Enhancement	263	Wind Barrier	445031	talent-passive	TraitNodeEntry	false	0	Rotational	hero	Totemic	94891	117488	1	Buff		cdm-only:CooldownSetSpell		api
Shaman	Enhancement	263	Winds of Al'Akir	382215	talent-passive	TraitNodeEntry	false	0	Rotational	class		103614	127891	2					api
Shaman	Enhancement	263	Windveil	355630	talent-passive	TraitNodeEntry	false	0	Rotational	class		103628	127910	1	Buff		cdm-only:CooldownSetSpell		api
Shaman	Enhancement	263	Reincarnation	20608	cdm-only	CooldownSetSpell	false	1800	Cooldown						Utility				api
Shaman	Enhancement	263	Ancestral Swiftness	443454	cdm-only	CooldownSetSpell	true	30	Rotational						Buff				api
Shaman	Enhancement	263	Enhancement Shaman	137041	cdm-only	CooldownSetSpell	false	0	Rotational						Buff/Other				none
Shaman	Enhancement	263	Wind Rush	192082	cdm-only	CooldownSetSpell	true	0	Rotational						Buff				db2-template
Shaman	Restoration	264	Earth Elemental	198103	talent-active	TraitNodeEntry	true	180	Cooldown	class		103585	127858	1	Buff/Utility	Personal Defensive 2	cdm-only:CooldownSetSpell		api
Shaman	Restoration	264	Astral Shift	108271	talent-active	TraitNodeEntry	true	120	Cooldown	class		103616	127893	1	Buff/Utility	Personal Defensive 1	cdm-only:CooldownSetSpell		api
Shaman	Restoration	264	Spiritwalker's Grace	79206	talent-active	TraitNodeEntry	true	120	Cooldown	class		103584	127857	1	Other/Utility	Class 4 (Special)	cdm-only:CooldownSetSpell		api
Shaman	Restoration	264	Wind Rush Totem	192077	talent-active	TraitNodeEntry	true	120	Cooldown	class		103627	127909	1	Buff/Utility	Class 1 (Movement)	cdm-only:CooldownSetSpell		api
Shaman	Restoration	264	Capacitor Totem	192058	talent-active	TraitNodeEntry	true	60	Cooldown	class		103579	127851	1	Buff/Utility	CC	cdm-only:CooldownSetSpell		api
Shaman	Restoration	264	Nature's Swiftness	378081	talent-active	TraitNodeEntry	true	60	Cooldown	class		103620	127899	1	Buff/Essential	Rotational 8	cdm-only:CooldownSetSpell		api
Shaman	Restoration	264	Ancestral Swiftness	443454	talent-active	TraitNodeEntry	true	30	Rotational	hero	Farseer	94894	117491	1					api
Shaman	Restoration	264	Earthgrab Totem	51485	talent-active	TraitNodeEntry	true	30	Rotational	class		103622	127902	1		Slow			api
Shaman	Restoration	264	Hex	51514	talent-active	TraitNodeEntry	true	30	Rotational	class		103623	127903	1	Buff/Utility	Class 3 (Tag)	class-baseline:SkillLineAbility:924;cdm-only:CooldownSetSpell		api
Shaman	Restoration	264	Surging Totem	444995	talent-active	TraitNodeEntry	true	25	Rotational	hero	Totemic	94877	117474	1	Essential		cdm-only:CooldownSetSpell		api
Shaman	Restoration	264	Healing Rain	73920	talent-active	TraitNodeEntry	true	18	Rotational	spec		81040	101923	1	Essential/Other	Cooldown 2	cdm-only:CooldownSetSpell		api
Shaman	Restoration	264	Wind Shear	57994	talent-active	TraitNodeEntry	true	12	Rotational	class		103615	127892	1	Utility	Interrupt	cdm-only:CooldownSetSpell		api
Shaman	Restoration	264	Totemic Projection	108287	talent-active	TraitNodeEntry	true	10	Rotational	class		109386	135590	1	Utility	Class 7 (Raid Defensive)	cdm-only:CooldownSetSpell		api
Shaman	Restoration	264	Chain Heal	1064	talent-active	TraitNodeEntry	true	0	Rotational	class		103588	127861	1	Essential	Rotational 7	cdm-only:CooldownSetSpell		api
Shaman	Restoration	264	Chain Lightning	188443	talent-active	TraitNodeEntry	true	0	Rotational	class		103583	127856	1		Rotational 4			api
Shaman	Restoration	264	Earth Shield	974	talent-active	TraitNodeEntry	true	0	Rotational	class		103596	127871	1		Self-Heal 4 (Emergency/Overflow)			api
Shaman	Restoration	264	Earthliving Weapon	382021	talent-active	TraitNodeEntry	true	0	Rotational	spec		81049	101935	1					api
Shaman	Restoration	264	Frost Shock	196840	talent-active	TraitNodeEntry	true	0	Rotational	class		109492	135718	1	Buff/Essential		cdm-only:CooldownSetSpell		api
Shaman	Restoration	264	Healing Stream Totem	5394	talent-active	TraitNodeEntry	true	0	Rotational	spec		81022	101900	1	Essential/Other	Self-Heal 3 (Overflow)	talent-active:TraitNodeEntry;cdm-only:CooldownSetSpell		api
Shaman	Restoration	264	Lava Burst	51505	talent-active	TraitNodeEntry	true	0	Rotational	class		103598	127873	1	Essential	Rotational 2	cdm-only:CooldownSetSpell		api
Shaman	Restoration	264	Riptide	61295	talent-active	TraitNodeEntry	true	0	Rotational	spec		81027	101905	1	Essential	Rotational 5	cdm-only:CooldownSetSpell		api
Shaman	Restoration	264	Spirit Link Totem	98008	talent-active	TraitNodeEntry	true	0	Rotational	spec		81041	101924	1	Buff/Essential	Cooldown 4	cdm-only:CooldownSetSpell		api
Shaman	Restoration	264	Unleash Life	73685	talent-active	TraitNodeEntry	true	0	Rotational	spec		92675	114811	1	Buff/Essential	Cooldown 3	cdm-only:CooldownSetSpell		api
Shaman	Restoration	264	Ascendance	114052	talent-choice	TraitNodeEntry	true	180	Cooldown	spec		81032	101912	1	Essential/Other	Cooldown 1	cdm-only:CooldownSetSpell		api
Shaman	Restoration	264	Healing Tide Totem	108280	talent-choice	TraitNodeEntry	true	180	Cooldown	spec		81032	135486	1	Essential/Other		cdm-only:CooldownSetSpell		api
Shaman	Restoration	264	Poison Cleansing Totem	383013	talent-choice	TraitNodeEntry	true	120	Cooldown	class		103599	136567	1	Buff/Utility		cdm-only:CooldownSetSpell		api
Shaman	Restoration	264	Spirit Walk	58875	talent-choice	TraitNodeEntry	true	60	Cooldown	class		103591	127865	1	Buff/Utility	Movement Ability 2	cdm-only:CooldownSetSpell		api
Shaman	Restoration	264	Tremor Totem	8143	talent-choice	TraitNodeEntry	true	60	Cooldown	class		103599	127874	1	Buff/Utility	Class 2 (CC)	cdm-only:CooldownSetSpell		api
Shaman	Restoration	264	Gust of Wind	192063	talent-choice	TraitNodeEntry	true	20	Rotational	class		103591	127864	1	Utility		cdm-only:CooldownSetSpell		api
Shaman	Restoration	264	Greater Purge	378773	talent-choice	TraitNodeEntry	true	12	Rotational	class		103624	127904	1	Utility		cdm-only:CooldownSetSpell		api
Shaman	Restoration	264	Purge	370	talent-choice	TraitNodeEntry	true	0	Rotational	class		103624	127905	1		Class 5 (Purge)			api
Shaman	Restoration	264	Astral Recall	556	class-baseline	SkillLineAbility:924	true	600	Cooldown						Essential		cdm-only:CooldownSetSpell		api
Shaman	Restoration	264	Bloodlust	2825	class-baseline	SkillLineAbility:924	true	300	Cooldown						Utility		cdm-only:CooldownSetSpell		api
Shaman	Restoration	264	Heroism	32182	class-baseline	SkillLineAbility:924	true	300	Cooldown						Utility	Class 8 (Lust/BRes)	cdm-only:CooldownSetSpell		api
Shaman	Restoration	264	Stormkeeper	205495	class-baseline	SkillLineAbility:924	true	60	Cooldown										api
Shaman	Restoration	264	Earthbind Totem	2484	class-baseline	SkillLineAbility:924	true	30	Rotational						Buff/Utility		cdm-only:CooldownSetSpell		api
Shaman	Restoration	264	Cleanse Spirit	440012	class-baseline	SpecializationSpells	true	8	Rotational										api
Shaman	Restoration	264	Flame Shock	470411	class-baseline	SkillLineAbility:924	true	6	Rotational						Buff/Essential	Rotational 3	cdm-only:CooldownSetSpell		api
Shaman	Restoration	264	Ancestral Guidance	114911	class-baseline	SkillLineAbility:924	true	0	Rotational										api
Shaman	Restoration	264	Ancestral Spirit	2008	class-baseline	SkillLineAbility:924	true	0	Rotational							Res			api
Shaman	Restoration	264	Ancestral Vision	212048	class-baseline	SpecializationSpells	true	0	Rotational							Buff			api
Shaman	Restoration	264	Downpour	207778	class-baseline	SkillLineAbility:924	true	0	Rotational						Buff		talent-passive:TraitNodeEntry;cdm-only:CooldownSetSpell		api
Shaman	Restoration	264	Earthquake	77478	class-baseline	SkillLineAbility:924	true	0	Rotational										api
Shaman	Restoration	264	Fae Transfusion	328930	class-baseline	SkillLineAbility:924	true	0	Rotational										api
Shaman	Restoration	264	Far Sight	6196	class-baseline	SkillLineAbility:924	true	0	Rotational										api
Shaman	Restoration	264	Flametongue Attack	10444	class-baseline	SkillLineAbility:924	true	0	Rotational										api
Shaman	Restoration	264	Ghost Wolf	2645	class-baseline	SkillLineAbility:924	true	0	Rotational						Buff	Movement Ability	cdm-only:CooldownSetSpell		api
Shaman	Restoration	264	Healing Surge	8004	class-baseline	SkillLineAbility:924	true	0	Rotational							Self-Heal 1			api
Shaman	Restoration	264	Healing Wave	77472	class-baseline	SpecializationSpells	true	0	Rotational							Rotational 6			api
Shaman	Restoration	264	Lightning Bolt	188196	class-baseline	SkillLineAbility:924	true	0	Rotational							Rotational 1			api
Shaman	Restoration	264	Lightning Shield	192106	class-baseline	SkillLineAbility:924	true	0	Rotational						Buff		cdm-only:CooldownSetSpell		api
Shaman	Restoration	264	Primal Strike	73899	class-baseline	SkillLineAbility:924	true	0	Rotational										api
Shaman	Restoration	264	Primordial Wave	327163	class-baseline	SkillLineAbility:924	true	0	Rotational										api
Shaman	Restoration	264	Purify Spirit	77130	class-baseline	SpecializationSpells	true	0	Rotational						Utility	Class 6 (Dispel)	cdm-only:CooldownSetSpell		api
Shaman	Restoration	264	Single-Button Assistant	1229376	class-baseline	SpecializationSpells	true	0	Rotational										api
Shaman	Restoration	264	Skyfury	462854	class-baseline	SkillLineAbility:924	true	0	Rotational										api
Shaman	Restoration	264	Stormstrike	32175	class-baseline	SkillLineAbility:924	true	0	Rotational										api
Shaman	Restoration	264	Stormstrike Off-Hand	32176	class-baseline	SkillLineAbility:924	true	0	Rotational										api
Shaman	Restoration	264	Surge of Earth	320747	class-baseline	SkillLineAbility:924	true	0	Rotational										api
Shaman	Restoration	264	Water Shield	52127	class-baseline	SpecializationSpells	true	0	Rotational						Buff		cdm-only:CooldownSetSpell		api
Shaman	Restoration	264	Water Walking	546	class-baseline	SkillLineAbility:924	true	0	Rotational						Buff		cdm-only:CooldownSetSpell		api
Shaman	Restoration	264	Windfury Attack	25504	class-baseline	SkillLineAbility:924	true	0	Rotational										api
Shaman	Restoration	264	Windlash	114089	class-baseline	SkillLineAbility:924	true	0	Rotational										api
Shaman	Restoration	264	Windlash Off-Hand	114093	class-baseline	SkillLineAbility:924	true	0	Rotational										api
Shaman	Restoration	264	Windstrike	115356	class-baseline	SkillLineAbility:924	true	0	Rotational										api
Shaman	Restoration	264	Windstrike Off-Hand	115360	class-baseline	SkillLineAbility:924	true	0	Rotational										api
Shaman	Restoration	264	Burrow	409293	pvp-talent	PvpTalent	true	120	Cooldown						Buff/Utility		cdm-only:CooldownSetSpell		api
Shaman	Restoration	264	Static Field Totem	355580	pvp-talent	PvpTalent	true	90	Cooldown						Buff/Utility		cdm-only:CooldownSetSpell		api
Shaman	Restoration	264	Counterstrike Totem	204331	pvp-talent	PvpTalent	true	45	Cooldown						Buff/Utility		cdm-only:CooldownSetSpell		api
Shaman	Restoration	264	Lightning Lasso	305483	pvp-talent	PvpTalent	true	45	Cooldown						Buff/Utility		cdm-only:CooldownSetSpell		api
Shaman	Restoration	264	Grounding Totem	204336	pvp-talent	PvpTalent	true	30	Rotational						Other/Utility		cdm-only:CooldownSetSpell		api
Shaman	Restoration	264	Call of Al'Akir	1246131	pvp-talent	PvpTalent	false	0	Rotational										api
Shaman	Restoration	264	Electrocute	206642	pvp-talent	PvpTalent	false	0	Rotational										api
Shaman	Restoration	264	Master of the Elements	462375	pvp-talent	PvpTalent	false	0	Rotational						Buff		cdm-only:CooldownSetSpell		api
Shaman	Restoration	264	Rain Dance	290250	pvp-talent	PvpTalent	false	0	Rotational										api
Shaman	Restoration	264	Storm Conduit	1217092	pvp-talent	PvpTalent	false	0	Rotational										api
Shaman	Restoration	264	Totem of Wrath	460697	pvp-talent	PvpTalent	false	0	Rotational						Buff		cdm-only:CooldownSetSpell		api
Shaman	Restoration	264	Acid Rain	378443	talent-passive	TraitNodeEntry	false	0	Rotational	spec		81039	101922	1					api
Shaman	Restoration	264	Amplification Core	445029	talent-passive	TraitNodeEntry	false	0	Rotational	hero	Totemic	94874	117471	1	Buff		cdm-only:CooldownSetSpell		api
Shaman	Restoration	264	Ancestral Awakening	382309	talent-passive	TraitNodeEntry	false	0	Rotational	spec		81043	101927	2					api
Shaman	Restoration	264	Ancestral Influence	1270446	talent-passive	TraitNodeEntry	false	0	Rotational	hero	Farseer	109732	135990	1					api
Shaman	Restoration	264	Ancestral Reach	382732	talent-passive	TraitNodeEntry	false	0	Rotational	spec		81031	101911	1					api
Shaman	Restoration	264	Ancestral Vigor	207401	talent-passive	TraitNodeEntry	false	0	Rotational	spec		103429	127673	2					api
Shaman	Restoration	264	Ancestral Wolf Affinity	382197	talent-passive	TraitNodeEntry	false	0	Rotational	class		103610	127886	1					api
Shaman	Restoration	264	Ancient Fellowship	443423	talent-passive	TraitNodeEntry	false	0	Rotational	hero	Farseer	94862	123632	1					api
Shaman	Restoration	264	Arctic Snowstorm	462764	talent-passive	TraitNodeEntry	false	0	Rotational	class		109493	135717	1					api
Shaman	Restoration	264	Ascending Air	462791	talent-passive	TraitNodeEntry	false	0	Rotational	class		103607	127883	1					api
Shaman	Restoration	264	Astral Bulwark	377933	talent-passive	TraitNodeEntry	false	0	Rotational	class		103611	127887	1					api
Shaman	Restoration	264	Brimming with Life	381689	talent-passive	TraitNodeEntry	false	0	Rotational	class		103582	127855	2	Buff		cdm-only:CooldownSetSpell		api
Shaman	Restoration	264	Call of the Ancestors	443450	talent-passive	TraitNodeEntry	false	0	Rotational	hero	Farseer	94888	117485	1	Buff		cdm-only:CooldownSetSpell		api
Shaman	Restoration	264	Calm Waters	1252841	talent-passive	TraitNodeEntry	false	0	Rotational	spec		81019	101896	1					api
Shaman	Restoration	264	Coalescing Water	470076	talent-passive	TraitNodeEntry	false	0	Rotational	spec		81042	101925	1	Buff		cdm-only:CooldownSetSpell		api
Shaman	Restoration	264	Crashing Waves	1253090	talent-passive	TraitNodeEntry	false	0	Rotational	spec		110084	136583	1					api
Shaman	Restoration	264	Current Control	1253093	talent-passive	TraitNodeEntry	false	0	Rotational	spec		81038	101920	1					api
Shaman	Restoration	264	Deeply Rooted Elements	378270	talent-passive	TraitNodeEntry	false	0	Rotational	spec		81051	101937	1					api
Shaman	Restoration	264	Deluge	200076	talent-passive	TraitNodeEntry	false	0	Rotational	spec		81037	101919	1					api
Shaman	Restoration	264	Double Dip	1252882	talent-passive	TraitNodeEntry	false	0	Rotational	spec		104124	128703	1					api
Shaman	Restoration	264	Earthen Accord	1271104	talent-passive	TraitNodeEntry	false	0	Rotational	spec		110083	136582	1					api
Shaman	Restoration	264	Earthen Communion	443441	talent-passive	TraitNodeEntry	false	0	Rotational	hero	Farseer	94858	123631	1					api
Shaman	Restoration	264	Earthen Harmony	382020	talent-passive	TraitNodeEntry	false	0	Rotational	spec		103430	127674	1					api
Shaman	Restoration	264	Earthsurge	455590	talent-passive	TraitNodeEntry	false	0	Rotational	hero	Totemic	94881	125822	1					api
Shaman	Restoration	264	Earthweaver	1254210	talent-passive	TraitNodeEntry	false	0	Rotational	spec		81046	101931	1					api
Shaman	Restoration	264	Echo of the Elements	333919	talent-passive	TraitNodeEntry	false	0	Rotational	spec		81055	101942	1					api
Shaman	Restoration	264	Elemental Attunement	1263288	talent-passive	TraitNodeEntry	false	0	Rotational	hero	Totemic	109725	135983	1					api
Shaman	Restoration	264	Elemental Orbit	383010	talent-passive	TraitNodeEntry	false	0	Rotational	class		103602	127877	1					api
Shaman	Restoration	264	Elemental Resistance	462368	talent-passive	TraitNodeEntry	false	0	Rotational	class		103601	127876	1					api
Shaman	Restoration	264	Elemental Reverb	443418	talent-passive	TraitNodeEntry	false	0	Rotational	hero	Farseer	94869	117466	1					api
Shaman	Restoration	264	Elemental Warding	381650	talent-passive	TraitNodeEntry	false	0	Rotational	class		103586	127859	1					api
Shaman	Restoration	264	Encasing Cold	462762	talent-passive	TraitNodeEntry	false	0	Rotational	class		109493	135719	1	Buff		cdm-only:CooldownSetSpell		api
Shaman	Restoration	264	Enhanced Imbues	462796	talent-passive	TraitNodeEntry	false	0	Rotational	class		103606	127881	1					api
Shaman	Restoration	264	Final Calling	443446	talent-passive	TraitNodeEntry	false	0	Rotational	hero	Farseer	94875	117472	1					api
Shaman	Restoration	264	Fire and Ice	382886	talent-passive	TraitNodeEntry	false	0	Rotational	class		103605	127880	1					api
Shaman	Restoration	264	First Ascendant	462440	talent-passive	TraitNodeEntry	false	0	Rotational	spec		81033	101913	1					api
Shaman	Restoration	264	Flow of the Tides	382039	talent-passive	TraitNodeEntry	false	0	Rotational	spec		81031	101910	1					api
Shaman	Restoration	264	Graceful Spirit	192088	talent-passive	TraitNodeEntry	false	0	Rotational	class		103626	127908	1					api
Shaman	Restoration	264	Heed My Call	443444	talent-passive	TraitNodeEntry	false	0	Rotational	hero	Farseer	94884	117481	1					api
Shaman	Restoration	264	Imbuement Mastery	445028	talent-passive	TraitNodeEntry	false	0	Rotational	hero	Totemic	94871	117468	1					api
Shaman	Restoration	264	Improved Earthliving Weapon	382315	talent-passive	TraitNodeEntry	false	0	Rotational	spec		81050	101936	1					api
Shaman	Restoration	264	Improved Purify Spirit	383016	talent-passive	TraitNodeEntry	false	0	Rotational	class		81073	101964	1					api
Shaman	Restoration	264	Instinctive Imbuements	1270350	talent-passive	TraitNodeEntry	false	0	Rotational	class		109387	135591	1					api
Shaman	Restoration	264	Jet Stream	462817	talent-passive	TraitNodeEntry	false	0	Rotational	class		103607	127882	1					api
Shaman	Restoration	264	Latent Wisdom	443449	talent-passive	TraitNodeEntry	false	0	Rotational	hero	Farseer	94862	117459	1					api
Shaman	Restoration	264	Lively Totems	445034	talent-passive	TraitNodeEntry	false	0	Rotational	hero	Totemic	94882	117479	1					api
Shaman	Restoration	264	Living Stream	382482	talent-passive	TraitNodeEntry	false	0	Rotational	spec		81018	101895	1					api
Shaman	Restoration	264	Maelstrom Supremacy	443447	talent-passive	TraitNodeEntry	false	0	Rotational	hero	Farseer	94883	117480	1					api
Shaman	Restoration	264	Mana Spring	381930	talent-passive	TraitNodeEntry	false	0	Rotational	class		103587	127860	1					api
Shaman	Restoration	264	Mystic Knowledge	1270450	talent-passive	TraitNodeEntry	false	0	Rotational	hero	Farseer	109730	135988	1	Buff		cdm-only:CooldownSetSpell		api
Shaman	Restoration	264	Natural Harmony	443442	talent-passive	TraitNodeEntry	false	0	Rotational	hero	Farseer	94858	117455	1					api
Shaman	Restoration	264	Nature's Fury	381655	talent-passive	TraitNodeEntry	false	0	Rotational	class		103617	127894	2					api
Shaman	Restoration	264	Nature's Guardian	30884	talent-passive	TraitNodeEntry	false	0	Rotational	class		103613	127890	1					api
Shaman	Restoration	264	Offering from Beyond	443451	talent-passive	TraitNodeEntry	false	0	Rotational	hero	Farseer	94887	117484	1					api
Shaman	Restoration	264	Overflowing Shores	383222	talent-passive	TraitNodeEntry	false	0	Rotational	spec		92677	114813	1					api
Shaman	Restoration	264	Oversized Totems	445026	talent-passive	TraitNodeEntry	false	0	Rotational	hero	Totemic	94859	117456	1					api
Shaman	Restoration	264	Oversurge	445030	talent-passive	TraitNodeEntry	false	0	Rotational	hero	Totemic	94874	125823	1					api
Shaman	Restoration	264	Planes Traveler	381647	talent-passive	TraitNodeEntry	false	0	Rotational	class		103611	127888	1					api
Shaman	Restoration	264	Preeminence	462443	talent-passive	TraitNodeEntry	false	0	Rotational	spec		81033	135485	1					api
Shaman	Restoration	264	Primal Catalyst	1260874	talent-passive	TraitNodeEntry	false	0	Rotational	hero	Totemic	109724	135982	1					api
Shaman	Restoration	264	Primal Tide Core	382045	talent-passive	TraitNodeEntry	false	0	Rotational	spec		80976	101842	1					api
Shaman	Restoration	264	Primordial Bond	1279819	talent-passive	TraitNodeEntry	false	0	Rotational	class		103612	127889	1					api
Shaman	Restoration	264	Primordial Capacity	443448	talent-passive	TraitNodeEntry	false	0	Rotational	hero	Farseer	94860	117457	1					api
Shaman	Restoration	264	Pulse Capacitor	445032	talent-passive	TraitNodeEntry	false	0	Rotational	hero	Totemic	94866	117463	1					api
Shaman	Restoration	264	Quickstream	1253099	talent-passive	TraitNodeEntry	false	0	Rotational	spec		81048	101934	1					api
Shaman	Restoration	264	Reactive Warding	462454	talent-passive	TraitNodeEntry	false	0	Rotational	class		103593	136584	1					api
Shaman	Restoration	264	Refreshing Waters	378211	talent-passive	TraitNodeEntry	false	0	Rotational	class		103594	127869	1					api
Shaman	Restoration	264	Resurgence	16196	talent-passive	TraitNodeEntry	false	0	Rotational	spec		81024	101902	1					api
Shaman	Restoration	264	Rip Current	1254251	talent-passive	TraitNodeEntry	false	0	Rotational	spec		109301	135487	1					api
Shaman	Restoration	264	Routine Communication	443445	talent-passive	TraitNodeEntry	false	0	Rotational	hero	Farseer	94884	123630	1					api
Shaman	Restoration	264	Soothing Rain	1252874	talent-passive	TraitNodeEntry	false	0	Rotational	spec		103428	127672	1					api
Shaman	Restoration	264	Spirit Wolf	260878	talent-passive	TraitNodeEntry	false	0	Rotational	class		103581	127854	1	Buff		cdm-only:CooldownSetSpell		api
Shaman	Restoration	264	Spiritual Awakening	1270375	talent-passive	TraitNodeEntry	false	0	Rotational	class		110085	136585	1					api
Shaman	Restoration	264	Spiritwalker's Aegis	378077	talent-passive	TraitNodeEntry	false	0	Rotational	class		103626	127907	1	Other		cdm-only:CooldownSetSpell		api
Shaman	Restoration	264	Spiritwalker's Momentum	443425	talent-passive	TraitNodeEntry	false	0	Rotational	hero	Farseer	94861	117458	1					api
Shaman	Restoration	264	Splitstream	445035	talent-passive	TraitNodeEntry	false	0	Rotational	hero	Totemic	94872	117469	1					api
Shaman	Restoration	264	Spouting Spirits	462383	talent-passive	TraitNodeEntry	false	0	Rotational	spec		103915	128332	1					api
Shaman	Restoration	264	Static Charge	265046	talent-passive	TraitNodeEntry	false	0	Rotational	class		103618	127896	2					api
Shaman	Restoration	264	Stormstream Totem	1267016	talent-passive	TraitNodeEntry	false	0	Rotational	spec		110403	136977	1	Buff		talent-passive:TraitNodeEntry;cdm-only:CooldownSetSpell		api
Shaman	Restoration	264	Supportive Imbuements	445033	talent-passive	TraitNodeEntry	false	0	Rotational	hero	Totemic	94866	125824	1					api
Shaman	Restoration	264	Swift Recall	445027	talent-passive	TraitNodeEntry	false	0	Rotational	hero	Totemic	94859	125825	1					api
Shaman	Restoration	264	Therazane's Resilience	1217622	talent-passive	TraitNodeEntry	false	0	Rotational	class		103593	127868	1					api
Shaman	Restoration	264	Thunderous Paws	378075	talent-passive	TraitNodeEntry	false	0	Rotational	class		103581	127853	1	Buff		cdm-only:CooldownSetSpell		api
Shaman	Restoration	264	Tidal Waves	51564	talent-passive	TraitNodeEntry	false	0	Rotational	spec		81044	101928	1	Buff		cdm-only:CooldownSetSpell		api
Shaman	Restoration	264	Tidewaters	462424	talent-passive	TraitNodeEntry	false	0	Rotational	spec		103433	127679	1					api
Shaman	Restoration	264	Torrent	200072	talent-passive	TraitNodeEntry	false	0	Rotational	spec		103432	127678	1					api
Shaman	Restoration	264	Totemic Coordination	445036	talent-passive	TraitNodeEntry	false	0	Rotational	hero	Totemic	94881	117478	1					api
Shaman	Restoration	264	Totemic Focus	382201	talent-passive	TraitNodeEntry	false	0	Rotational	class		103625	127906	1					api
Shaman	Restoration	264	Totemic Momentum	1260644	talent-passive	TraitNodeEntry	false	0	Rotational	hero	Totemic	109726	135984	1					api
Shaman	Restoration	264	Totemic Rebound	445025	talent-passive	TraitNodeEntry	false	0	Rotational	hero	Totemic	94890	117487	1					api
Shaman	Restoration	264	Totemic Surge	381867	talent-passive	TraitNodeEntry	false	0	Rotational	class		109388	135592	1					api
Shaman	Restoration	264	Undercurrent	382194	talent-passive	TraitNodeEntry	false	0	Rotational	spec		81052	101939	2	Buff		cdm-only:CooldownSetSpell		api
Shaman	Restoration	264	Voodoo Mastery	204268	talent-passive	TraitNodeEntry	false	0	Rotational	class		103600	127875	1	Buff		cdm-only:CooldownSetSpell		api
Shaman	Restoration	264	Water Expulsion	1253014	talent-passive	TraitNodeEntry	false	0	Rotational	spec		103434	127680	1					api
Shaman	Restoration	264	Water Totem Mastery	382030	talent-passive	TraitNodeEntry	false	0	Rotational	spec		81021	101899	1					api
Shaman	Restoration	264	Wavespeaker's Blessing	381946	talent-passive	TraitNodeEntry	false	0	Rotational	spec		103427	127671	2					api
Shaman	Restoration	264	Whirling Elements	445024	talent-passive	TraitNodeEntry	false	0	Rotational	hero	Totemic	94879	117476	1					api
Shaman	Restoration	264	White Water	462587	talent-passive	TraitNodeEntry	false	0	Rotational	spec		81047	101932	1					api
Shaman	Restoration	264	Wind Barrier	445031	talent-passive	TraitNodeEntry	false	0	Rotational	hero	Totemic	94891	117488	1	Buff		cdm-only:CooldownSetSpell		api
Shaman	Restoration	264	Winds of Al'Akir	382215	talent-passive	TraitNodeEntry	false	0	Rotational	class		103614	127891	2					api
Shaman	Restoration	264	Windspeaker	1270447	talent-passive	TraitNodeEntry	false	0	Rotational	hero	Farseer	109731	135989	1					api
Shaman	Restoration	264	Windveil	355630	talent-passive	TraitNodeEntry	false	0	Rotational	class		103628	127910	1	Buff		cdm-only:CooldownSetSpell		api
Shaman	Restoration	264	Reincarnation	20608	cdm-only	CooldownSetSpell	false	1800	Cooldown						Utility				api
Shaman	Restoration	264	Lava Surge	77756	cdm-only	CooldownSetSpell	false	0	Rotational						Buff				api
Shaman	Restoration	264	Whirling Air	453409	cdm-only	CooldownSetSpell	true	0	Rotational						Buff				db2-template
Shaman	Restoration	264	Whirling Earth	453406	cdm-only	CooldownSetSpell	true	0	Rotational						Buff				db2-template
Shaman	Restoration	264	Whirling Water	453407	cdm-only	CooldownSetSpell	true	0	Rotational						Buff				db2-template
Shaman	Restoration	264	Wind Rush	192082	cdm-only	CooldownSetSpell	true	0	Rotational						Buff				db2-template
Warlock	Affliction	265	Fel Domination	333889	talent-active	TraitNodeEntry	true	180	Cooldown	class		71931	91439	1	Buff/Utility	Self-Heal 3 (Overflow)	cdm-only:CooldownSetSpell		api
Warlock	Affliction	265	Summon Darkglare	205180	talent-active	TraitNodeEntry	true	120	Cooldown	spec		72034	91554	1	Essential/Other	Cooldown 1	cdm-only:CooldownSetSpell		api
Warlock	Affliction	265	Dark Harvest	1257052	talent-active	TraitNodeEntry	true	60	Cooldown	spec		109860	136120	1	Essential		cdm-only:CooldownSetSpell		api
Warlock	Affliction	265	Dark Pact	108416	talent-active	TraitNodeEntry	true	60	Cooldown	class		71936	91444	1	Buff/Utility	Personal Defensive 1	cdm-only:CooldownSetSpell		api
Warlock	Affliction	265	Malevolence	442726	talent-active	TraitNodeEntry	true	60	Cooldown	hero	Hellcaller	94842	117439	1	Buff/Essential		cdm-only:CooldownSetSpell		api
Warlock	Affliction	265	Mortal Coil	6789	talent-active	TraitNodeEntry	true	45	Cooldown	class		71942	91452	1	Buff/Utility	Self-Heal 2	cdm-only:CooldownSetSpell		api
Warlock	Affliction	265	Haunt	48181	talent-active	TraitNodeEntry	true	15	Rotational	spec		72032	91552	1	Buff/Essential	Rotational 4	cdm-only:CooldownSetSpell		api
Warlock	Affliction	265	Demonic Gateway	111771	talent-active	TraitNodeEntry	true	10	Rotational	class		71955	91466	1	Essential	Movement Ability 2	cdm-only:CooldownSetSpell		api
Warlock	Affliction	265	Soulburn	385899	talent-active	TraitNodeEntry	true	6	Rotational	class		71957	91469	1	Buff	Class 7 (Raid Defensive)	cdm-only:CooldownSetSpell		api
Warlock	Affliction	265	Agony	980	talent-active	TraitNodeEntry	true	0	Rotational	spec		72049	91570	1	Buff/Essential	Rotational 2	cdm-only:CooldownSetSpell		api
Warlock	Affliction	265	Banish	710	talent-active	TraitNodeEntry	true	0	Rotational	class		71944	91454	1	Buff		cdm-only:CooldownSetSpell		api
Warlock	Affliction	265	Burning Rush	111400	talent-active	TraitNodeEntry	true	0	Rotational	class		71949	91460	1	Buff	Movement Ability	cdm-only:CooldownSetSpell		api
Warlock	Affliction	265	Curse of Exhaustion	334275	talent-active	TraitNodeEntry	true	0	Rotational	class		109847	136107	1	Buff	Slow	cdm-only:CooldownSetSpell		api
Warlock	Affliction	265	Curse of Tongues	1714	talent-active	TraitNodeEntry	true	0	Rotational	class		109846	136106	1	Buff	Class 2 (CC)	cdm-only:CooldownSetSpell		api
Warlock	Affliction	265	Demonic Circle	268358	talent-active	TraitNodeEntry	true	0	Rotational	class		100941	124694	1		Immune/Spell Immune/Movement			api
Warlock	Affliction	265	Seed of Corruption	27243	talent-active	TraitNodeEntry	true	0	Rotational	spec		72050	91571	1	Buff		cdm-only:CooldownSetSpell		api
Warlock	Affliction	265	Unstable Affliction	1259790	talent-active	TraitNodeEntry	true	0	Rotational	spec		109862	136122	1	Buff/Essential	Rotational 1	cdm-only:CooldownSetSpell		api
Warlock	Affliction	265	Wither	445468	talent-active	TraitNodeEntry	true	0	Rotational	hero	Hellcaller	94840	117437	1					api
Warlock	Affliction	265	Blight of Tongues	1271802	talent-choice	TraitNodeEntry	true	120	Cooldown	class		109848	136738	1	Buff/Essential	Class 4 (Special)	cdm-only:CooldownSetSpell		api
Warlock	Affliction	265	Blight of Weakness	1271748	talent-choice	TraitNodeEntry	true	120	Cooldown	class		109848	136108	1	Buff/Essential		cdm-only:CooldownSetSpell		api
Warlock	Affliction	265	Shadowfury	30283	talent-choice	TraitNodeEntry	true	60	Cooldown	class		71947	91457	1	Buff/Utility	CC	cdm-only:CooldownSetSpell		api
Warlock	Affliction	265	Howl of Terror	5484	talent-choice	TraitNodeEntry	true	40	Rotational	class		71947	91458	1	Buff/Utility		cdm-only:CooldownSetSpell		api
Warlock	Affliction	265	Grimoire of Sacrifice	108503	talent-choice	TraitNodeEntry	true	30	Rotational	spec		72037	124691	1	Buff		cdm-only:CooldownSetSpell		api
Warlock	Affliction	265	Ritual of Doom	342601	class-baseline	SkillLineAbility:849	true	3600	Cooldown										api
Warlock	Affliction	265	Soulstone	20707	class-baseline	SkillLineAbility:849	true	600	Cooldown						Utility	Class 8 (Lust/BRes)	cdm-only:CooldownSetSpell		api
Warlock	Affliction	265	Unending Resolve	104773	class-baseline	SkillLineAbility:849	true	180	Cooldown						Buff/Utility	Personal Defensive 2	cdm-only:CooldownSetSpell		api
Warlock	Affliction	265	Create Soulwell	29893	class-baseline	SkillLineAbility:849	true	120	Cooldown						Utility		cdm-only:CooldownSetSpell		api
Warlock	Affliction	265	Ritual of Summoning	698	class-baseline	SkillLineAbility:849	true	120	Cooldown										api
Warlock	Affliction	265	Thal'kiel's Consumption	211714	class-baseline	SkillLineAbility:849	true	45	Cooldown										api
Warlock	Affliction	265	Reap Souls	216698	class-baseline	SkillLineAbility:849	true	5	Rotational										api
Warlock	Affliction	265	Chaos Barrage	187394	class-baseline	SkillLineAbility:849	true	0	Rotational										api
Warlock	Affliction	265	Chaos Bolt	215279	class-baseline	SkillLineAbility:849	true	0	Rotational										api
Warlock	Affliction	265	Command Demon	119898	class-baseline	SkillLineAbility:849	true	0	Rotational						Utility	Interrupt	cdm-only:CooldownSetSpell		api
Warlock	Affliction	265	Control Demon	93375	class-baseline	SkillLineAbility:849	true	0	Rotational										api
Warlock	Affliction	265	Corruption	146739	class-baseline	SkillLineAbility:849	true	0	Rotational						Buff/Essential	Rotational 3	cdm-only:CooldownSetSpell		api
Warlock	Affliction	265	Create Healthstone	6201	class-baseline	SkillLineAbility:849	true	0	Rotational							Buff			api
Warlock	Affliction	265	Curse of Weakness	702	class-baseline	SkillLineAbility:849	true	0	Rotational						Buff	Class 3 (Tag)	cdm-only:CooldownSetSpell		api
Warlock	Affliction	265	Dimensional Rift	196586	class-baseline	SkillLineAbility:849	true	0	Rotational										api
Warlock	Affliction	265	Drain Life	234153	class-baseline	SkillLineAbility:849	true	0	Rotational							Self-Heal 1			api
Warlock	Affliction	265	Dreadsteed	23161	class-baseline	SkillLineAbility:849	true	0	Rotational										api
Warlock	Affliction	265	Eye of Kilrogg	126	class-baseline	SkillLineAbility:849	true	0	Rotational										api
Warlock	Affliction	265	Fear	5782	class-baseline	SkillLineAbility:849	true	0	Rotational						Buff	CC 2	cdm-only:CooldownSetSpell		api
Warlock	Affliction	265	Felsteed	5784	class-baseline	SkillLineAbility:849	true	0	Rotational										api
Warlock	Affliction	265	Shadow Bolt	686	class-baseline	SkillLineAbility:849	true	0	Rotational						Essential	Rotational 5	cdm-only:CooldownSetSpell		api
Warlock	Affliction	265	Single-Button Assistant	1229376	class-baseline	SpecializationSpells	true	0	Rotational										api
Warlock	Affliction	265	Soul Leech	108366	class-baseline	SkillLineAbility:849	true	0	Rotational								talent-passive:TraitNodeEntry		api
Warlock	Affliction	265	Subjugate Demon	1098	class-baseline	SkillLineAbility:849	true	0	Rotational										api
Warlock	Affliction	265	Summon Felhunter	691	class-baseline	SkillLineAbility:849	true	0	Rotational							Self-Heal 4 (Emergency/Overflow)			api
Warlock	Affliction	265	Summon Imp	688	class-baseline	SkillLineAbility:849	true	0	Rotational										api
Warlock	Affliction	265	Summon Sayaad	366222	class-baseline	SkillLineAbility:849	true	0	Rotational										api
Warlock	Affliction	265	Summon Voidwalker	697	class-baseline	SkillLineAbility:849	true	0	Rotational										api
Warlock	Affliction	265	Unending Breath	5697	class-baseline	SkillLineAbility:849	true	0	Rotational										api
Warlock	Affliction	265	Shadow Rift	353294	pvp-talent	PvpTalent	true	60	Cooldown						Utility		cdm-only:CooldownSetSpell		api
Warlock	Affliction	265	Soul Rip	410598	pvp-talent	PvpTalent	true	60	Cooldown						Essential		cdm-only:CooldownSetSpell		api
Warlock	Affliction	265	Nether Ward	212295	pvp-talent	PvpTalent	true	45	Cooldown						Buff/Utility		cdm-only:CooldownSetSpell		api
Warlock	Affliction	265	Bonds of Fel	353753	pvp-talent	PvpTalent	true	30	Rotational						Essential		cdm-only:CooldownSetSpell		api
Warlock	Affliction	265	Soul Swap	386951	pvp-talent	PvpTalent	true	30	Rotational						Essential		cdm-only:CooldownSetSpell		api
Warlock	Affliction	265	Bloodstones	1218692	pvp-talent	PvpTalent	false	0	Rotational										api
Warlock	Affliction	265	Essence Drain	221711	pvp-talent	PvpTalent	false	0	Rotational										api
Warlock	Affliction	265	Gateway Mastery	248855	pvp-talent	PvpTalent	false	0	Rotational										api
Warlock	Affliction	265	Impish Instincts	409835	pvp-talent	PvpTalent	false	0	Rotational										api
Warlock	Affliction	265	Jinx	426352	pvp-talent	PvpTalent	false	0	Rotational										api
Warlock	Affliction	265	Rot and Decay	212371	pvp-talent	PvpTalent	false	0	Rotational										api
Warlock	Affliction	265	Absolute Corruption	196103	talent-passive	TraitNodeEntry	false	0	Rotational	spec		72051	91572	1					api
Warlock	Affliction	265	Abyss Walker	389609	talent-passive	TraitNodeEntry	false	0	Rotational	class		71954	91465	1	Buff		cdm-only:CooldownSetSpell		api
Warlock	Affliction	265	Alzzin's Iniquity	1266803	talent-passive	TraitNodeEntry	false	0	Rotational	hero	Hellcaller	109834	136093	1					api
Warlock	Affliction	265	Aura of Enfeeblement	440059	talent-passive	TraitNodeEntry	false	0	Rotational	hero	Hellcaller	94822	123309	1					api
Warlock	Affliction	265	Blackened Soul	440043	talent-passive	TraitNodeEntry	false	0	Rotational	hero	Hellcaller	94837	117434	1					api
Warlock	Affliction	265	Bleakheart Tactics	440051	talent-passive	TraitNodeEntry	false	0	Rotational	hero	Hellcaller	94854	123310	1					api
Warlock	Affliction	265	Cascading Calamity	1261124	talent-passive	TraitNodeEntry	false	0	Rotational	spec		109855	136115	1	Buff		cdm-only:CooldownSetSpell		api
Warlock	Affliction	265	Contagion	453096	talent-passive	TraitNodeEntry	false	0	Rotational	spec		72041	91562	1					api
Warlock	Affliction	265	Creeping Death	264000	talent-passive	TraitNodeEntry	false	0	Rotational	spec		72058	91580	2					api
Warlock	Affliction	265	Cull the Weak	1259886	talent-passive	TraitNodeEntry	false	0	Rotational	spec		109859	136119	1					api
Warlock	Affliction	265	Cunning Cruelty	453172	talent-passive	TraitNodeEntry	false	0	Rotational	spec		72054	91576	1					api
Warlock	Affliction	265	Curse of the Satyr	440057	talent-passive	TraitNodeEntry	false	0	Rotational	hero	Hellcaller	94822	117419	1					api
Warlock	Affliction	265	Dark Accord	386659	talent-passive	TraitNodeEntry	false	0	Rotational	class		71956	91467	1					api
Warlock	Affliction	265	Death's Embrace	234876	talent-passive	TraitNodeEntry	false	0	Rotational	spec		72033	91553	1					api
Warlock	Affliction	265	Demon Skin	219272	talent-passive	TraitNodeEntry	false	0	Rotational	class		71952	91463	2					api
Warlock	Affliction	265	Demoniac's Fervor	449629	talent-passive	TraitNodeEntry	false	0	Rotational	hero	Soul Harvester	94832	117429	1					api
Warlock	Affliction	265	Demonic Embrace	288843	talent-passive	TraitNodeEntry	false	0	Rotational	class		71930	91438	1					api
Warlock	Affliction	265	Demonic Fortitude	386617	talent-passive	TraitNodeEntry	false	0	Rotational	class		71922	91430	1					api
Warlock	Affliction	265	Demonic Resilience	389590	talent-passive	TraitNodeEntry	false	0	Rotational	class		71917	91424	1					api
Warlock	Affliction	265	Demonic Soul	449614	talent-passive	TraitNodeEntry	false	0	Rotational	hero	Soul Harvester	94851	117448	1					api
Warlock	Affliction	265	Devil Fruit	1266805	talent-passive	TraitNodeEntry	false	0	Rotational	hero	Hellcaller	109835	136094	1					api
Warlock	Affliction	265	Drain Soul	388667	talent-passive	TraitNodeEntry	false	0	Rotational	spec		72045	124692	1					api
Warlock	Affliction	265	Empowered Drain Life	1271689	talent-passive	TraitNodeEntry	false	0	Rotational	class		110076	136573	1					api
Warlock	Affliction	265	Empowered Healthstone	1271699	talent-passive	TraitNodeEntry	false	0	Rotational	class		110075	136572	1					api
Warlock	Affliction	265	Eternal Hunger	1268903	talent-passive	TraitNodeEntry	false	0	Rotational	hero	Soul Harvester	109837	136096	1					api
Warlock	Affliction	265	Eternal Servitude	449707	talent-passive	TraitNodeEntry	false	0	Rotational	hero	Soul Harvester	94824	117421	1					api
Warlock	Affliction	265	Eye Contract	1279521	talent-passive	TraitNodeEntry	false	0	Rotational	spec		110270	136813	1					api
Warlock	Affliction	265	Fatal Echoes	1260229	talent-passive	TraitNodeEntry	false	0	Rotational	spec		109852	136112	1					api
Warlock	Affliction	265	Feast of Souls	449706	talent-passive	TraitNodeEntry	false	0	Rotational	hero	Soul Harvester	94823	123839	1					api
Warlock	Affliction	265	Fel Armor	386124	talent-passive	TraitNodeEntry	false	0	Rotational	class		71950	91461	2					api
Warlock	Affliction	265	Fel Pact	386113	talent-passive	TraitNodeEntry	false	0	Rotational	class		71932	91440	1					api
Warlock	Affliction	265	Fel Synergy	389367	talent-passive	TraitNodeEntry	false	0	Rotational	class		71924	91432	2					api
Warlock	Affliction	265	Fiendish Stride	386110	talent-passive	TraitNodeEntry	false	0	Rotational	class		71948	91459	1					api
Warlock	Affliction	265	Fortified Soul	1271694	talent-passive	TraitNodeEntry	false	0	Rotational	class		110074	136571	1					api
Warlock	Affliction	265	Foul Mouth	1265813	talent-passive	TraitNodeEntry	false	0	Rotational	class		109840	136100	1					api
Warlock	Affliction	265	Frequent Donor	386686	talent-passive	TraitNodeEntry	false	0	Rotational	class		71937	91445	1					api
Warlock	Affliction	265	Frequent Traveler	1265801	talent-passive	TraitNodeEntry	false	0	Rotational	class		109841	136101	1					api
Warlock	Affliction	265	Friends In Dark Places	449703	talent-passive	TraitNodeEntry	false	0	Rotational	hero	Soul Harvester	94850	123840	1					api
Warlock	Affliction	265	Gorebound Fortitude	449701	talent-passive	TraitNodeEntry	false	0	Rotational	hero	Soul Harvester	94850	117447	1					api
Warlock	Affliction	265	Gorefiend's Avarice	1270701	talent-passive	TraitNodeEntry	false	0	Rotational	class		71923	91431	1					api
Warlock	Affliction	265	Gorefiend's Resolve	389623	talent-passive	TraitNodeEntry	false	0	Rotational	hero	Soul Harvester	94824	123838	1					api
Warlock	Affliction	265	Hatefury Rituals	440048	talent-passive	TraitNodeEntry	false	0	Rotational	hero	Hellcaller	94854	117451	1					api
Warlock	Affliction	265	Horrify	56244	talent-passive	TraitNodeEntry	false	0	Rotational	class		71916	115459	1					api
Warlock	Affliction	265	Ichor of Devils	386664	talent-passive	TraitNodeEntry	false	0	Rotational	class		71937	91446	1					api
Warlock	Affliction	265	Illhoof's Design	440070	talent-passive	TraitNodeEntry	false	0	Rotational	hero	Hellcaller	94835	123308	1					api
Warlock	Affliction	265	Improved Haunt	458034	talent-passive	TraitNodeEntry	false	0	Rotational	spec		102031	126064	1					api
Warlock	Affliction	265	Improved Mortal Coil	1265816	talent-passive	TraitNodeEntry	false	0	Rotational	class		109845	136105	1					api
Warlock	Affliction	265	Improved Shadow Bolt	453080	talent-passive	TraitNodeEntry	false	0	Rotational	spec		72045	91566	1					api
Warlock	Affliction	265	Infernal Beneficiary	1265810	talent-passive	TraitNodeEntry	false	0	Rotational	class		109844	136104	1					api
Warlock	Affliction	265	Malediction	453087	talent-passive	TraitNodeEntry	false	0	Rotational	spec		72046	91567	1					api
Warlock	Affliction	265	Malefic Grasp	1261149	talent-passive	TraitNodeEntry	false	0	Rotational	spec		109858	136118	1					api
Warlock	Affliction	265	Manifested Avarice	1268884	talent-passive	TraitNodeEntry	false	0	Rotational	hero	Soul Harvester	109839	136098	1					api
Warlock	Affliction	265	Mark of Peroth'arn	440045	talent-passive	TraitNodeEntry	false	0	Rotational	hero	Hellcaller	94844	117441	1					api
Warlock	Affliction	265	Mark of Xavius	440046	talent-passive	TraitNodeEntry	false	0	Rotational	hero	Hellcaller	94834	117431	1					api
Warlock	Affliction	265	Necrolyte Teachings	449620	talent-passive	TraitNodeEntry	false	0	Rotational	hero	Soul Harvester	94825	117422	1					api
Warlock	Affliction	265	Nether Plating	1280733	talent-passive	TraitNodeEntry	false	0	Rotational	spec		71987	91504	1					api
Warlock	Affliction	265	Nightfall	108558	talent-passive	TraitNodeEntry	false	0	Rotational	spec		72047	91568	1	Buff		cdm-only:CooldownSetSpell		api
Warlock	Affliction	265	Nightmare	386648	talent-passive	TraitNodeEntry	false	0	Rotational	class		71916	91422	1					api
Warlock	Affliction	265	Niskaran Methods	1279510	talent-passive	TraitNodeEntry	false	0	Rotational	spec		109863	136123	1					api
Warlock	Affliction	265	Nocturnal Yield	1260271	talent-passive	TraitNodeEntry	false	0	Rotational	spec		109851	136111	1					api
Warlock	Affliction	265	Oppressive Darkness	1270255	talent-passive	TraitNodeEntry	false	0	Rotational	class		71941	91451	1					api
Warlock	Affliction	265	Pact of Gluttony	386689	talent-passive	TraitNodeEntry	false	0	Rotational	class		71926	91434	1					api
Warlock	Affliction	265	Pact of the Annihilan	1270693	talent-passive	TraitNodeEntry	false	0	Rotational	class		110071	136568	1					api
Warlock	Affliction	265	Pact of the Eredar	1270695	talent-passive	TraitNodeEntry	false	0	Rotational	class		109843	136103	1					api
Warlock	Affliction	265	Pact of the Nathrezim	1270690	talent-passive	TraitNodeEntry	false	0	Rotational	class		110073	136570	1					api
Warlock	Affliction	265	Pact of the Satyr	1270691	talent-passive	TraitNodeEntry	false	0	Rotational	class		110072	136569	1					api
Warlock	Affliction	265	Patient Zero	1260285	talent-passive	TraitNodeEntry	false	0	Rotational	spec		109853	136113	1					api
Warlock	Affliction	265	Potent Soul Shards	1259815	talent-passive	TraitNodeEntry	false	0	Rotational	spec		109864	136124	1					api
Warlock	Affliction	265	Practiced Pestilence	1259811	talent-passive	TraitNodeEntry	false	0	Rotational	spec		110269	136812	1					api
Warlock	Affliction	265	Quietus	449634	talent-passive	TraitNodeEntry	false	0	Rotational	hero	Soul Harvester	94846	117443	1					api
Warlock	Affliction	265	Ravenous Afflictions	459440	talent-passive	TraitNodeEntry	false	0	Rotational	spec		102247	126303	1					api
Warlock	Affliction	265	Sacrolash's Dark Strike	386986	talent-passive	TraitNodeEntry	false	0	Rotational	spec		109850	136110	1					api
Warlock	Affliction	265	Sataiel's Volition	449637	talent-passive	TraitNodeEntry	false	0	Rotational	hero	Soul Harvester	94838	117435	1					api
Warlock	Affliction	265	Seeds of Destruction	1259838	talent-passive	TraitNodeEntry	false	0	Rotational	spec		109866	136126	2					api
Warlock	Affliction	265	Seeds of Their Demise	440055	talent-passive	TraitNodeEntry	false	0	Rotational	hero	Hellcaller	94829	117426	1					api
Warlock	Affliction	265	Shadow of Death	449638	talent-passive	TraitNodeEntry	false	0	Rotational	hero	Soul Harvester	94857	117454	1					api
Warlock	Affliction	265	Shadow of Nathreza	1261984	talent-passive	TraitNodeEntry	false	0	Rotational	spec		110405	136983	1			talent-passive:TraitNodeEntry		api
Warlock	Affliction	265	Shard Instability	1260264	talent-passive	TraitNodeEntry	false	0	Rotational	spec		109857	136117	1	Buff		cdm-only:CooldownSetSpell		api
Warlock	Affliction	265	Shared Agony	1259825	talent-passive	TraitNodeEntry	false	0	Rotational	spec		109861	136121	1					api
Warlock	Affliction	265	Shared Fate	449704	talent-passive	TraitNodeEntry	false	0	Rotational	hero	Soul Harvester	94823	117420	1					api
Warlock	Affliction	265	Shared Vessel	1268889	talent-passive	TraitNodeEntry	false	0	Rotational	hero	Soul Harvester	109838	136097	1					api
Warlock	Affliction	265	Siphon Life	452999	talent-passive	TraitNodeEntry	false	0	Rotational	spec		72051	124693	1					api
Warlock	Affliction	265	Soul Anathema	449624	talent-passive	TraitNodeEntry	false	0	Rotational	hero	Soul Harvester	94847	117444	1					api
Warlock	Affliction	265	Soul Link	108415	talent-passive	TraitNodeEntry	false	0	Rotational	class		109842	136102	2					api
Warlock	Affliction	265	Sow the Seeds	196226	talent-passive	TraitNodeEntry	false	0	Rotational	spec		109854	136114	1					api
Warlock	Affliction	265	Strength of Will	317138	talent-passive	TraitNodeEntry	false	0	Rotational	class		71956	91468	1					api
Warlock	Affliction	265	Sudden Onset	1260209	talent-passive	TraitNodeEntry	false	0	Rotational	spec		109849	136109	1					api
Warlock	Affliction	265	Summoner's Embrace	453105	talent-passive	TraitNodeEntry	false	0	Rotational	spec		72037	91558	1					api
Warlock	Affliction	265	Swift Artifice	452902	talent-passive	TraitNodeEntry	false	0	Rotational	class		71918	91425	1					api
Warlock	Affliction	265	Teachings of the Black Harvest	385881	talent-passive	TraitNodeEntry	false	0	Rotational	class		71938	91447	1					api
Warlock	Affliction	265	Through the Felvine	1266799	talent-passive	TraitNodeEntry	false	0	Rotational	hero	Hellcaller	109836	136095	1					api
Warlock	Affliction	265	Wicked Reaping	449631	talent-passive	TraitNodeEntry	false	0	Rotational	hero	Soul Harvester	94821	117418	1					api
Warlock	Affliction	265	Withering Bolt	386976	talent-passive	TraitNodeEntry	false	0	Rotational	spec		72055	91577	2					api
Warlock	Affliction	265	Xalan's Cruelty	440040	talent-passive	TraitNodeEntry	false	0	Rotational	hero	Hellcaller	94845	117442	1					api
Warlock	Affliction	265	Xalan's Ferocity	440044	talent-passive	TraitNodeEntry	false	0	Rotational	hero	Hellcaller	94853	117450	1					api
Warlock	Affliction	265	Xavius' Gambit	416615	talent-passive	TraitNodeEntry	false	0	Rotational	spec		109865	136125	2					api
Warlock	Affliction	265	Zevrim's Resilience	440065	talent-passive	TraitNodeEntry	false	0	Rotational	hero	Hellcaller	94835	117432	1					api
Warlock	Affliction	265	Demonic Circle: Teleport	48020	cdm-only	CooldownSetSpell	true	30	Rotational						Utility	Taunt/Quick Access			db2-plain
Warlock	Affliction	265	Soulburn: Demonic Circle	387633	cdm-only	CooldownSetSpell	true	0	Rotational						Buff				db2-template+redirect
Warlock	Affliction	265	Succulent Soul	449793	cdm-only	CooldownSetSpell	true	0	Rotational						Buff				db2-template+redirect
Warlock	Affliction	265	Summon Desperate Soul	1262094	cdm-only	CooldownSetSpell	true	0	Rotational						Buff				db2-template+redirect
Warlock	Demonology	266	Fel Domination	333889	talent-active	TraitNodeEntry	true	180	Cooldown	class		71931	91439	1	Buff/Utility	Self-Heal 3 (Overflow)	cdm-only:CooldownSetSpell		api
Warlock	Demonology	266	Summon Doomguard	1276672	talent-active	TraitNodeEntry	true	120	Cooldown	spec		101917	125863	1	Buff/Essential		cdm-only:CooldownSetSpell		api
Warlock	Demonology	266	Dark Pact	108416	talent-active	TraitNodeEntry	true	60	Cooldown	class		71936	91444	1	Buff/Utility	Personal Defensive 1	cdm-only:CooldownSetSpell		api
Warlock	Demonology	266	Summon Demonic Tyrant	265187	talent-active	TraitNodeEntry	true	60	Cooldown	spec		101905	125850	1	Essential/Other	Cooldown 1	cdm-only:CooldownSetSpell		api
Warlock	Demonology	266	Mortal Coil	6789	talent-active	TraitNodeEntry	true	45	Cooldown	class		71942	91452	1	Buff/Utility	Self-Heal 2	cdm-only:CooldownSetSpell		api
Warlock	Demonology	266	Call Dreadstalkers	104316	talent-active	TraitNodeEntry	true	20	Rotational	spec		101894	125837	1	Essential/Other	Rotational 2	cdm-only:CooldownSetSpell		api
Warlock	Demonology	266	Demonic Gateway	111771	talent-active	TraitNodeEntry	true	10	Rotational	class		71955	91466	1	Essential	Movement Ability 2	cdm-only:CooldownSetSpell		api
Warlock	Demonology	266	Soulburn	385899	talent-active	TraitNodeEntry	true	6	Rotational	class		71957	91469	1	Buff	Class 7 (Raid Defensive)	cdm-only:CooldownSetSpell		api
Warlock	Demonology	266	Banish	710	talent-active	TraitNodeEntry	true	0	Rotational	class		71944	91454	1	Buff	Class 5 (Purge)	cdm-only:CooldownSetSpell		api
Warlock	Demonology	266	Burning Rush	111400	talent-active	TraitNodeEntry	true	0	Rotational	class		71949	91460	1		Movement Ability			api
Warlock	Demonology	266	Curse of Exhaustion	334275	talent-active	TraitNodeEntry	true	0	Rotational	class		109847	136107	1	Buff	Slow	cdm-only:CooldownSetSpell		api
Warlock	Demonology	266	Curse of Tongues	1714	talent-active	TraitNodeEntry	true	0	Rotational	class		109846	136106	1	Buff	Class 2 (CC)	cdm-only:CooldownSetSpell		api
Warlock	Demonology	266	Demonic Circle	268358	talent-active	TraitNodeEntry	true	0	Rotational	class		100941	124694	1		Immune/Spell Immune/Movement			api
Warlock	Demonology	266	Hand of Gul'dan	105174	talent-active	TraitNodeEntry	true	0	Rotational	spec		101891	125834	1	Essential	Rotational 3	cdm-only:CooldownSetSpell		api
Warlock	Demonology	266	Summon Felguard	30146	talent-active	TraitNodeEntry	true	0	Rotational	spec		109257	135319	1		Self-Heal 4 (Emergency/Overflow)			api
Warlock	Demonology	266	Blight of Tongues	1271802	talent-choice	TraitNodeEntry	true	120	Cooldown	class		109848	136738	1	Buff/Essential	Class 4 (Special)	cdm-only:CooldownSetSpell		api
Warlock	Demonology	266	Blight of Weakness	1271748	talent-choice	TraitNodeEntry	true	120	Cooldown	class		109848	136108	1	Buff/Essential		cdm-only:CooldownSetSpell		api
Warlock	Demonology	266	Grimoire: Fel Ravager	1276467	talent-choice	TraitNodeEntry	true	120	Cooldown	spec		110197	136725	1	Buff/Essential		cdm-only:CooldownSetSpell		api
Warlock	Demonology	266	Grimoire: Imp Lord	1276452	talent-choice	TraitNodeEntry	true	120	Cooldown	spec		110197	136726	1	Buff/Essential		cdm-only:CooldownSetSpell		api
Warlock	Demonology	266	Shadowfury	30283	talent-choice	TraitNodeEntry	true	60	Cooldown	class		71947	91457	1	Buff/Utility	CC	cdm-only:CooldownSetSpell		api
Warlock	Demonology	266	Howl of Terror	5484	talent-choice	TraitNodeEntry	true	40	Rotational	class		71947	91458	1	Buff/Utility		cdm-only:CooldownSetSpell		api
Warlock	Demonology	266	Power Siphon	264130	talent-choice	TraitNodeEntry	true	30	Rotational	spec		101893	136731	1	Essential		cdm-only:CooldownSetSpell		api
Warlock	Demonology	266	Implosion	196277	talent-choice	TraitNodeEntry	true	15	Rotational	spec		101893	125836	1	Essential		cdm-only:CooldownSetSpell		api
Warlock	Demonology	266	Ritual of Doom	342601	class-baseline	SkillLineAbility:849	true	3600	Cooldown										api
Warlock	Demonology	266	Soulstone	20707	class-baseline	SkillLineAbility:849	true	600	Cooldown						Utility	Class 8 (Lust/BRes)	cdm-only:CooldownSetSpell		api
Warlock	Demonology	266	Unending Resolve	104773	class-baseline	SkillLineAbility:849	true	180	Cooldown						Buff/Utility	Personal Defensive 2	cdm-only:CooldownSetSpell		api
Warlock	Demonology	266	Create Soulwell	29893	class-baseline	SkillLineAbility:849	true	120	Cooldown						Utility		cdm-only:CooldownSetSpell		api
Warlock	Demonology	266	Ritual of Summoning	698	class-baseline	SkillLineAbility:849	true	120	Cooldown										api
Warlock	Demonology	266	Thal'kiel's Consumption	211714	class-baseline	SkillLineAbility:849	true	45	Cooldown										api
Warlock	Demonology	266	Reap Souls	216698	class-baseline	SkillLineAbility:849	true	5	Rotational										api
Warlock	Demonology	266	Chaos Barrage	187394	class-baseline	SkillLineAbility:849	true	0	Rotational										api
Warlock	Demonology	266	Chaos Bolt	215279	class-baseline	SkillLineAbility:849	true	0	Rotational										api
Warlock	Demonology	266	Command Demon	119898	class-baseline	SkillLineAbility:849	true	0	Rotational						Utility	Interrupt	cdm-only:CooldownSetSpell		api
Warlock	Demonology	266	Control Demon	93375	class-baseline	SkillLineAbility:849	true	0	Rotational										api
Warlock	Demonology	266	Corruption	146739	class-baseline	SkillLineAbility:849	true	0	Rotational										api
Warlock	Demonology	266	Create Healthstone	6201	class-baseline	SkillLineAbility:849	true	0	Rotational							Buff			api
Warlock	Demonology	266	Curse of Weakness	702	class-baseline	SkillLineAbility:849	true	0	Rotational						Buff	Class 3 (Tag)	cdm-only:CooldownSetSpell		api
Warlock	Demonology	266	Dimensional Rift	196586	class-baseline	SkillLineAbility:849	true	0	Rotational										api
Warlock	Demonology	266	Drain Life	234153	class-baseline	SkillLineAbility:849	true	0	Rotational							Self-Heal 1			api
Warlock	Demonology	266	Dreadsteed	23161	class-baseline	SkillLineAbility:849	true	0	Rotational										api
Warlock	Demonology	266	Eye of Kilrogg	126	class-baseline	SkillLineAbility:849	true	0	Rotational										api
Warlock	Demonology	266	Fear	5782	class-baseline	SkillLineAbility:849	true	0	Rotational						Buff	CC 2	cdm-only:CooldownSetSpell		api
Warlock	Demonology	266	Felsteed	5784	class-baseline	SkillLineAbility:849	true	0	Rotational										api
Warlock	Demonology	266	Shadow Bolt	686	class-baseline	SkillLineAbility:849	true	0	Rotational						Essential	Rotational 1	cdm-only:CooldownSetSpell		api
Warlock	Demonology	266	Single-Button Assistant	1229376	class-baseline	SpecializationSpells	true	0	Rotational										api
Warlock	Demonology	266	Soul Leech	108366	class-baseline	SkillLineAbility:849	true	0	Rotational								talent-passive:TraitNodeEntry		api
Warlock	Demonology	266	Subjugate Demon	1098	class-baseline	SkillLineAbility:849	true	0	Rotational										api
Warlock	Demonology	266	Summon Felhunter	691	class-baseline	SkillLineAbility:849	true	0	Rotational										api
Warlock	Demonology	266	Summon Imp	688	class-baseline	SkillLineAbility:849	true	0	Rotational										api
Warlock	Demonology	266	Summon Sayaad	366222	class-baseline	SkillLineAbility:849	true	0	Rotational										api
Warlock	Demonology	266	Summon Voidwalker	697	class-baseline	SkillLineAbility:849	true	0	Rotational										api
Warlock	Demonology	266	Unending Breath	5697	class-baseline	SkillLineAbility:849	true	0	Rotational										api
Warlock	Demonology	266	Call Fel Lord	212459	pvp-talent	PvpTalent	true	120	Cooldown						Essential		cdm-only:CooldownSetSpell		api
Warlock	Demonology	266	Shadow Rift	353294	pvp-talent	PvpTalent	true	60	Cooldown						Utility		cdm-only:CooldownSetSpell		api
Warlock	Demonology	266	Soul Rip	410598	pvp-talent	PvpTalent	true	60	Cooldown						Essential		cdm-only:CooldownSetSpell		api
Warlock	Demonology	266	Nether Ward	212295	pvp-talent	PvpTalent	true	45	Cooldown						Buff/Utility		cdm-only:CooldownSetSpell		api
Warlock	Demonology	266	Bonds of Fel	353753	pvp-talent	PvpTalent	true	30	Rotational						Essential		cdm-only:CooldownSetSpell		api
Warlock	Demonology	266	Bloodstones	1218692	pvp-talent	PvpTalent	false	0	Rotational										api
Warlock	Demonology	266	Gateway Mastery	248855	pvp-talent	PvpTalent	false	0	Rotational										api
Warlock	Demonology	266	Impish Instincts	409835	pvp-talent	PvpTalent	false	0	Rotational										api
Warlock	Demonology	266	Abyss Walker	389609	talent-passive	TraitNodeEntry	false	0	Rotational	class		71954	91465	1	Buff		cdm-only:CooldownSetSpell		api
Warlock	Demonology	266	Abyssal Dominion	429581	talent-passive	TraitNodeEntry	false	0	Rotational	hero	Diabolist	94831	117428	1					api
Warlock	Demonology	266	Annihilan's Bellow	429072	talent-passive	TraitNodeEntry	false	0	Rotational	hero	Diabolist	94836	118837	1					api
Warlock	Demonology	266	Antoran Armaments	1250921	talent-passive	TraitNodeEntry	false	0	Rotational	spec		109241	135303	1					api
Warlock	Demonology	266	Blighted Maw	1276956	talent-passive	TraitNodeEntry	false	0	Rotational	spec		109248	135310	1					api
Warlock	Demonology	266	Carnivorous Stalkers	386194	talent-passive	TraitNodeEntry	false	0	Rotational	spec		101887	125829	2					api
Warlock	Demonology	266	Cloven Souls	428517	talent-passive	TraitNodeEntry	false	0	Rotational	hero	Diabolist	94849	117446	1					api
Warlock	Demonology	266	Cruelty of Kerxan	429902	talent-passive	TraitNodeEntry	false	0	Rotational	hero	Diabolist	94848	117445	1					api
Warlock	Demonology	266	Dark Accord	386659	talent-passive	TraitNodeEntry	false	0	Rotational	class		71956	91467	1					api
Warlock	Demonology	266	Demon Skin	219272	talent-passive	TraitNodeEntry	false	0	Rotational	class		71952	91463	2					api
Warlock	Demonology	266	Demoniac	426115	talent-passive	TraitNodeEntry	false	0	Rotational	spec		109244	135306	1					api
Warlock	Demonology	266	Demoniac's Fervor	449629	talent-passive	TraitNodeEntry	false	0	Rotational	hero	Soul Harvester	94832	117429	1					api
Warlock	Demonology	266	Demonic Brutality	453908	talent-passive	TraitNodeEntry	false	0	Rotational	spec		101920	125866	1					api
Warlock	Demonology	266	Demonic Calling	1276947	talent-passive	TraitNodeEntry	false	0	Rotational	spec		101903	125848	2					api
Warlock	Demonology	266	Demonic Embrace	288843	talent-passive	TraitNodeEntry	false	0	Rotational	class		71930	91438	1					api
Warlock	Demonology	266	Demonic Fortitude	386617	talent-passive	TraitNodeEntry	false	0	Rotational	class		71922	91430	1					api
Warlock	Demonology	266	Demonic Knowledge	386185	talent-passive	TraitNodeEntry	false	0	Rotational	spec		109249	135311	2					api
Warlock	Demonology	266	Demonic Resilience	389590	talent-passive	TraitNodeEntry	false	0	Rotational	class		71917	91424	1					api
Warlock	Demonology	266	Demonic Soul	449614	talent-passive	TraitNodeEntry	false	0	Rotational	hero	Soul Harvester	94851	117448	1					api
Warlock	Demonology	266	Diabolic Oculi	1268709	talent-passive	TraitNodeEntry	false	0	Rotational	hero	Diabolist	109833	136092	1					api
Warlock	Demonology	266	Diabolic Ritual	428514	talent-passive	TraitNodeEntry	false	0	Rotational	hero	Diabolist	94855	117452	1	Buff		cdm-only:CooldownSetSpell		api
Warlock	Demonology	266	Dominant Hand	1276433	talent-passive	TraitNodeEntry	false	0	Rotational	spec		110195	136723	1					api
Warlock	Demonology	266	Dominion of Argus	1276163	talent-passive	TraitNodeEntry	false	0	Rotational	spec		110404	136980	1	Other		talent-passive:TraitNodeEntry;cdm-only:CooldownSetSpell		api
Warlock	Demonology	266	Doom	460551	talent-passive	TraitNodeEntry	false	0	Rotational	spec		110200	136729	1	Buff		cdm-only:CooldownSetSpell		api
Warlock	Demonology	266	Dreadlash	264078	talent-passive	TraitNodeEntry	false	0	Rotational	spec		101888	125830	1					api
Warlock	Demonology	266	Empowered Drain Life	1271689	talent-passive	TraitNodeEntry	false	0	Rotational	class		110076	136573	1					api
Warlock	Demonology	266	Empowered Felstorm	1279575	talent-passive	TraitNodeEntry	false	0	Rotational	spec		110192	136720	1					api
Warlock	Demonology	266	Empowered Healthstone	1271699	talent-passive	TraitNodeEntry	false	0	Rotational	class		110075	136572	1					api
Warlock	Demonology	266	Eternal Hunger	1268903	talent-passive	TraitNodeEntry	false	0	Rotational	hero	Soul Harvester	109837	136096	1					api
Warlock	Demonology	266	Eternal Servitude	449707	talent-passive	TraitNodeEntry	false	0	Rotational	hero	Soul Harvester	94824	117421	1					api
Warlock	Demonology	266	Feast of Souls	449706	talent-passive	TraitNodeEntry	false	0	Rotational	hero	Soul Harvester	94823	123839	1					api
Warlock	Demonology	266	Fel Armaments	1263935	talent-passive	TraitNodeEntry	false	0	Rotational	spec		109936	136229	1					api
Warlock	Demonology	266	Fel Armor	386124	talent-passive	TraitNodeEntry	false	0	Rotational	class		71950	91461	2					api
Warlock	Demonology	266	Fel Intellect	1250372	talent-passive	TraitNodeEntry	false	0	Rotational	spec		109250	135312	1					api
Warlock	Demonology	266	Fel Pact	386113	talent-passive	TraitNodeEntry	false	0	Rotational	class		71932	91440	1					api
Warlock	Demonology	266	Fel Synergy	389367	talent-passive	TraitNodeEntry	false	0	Rotational	class		71924	91432	2					api
Warlock	Demonology	266	Fiendish Stride	386110	talent-passive	TraitNodeEntry	false	0	Rotational	class		71948	91459	1					api
Warlock	Demonology	266	Flames of Xoroth	429657	talent-passive	TraitNodeEntry	false	0	Rotational	hero	Diabolist	94833	117430	1					api
Warlock	Demonology	266	Flametouched	453699	talent-passive	TraitNodeEntry	false	0	Rotational	spec		101909	125855	1					api
Warlock	Demonology	266	Fortified Soul	1271694	talent-passive	TraitNodeEntry	false	0	Rotational	class		110074	136571	1					api
Warlock	Demonology	266	Foul Mouth	1265813	talent-passive	TraitNodeEntry	false	0	Rotational	class		109840	136100	1					api
Warlock	Demonology	266	Frequent Donor	386686	talent-passive	TraitNodeEntry	false	0	Rotational	class		71937	91445	1					api
Warlock	Demonology	266	Frequent Traveler	1265801	talent-passive	TraitNodeEntry	false	0	Rotational	class		109841	136101	1					api
Warlock	Demonology	266	Friends In Dark Places	449703	talent-passive	TraitNodeEntry	false	0	Rotational	hero	Soul Harvester	94850	123840	1					api
Warlock	Demonology	266	Gloom of Nathreza	429899	talent-passive	TraitNodeEntry	false	0	Rotational	hero	Diabolist	94843	117440	1					api
Warlock	Demonology	266	Gorebound Fortitude	449701	talent-passive	TraitNodeEntry	false	0	Rotational	hero	Soul Harvester	94850	117447	1					api
Warlock	Demonology	266	Gorefiend's Avarice	1270701	talent-passive	TraitNodeEntry	false	0	Rotational	class		71923	91431	1					api
Warlock	Demonology	266	Gorefiend's Resolve	389623	talent-passive	TraitNodeEntry	false	0	Rotational	hero	Soul Harvester	94824	123838	1					api
Warlock	Demonology	266	Hellbent Commander	1250897	talent-passive	TraitNodeEntry	false	0	Rotational	spec		110198	136727	1					api
Warlock	Demonology	266	Horrify	56244	talent-passive	TraitNodeEntry	false	0	Rotational	class		71916	115459	1					api
Warlock	Demonology	266	Ichor of Devils	386664	talent-passive	TraitNodeEntry	false	0	Rotational	class		71937	91446	1					api
Warlock	Demonology	266	Imp Gang Boss	1250768	talent-passive	TraitNodeEntry	false	0	Rotational	spec		109253	135315	1					api
Warlock	Demonology	266	Imp-erator	416230	talent-passive	TraitNodeEntry	false	0	Rotational	spec		101923	125869	1					api
Warlock	Demonology	266	Improved Demonic Tactics	453800	talent-passive	TraitNodeEntry	false	0	Rotational	spec		101892	125835	1					api
Warlock	Demonology	266	Improved Mortal Coil	1265816	talent-passive	TraitNodeEntry	false	0	Rotational	class		109845	136105	1					api
Warlock	Demonology	266	Infernal Beneficiary	1265810	talent-passive	TraitNodeEntry	false	0	Rotational	class		109844	136104	1					api
Warlock	Demonology	266	Infernal Bulwark	429130	talent-passive	TraitNodeEntry	false	0	Rotational	hero	Diabolist	94852	118839	1					api
Warlock	Demonology	266	Infernal Machine	429917	talent-passive	TraitNodeEntry	false	0	Rotational	hero	Diabolist	94848	118838	1					api
Warlock	Demonology	266	Infernal Rapidity	1263941	talent-passive	TraitNodeEntry	false	0	Rotational	spec		109934	136227	1					api
Warlock	Demonology	266	Infernal Vitality	429115	talent-passive	TraitNodeEntry	false	0	Rotational	hero	Diabolist	94852	117449	1					api
Warlock	Demonology	266	Inner Demons	267216	talent-passive	TraitNodeEntry	false	0	Rotational	spec		110194	136722	1					api
Warlock	Demonology	266	Looks That Kill	1268713	talent-passive	TraitNodeEntry	false	0	Rotational	hero	Diabolist	109832	136091	1					api
Warlock	Demonology	266	Manifested Avarice	1268884	talent-passive	TraitNodeEntry	false	0	Rotational	hero	Soul Harvester	109839	136098	1					api
Warlock	Demonology	266	Mark of F'harg	455450	talent-passive	TraitNodeEntry	false	0	Rotational	spec		101895	125838	1					api
Warlock	Demonology	266	Mark of Shatug	455449	talent-passive	TraitNodeEntry	false	0	Rotational	spec		101895	125839	1					api
Warlock	Demonology	266	Master Summoner	1240189	talent-passive	TraitNodeEntry	false	0	Rotational	spec		101908	125854	1					api
Warlock	Demonology	266	Mind's Eyes	1268716	talent-passive	TraitNodeEntry	false	0	Rotational	hero	Diabolist	109831	136090	1	Buff		cdm-only:CooldownSetSpell		api
Warlock	Demonology	266	Necrolyte Teachings	449620	talent-passive	TraitNodeEntry	false	0	Rotational	hero	Soul Harvester	94825	117422	1					api
Warlock	Demonology	266	Nightmare	386648	talent-passive	TraitNodeEntry	false	0	Rotational	class		71916	91422	1					api
Warlock	Demonology	266	Oppressive Darkness	1270255	talent-passive	TraitNodeEntry	false	0	Rotational	class		71941	91451	1					api
Warlock	Demonology	266	Pact of Gluttony	386689	talent-passive	TraitNodeEntry	false	0	Rotational	class		71926	91434	1					api
Warlock	Demonology	266	Pact of the Annihilan	1270693	talent-passive	TraitNodeEntry	false	0	Rotational	class		110071	136568	1					api
Warlock	Demonology	266	Pact of the Eredar	1270695	talent-passive	TraitNodeEntry	false	0	Rotational	class		109843	136103	1					api
Warlock	Demonology	266	Pact of the Nathrezim	1270690	talent-passive	TraitNodeEntry	false	0	Rotational	class		110073	136570	1					api
Warlock	Demonology	266	Pact of the Satyr	1270691	talent-passive	TraitNodeEntry	false	0	Rotational	class		110072	136569	1					api
Warlock	Demonology	266	Practiced Rituals	1250375	talent-passive	TraitNodeEntry	false	0	Rotational	spec		109251	135313	1					api
Warlock	Demonology	266	Quietus	449634	talent-passive	TraitNodeEntry	false	0	Rotational	hero	Soul Harvester	94846	117443	1					api
Warlock	Demonology	266	Reign of Tyranny	1276748	talent-passive	TraitNodeEntry	false	0	Rotational	spec		110201	136730	1					api
Warlock	Demonology	266	Ruination	428522	talent-passive	TraitNodeEntry	false	0	Rotational	hero	Diabolist	94830	117427	1	Buff		cdm-only:CooldownSetSpell		api
Warlock	Demonology	266	Rune of Shadows	453744	talent-passive	TraitNodeEntry	false	0	Rotational	spec		101914	125860	2					api
Warlock	Demonology	266	Sacrificed Souls	267214	talent-passive	TraitNodeEntry	false	0	Rotational	spec		101886	125828	1					api
Warlock	Demonology	266	Sataiel's Volition	449637	talent-passive	TraitNodeEntry	false	0	Rotational	hero	Soul Harvester	94838	117435	1					api
Warlock	Demonology	266	Secrets of the Coven	428518	talent-passive	TraitNodeEntry	false	0	Rotational	hero	Diabolist	94826	117423	1					api
Warlock	Demonology	266	Shadow of Death	449638	talent-passive	TraitNodeEntry	false	0	Rotational	hero	Soul Harvester	94857	117454	1					api
Warlock	Demonology	266	Shared Fate	449704	talent-passive	TraitNodeEntry	false	0	Rotational	hero	Soul Harvester	94823	117420	1					api
Warlock	Demonology	266	Shared Vessel	1268889	talent-passive	TraitNodeEntry	false	0	Rotational	hero	Soul Harvester	109838	136097	1					api
Warlock	Demonology	266	Soul Anathema	449624	talent-passive	TraitNodeEntry	false	0	Rotational	hero	Soul Harvester	94847	117444	1					api
Warlock	Demonology	266	Soul Link	108415	talent-passive	TraitNodeEntry	false	0	Rotational	class		109842	136102	2					api
Warlock	Demonology	266	Soul-Etched Circles	428911	talent-passive	TraitNodeEntry	false	0	Rotational	hero	Diabolist	94836	117433	1					api
Warlock	Demonology	266	Spiteful Reconstitution	428394	talent-passive	TraitNodeEntry	false	0	Rotational	spec		110193	136721	1					api
Warlock	Demonology	266	Stabilized Portals	1276661	talent-passive	TraitNodeEntry	false	0	Rotational	spec		110196	136724	1					api
Warlock	Demonology	266	Strength of Will	317138	talent-passive	TraitNodeEntry	false	0	Rotational	class		71956	91468	1					api
Warlock	Demonology	266	Summon Vilefiend	1251778	talent-passive	TraitNodeEntry	false	0	Rotational	spec		109252	135314	1	Other		cdm-only:CooldownSetSpell		api
Warlock	Demonology	266	Swift Artifice	452902	talent-passive	TraitNodeEntry	false	0	Rotational	class		71918	91425	1					api
Warlock	Demonology	266	Teachings of the Black Harvest	385881	talent-passive	TraitNodeEntry	false	0	Rotational	class		71938	91447	1					api
Warlock	Demonology	266	To Hell and Back	1281511	talent-passive	TraitNodeEntry	false	0	Rotational	spec		110199	136728	1					api
Warlock	Demonology	266	Touch of Rancora	429893	talent-passive	TraitNodeEntry	false	0	Rotational	hero	Diabolist	94856	117453	1					api
Warlock	Demonology	266	Tyrant's Oblation	1276746	talent-passive	TraitNodeEntry	false	0	Rotational	spec		110191	136719	1					api
Warlock	Demonology	266	Wicked Reaping	449631	talent-passive	TraitNodeEntry	false	0	Rotational	hero	Soul Harvester	94821	117418	1					api
Warlock	Demonology	266	Demonic Circle: Teleport	48020	cdm-only	CooldownSetSpell	true	30	Rotational						Utility	Taunt/Quick Access			db2-plain
Warlock	Demonology	266	Cloven Soul	434424	cdm-only	CooldownSetSpell	true	0	Rotational						Buff				db2-template+redirect
Warlock	Demonology	266	Demonbolt	264178	cdm-only	CooldownSetSpell	true	0	Rotational						Essential	Rotational 4			api
Warlock	Demonology	266	Demonic Core	264173	cdm-only	CooldownSetSpell	true	0	Rotational						Buff				db2-template+redirect
Warlock	Demonology	266	Infernal Bolt	433891	cdm-only	CooldownSetSpell	true	0	Rotational						Buff				db2-template+redirect
Warlock	Demonology	266	Soulburn: Demonic Circle	387633	cdm-only	CooldownSetSpell	true	0	Rotational						Buff				db2-template+redirect
Warlock	Demonology	266	Succulent Soul	449793	cdm-only	CooldownSetSpell	true	0	Rotational						Buff				db2-template+redirect
Warlock	Demonology	266	Wild Imp	296553	cdm-only	CooldownSetSpell	true	0	Rotational						Buff				db2-plain
Warlock	Destruction	267	Fel Domination	333889	talent-active	TraitNodeEntry	true	180	Cooldown	class		71931	91439	1	Buff/Utility	Self-Heal 3 (Overflow)	cdm-only:CooldownSetSpell		api
Warlock	Destruction	267	Summon Infernal	1122	talent-active	TraitNodeEntry	true	120	Cooldown	spec		71985	91502	1	Essential/Other	Cooldown 1	cdm-only:CooldownSetSpell		api
Warlock	Destruction	267	Dark Pact	108416	talent-active	TraitNodeEntry	true	60	Cooldown	class		71936	91444	1	Buff/Utility	Personal Defensive 1	cdm-only:CooldownSetSpell		api
Warlock	Destruction	267	Malevolence	442726	talent-active	TraitNodeEntry	true	60	Cooldown	hero	Hellcaller	94842	117439	1	Buff/Essential		cdm-only:CooldownSetSpell		api
Warlock	Destruction	267	Mortal Coil	6789	talent-active	TraitNodeEntry	true	45	Cooldown	class		71942	91452	1	Buff/Utility	Self-Heal 2	cdm-only:CooldownSetSpell		api
Warlock	Destruction	267	Cataclysm	152108	talent-active	TraitNodeEntry	true	30	Rotational	spec		71974	91488	1	Essential		cdm-only:CooldownSetSpell		api
Warlock	Destruction	267	Demonic Gateway	111771	talent-active	TraitNodeEntry	true	10	Rotational	class		71955	91466	1	Essential	Movement Ability 2	cdm-only:CooldownSetSpell		api
Warlock	Destruction	267	Soulburn	385899	talent-active	TraitNodeEntry	true	6	Rotational	class		71957	91469	1	Buff		cdm-only:CooldownSetSpell		api
Warlock	Destruction	267	Banish	710	talent-active	TraitNodeEntry	true	0	Rotational	class		71944	91454	1	Buff		cdm-only:CooldownSetSpell		api
Warlock	Destruction	267	Burning Rush	111400	talent-active	TraitNodeEntry	true	0	Rotational	class		71949	91460	1	Buff	Movement Ability	cdm-only:CooldownSetSpell		api
Warlock	Destruction	267	Chaos Bolt	116858	talent-active	TraitNodeEntry	true	0	Rotational	spec		110282	136835	1	Essential	Rotational 3	class-baseline:SkillLineAbility:849;cdm-only:CooldownSetSpell		api
Warlock	Destruction	267	Conflagrate	17962	talent-active	TraitNodeEntry	true	0	Rotational	spec		72068	91591	1	Essential	Rotational 2	cdm-only:CooldownSetSpell		api
Warlock	Destruction	267	Curse of Exhaustion	334275	talent-active	TraitNodeEntry	true	0	Rotational	class		109847	136107	1	Buff	Slow	cdm-only:CooldownSetSpell		api
Warlock	Destruction	267	Curse of Tongues	1714	talent-active	TraitNodeEntry	true	0	Rotational	class		109846	136106	1	Buff	Class 2 (CC)	cdm-only:CooldownSetSpell		api
Warlock	Destruction	267	Demonic Circle	268358	talent-active	TraitNodeEntry	true	0	Rotational	class		100941	124694	1		Immune/Spell Immune/Movement			api
Warlock	Destruction	267	Shadowburn	17877	talent-active	TraitNodeEntry	true	0	Rotational	spec		72060	91582	1	Essential	Rotational 5	cdm-only:CooldownSetSpell		api
Warlock	Destruction	267	Wither	445468	talent-active	TraitNodeEntry	true	0	Rotational	hero	Hellcaller	94840	117437	1					api
Warlock	Destruction	267	Blight of Tongues	1271802	talent-choice	TraitNodeEntry	true	120	Cooldown	class		109848	136738	1	Buff/Essential	Class 4 (Special)	cdm-only:CooldownSetSpell		api
Warlock	Destruction	267	Blight of Weakness	1271748	talent-choice	TraitNodeEntry	true	120	Cooldown	class		109848	136108	1	Buff/Essential		cdm-only:CooldownSetSpell		api
Warlock	Destruction	267	Shadowfury	30283	talent-choice	TraitNodeEntry	true	60	Cooldown	class		71947	91457	1	Buff/Utility	CC	cdm-only:CooldownSetSpell		api
Warlock	Destruction	267	Soul Fire	6353	talent-choice	TraitNodeEntry	true	45	Cooldown	spec		108681	134221	1	Essential		cdm-only:CooldownSetSpell		api
Warlock	Destruction	267	Howl of Terror	5484	talent-choice	TraitNodeEntry	true	40	Rotational	class		71947	91458	1	Buff/Utility		cdm-only:CooldownSetSpell		api
Warlock	Destruction	267	Grimoire of Sacrifice	108503	talent-choice	TraitNodeEntry	true	30	Rotational	spec		71971	125618	1	Buff		cdm-only:CooldownSetSpell		api
Warlock	Destruction	267	Havoc	80240	talent-choice	TraitNodeEntry	true	30	Rotational	spec		71979	91493	1	Buff/Essential		cdm-only:CooldownSetSpell		api
Warlock	Destruction	267	Channel Demonfire	196447	talent-choice	TraitNodeEntry	true	25	Rotational	spec		72064	128599	1	Essential		cdm-only:CooldownSetSpell		api
Warlock	Destruction	267	Rain of Fire	5740	talent-choice	TraitNodeEntry	true	0	Rotational	spec		72069	91592	1	Essential		talent-choice:TraitNodeEntry;cdm-only:CooldownSetSpell		api
Warlock	Destruction	267	Ritual of Doom	342601	class-baseline	SkillLineAbility:849	true	3600	Cooldown										api
Warlock	Destruction	267	Soulstone	20707	class-baseline	SkillLineAbility:849	true	600	Cooldown						Utility	Class 8 (Lust/BRes)	cdm-only:CooldownSetSpell		api
Warlock	Destruction	267	Unending Resolve	104773	class-baseline	SkillLineAbility:849	true	180	Cooldown						Buff/Utility	Personal Defensive 2	cdm-only:CooldownSetSpell		api
Warlock	Destruction	267	Create Soulwell	29893	class-baseline	SkillLineAbility:849	true	120	Cooldown						Utility		cdm-only:CooldownSetSpell		api
Warlock	Destruction	267	Ritual of Summoning	698	class-baseline	SkillLineAbility:849	true	120	Cooldown										api
Warlock	Destruction	267	Thal'kiel's Consumption	211714	class-baseline	SkillLineAbility:849	true	45	Cooldown										api
Warlock	Destruction	267	Reap Souls	216698	class-baseline	SkillLineAbility:849	true	5	Rotational										api
Warlock	Destruction	267	Chaos Barrage	187394	class-baseline	SkillLineAbility:849	true	0	Rotational										api
Warlock	Destruction	267	Command Demon	119898	class-baseline	SkillLineAbility:849	true	0	Rotational						Utility	Interrupt	cdm-only:CooldownSetSpell		api
Warlock	Destruction	267	Control Demon	93375	class-baseline	SkillLineAbility:849	true	0	Rotational										api
Warlock	Destruction	267	Corruption	146739	class-baseline	SkillLineAbility:849	true	0	Rotational										api
Warlock	Destruction	267	Create Healthstone	6201	class-baseline	SkillLineAbility:849	true	0	Rotational							Buff			api
Warlock	Destruction	267	Curse of Weakness	702	class-baseline	SkillLineAbility:849	true	0	Rotational						Buff	Class 3 (Tag)	cdm-only:CooldownSetSpell		api
Warlock	Destruction	267	Dimensional Rift	196586	class-baseline	SkillLineAbility:849	true	0	Rotational								talent-passive:TraitNodeEntry		api
Warlock	Destruction	267	Drain Life	234153	class-baseline	SkillLineAbility:849	true	0	Rotational							Self-Heal 1			api
Warlock	Destruction	267	Dreadsteed	23161	class-baseline	SkillLineAbility:849	true	0	Rotational										api
Warlock	Destruction	267	Eye of Kilrogg	126	class-baseline	SkillLineAbility:849	true	0	Rotational										api
Warlock	Destruction	267	Fear	5782	class-baseline	SkillLineAbility:849	true	0	Rotational						Buff	CC 2	cdm-only:CooldownSetSpell		api
Warlock	Destruction	267	Felsteed	5784	class-baseline	SkillLineAbility:849	true	0	Rotational										api
Warlock	Destruction	267	Immolate	348	class-baseline	SpecializationSpells	true	0	Rotational						Buff/Essential	Rotational 4	cdm-only:CooldownSetSpell		api
Warlock	Destruction	267	Incinerate	29722	class-baseline	SpecializationSpells	true	0	Rotational							Rotational 1			api
Warlock	Destruction	267	Shadow Bolt	686	class-baseline	SkillLineAbility:849	true	0	Rotational						Essential		cdm-only:CooldownSetSpell		api
Warlock	Destruction	267	Single-Button Assistant	1229376	class-baseline	SpecializationSpells	true	0	Rotational										api
Warlock	Destruction	267	Soul Leech	108366	class-baseline	SkillLineAbility:849	true	0	Rotational								talent-passive:TraitNodeEntry		api
Warlock	Destruction	267	Subjugate Demon	1098	class-baseline	SkillLineAbility:849	true	0	Rotational										api
Warlock	Destruction	267	Summon Felhunter	691	class-baseline	SkillLineAbility:849	true	0	Rotational										api
Warlock	Destruction	267	Summon Imp	688	class-baseline	SkillLineAbility:849	true	0	Rotational										api
Warlock	Destruction	267	Summon Sayaad	366222	class-baseline	SkillLineAbility:849	true	0	Rotational										api
Warlock	Destruction	267	Summon Voidwalker	697	class-baseline	SkillLineAbility:849	true	0	Rotational										api
Warlock	Destruction	267	Unending Breath	5697	class-baseline	SkillLineAbility:849	true	0	Rotational										api
Warlock	Destruction	267	Shadow Rift	353294	pvp-talent	PvpTalent	true	60	Cooldown						Utility		cdm-only:CooldownSetSpell		api
Warlock	Destruction	267	Soul Rip	410598	pvp-talent	PvpTalent	true	60	Cooldown						Essential		cdm-only:CooldownSetSpell		api
Warlock	Destruction	267	Nether Ward	212295	pvp-talent	PvpTalent	true	45	Cooldown						Buff/Utility		cdm-only:CooldownSetSpell		api
Warlock	Destruction	267	Bonds of Fel	353753	pvp-talent	PvpTalent	true	30	Rotational						Essential		cdm-only:CooldownSetSpell		api
Warlock	Destruction	267	Bane of Havoc	461917	pvp-talent	PvpTalent	false	0	Rotational										api
Warlock	Destruction	267	Bloodstones	1218692	pvp-talent	PvpTalent	false	0	Rotational										api
Warlock	Destruction	267	Fel Fissure	200586	pvp-talent	PvpTalent	false	0	Rotational										api
Warlock	Destruction	267	Gateway Mastery	248855	pvp-talent	PvpTalent	false	0	Rotational										api
Warlock	Destruction	267	Impish Instincts	409835	pvp-talent	PvpTalent	false	0	Rotational										api
Warlock	Destruction	267	Abyss Walker	389609	talent-passive	TraitNodeEntry	false	0	Rotational	class		71954	91465	1	Buff		cdm-only:CooldownSetSpell		api
Warlock	Destruction	267	Abyssal Dominion	429581	talent-passive	TraitNodeEntry	false	0	Rotational	hero	Diabolist	94831	117428	1					api
Warlock	Destruction	267	Alythess's Ire	1244941	talent-passive	TraitNodeEntry	false	0	Rotational	spec		102003	91423	1	Buff		cdm-only:CooldownSetSpell		api
Warlock	Destruction	267	Alzzin's Iniquity	1266803	talent-passive	TraitNodeEntry	false	0	Rotational	hero	Hellcaller	109834	136093	1					api
Warlock	Destruction	267	Annihilan's Bellow	429072	talent-passive	TraitNodeEntry	false	0	Rotational	hero	Diabolist	94836	118837	1					api
Warlock	Destruction	267	Ashen Remains	387252	talent-passive	TraitNodeEntry	false	0	Rotational	spec		71969	91482	2					api
Warlock	Destruction	267	Aura of Enfeeblement	440059	talent-passive	TraitNodeEntry	false	0	Rotational	hero	Hellcaller	94822	123309	1					api
Warlock	Destruction	267	Avatar of Destruction	1245089	talent-passive	TraitNodeEntry	false	0	Rotational	spec		110280	136833	1					api
Warlock	Destruction	267	Backdraft	196406	talent-passive	TraitNodeEntry	false	0	Rotational	spec		72067	91590	1	Buff		cdm-only:CooldownSetSpell		api
Warlock	Destruction	267	Backlash	387384	talent-passive	TraitNodeEntry	false	0	Rotational	spec		71983	91500	2	Buff		cdm-only:CooldownSetSpell		api
Warlock	Destruction	267	Blackened Soul	440043	talent-passive	TraitNodeEntry	false	0	Rotational	hero	Hellcaller	94837	117434	1					api
Warlock	Destruction	267	Bleakheart Tactics	440051	talent-passive	TraitNodeEntry	false	0	Rotational	hero	Hellcaller	94854	123310	1					api
Warlock	Destruction	267	Chaos Incarnate	387275	talent-passive	TraitNodeEntry	false	0	Rotational	spec		71966	91479	1					api
Warlock	Destruction	267	Chaotic Inferno	1244788	talent-passive	TraitNodeEntry	false	0	Rotational	spec		72061	91583	1	Buff		cdm-only:CooldownSetSpell		api
Warlock	Destruction	267	Cloven Souls	428517	talent-passive	TraitNodeEntry	false	0	Rotational	hero	Diabolist	94849	117446	1					api
Warlock	Destruction	267	Conflagration of Chaos	387108	talent-passive	TraitNodeEntry	false	0	Rotational	spec		71965	91478	1	Buff		cdm-only:CooldownSetSpell		api
Warlock	Destruction	267	Crashing Chaos	417234	talent-passive	TraitNodeEntry	false	0	Rotational	spec		71960	91473	1	Buff		cdm-only:CooldownSetSpell		api
Warlock	Destruction	267	Cruelty of Kerxan	429902	talent-passive	TraitNodeEntry	false	0	Rotational	hero	Diabolist	94848	117445	1					api
Warlock	Destruction	267	Curse of the Satyr	440057	talent-passive	TraitNodeEntry	false	0	Rotational	hero	Hellcaller	94822	117419	1					api
Warlock	Destruction	267	Dark Accord	386659	talent-passive	TraitNodeEntry	false	0	Rotational	class		71956	91467	1					api
Warlock	Destruction	267	Demon Skin	219272	talent-passive	TraitNodeEntry	false	0	Rotational	class		71952	91463	2					api
Warlock	Destruction	267	Demonfire Infusion	1214442	talent-passive	TraitNodeEntry	false	0	Rotational	spec		72064	91586	1					api
Warlock	Destruction	267	Demonic Embrace	288843	talent-passive	TraitNodeEntry	false	0	Rotational	class		71930	91438	1					api
Warlock	Destruction	267	Demonic Fortitude	386617	talent-passive	TraitNodeEntry	false	0	Rotational	class		71922	91430	1					api
Warlock	Destruction	267	Demonic Resilience	389590	talent-passive	TraitNodeEntry	false	0	Rotational	class		71917	91424	1					api
Warlock	Destruction	267	Destructive Rapidity	1244928	talent-passive	TraitNodeEntry	false	0	Rotational	spec		71964	91477	1					api
Warlock	Destruction	267	Devastation	454735	talent-passive	TraitNodeEntry	false	0	Rotational	spec		110281	136834	2					api
Warlock	Destruction	267	Devil Fruit	1266805	talent-passive	TraitNodeEntry	false	0	Rotational	hero	Hellcaller	109835	136094	1					api
Warlock	Destruction	267	Diabolic Embers	387173	talent-passive	TraitNodeEntry	false	0	Rotational	spec		71968	91481	1					api
Warlock	Destruction	267	Diabolic Oculi	1268709	talent-passive	TraitNodeEntry	false	0	Rotational	hero	Diabolist	109833	136092	1					api
Warlock	Destruction	267	Diabolic Ritual	428514	talent-passive	TraitNodeEntry	false	0	Rotational	hero	Diabolist	94855	117452	1	Buff		cdm-only:CooldownSetSpell		api
Warlock	Destruction	267	Embers of Nihilam	1265770	talent-passive	TraitNodeEntry	false	0	Rotational	spec		110406	136986	1			talent-passive:TraitNodeEntry		api
Warlock	Destruction	267	Emberstorm	454744	talent-passive	TraitNodeEntry	false	0	Rotational	spec		72062	91584	1					api
Warlock	Destruction	267	Empowered Drain Life	1271689	talent-passive	TraitNodeEntry	false	0	Rotational	class		110076	136573	1					api
Warlock	Destruction	267	Empowered Healthstone	1271699	talent-passive	TraitNodeEntry	false	0	Rotational	class		110075	136572	1					api
Warlock	Destruction	267	Explosive Potential	388827	talent-passive	TraitNodeEntry	false	0	Rotational	spec		72059	91581	1					api
Warlock	Destruction	267	Fel Armor	386124	talent-passive	TraitNodeEntry	false	0	Rotational	class		71950	91461	2					api
Warlock	Destruction	267	Fel Pact	386113	talent-passive	TraitNodeEntry	false	0	Rotational	class		71932	91440	1					api
Warlock	Destruction	267	Fel Synergy	389367	talent-passive	TraitNodeEntry	false	0	Rotational	class		71924	91432	2					api
Warlock	Destruction	267	Fiendish Cruelty	1245633	talent-passive	TraitNodeEntry	false	0	Rotational	spec		101994	126004	1	Buff		cdm-only:CooldownSetSpell		api
Warlock	Destruction	267	Fiendish Stride	386110	talent-passive	TraitNodeEntry	false	0	Rotational	class		71948	91459	1					api
Warlock	Destruction	267	Fire and Brimstone	196408	talent-passive	TraitNodeEntry	false	0	Rotational	spec		71982	91499	1					api
Warlock	Destruction	267	Flames of Xoroth	429657	talent-passive	TraitNodeEntry	false	0	Rotational	hero	Diabolist	94833	117430	1					api
Warlock	Destruction	267	Flashpoint	387259	talent-passive	TraitNodeEntry	false	0	Rotational	spec		71972	91485	1	Buff		cdm-only:CooldownSetSpell		api
Warlock	Destruction	267	Fortified Soul	1271694	talent-passive	TraitNodeEntry	false	0	Rotational	class		110074	136571	1					api
Warlock	Destruction	267	Foul Mouth	1265813	talent-passive	TraitNodeEntry	false	0	Rotational	class		109840	136100	1					api
Warlock	Destruction	267	Frequent Donor	386686	talent-passive	TraitNodeEntry	false	0	Rotational	class		71937	91445	1					api
Warlock	Destruction	267	Frequent Traveler	1265801	talent-passive	TraitNodeEntry	false	0	Rotational	class		109841	136101	1					api
Warlock	Destruction	267	Gloom of Nathreza	429899	talent-passive	TraitNodeEntry	false	0	Rotational	hero	Diabolist	94843	117440	1					api
Warlock	Destruction	267	Gorefiend's Avarice	1270701	talent-passive	TraitNodeEntry	false	0	Rotational	class		71923	91431	1					api
Warlock	Destruction	267	Hatefury Rituals	440048	talent-passive	TraitNodeEntry	false	0	Rotational	hero	Hellcaller	94854	117451	1					api
Warlock	Destruction	267	Horrify	56244	talent-passive	TraitNodeEntry	false	0	Rotational	class		71916	115459	1					api
Warlock	Destruction	267	Ichor of Devils	386664	talent-passive	TraitNodeEntry	false	0	Rotational	class		71937	91446	1					api
Warlock	Destruction	267	Illhoof's Design	440070	talent-passive	TraitNodeEntry	false	0	Rotational	hero	Hellcaller	94835	123308	1					api
Warlock	Destruction	267	Improved Chaos Bolt	456951	talent-passive	TraitNodeEntry	false	0	Rotational	spec		101992	126002	1					api
Warlock	Destruction	267	Improved Conflagrate	231793	talent-passive	TraitNodeEntry	false	0	Rotational	spec		108680	91587	1					api
Warlock	Destruction	267	Improved Havoc	1244460	talent-passive	TraitNodeEntry	false	0	Rotational	spec		71961	91474	1					api
Warlock	Destruction	267	Improved Mortal Coil	1265816	talent-passive	TraitNodeEntry	false	0	Rotational	class		109845	136105	1					api
Warlock	Destruction	267	Infernal Beneficiary	1265810	talent-passive	TraitNodeEntry	false	0	Rotational	class		109844	136104	1					api
Warlock	Destruction	267	Infernal Bulwark	429130	talent-passive	TraitNodeEntry	false	0	Rotational	hero	Diabolist	94852	118839	1					api
Warlock	Destruction	267	Infernal Machine	429917	talent-passive	TraitNodeEntry	false	0	Rotational	hero	Diabolist	94848	118838	1					api
Warlock	Destruction	267	Infernal Vitality	429115	talent-passive	TraitNodeEntry	false	0	Rotational	hero	Diabolist	94852	117449	1					api
Warlock	Destruction	267	Inferno	1280483	talent-passive	TraitNodeEntry	false	0	Rotational	spec		71975	91489	1					api
Warlock	Destruction	267	Internal Combustion	266134	talent-passive	TraitNodeEntry	false	0	Rotational	spec		71980	91495	1					api
Warlock	Destruction	267	Lake of Fire	1244877	talent-passive	TraitNodeEntry	false	0	Rotational	spec		102427	126493	1	Buff		cdm-only:CooldownSetSpell		api
Warlock	Destruction	267	Looks That Kill	1268713	talent-passive	TraitNodeEntry	false	0	Rotational	hero	Diabolist	109832	136091	1					api
Warlock	Destruction	267	Mark of Peroth'arn	440045	talent-passive	TraitNodeEntry	false	0	Rotational	hero	Hellcaller	94844	117441	1					api
Warlock	Destruction	267	Mark of Xavius	440046	talent-passive	TraitNodeEntry	false	0	Rotational	hero	Hellcaller	94834	117431	1					api
Warlock	Destruction	267	Mayhem	387506	talent-passive	TraitNodeEntry	false	0	Rotational	spec		71979	91494	1	Buff		cdm-only:CooldownSetSpell		api
Warlock	Destruction	267	Mind's Eyes	1268716	talent-passive	TraitNodeEntry	false	0	Rotational	hero	Diabolist	109831	136090	1	Buff		cdm-only:CooldownSetSpell		api
Warlock	Destruction	267	Nightmare	386648	talent-passive	TraitNodeEntry	false	0	Rotational	class		71916	91422	1					api
Warlock	Destruction	267	Oppressive Darkness	1270255	talent-passive	TraitNodeEntry	false	0	Rotational	class		71941	91451	1					api
Warlock	Destruction	267	Pact of Gluttony	386689	talent-passive	TraitNodeEntry	false	0	Rotational	class		71926	91434	1					api
Warlock	Destruction	267	Pact of the Annihilan	1270693	talent-passive	TraitNodeEntry	false	0	Rotational	class		110071	136568	1					api
Warlock	Destruction	267	Pact of the Eredar	1270695	talent-passive	TraitNodeEntry	false	0	Rotational	class		109843	136103	1					api
Warlock	Destruction	267	Pact of the Nathrezim	1270690	talent-passive	TraitNodeEntry	false	0	Rotational	class		110073	136570	1					api
Warlock	Destruction	267	Pact of the Satyr	1270691	talent-passive	TraitNodeEntry	false	0	Rotational	class		110072	136569	1					api
Warlock	Destruction	267	Practiced Chaos	1244284	talent-passive	TraitNodeEntry	false	0	Rotational	spec		108678	134219	1					api
Warlock	Destruction	267	Raging Demonfire	387166	talent-passive	TraitNodeEntry	false	0	Rotational	spec		101993	126003	1					api
Warlock	Destruction	267	Rain of Chaos	266086	talent-passive	TraitNodeEntry	false	0	Rotational	spec		71960	126494	1					api
Warlock	Destruction	267	Reverse Entropy	205148	talent-passive	TraitNodeEntry	false	0	Rotational	spec		71980	91496	1	Buff		cdm-only:CooldownSetSpell		api
Warlock	Destruction	267	Roaring Blaze	1244310	talent-passive	TraitNodeEntry	false	0	Rotational	spec		72065	91588	1					api
Warlock	Destruction	267	Ruin	387103	talent-passive	TraitNodeEntry	false	0	Rotational	spec		72066	91589	2					api
Warlock	Destruction	267	Ruination	428522	talent-passive	TraitNodeEntry	false	0	Rotational	hero	Diabolist	94830	117427	1	Buff		cdm-only:CooldownSetSpell		api
Warlock	Destruction	267	Scalding Flames	388832	talent-passive	TraitNodeEntry	false	0	Rotational	spec		71973	91486	1					api
Warlock	Destruction	267	Secrets of the Coven	428518	talent-passive	TraitNodeEntry	false	0	Rotational	hero	Diabolist	94826	117423	1					api
Warlock	Destruction	267	Seeds of Their Demise	440055	talent-passive	TraitNodeEntry	false	0	Rotational	hero	Hellcaller	94829	117426	1					api
Warlock	Destruction	267	Soul Link	108415	talent-passive	TraitNodeEntry	false	0	Rotational	class		109842	136102	2					api
Warlock	Destruction	267	Soul-Etched Circles	428911	talent-passive	TraitNodeEntry	false	0	Rotational	hero	Diabolist	94836	117433	1					api
Warlock	Destruction	267	Strength of Will	317138	talent-passive	TraitNodeEntry	false	0	Rotational	class		71956	91468	1					api
Warlock	Destruction	267	Summoner's Embrace	453105	talent-passive	TraitNodeEntry	false	0	Rotational	spec		71971	91484	1					api
Warlock	Destruction	267	Swift Artifice	452902	talent-passive	TraitNodeEntry	false	0	Rotational	class		71918	91425	1					api
Warlock	Destruction	267	Teachings of the Black Harvest	385881	talent-passive	TraitNodeEntry	false	0	Rotational	class		71938	91447	1					api
Warlock	Destruction	267	Through the Felvine	1266799	talent-passive	TraitNodeEntry	false	0	Rotational	hero	Hellcaller	109836	136095	1					api
Warlock	Destruction	267	Touch of Rancora	429893	talent-passive	TraitNodeEntry	false	0	Rotational	hero	Diabolist	94856	117453	1					api
Warlock	Destruction	267	Xalan's Cruelty	440040	talent-passive	TraitNodeEntry	false	0	Rotational	hero	Hellcaller	94845	117442	1					api
Warlock	Destruction	267	Xalan's Ferocity	440044	talent-passive	TraitNodeEntry	false	0	Rotational	hero	Hellcaller	94853	117450	1					api
Warlock	Destruction	267	Zevrim's Resilience	440065	talent-passive	TraitNodeEntry	false	0	Rotational	hero	Hellcaller	94835	117432	1					api
Warlock	Destruction	267	Demonic Circle: Teleport	48020	cdm-only	CooldownSetSpell	true	30	Rotational						Utility	Taunt/Quick Access			db2-plain
Warlock	Destruction	267	Cloven Soul	434424	cdm-only	CooldownSetSpell	true	0	Rotational						Buff				db2-template+redirect
Warlock	Destruction	267	Infernal Bolt	433891	cdm-only	CooldownSetSpell	true	0	Rotational						Buff				db2-template+redirect
Warlock	Destruction	267	Soulburn: Demonic Circle	387633	cdm-only	CooldownSetSpell	true	0	Rotational						Buff				db2-template+redirect
Warlock	Destruction	267	Summon Overfiend	434587	cdm-only	CooldownSetSpell	true	0	Rotational						Buff				db2-template
Warlock	Destruction	267	Vision of Nihilam	1265939	cdm-only	CooldownSetSpell	true	0	Rotational						Buff				db2-template+redirect
Warrior	Arms	71	Rallying Cry	97462	talent-active	TraitNodeEntry	true	180	Cooldown	class		90331	112188	1	Buff/Utility	Class 7 (Raid Defensive)	cdm-only:CooldownSetSpell		api
Warrior	Arms	71	Die by the Sword	118038	talent-active	TraitNodeEntry	true	120	Cooldown	spec		90269	112121	1	Buff/Utility	Personal Defensive 1	cdm-only:CooldownSetSpell		api
Warrior	Arms	71	Avatar	107574	talent-active	TraitNodeEntry	true	90	Cooldown	spec		110176	136703	1	Buff/Essential		cdm-only:CooldownSetSpell		api
Warrior	Arms	71	Champion's Spear	376079	talent-active	TraitNodeEntry	true	90	Cooldown	class		90380	112247	1	Essential		cdm-only:CooldownSetSpell		api
Warrior	Arms	71	Colossus Smash	167105	talent-active	TraitNodeEntry	true	45	Cooldown	spec		90290	112144	1	Essential/Other	Cooldown 1	cdm-only:CooldownSetSpell		api
Warrior	Arms	71	Demolish	436358	talent-active	TraitNodeEntry	true	45	Cooldown	hero	Colossus	94818	117415	1	Essential		cdm-only:CooldownSetSpell		api
Warrior	Arms	71	Shockwave	46968	talent-active	TraitNodeEntry	true	40	Rotational	class		90375	112242	1	Buff/Utility	CC 2	cdm-only:CooldownSetSpell		api
Warrior	Arms	71	Storm Bolt	107570	talent-active	TraitNodeEntry	true	30	Rotational	class		90337	112198	1	Buff/Utility	CC	cdm-only:CooldownSetSpell		api
Warrior	Arms	71	Impending Victory	202168	talent-active	TraitNodeEntry	true	25	Rotational	class		90326	112183	1		Self-Heal 1			api
Warrior	Arms	71	Mortal Strike	12294	talent-active	TraitNodeEntry	true	6	Rotational	spec		90270	112122	1	Essential	Rotational 1	cdm-only:CooldownSetSpell		api
Warrior	Arms	71	Rend	772	talent-active	TraitNodeEntry	true	6	Rotational	class		109391	135597	1	Buff/Essential		cdm-only:CooldownSetSpell		api
Warrior	Arms	71	Thunder Clap	6343	talent-active	TraitNodeEntry	true	6	Rotational	class		90343	112205	1	Buff/Essential		cdm-only:CooldownSetSpell		api
Warrior	Arms	71	Cleave	845	talent-active	TraitNodeEntry	true	4.5	Rotational	spec		90293	112147	1	Essential		cdm-only:CooldownSetSpell		api
Warrior	Arms	71	Battle Stance	386164	talent-active	TraitNodeEntry	true	3	Rotational	class		90327	112184	1	Buff	Stance 2	cdm-only:CooldownSetSpell		api
Warrior	Arms	71	Defensive Stance	386208	talent-active	TraitNodeEntry	true	3	Rotational	class		92537	114643	1	Buff	Stance 1	cdm-only:CooldownSetSpell		api
Warrior	Arms	71	Heroic Leap	6544	talent-active	TraitNodeEntry	true	1.5	Rotational	class		90346	112208	1	Utility	Movement Ability	class-baseline:SkillLineAbility:840;cdm-only:CooldownSetSpell		api
Warrior	Arms	71	Spell Reflection	23920	talent-active	TraitNodeEntry	true	1	Rotational	class		90385	112253	1	Buff/Utility	Self-Heal 4 (Emergency/Overflow)	cdm-only:CooldownSetSpell		api
Warrior	Arms	71	Overpower	7384	talent-active	TraitNodeEntry	true	0	Rotational	spec		90271	112123	1	Essential	Rotational 2	cdm-only:CooldownSetSpell		api
Warrior	Arms	71	Shattering Throw	64382	talent-choice	TraitNodeEntry	true	180	Cooldown	class		90351	112214	1	Utility		cdm-only:CooldownSetSpell		api
Warrior	Arms	71	Bladestorm	227847	talent-choice	TraitNodeEntry	true	90	Cooldown	spec		90441	112314	1	Buff/Essential		class-baseline:SkillLineAbility:840;cdm-only:CooldownSetSpell		api
Warrior	Arms	71	Intimidating Shout	5246	talent-choice	TraitNodeEntry	true	90	Cooldown	class		108705	134254	1	Buff/Utility		cdm-only:CooldownSetSpell		api
Warrior	Arms	71	Piercing Howl	12323	talent-choice	TraitNodeEntry	true	90	Cooldown	class		108705	136627	1	Buff/Utility	Class 2 (CC)	cdm-only:CooldownSetSpell		api
Warrior	Arms	71	Ravager	228920	talent-choice	TraitNodeEntry	true	90	Cooldown	spec		90441	136702	1	Essential		class-baseline:SkillLineAbility:840;cdm-only:CooldownSetSpell		api
Warrior	Arms	71	Berserker Shout	384100	talent-choice	TraitNodeEntry	true	60	Cooldown	class		90348	112211	1		Self-Heal 3 (Overflow)			api
Warrior	Arms	71	Wrecking Throw	384110	talent-choice	TraitNodeEntry	true	45	Cooldown	class		90351	112215	1	Utility	Class 4 (Special)	cdm-only:CooldownSetSpell		api
Warrior	Arms	71	Ignore Pain	1277297	talent-choice	TraitNodeEntry	true	20	Rotational	spec		90276	136701	1	Buff/Utility	Self-Heal 2	cdm-only:CooldownSetSpell		api
Warrior	Arms	71	Interpose	1244088	talent-choice	TraitNodeEntry	true	1.5	Rotational	class		108676	134216	1	Utility		cdm-only:CooldownSetSpell		api
Warrior	Arms	71	Intervene	3411	talent-choice	TraitNodeEntry	true	1.5	Rotational	class		108676	134217	1	Utility	Class 5 (Purge)	cdm-only:CooldownSetSpell		api
Warrior	Arms	71	Berserker Rage	18499	class-baseline	SkillLineAbility:840	true	60	Cooldown						Buff/Utility	Personal Defensive 2	cdm-only:CooldownSetSpell		api
Warrior	Arms	71	Warbreaker	209577	class-baseline	SkillLineAbility:840	true	60	Cooldown										api
Warrior	Arms	71	Neltharion's Fury	203524	class-baseline	SkillLineAbility:840	true	45	Cooldown										api
Warrior	Arms	71	Odyn's Fury	205545	class-baseline	SkillLineAbility:840	true	45	Cooldown										api
Warrior	Arms	71	Sweeping Strikes	260708	class-baseline	SpecializationSpells	true	30	Rotational						Buff/Essential	Rotational 8	cdm-only:CooldownSetSpell		api
Warrior	Arms	71	Victory Rush	118779	class-baseline	SkillLineAbility:840	true	30	Rotational						Utility		cdm-only:CooldownSetSpell		api
Warrior	Arms	71	Pummel	6552	class-baseline	SkillLineAbility:840	true	15	Rotational						Utility	Interrupt	cdm-only:CooldownSetSpell		api
Warrior	Arms	71	Shield Slam	23922	class-baseline	SkillLineAbility:840	true	9	Rotational						Essential		cdm-only:CooldownSetSpell		api
Warrior	Arms	71	Taunt	355	class-baseline	SkillLineAbility:840	true	8	Rotational						Essential	Taunt/Quick Access	cdm-only:CooldownSetSpell		api
Warrior	Arms	71	Execute	163201	class-baseline	SkillLineAbility:840	true	6	Rotational						Essential	Rotational 3	cdm-only:CooldownSetSpell		api
Warrior	Arms	71	Heroic Throw	57755	class-baseline	SkillLineAbility:840	true	6	Rotational							Class 3 (Tag)			api
Warrior	Arms	71	Charge	100	class-baseline	SkillLineAbility:840	true	1.5	Rotational						Utility	Class 1 (Movement)	cdm-only:CooldownSetSpell		api
Warrior	Arms	71	Shield Block	2565	class-baseline	SkillLineAbility:840	true	1	Rotational						Essential		cdm-only:CooldownSetSpell		api
Warrior	Arms	71	Attack	88163	class-baseline	SkillLineAbility:840	true	0	Rotational										api
Warrior	Arms	71	Battle Shout	6673	class-baseline	SkillLineAbility:840	true	0	Rotational							Buff			api
Warrior	Arms	71	Bladestorm Off-Hand	95738	class-baseline	SkillLineAbility:840	true	0	Rotational										api
Warrior	Arms	71	Bloodbath	113344	class-baseline	SkillLineAbility:840	true	0	Rotational										api
Warrior	Arms	71	Bloodthirst Heal	117313	class-baseline	SkillLineAbility:840	true	0	Rotational										api
Warrior	Arms	71	Hamstring	1715	class-baseline	SkillLineAbility:840	true	0	Rotational						Buff	Slow	cdm-only:CooldownSetSpell		api
Warrior	Arms	71	Hotbar Slot 01	294184	class-baseline	SkillLineAbility:840	true	0	Rotational										none
Warrior	Arms	71	Hotbar Slot 02	294189	class-baseline	SkillLineAbility:840	true	0	Rotational										none
Warrior	Arms	71	Raging Blow	85384	class-baseline	SkillLineAbility:840	true	0	Rotational										api
Warrior	Arms	71	Single-Button Assistant	1229376	class-baseline	SpecializationSpells	true	0	Rotational										api
Warrior	Arms	71	Slam	1464	class-baseline	SkillLineAbility:840	true	0	Rotational						Essential	Rotational 4	cdm-only:CooldownSetSpell		api
Warrior	Arms	71	Trauma	215537	class-baseline	SkillLineAbility:840	true	0	Rotational										api
Warrior	Arms	71	Whirlwind	1680	class-baseline	SkillLineAbility:840	true	0	Rotational										api
Warrior	Arms	71	Whirlwind Off-Hand	44949	class-baseline	SkillLineAbility:840	true	0	Rotational										api
Warrior	Arms	71	Duel	236273	pvp-talent	PvpTalent	true	60	Cooldown						Utility		cdm-only:CooldownSetSpell		api
Warrior	Arms	71	Disarm	236077	pvp-talent	PvpTalent	true	45	Cooldown						Utility		cdm-only:CooldownSetSpell		api
Warrior	Arms	71	Berserker Roar	1227751	pvp-talent	PvpTalent	false	0	Rotational										api
Warrior	Arms	71	Demolition	329033	pvp-talent	PvpTalent	false	0	Rotational										api
Warrior	Arms	71	Dragon Charge	206572	pvp-talent	PvpTalent	true	0	Rotational										api
Warrior	Arms	71	Master and Commander	235941	pvp-talent	PvpTalent	false	0	Rotational										api
Warrior	Arms	71	Rebound	213915	pvp-talent	PvpTalent	false	0	Rotational										api
Warrior	Arms	71	Safeguard	424654	pvp-talent	PvpTalent	false	0	Rotational										api
Warrior	Arms	71	Sharpen Blade	1219165	pvp-talent	PvpTalent	false	0	Rotational										api
Warrior	Arms	71	Storm of Destruction	236308	pvp-talent	PvpTalent	false	0	Rotational										api
Warrior	Arms	71	Anger Management	152278	talent-passive	TraitNodeEntry	false	0	Rotational	class		108543	134032	1					api
Warrior	Arms	71	Armored to the Teeth	384124	talent-passive	TraitNodeEntry	false	0	Rotational	class		90366	112233	2					api
Warrior	Arms	71	Arterial Bleed	440995	talent-passive	TraitNodeEntry	false	0	Rotational	hero	Colossus	94799	119856	1					api
Warrior	Arms	71	Barbaric Training	383082	talent-passive	TraitNodeEntry	false	0	Rotational	class		90347	112209	1					api
Warrior	Arms	71	Battlefield Commander	424742	talent-passive	TraitNodeEntry	false	0	Rotational	class		108544	134033	1					api
Warrior	Arms	71	Battlelord	386630	talent-passive	TraitNodeEntry	false	0	Rotational	spec		92615	114740	1					api
Warrior	Arms	71	Bloodborne	383287	talent-passive	TraitNodeEntry	false	0	Rotational	spec		90283	112135	2					api
Warrior	Arms	71	Bloodletting	383154	talent-passive	TraitNodeEntry	false	0	Rotational	spec		90438	112310	1					api
Warrior	Arms	71	Bloodsurge	384361	talent-passive	TraitNodeEntry	false	0	Rotational	spec		90277	112129	1					api
Warrior	Arms	71	Boneshaker	429639	talent-passive	TraitNodeEntry	false	0	Rotational	hero	Colossus	94789	117386	1					api
Warrior	Arms	71	Bounding Stride	202163	talent-passive	TraitNodeEntry	false	0	Rotational	class		90355	112219	1					api
Warrior	Arms	71	Broad Strokes	1261049	talent-passive	TraitNodeEntry	false	0	Rotational	spec		109686	135942	1					api
Warrior	Arms	71	Brutal Finish	446085	talent-passive	TraitNodeEntry	false	0	Rotational	hero	Slayer	94786	123409	1	Buff		cdm-only:CooldownSetSpell		api
Warrior	Arms	71	Brute Force	1261046	talent-passive	TraitNodeEntry	false	0	Rotational	spec		109681	135936	1					api
Warrior	Arms	71	Celeritous Conclusion	1270710	talent-passive	TraitNodeEntry	false	0	Rotational	hero	Colossus	109812	136071	1	Buff		cdm-only:CooldownSetSpell		api
Warrior	Arms	71	Collateral Damage	334779	talent-passive	TraitNodeEntry	false	0	Rotational	spec		109682	135937	1	Buff		cdm-only:CooldownSetSpell		api
Warrior	Arms	71	Colossal Might	429634	talent-passive	TraitNodeEntry	false	0	Rotational	hero	Colossus	94819	117416	1	Buff		cdm-only:CooldownSetSpell		api
Warrior	Arms	71	Crackling Thunder	203201	talent-passive	TraitNodeEntry	false	0	Rotational	class		95959	118853	1					api
Warrior	Arms	71	Critical Thinking	389306	talent-passive	TraitNodeEntry	false	0	Rotational	spec		90444	112317	2					api
Warrior	Arms	71	Cruel Strikes	392777	talent-passive	TraitNodeEntry	false	0	Rotational	class		90381	112248	2					api
Warrior	Arms	71	Crushing Combo	1261056	talent-passive	TraitNodeEntry	false	0	Rotational	spec		109683	135938	1	Buff		cdm-only:CooldownSetSpell		api
Warrior	Arms	71	Crushing Force	382764	talent-passive	TraitNodeEntry	false	0	Rotational	class		108686	134226	1					api
Warrior	Arms	71	Culling Cyclone	444778	talent-passive	TraitNodeEntry	false	0	Rotational	hero	Slayer	94786	117383	1					api
Warrior	Arms	71	Cut to the Bone	1270709	talent-passive	TraitNodeEntry	false	0	Rotational	hero	Colossus	109813	136072	1					api
Warrior	Arms	71	Deadly Focus	1270718	talent-passive	TraitNodeEntry	false	0	Rotational	hero	Slayer	109816	136075	1					api
Warrior	Arms	71	Death Drive	444770	talent-passive	TraitNodeEntry	false	0	Rotational	hero	Slayer	94813	117410	1					api
Warrior	Arms	71	Decimator	1270704	talent-passive	TraitNodeEntry	false	0	Rotational	hero	Colossus	109814	136073	1					api
Warrior	Arms	71	Deep Wounds	1261060	talent-passive	TraitNodeEntry	false	0	Rotational	spec		109684	135940	1	Buff		cdm-only:CooldownSetSpell		api
Warrior	Arms	71	Dominance of the Colossus	429636	talent-passive	TraitNodeEntry	false	0	Rotational	hero	Colossus	94793	117390	1	Buff		cdm-only:CooldownSetSpell		api
Warrior	Arms	71	Double Time	103827	talent-passive	TraitNodeEntry	false	0	Rotational	class		90382	112249	1					api
Warrior	Arms	71	Dreadnaught	262150	talent-passive	TraitNodeEntry	false	0	Rotational	spec		90285	112137	1					api
Warrior	Arms	71	Earthquaker	440992	talent-passive	TraitNodeEntry	false	0	Rotational	hero	Colossus	94789	119858	1					api
Warrior	Arms	71	Efficiency	1261047	talent-passive	TraitNodeEntry	false	0	Rotational	spec		109681	135935	1					api
Warrior	Arms	71	Executioner's Precision	386634	talent-passive	TraitNodeEntry	false	0	Rotational	spec		90445	112318	1	Buff		cdm-only:CooldownSetSpell		api
Warrior	Arms	71	Fast Footwork	382260	talent-passive	TraitNodeEntry	false	0	Rotational	class		90344	112206	1					api
Warrior	Arms	71	Fatality	383703	talent-passive	TraitNodeEntry	false	0	Rotational	spec		90439	112311	1	Buff		cdm-only:CooldownSetSpell		api
Warrior	Arms	71	Fearless	1271925	talent-passive	TraitNodeEntry	false	0	Rotational	class		90348	112210	1					api
Warrior	Arms	71	Fervor of Battle	202316	talent-passive	TraitNodeEntry	false	0	Rotational	spec		90267	135932	1					api
Warrior	Arms	71	Field Dressing	1271926	talent-passive	TraitNodeEntry	false	0	Rotational	class		110119	136626	1					api
Warrior	Arms	71	Fierce Followthrough	444773	talent-passive	TraitNodeEntry	false	0	Rotational	hero	Slayer	94787	117384	1	Buff		cdm-only:CooldownSetSpell		api
Warrior	Arms	71	Frothing Berserker	392792	talent-passive	TraitNodeEntry	false	0	Rotational	class		90352	112216	1					api
Warrior	Arms	71	Fueled by Violence	383103	talent-passive	TraitNodeEntry	false	0	Rotational	spec		90276	112128	1					api
Warrior	Arms	71	Honed Reflexes	391271	talent-passive	TraitNodeEntry	false	0	Rotational	class		95956	118850	1					api
Warrior	Arms	71	Imminent Demise	444769	talent-passive	TraitNodeEntry	false	0	Rotational	hero	Slayer	94788	117385	1	Buff		cdm-only:CooldownSetSpell		api
Warrior	Arms	71	Impale	383430	talent-passive	TraitNodeEntry	false	0	Rotational	spec		90292	112146	1					api
Warrior	Arms	71	Improved Execute	316405	talent-passive	TraitNodeEntry	false	0	Rotational	spec		90273	112125	1					api
Warrior	Arms	71	Improved Overpower	385571	talent-passive	TraitNodeEntry	false	0	Rotational	spec		90279	112131	1					api
Warrior	Arms	71	Improved Sweeping Strikes	383155	talent-passive	TraitNodeEntry	false	0	Rotational	spec		92536	114641	1					api
Warrior	Arms	71	Javelineer	1271948	talent-passive	TraitNodeEntry	false	0	Rotational	class		110118	136625	1					api
Warrior	Arms	71	Just Warming Up	1261048	talent-passive	TraitNodeEntry	false	0	Rotational	spec		109686	135943	1					api
Warrior	Arms	71	Leeching Strikes	382258	talent-passive	TraitNodeEntry	false	0	Rotational	class		90371	112238	1					api
Warrior	Arms	71	Martial Expert	429638	talent-passive	TraitNodeEntry	false	0	Rotational	hero	Colossus	94812	117409	1					api
Warrior	Arms	71	Martial Prowess	1273062	talent-passive	TraitNodeEntry	false	0	Rotational	spec		109680	135934	1	Buff		cdm-only:CooldownSetSpell		api
Warrior	Arms	71	Mass Execution	1273075	talent-passive	TraitNodeEntry	false	0	Rotational	spec		110175	136700	1					api
Warrior	Arms	71	Massacre	281001	talent-passive	TraitNodeEntry	false	0	Rotational	spec		90291	112145	1					api
Warrior	Arms	71	Master Tactician	1261057	talent-passive	TraitNodeEntry	false	0	Rotational	spec		109679	135933	1					api
Warrior	Arms	71	Master of Warfare	1269314	talent-passive	TraitNodeEntry	false	0	Rotational	spec		110407	136989	1	Buff		talent-passive:TraitNodeEntry;cdm-only:CooldownSetSpell		api
Warrior	Arms	71	Mortal Wounds	1261062	talent-passive	TraitNodeEntry	false	0	Rotational	spec		109685	135941	1					api
Warrior	Arms	71	Mountain of Muscle and Scars	429642	talent-passive	TraitNodeEntry	false	0	Rotational	hero	Colossus	94806	117403	1					api
Warrior	Arms	71	No Stranger to Pain	429644	talent-passive	TraitNodeEntry	false	0	Rotational	hero	Colossus	94815	117412	1					api
Warrior	Arms	71	One Against Many	429637	talent-passive	TraitNodeEntry	false	0	Rotational	hero	Colossus	94799	117396	1					api
Warrior	Arms	71	Opportunist	444774	talent-passive	TraitNodeEntry	false	0	Rotational	hero	Slayer	94787	123770	1	Buff		cdm-only:CooldownSetSpell		api
Warrior	Arms	71	Overpowering Finish	400205	talent-passive	TraitNodeEntry	false	0	Rotational	spec		92614	114733	1					api
Warrior	Arms	71	Overwhelming Blades	444772	talent-passive	TraitNodeEntry	false	0	Rotational	hero	Slayer	94810	117407	1	Buff		cdm-only:CooldownSetSpell		api
Warrior	Arms	71	Overwhelming Rage	382767	talent-passive	TraitNodeEntry	false	0	Rotational	class		90378	112245	1					api
Warrior	Arms	71	Pain and Gain	382549	talent-passive	TraitNodeEntry	false	0	Rotational	class		90353	112217	1					api
Warrior	Arms	71	Powerful Momentum	1261050	talent-passive	TraitNodeEntry	false	0	Rotational	spec		92536	114739	1					api
Warrior	Arms	71	Practiced Strikes	429647	talent-passive	TraitNodeEntry	false	0	Rotational	hero	Colossus	94796	117393	1					api
Warrior	Arms	71	Precise Might	431548	talent-passive	TraitNodeEntry	false	0	Rotational	hero	Colossus	94794	117391	1					api
Warrior	Arms	71	Reap the Storm	444775	talent-passive	TraitNodeEntry	false	0	Rotational	hero	Slayer	94809	117406	1					api
Warrior	Arms	71	Reinforced Plates	382939	talent-passive	TraitNodeEntry	false	0	Rotational	class		90368	112235	2					api
Warrior	Arms	71	Relentless Pursuit	444776	talent-passive	TraitNodeEntry	false	0	Rotational	hero	Slayer	94795	117392	1					api
Warrior	Arms	71	Resonant Voice	1243660	talent-passive	TraitNodeEntry	false	0	Rotational	class		108685	134225	1					api
Warrior	Arms	71	Rumbling Earth	275339	talent-passive	TraitNodeEntry	false	0	Rotational	class		90374	112241	1					api
Warrior	Arms	71	Second Wind	29838	talent-passive	TraitNodeEntry	false	0	Rotational	class		90332	112190	1	Buff		cdm-only:CooldownSetSpell		api
Warrior	Arms	71	Sharpened Blades	383341	talent-passive	TraitNodeEntry	false	0	Rotational	spec		90447	112320	2					api
Warrior	Arms	71	Show No Mercy	444771	talent-passive	TraitNodeEntry	false	0	Rotational	hero	Slayer	94784	117381	1					api
Warrior	Arms	71	Slayer's Dominance	444767	talent-passive	TraitNodeEntry	false	0	Rotational	hero	Slayer	94814	117411	1	Buff		cdm-only:CooldownSetSpell		api
Warrior	Arms	71	Slayer's Malice	444779	talent-passive	TraitNodeEntry	false	0	Rotational	hero	Slayer	94801	117398	1					api
Warrior	Arms	71	Stance Mastery	1280961	talent-passive	TraitNodeEntry	false	0	Rotational	class		108542	134031	1					api
Warrior	Arms	71	Strength of Arms	400803	talent-passive	TraitNodeEntry	false	0	Rotational	spec		109687	135944	2					api
Warrior	Arms	71	Sudden Death	29725	talent-passive	TraitNodeEntry	false	0	Rotational	spec		90274	112126	1	Buff		cdm-only:CooldownSetSpell		api
Warrior	Arms	71	Tactical Edge	1261051	talent-passive	TraitNodeEntry	false	0	Rotational	spec		109683	135939	1	Buff		cdm-only:CooldownSetSpell		api
Warrior	Arms	71	Tactician	184783	talent-passive	TraitNodeEntry	false	0	Rotational	spec		90282	112134	1					api
Warrior	Arms	71	Tide of Battle	429641	talent-passive	TraitNodeEntry	false	0	Rotational	hero	Colossus	94811	117408	1					api
Warrior	Arms	71	Two-Handed Weapon Specialization	382896	talent-passive	TraitNodeEntry	false	0	Rotational	class		90322	112179	2					api
Warrior	Arms	71	Unhinged	386628	talent-passive	TraitNodeEntry	false	0	Rotational	hero	Slayer	109815	136074	1					api
Warrior	Arms	71	Unrelenting Onslaught	444780	talent-passive	TraitNodeEntry	false	0	Rotational	hero	Slayer	94820	117417	1					api
Warrior	Arms	71	Veteran Vitality	440993	talent-passive	TraitNodeEntry	false	0	Rotational	hero	Colossus	94815	119857	1	Buff		cdm-only:CooldownSetSpell		api
Warrior	Arms	71	Vicious Agility	444777	talent-passive	TraitNodeEntry	false	0	Rotational	hero	Slayer	94795	123408	1					api
Warrior	Arms	71	Violent Euphoria	1270717	talent-passive	TraitNodeEntry	false	0	Rotational	hero	Slayer	109817	136076	1	Buff		cdm-only:CooldownSetSpell		api
Warrior	Arms	71	War Machine	262231	talent-passive	TraitNodeEntry	false	0	Rotational	class		90328	112185	1					api
Warrior	Arms	71	Wild Strikes	382946	talent-passive	TraitNodeEntry	false	0	Rotational	class		90360	112224	2					api
Warrior	Arms	71	Heroic Might	1292058	cdm-only	CooldownSetSpell	true	0	Rotational						Buff				db2-template+redirect
Warrior	Fury	72	Rallying Cry	97462	talent-active	TraitNodeEntry	true	180	Cooldown	class		90331	112188	1	Buff/Utility	Class 7 (Raid Defensive)	cdm-only:CooldownSetSpell		api
Warrior	Fury	72	Enraged Regeneration	184364	talent-active	TraitNodeEntry	true	120	Cooldown	spec		90395	112264	1	Buff/Utility	Personal Defensive 1	cdm-only:CooldownSetSpell		api
Warrior	Fury	72	Champion's Spear	376079	talent-active	TraitNodeEntry	true	90	Cooldown	class		90380	112247	1	Essential		cdm-only:CooldownSetSpell		api
Warrior	Fury	72	Recklessness	1719	talent-active	TraitNodeEntry	true	90	Cooldown	spec		90412	112281	1	Buff/Essential	Cooldown 1	cdm-only:CooldownSetSpell		api
Warrior	Fury	72	Odyn's Fury	385059	talent-active	TraitNodeEntry	true	45	Cooldown	spec		110203	136735	1	Essential		class-baseline:SkillLineAbility:840;cdm-only:CooldownSetSpell		api
Warrior	Fury	72	Shockwave	46968	talent-active	TraitNodeEntry	true	40	Rotational	class		90375	112242	1	Buff/Utility	CC 2	cdm-only:CooldownSetSpell		api
Warrior	Fury	72	Storm Bolt	107570	talent-active	TraitNodeEntry	true	30	Rotational	class		90337	112198	1	Buff/Utility	CC	cdm-only:CooldownSetSpell		api
Warrior	Fury	72	Impending Victory	202168	talent-active	TraitNodeEntry	true	25	Rotational	class		90326	112183	1		Self-Heal 1			api
Warrior	Fury	72	Rend	772	talent-active	TraitNodeEntry	true	6	Rotational	class		109391	135597	1	Buff/Essential		cdm-only:CooldownSetSpell		api
Warrior	Fury	72	Thunder Clap	6343	talent-active	TraitNodeEntry	true	6	Rotational	class		90343	112205	1	Buff/Essential		cdm-only:CooldownSetSpell		api
Warrior	Fury	72	Bloodthirst	23881	talent-active	TraitNodeEntry	true	4.5	Rotational	spec		90392	112261	1	Essential	Rotational 1	cdm-only:CooldownSetSpell		api
Warrior	Fury	72	Berserker Stance	386196	talent-active	TraitNodeEntry	true	3	Rotational	class		90325	112182	1	Buff	Stance 2	cdm-only:CooldownSetSpell		api
Warrior	Fury	72	Defensive Stance	386208	talent-active	TraitNodeEntry	true	3	Rotational	class		92538	114644	1	Buff	Stance 1	cdm-only:CooldownSetSpell		api
Warrior	Fury	72	Heroic Leap	6544	talent-active	TraitNodeEntry	true	1.5	Rotational	class		90346	112208	1	Utility	Movement Ability	class-baseline:SkillLineAbility:840;cdm-only:CooldownSetSpell		api
Warrior	Fury	72	Spell Reflection	23920	talent-active	TraitNodeEntry	true	1	Rotational	class		90385	112253	1	Buff/Utility	Self-Heal 4 (Emergency/Overflow)	cdm-only:CooldownSetSpell		api
Warrior	Fury	72	Raging Blow	85288	talent-active	TraitNodeEntry	true	0	Rotational	spec		90396	112265	1	Essential	Rotational 3	class-baseline:SkillLineAbility:840;cdm-only:CooldownSetSpell		api
Warrior	Fury	72	Rampage	184367	talent-active	TraitNodeEntry	true	0	Rotational	spec		90408	112277	1	Essential	Rotational 2	cdm-only:CooldownSetSpell		api
Warrior	Fury	72	Shattering Throw	64382	talent-choice	TraitNodeEntry	true	180	Cooldown	class		90351	112214	1	Utility		cdm-only:CooldownSetSpell		api
Warrior	Fury	72	Avatar	107574	talent-choice	TraitNodeEntry	true	90	Cooldown	spec		90415	112285	1	Buff/Essential		cdm-only:CooldownSetSpell		api
Warrior	Fury	72	Bladestorm	227847	talent-choice	TraitNodeEntry	true	90	Cooldown	spec		90415	112284	1	Buff/Essential		class-baseline:SkillLineAbility:840;cdm-only:CooldownSetSpell		api
Warrior	Fury	72	Intimidating Shout	5246	talent-choice	TraitNodeEntry	true	90	Cooldown	class		108705	134254	1	Buff/Utility		cdm-only:CooldownSetSpell		api
Warrior	Fury	72	Piercing Howl	12323	talent-choice	TraitNodeEntry	true	90	Cooldown	class		108705	136627	1	Buff/Utility	Class 2 (CC)	cdm-only:CooldownSetSpell		api
Warrior	Fury	72	Berserker Shout	384100	talent-choice	TraitNodeEntry	true	60	Cooldown	class		90348	112211	1		Self-Heal 3 (Overflow)			api
Warrior	Fury	72	Wrecking Throw	384110	talent-choice	TraitNodeEntry	true	45	Cooldown	class		90351	112215	1	Utility	Class 4 (Special)	cdm-only:CooldownSetSpell		api
Warrior	Fury	72	Interpose	1244088	talent-choice	TraitNodeEntry	true	1.5	Rotational	class		108674	134213	1	Utility		cdm-only:CooldownSetSpell		api
Warrior	Fury	72	Intervene	3411	talent-choice	TraitNodeEntry	true	1.5	Rotational	class		108674	134214	1	Utility	Class 5 (Purge)	cdm-only:CooldownSetSpell		api
Warrior	Fury	72	Berserker Rage	18499	class-baseline	SkillLineAbility:840	true	60	Cooldown						Buff/Utility		cdm-only:CooldownSetSpell		api
Warrior	Fury	72	Warbreaker	209577	class-baseline	SkillLineAbility:840	true	60	Cooldown										api
Warrior	Fury	72	Neltharion's Fury	203524	class-baseline	SkillLineAbility:840	true	45	Cooldown										api
Warrior	Fury	72	Victory Rush	118779	class-baseline	SkillLineAbility:840	true	30	Rotational						Utility		cdm-only:CooldownSetSpell		api
Warrior	Fury	72	Pummel	6552	class-baseline	SkillLineAbility:840	true	15	Rotational						Utility	Interrupt	cdm-only:CooldownSetSpell		api
Warrior	Fury	72	Shield Slam	23922	class-baseline	SkillLineAbility:840	true	9	Rotational						Essential		cdm-only:CooldownSetSpell		api
Warrior	Fury	72	Taunt	355	class-baseline	SkillLineAbility:840	true	8	Rotational						Essential	Taunt/Quick Access	cdm-only:CooldownSetSpell		api
Warrior	Fury	72	Execute	163201	class-baseline	SkillLineAbility:840	true	6	Rotational						Essential	Rotational 4	class-baseline:SpecializationSpells;cdm-only:CooldownSetSpell		api
Warrior	Fury	72	Heroic Throw	57755	class-baseline	SkillLineAbility:840	true	6	Rotational							Class 3 (Tag)			api
Warrior	Fury	72	Charge	100	class-baseline	SkillLineAbility:840	true	1.5	Rotational						Utility	Class 1 (Movement)	cdm-only:CooldownSetSpell		api
Warrior	Fury	72	Shield Block	2565	class-baseline	SkillLineAbility:840	true	1	Rotational						Essential		cdm-only:CooldownSetSpell		api
Warrior	Fury	72	Attack	88163	class-baseline	SkillLineAbility:840	true	0	Rotational										api
Warrior	Fury	72	Battle Shout	6673	class-baseline	SkillLineAbility:840	true	0	Rotational							Buff			api
Warrior	Fury	72	Bladestorm Off-Hand	95738	class-baseline	SkillLineAbility:840	true	0	Rotational										api
Warrior	Fury	72	Bloodbath	113344	class-baseline	SkillLineAbility:840	true	0	Rotational										api
Warrior	Fury	72	Bloodthirst Heal	117313	class-baseline	SkillLineAbility:840	true	0	Rotational										api
Warrior	Fury	72	Hamstring	1715	class-baseline	SkillLineAbility:840	true	0	Rotational						Buff	Slow	cdm-only:CooldownSetSpell		api
Warrior	Fury	72	Hotbar Slot 01	294184	class-baseline	SkillLineAbility:840	true	0	Rotational										none
Warrior	Fury	72	Hotbar Slot 02	294189	class-baseline	SkillLineAbility:840	true	0	Rotational										none
Warrior	Fury	72	Ravager	156287	class-baseline	SkillLineAbility:840	true	0	Rotational										db2-template+redirect-unresolved
Warrior	Fury	72	Single-Button Assistant	1229376	class-baseline	SpecializationSpells	true	0	Rotational										api
Warrior	Fury	72	Slam	1464	class-baseline	SkillLineAbility:840	true	0	Rotational										api
Warrior	Fury	72	Trauma	215537	class-baseline	SkillLineAbility:840	true	0	Rotational										api
Warrior	Fury	72	Whirlwind	1680	class-baseline	SkillLineAbility:840	true	0	Rotational							Rotational 5	class-baseline:SpecializationSpells		api
Warrior	Fury	72	Whirlwind Off-Hand	44949	class-baseline	SkillLineAbility:840	true	0	Rotational										api
Warrior	Fury	72	Disarm	236077	pvp-talent	PvpTalent	true	45	Cooldown						Utility		cdm-only:CooldownSetSpell		api
Warrior	Fury	72	Death Wish	199261	pvp-talent	PvpTalent	true	4	Rotational						Buff/Utility		cdm-only:CooldownSetSpell		api
Warrior	Fury	72	Berserker Roar	1227751	pvp-talent	PvpTalent	false	0	Rotational										api
Warrior	Fury	72	Demolition	329033	pvp-talent	PvpTalent	false	0	Rotational										api
Warrior	Fury	72	Dragon Charge	206572	pvp-talent	PvpTalent	true	0	Rotational										api
Warrior	Fury	72	Enduring Rage	411764	pvp-talent	PvpTalent	false	0	Rotational										api
Warrior	Fury	72	Master and Commander	235941	pvp-talent	PvpTalent	false	0	Rotational										api
Warrior	Fury	72	Rebound	213915	pvp-talent	PvpTalent	false	0	Rotational										api
Warrior	Fury	72	Safeguard	424654	pvp-talent	PvpTalent	false	0	Rotational										api
Warrior	Fury	72	Slaughterhouse	352998	pvp-talent	PvpTalent	false	0	Rotational										api
Warrior	Fury	72	Anger Management	152278	talent-passive	TraitNodeEntry	false	0	Rotational	class		108543	134032	1					api
Warrior	Fury	72	Armored to the Teeth	384124	talent-passive	TraitNodeEntry	false	0	Rotational	class		90366	112233	2					api
Warrior	Fury	72	Avatar of the Storm	437134	talent-passive	TraitNodeEntry	false	0	Rotational	hero	Mountain Thane	94805	117402	1					api
Warrior	Fury	72	Barbaric Training	383082	talent-passive	TraitNodeEntry	false	0	Rotational	class		90347	112209	1					api
Warrior	Fury	72	Battlefield Commander	424742	talent-passive	TraitNodeEntry	false	0	Rotational	class		108544	134033	1					api
Warrior	Fury	72	Bloodborne	385703	talent-passive	TraitNodeEntry	false	0	Rotational	spec		90401	112270	1	Buff		cdm-only:CooldownSetSpell		api
Warrior	Fury	72	Bloodcraze	393950	talent-passive	TraitNodeEntry	false	0	Rotational	spec		90405	112274	1	Buff		cdm-only:CooldownSetSpell		api
Warrior	Fury	72	Bounding Stride	202163	talent-passive	TraitNodeEntry	false	0	Rotational	class		90355	112219	1					api
Warrior	Fury	72	Brutal Finish	446085	talent-passive	TraitNodeEntry	false	0	Rotational	hero	Slayer	94786	123409	1	Buff		cdm-only:CooldownSetSpell		api
Warrior	Fury	72	Burst of Power	437118	talent-passive	TraitNodeEntry	false	0	Rotational	hero	Mountain Thane	94807	117404	1	Buff		cdm-only:CooldownSetSpell		api
Warrior	Fury	72	Capacitance	1270724	talent-passive	TraitNodeEntry	false	0	Rotational	hero	Mountain Thane	109809	136068	1					api
Warrior	Fury	72	Cold Steel, Hot Blood	383959	talent-passive	TraitNodeEntry	false	0	Rotational	spec		90402	112271	1	Buff		cdm-only:CooldownSetSpell		api
Warrior	Fury	72	Conductivity	1270723	talent-passive	TraitNodeEntry	false	0	Rotational	hero	Mountain Thane	109810	136069	1					api
Warrior	Fury	72	Crackling Thunder	203201	talent-passive	TraitNodeEntry	false	0	Rotational	class		95959	118853	1					api
Warrior	Fury	72	Crashing Thunder	436707	talent-passive	TraitNodeEntry	false	0	Rotational	hero	Mountain Thane	94816	117413	1					api
Warrior	Fury	72	Critical Thinking	383297	talent-passive	TraitNodeEntry	false	0	Rotational	spec		90425	112296	2					api
Warrior	Fury	72	Cruel Strikes	392777	talent-passive	TraitNodeEntry	false	0	Rotational	class		90381	112248	2					api
Warrior	Fury	72	Cruelty	392931	talent-passive	TraitNodeEntry	false	0	Rotational	spec		90428	112299	2					api
Warrior	Fury	72	Crushing Force	382764	talent-passive	TraitNodeEntry	false	0	Rotational	class		108686	134226	1					api
Warrior	Fury	72	Culling Cyclone	444778	talent-passive	TraitNodeEntry	false	0	Rotational	hero	Slayer	94786	117383	1					api
Warrior	Fury	72	Deadly Focus	1270718	talent-passive	TraitNodeEntry	false	0	Rotational	hero	Slayer	109816	136075	1					api
Warrior	Fury	72	Death Drive	444770	talent-passive	TraitNodeEntry	false	0	Rotational	hero	Slayer	94813	117410	1					api
Warrior	Fury	72	Deep Wounds	1261060	talent-passive	TraitNodeEntry	false	0	Rotational	spec		109966	136451	1	Buff		cdm-only:CooldownSetSpell		api
Warrior	Fury	72	Deft Experience	383295	talent-passive	TraitNodeEntry	false	0	Rotational	spec		90421	112292	2					api
Warrior	Fury	72	Double Time	103827	talent-passive	TraitNodeEntry	false	0	Rotational	class		90382	112249	1					api
Warrior	Fury	72	Dual Wield Specialization	382900	talent-passive	TraitNodeEntry	false	0	Rotational	class		90373	112240	2					api
Warrior	Fury	72	Executioner's Wrath	1265570	talent-passive	TraitNodeEntry	false	0	Rotational	spec		109968	136453	1					api
Warrior	Fury	72	Fast Footwork	382260	talent-passive	TraitNodeEntry	false	0	Rotational	class		90344	112206	1					api
Warrior	Fury	72	Fearless	1271925	talent-passive	TraitNodeEntry	false	0	Rotational	class		90348	112210	1					api
Warrior	Fury	72	Field Dressing	1271926	talent-passive	TraitNodeEntry	false	0	Rotational	class		110119	136626	1					api
Warrior	Fury	72	Fierce Followthrough	444773	talent-passive	TraitNodeEntry	false	0	Rotational	hero	Slayer	94787	117384	1	Buff		cdm-only:CooldownSetSpell		api
Warrior	Fury	72	Flashing Skies	437079	talent-passive	TraitNodeEntry	false	0	Rotational	hero	Mountain Thane	94797	117394	1					api
Warrior	Fury	72	Focus in Chaos	383486	talent-passive	TraitNodeEntry	false	0	Rotational	spec		90403	112272	1					api
Warrior	Fury	72	Frenzied Enrage	383848	talent-passive	TraitNodeEntry	false	0	Rotational	spec		90398	112267	1					api
Warrior	Fury	72	Frenzy	335077	talent-passive	TraitNodeEntry	false	0	Rotational	spec		90406	112275	1	Buff		cdm-only:CooldownSetSpell		api
Warrior	Fury	72	Fresh Meat	215568	talent-passive	TraitNodeEntry	false	0	Rotational	spec		90399	112268	1					api
Warrior	Fury	72	Frothing Berserker	392792	talent-passive	TraitNodeEntry	false	0	Rotational	class		90352	112216	1					api
Warrior	Fury	72	Gathering Clouds	436201	talent-passive	TraitNodeEntry	false	0	Rotational	hero	Mountain Thane	94792	117389	1					api
Warrior	Fury	72	Ground Current	436148	talent-passive	TraitNodeEntry	false	0	Rotational	hero	Mountain Thane	94800	117397	1					api
Warrior	Fury	72	Hack and Slash	383877	talent-passive	TraitNodeEntry	false	0	Rotational	spec		90407	112276	1					api
Warrior	Fury	72	Honed Reflexes	391271	talent-passive	TraitNodeEntry	false	0	Rotational	class		95956	118850	1					api
Warrior	Fury	72	Imminent Demise	444769	talent-passive	TraitNodeEntry	false	0	Rotational	hero	Slayer	94788	117385	1	Buff		cdm-only:CooldownSetSpell		api
Warrior	Fury	72	Improved Execute	316402	talent-passive	TraitNodeEntry	false	0	Rotational	spec		90429	112300	1					api
Warrior	Fury	72	Improved Raging Blow	383854	talent-passive	TraitNodeEntry	false	0	Rotational	spec		90390	112259	1					api
Warrior	Fury	72	Improved Whirlwind	12950	talent-passive	TraitNodeEntry	false	0	Rotational	spec		90427	112298	1	Buff		cdm-only:CooldownSetSpell		api
Warrior	Fury	72	Invigorating Fury	383468	talent-passive	TraitNodeEntry	false	0	Rotational	spec		110330	136890	1					api
Warrior	Fury	72	Javelineer	1271948	talent-passive	TraitNodeEntry	false	0	Rotational	class		110118	136625	1					api
Warrior	Fury	72	Keep Your Feet on the Ground	438590	talent-passive	TraitNodeEntry	false	0	Rotational	hero	Mountain Thane	94798	117395	1					api
Warrior	Fury	72	Kill or Be Killed	1265361	talent-passive	TraitNodeEntry	false	0	Rotational	spec		109965	136450	1	Other		cdm-only:CooldownSetSpell		api
Warrior	Fury	72	Leeching Strikes	382258	talent-passive	TraitNodeEntry	false	0	Rotational	class		90371	112238	1					api
Warrior	Fury	72	Lightning Strikes	434969	talent-passive	TraitNodeEntry	false	0	Rotational	hero	Mountain Thane	94803	117400	1					api
Warrior	Fury	72	Massacre	206315	talent-passive	TraitNodeEntry	false	0	Rotational	spec		90410	112279	1					api
Warrior	Fury	72	Meat Cleaver	280392	talent-passive	TraitNodeEntry	false	0	Rotational	spec		109967	136452	1					api
Warrior	Fury	72	Opportunist	444774	talent-passive	TraitNodeEntry	false	0	Rotational	hero	Slayer	94787	123770	1	Buff		cdm-only:CooldownSetSpell		api
Warrior	Fury	72	Overwhelming Blades	444772	talent-passive	TraitNodeEntry	false	0	Rotational	hero	Slayer	94810	117407	1	Buff		cdm-only:CooldownSetSpell		api
Warrior	Fury	72	Overwhelming Rage	382767	talent-passive	TraitNodeEntry	false	0	Rotational	class		90378	112245	1					api
Warrior	Fury	72	Pain and Gain	382549	talent-passive	TraitNodeEntry	false	0	Rotational	class		90353	112217	1					api
Warrior	Fury	72	Powerful Enrage	440277	talent-passive	TraitNodeEntry	false	0	Rotational	spec		90398	119112	1					api
Warrior	Fury	72	Ragedrinker	1265356	talent-passive	TraitNodeEntry	false	0	Rotational	spec		109962	136447	1	Buff		cdm-only:CooldownSetSpell		api
Warrior	Fury	72	Rampaging Berserker	1269308	talent-passive	TraitNodeEntry	false	0	Rotational	spec		110412	137004	1	Buff		talent-passive:TraitNodeEntry;cdm-only:CooldownSetSpell		api
Warrior	Fury	72	Rampaging Ruin	1265357	talent-passive	TraitNodeEntry	false	0	Rotational	spec		90391	112260	1					api
Warrior	Fury	72	Reap the Storm	444775	talent-passive	TraitNodeEntry	false	0	Rotational	hero	Slayer	94809	117406	1					api
Warrior	Fury	72	Reckless Abandon	396749	talent-passive	TraitNodeEntry	false	0	Rotational	spec		90388	119139	1					api
Warrior	Fury	72	Reinforced Plates	382939	talent-passive	TraitNodeEntry	false	0	Rotational	class		90368	112235	2					api
Warrior	Fury	72	Relentless Pursuit	444776	talent-passive	TraitNodeEntry	false	0	Rotational	hero	Slayer	94795	117392	1					api
Warrior	Fury	72	Resonant Voice	1243660	talent-passive	TraitNodeEntry	false	0	Rotational	class		108685	134225	1					api
Warrior	Fury	72	Rumbling Earth	275339	talent-passive	TraitNodeEntry	false	0	Rotational	class		90374	112241	1					api
Warrior	Fury	72	Scent of Blood	1265355	talent-passive	TraitNodeEntry	false	0	Rotational	spec		109969	136454	1	Buff		cdm-only:CooldownSetSpell		api
Warrior	Fury	72	Second Wind	29838	talent-passive	TraitNodeEntry	false	0	Rotational	class		90332	112190	1	Buff		cdm-only:CooldownSetSpell		api
Warrior	Fury	72	Show No Mercy	444771	talent-passive	TraitNodeEntry	false	0	Rotational	hero	Slayer	94784	117381	1					api
Warrior	Fury	72	Slayer's Dominance	444767	talent-passive	TraitNodeEntry	false	0	Rotational	hero	Slayer	94814	117411	1	Buff		cdm-only:CooldownSetSpell		api
Warrior	Fury	72	Slayer's Malice	444779	talent-passive	TraitNodeEntry	false	0	Rotational	hero	Slayer	94801	117398	1					api
Warrior	Fury	72	Snap Induction	456270	talent-passive	TraitNodeEntry	false	0	Rotational	hero	Mountain Thane	94797	118833	1					api
Warrior	Fury	72	Spite	383852	talent-passive	TraitNodeEntry	false	0	Rotational	spec		90397	112266	2					api
Warrior	Fury	72	Stance Mastery	1280961	talent-passive	TraitNodeEntry	false	0	Rotational	class		108542	134031	1					api
Warrior	Fury	72	Steadfast as the Peaks	434970	talent-passive	TraitNodeEntry	false	0	Rotational	hero	Mountain Thane	94798	118836	1	Buff		cdm-only:CooldownSetSpell		api
Warrior	Fury	72	Storm Bolts	436162	talent-passive	TraitNodeEntry	false	0	Rotational	hero	Mountain Thane	94817	117414	1					api
Warrior	Fury	72	Storm Shield	438597	talent-passive	TraitNodeEntry	false	0	Rotational	hero	Mountain Thane	94817	118835	1					api
Warrior	Fury	72	Storm Surge	275336	talent-passive	TraitNodeEntry	false	0	Rotational	hero	Mountain Thane	109811	136070	1					api
Warrior	Fury	72	Strength of the Mountain	437068	talent-passive	TraitNodeEntry	false	0	Rotational	hero	Mountain Thane	94808	117405	1					api
Warrior	Fury	72	Sudden Death	29725	talent-passive	TraitNodeEntry	false	0	Rotational	spec		90430	112301	1	Buff		cdm-only:CooldownSetSpell		api
Warrior	Fury	72	Surge of Adrenaline	1265359	talent-passive	TraitNodeEntry	false	0	Rotational	spec		109964	136449	1	Buff		cdm-only:CooldownSetSpell		api
Warrior	Fury	72	Thorim's Might	436152	talent-passive	TraitNodeEntry	false	0	Rotational	hero	Mountain Thane	94792	118834	1					api
Warrior	Fury	72	Thunder Blast	435607	talent-passive	TraitNodeEntry	false	0	Rotational	hero	Mountain Thane	94785	117382	1	Buff		cdm-only:CooldownSetSpell		api
Warrior	Fury	72	Unhinged	386628	talent-passive	TraitNodeEntry	false	0	Rotational	hero	Slayer	109815	136074	1					api
Warrior	Fury	72	Unrelenting Onslaught	444780	talent-passive	TraitNodeEntry	false	0	Rotational	hero	Slayer	94820	117417	1					api
Warrior	Fury	72	Vicious Agility	444777	talent-passive	TraitNodeEntry	false	0	Rotational	hero	Slayer	94795	123408	1					api
Warrior	Fury	72	Vicious Contempt	383885	talent-passive	TraitNodeEntry	false	0	Rotational	spec		109963	136448	1					api
Warrior	Fury	72	Violent Euphoria	1270717	talent-passive	TraitNodeEntry	false	0	Rotational	hero	Slayer	109817	136076	1	Buff		cdm-only:CooldownSetSpell		api
Warrior	Fury	72	War Machine	262231	talent-passive	TraitNodeEntry	false	0	Rotational	class		90328	112185	1					api
Warrior	Fury	72	Warpaint	208154	talent-passive	TraitNodeEntry	false	0	Rotational	spec		90394	112263	1					api
Warrior	Fury	72	Wild Strikes	382946	talent-passive	TraitNodeEntry	false	0	Rotational	class		90360	112224	2					api
Warrior	Fury	72	Wrath and Fury	392936	talent-passive	TraitNodeEntry	false	0	Rotational	spec		90387	112255	1					api
Warrior	Fury	72	Enrage	184361	cdm-only	CooldownSetSpell	false	0	Rotational						Other				api
Warrior	Protection	73	Rallying Cry	97462	talent-active	TraitNodeEntry	true	180	Cooldown	class		90331	112188	1	Buff/Utility	Class 7 (Raid Defensive)	cdm-only:CooldownSetSpell		api
Warrior	Protection	73	Avatar	107574	talent-active	TraitNodeEntry	true	90	Cooldown	spec		90433	112305	1	Buff/Essential	Cooldown 1	cdm-only:CooldownSetSpell		api
Warrior	Protection	73	Champion's Spear	376079	talent-active	TraitNodeEntry	true	90	Cooldown	class		90380	112247	1	Essential		cdm-only:CooldownSetSpell		api
Warrior	Protection	73	Disrupting Shout	386071	talent-active	TraitNodeEntry	true	90	Cooldown	spec		107579	132886	1	Buff		cdm-only:CooldownSetSpell		api
Warrior	Protection	73	Demolish	436358	talent-active	TraitNodeEntry	true	45	Cooldown	hero	Colossus	94818	117415	1	Essential		cdm-only:CooldownSetSpell		api
Warrior	Protection	73	Demoralizing Shout	1160	talent-active	TraitNodeEntry	true	45	Cooldown	spec		90305	112159	1	Buff/Essential		cdm-only:CooldownSetSpell		api
Warrior	Protection	73	Shield Charge	385952	talent-active	TraitNodeEntry	true	45	Cooldown	spec		90317	112173	1	Buff/Essential		cdm-only:CooldownSetSpell		api
Warrior	Protection	73	Shockwave	46968	talent-active	TraitNodeEntry	true	40	Rotational	class		90375	112242	1	Buff/Utility	CC 2	cdm-only:CooldownSetSpell		api
Warrior	Protection	73	Storm Bolt	107570	talent-active	TraitNodeEntry	true	30	Rotational	class		90337	112198	1	Buff/Utility	CC	cdm-only:CooldownSetSpell		api
Warrior	Protection	73	Impending Victory	202168	talent-active	TraitNodeEntry	true	25	Rotational	class		90326	112183	1		Self-Heal 1			api
Warrior	Protection	73	Shield Wall	871	talent-active	TraitNodeEntry	true	8	Rotational	spec		90302	112156	1	Essential/Other	Personal Defensive 1	cdm-only:CooldownSetSpell		api
Warrior	Protection	73	Rend	772	talent-active	TraitNodeEntry	true	6	Rotational	class		109391	135597	1	Buff/Essential		cdm-only:CooldownSetSpell		api
Warrior	Protection	73	Thunder Clap	6343	talent-active	TraitNodeEntry	true	6	Rotational	class		90343	112205	1	Buff/Essential	Rotational 2	cdm-only:CooldownSetSpell		api
Warrior	Protection	73	Battle Stance	386164	talent-active	TraitNodeEntry	true	3	Rotational	class		90261	112112	1	Buff	Stance 2	cdm-only:CooldownSetSpell		api
Warrior	Protection	73	Defensive Stance	386208	talent-active	TraitNodeEntry	true	3	Rotational	class		90330	112187	1	Buff	Stance 1	cdm-only:CooldownSetSpell		api
Warrior	Protection	73	Heroic Leap	6544	talent-active	TraitNodeEntry	true	1.5	Rotational	class		90346	112208	1	Utility	Movement Ability	class-baseline:SkillLineAbility:840;cdm-only:CooldownSetSpell		api
Warrior	Protection	73	Intervene	3411	talent-active	TraitNodeEntry	true	1.5	Rotational	class		90329	112186	1	Utility	Class 5 (Purge)	cdm-only:CooldownSetSpell		api
Warrior	Protection	73	Ignore Pain	190456	talent-active	TraitNodeEntry	true	1	Rotational	spec		90295	112149	1	Essential/Other	Rotational 6	cdm-only:CooldownSetSpell		api
Warrior	Protection	73	Spell Reflection	23920	talent-active	TraitNodeEntry	true	1	Rotational	class		90385	112253	1	Buff/Essential	Self-Heal 4 (Emergency/Overflow)	cdm-only:CooldownSetSpell		api
Warrior	Protection	73	Last Stand	1243659	talent-active	TraitNodeEntry	true	0	Rotational	spec		107576	132879	1	Buff	Personal Defensive 2	cdm-only:CooldownSetSpell		api
Warrior	Protection	73	Revenge	6572	talent-active	TraitNodeEntry	true	0	Rotational	spec		90298	112152	1	Essential	Rotational 3	cdm-only:CooldownSetSpell		api
Warrior	Protection	73	Shattering Throw	64382	talent-choice	TraitNodeEntry	true	180	Cooldown	class		90351	112214	1	Utility		cdm-only:CooldownSetSpell		api
Warrior	Protection	73	Intimidating Shout	5246	talent-choice	TraitNodeEntry	true	90	Cooldown	class		108705	134254	1	Buff/Utility		cdm-only:CooldownSetSpell		api
Warrior	Protection	73	Piercing Howl	12323	talent-choice	TraitNodeEntry	true	90	Cooldown	class		108705	136627	1	Buff/Utility	Class 2 (CC)	cdm-only:CooldownSetSpell		api
Warrior	Protection	73	Ravager	228920	talent-choice	TraitNodeEntry	true	90	Cooldown	spec		90432	132880	1	Essential		class-baseline:SkillLineAbility:840;cdm-only:CooldownSetSpell		api
Warrior	Protection	73	Berserker Shout	384100	talent-choice	TraitNodeEntry	true	60	Cooldown	class		90348	112211	1		Self-Heal 3 (Overflow)			api
Warrior	Protection	73	Wrecking Throw	384110	talent-choice	TraitNodeEntry	true	45	Cooldown	class		90351	112215	1	Utility	Class 4 (Special)	cdm-only:CooldownSetSpell		api
Warrior	Protection	73	Challenging Shout	1161	class-baseline	SpecializationSpells	true	120	Cooldown						Utility	Class 6 (Dispel)	cdm-only:CooldownSetSpell		api
Warrior	Protection	73	Berserker Rage	18499	class-baseline	SkillLineAbility:840	true	60	Cooldown						Buff/Utility		cdm-only:CooldownSetSpell		api
Warrior	Protection	73	Warbreaker	209577	class-baseline	SkillLineAbility:840	true	60	Cooldown										api
Warrior	Protection	73	Neltharion's Fury	203524	class-baseline	SkillLineAbility:840	true	45	Cooldown										api
Warrior	Protection	73	Odyn's Fury	205545	class-baseline	SkillLineAbility:840	true	45	Cooldown										api
Warrior	Protection	73	Victory Rush	118779	class-baseline	SkillLineAbility:840	true	30	Rotational						Utility		cdm-only:CooldownSetSpell		api
Warrior	Protection	73	Pummel	6552	class-baseline	SkillLineAbility:840	true	15	Rotational						Utility	Interrupt	cdm-only:CooldownSetSpell		api
Warrior	Protection	73	Shield Slam	23922	class-baseline	SkillLineAbility:840	true	9	Rotational						Essential	Rotational 1	cdm-only:CooldownSetSpell		api
Warrior	Protection	73	Taunt	355	class-baseline	SkillLineAbility:840	true	8	Rotational						Utility	Taunt/Quick Access	cdm-only:CooldownSetSpell		api
Warrior	Protection	73	Execute	163201	class-baseline	SkillLineAbility:840	true	6	Rotational						Essential	Rotational 4	cdm-only:CooldownSetSpell		api
Warrior	Protection	73	Heroic Throw	57755	class-baseline	SkillLineAbility:840	true	6	Rotational							Class 3 (Tag)			api
Warrior	Protection	73	Charge	100	class-baseline	SkillLineAbility:840	true	1.5	Rotational						Utility	Class 1 (Movement)	cdm-only:CooldownSetSpell		api
Warrior	Protection	73	Shield Block	2565	class-baseline	SkillLineAbility:840	true	1	Rotational						Essential/Other	Rotational 5	cdm-only:CooldownSetSpell		api
Warrior	Protection	73	Attack	88163	class-baseline	SkillLineAbility:840	true	0	Rotational										api
Warrior	Protection	73	Battle Shout	6673	class-baseline	SkillLineAbility:840	true	0	Rotational							Buff			api
Warrior	Protection	73	Bladestorm	50622	class-baseline	SkillLineAbility:840	true	0	Rotational										api
Warrior	Protection	73	Bladestorm Off-Hand	95738	class-baseline	SkillLineAbility:840	true	0	Rotational										api
Warrior	Protection	73	Bloodbath	113344	class-baseline	SkillLineAbility:840	true	0	Rotational										api
Warrior	Protection	73	Bloodthirst Heal	117313	class-baseline	SkillLineAbility:840	true	0	Rotational										api
Warrior	Protection	73	Devastate	20243	class-baseline	SpecializationSpells	true	0	Rotational										api
Warrior	Protection	73	Hamstring	1715	class-baseline	SkillLineAbility:840	true	0	Rotational						Buff	Slow	cdm-only:CooldownSetSpell		api
Warrior	Protection	73	Hotbar Slot 01	294184	class-baseline	SkillLineAbility:840	true	0	Rotational										none
Warrior	Protection	73	Hotbar Slot 02	294189	class-baseline	SkillLineAbility:840	true	0	Rotational										none
Warrior	Protection	73	Raging Blow	85384	class-baseline	SkillLineAbility:840	true	0	Rotational										api
Warrior	Protection	73	Single-Button Assistant	1229376	class-baseline	SpecializationSpells	true	0	Rotational										api
Warrior	Protection	73	Slam	1464	class-baseline	SkillLineAbility:840	true	0	Rotational										api
Warrior	Protection	73	Trauma	215537	class-baseline	SkillLineAbility:840	true	0	Rotational										api
Warrior	Protection	73	Whirlwind	1680	class-baseline	SkillLineAbility:840	true	0	Rotational										api
Warrior	Protection	73	Whirlwind Off-Hand	44949	class-baseline	SkillLineAbility:840	true	0	Rotational										api
Warrior	Protection	73	Disarm	236077	pvp-talent	PvpTalent	true	45	Cooldown						Utility		cdm-only:CooldownSetSpell		api
Warrior	Protection	73	Oppressor	205800	pvp-talent	PvpTalent	true	20	Rotational										api
Warrior	Protection	73	Bodyguard	213871	pvp-talent	PvpTalent	true	15	Rotational						Utility		cdm-only:CooldownSetSpell		api
Warrior	Protection	73	Berserker Roar	1227751	pvp-talent	PvpTalent	false	0	Rotational										api
Warrior	Protection	73	Demolition	329033	pvp-talent	PvpTalent	false	0	Rotational										api
Warrior	Protection	73	Dragon Charge	206572	pvp-talent	PvpTalent	true	0	Rotational										api
Warrior	Protection	73	Morale Killer	199023	pvp-talent	PvpTalent	false	0	Rotational										api
Warrior	Protection	73	Power Through Adversity	1234791	pvp-talent	PvpTalent	false	0	Rotational										api
Warrior	Protection	73	Rebound	213915	pvp-talent	PvpTalent	false	0	Rotational										api
Warrior	Protection	73	Safeguard	424654	pvp-talent	PvpTalent	false	0	Rotational										api
Warrior	Protection	73	Shield Bash	198912	pvp-talent	PvpTalent	false	0	Rotational										api
Warrior	Protection	73	Storm of Destruction	236308	pvp-talent	PvpTalent	false	0	Rotational										api
Warrior	Protection	73	Thunderstruck	199045	pvp-talent	PvpTalent	false	0	Rotational										api
Warrior	Protection	73	Anger Management	152278	talent-passive	TraitNodeEntry	false	0	Rotational	class		108543	134032	1					api
Warrior	Protection	73	Armor Specialization	1234769	talent-passive	TraitNodeEntry	false	0	Rotational	spec		90306	112160	1					api
Warrior	Protection	73	Armored to the Teeth	384124	talent-passive	TraitNodeEntry	false	0	Rotational	class		90366	112233	2					api
Warrior	Protection	73	Arterial Bleed	440995	talent-passive	TraitNodeEntry	false	0	Rotational	hero	Colossus	94799	119856	1					api
Warrior	Protection	73	Avatar of the Storm	437134	talent-passive	TraitNodeEntry	false	0	Rotational	hero	Mountain Thane	94805	117402	1					api
Warrior	Protection	73	Barbaric Training	383082	talent-passive	TraitNodeEntry	false	0	Rotational	class		90347	112209	1					api
Warrior	Protection	73	Battle-Scarred Veteran	386394	talent-passive	TraitNodeEntry	false	0	Rotational	spec		90435	112307	1	Buff		cdm-only:CooldownSetSpell		api
Warrior	Protection	73	Battlefield Commander	424742	talent-passive	TraitNodeEntry	false	0	Rotational	class		108544	134033	1					api
Warrior	Protection	73	Best Served Cold	202560	talent-passive	TraitNodeEntry	false	0	Rotational	spec		90309	112163	1					api
Warrior	Protection	73	Bloodborne	385704	talent-passive	TraitNodeEntry	false	0	Rotational	spec		90264	112115	1					api
Warrior	Protection	73	Bloodsurge	384361	talent-passive	TraitNodeEntry	false	0	Rotational	spec		90300	112154	1					api
Warrior	Protection	73	Boneshaker	429639	talent-passive	TraitNodeEntry	false	0	Rotational	hero	Colossus	94789	117386	1					api
Warrior	Protection	73	Booming Voice	202743	talent-passive	TraitNodeEntry	false	0	Rotational	spec		90314	112170	1					api
Warrior	Protection	73	Bounding Stride	202163	talent-passive	TraitNodeEntry	false	0	Rotational	class		90355	112219	1					api
Warrior	Protection	73	Brace For Impact	386030	talent-passive	TraitNodeEntry	false	0	Rotational	spec		90304	112158	1	Buff		cdm-only:CooldownSetSpell		api
Warrior	Protection	73	Brutal Vitality	384036	talent-passive	TraitNodeEntry	false	0	Rotational	spec		90451	112325	1					api
Warrior	Protection	73	Burst of Power	437118	talent-passive	TraitNodeEntry	false	0	Rotational	hero	Mountain Thane	94807	117404	1	Buff		cdm-only:CooldownSetSpell		api
Warrior	Protection	73	Capacitance	1270724	talent-passive	TraitNodeEntry	false	0	Rotational	hero	Mountain Thane	109809	136068	1					api
Warrior	Protection	73	Celeritous Conclusion	1270710	talent-passive	TraitNodeEntry	false	0	Rotational	hero	Colossus	109812	136071	1	Buff		cdm-only:CooldownSetSpell		api
Warrior	Protection	73	Colossal Might	429634	talent-passive	TraitNodeEntry	false	0	Rotational	hero	Colossus	94819	117416	1	Buff		cdm-only:CooldownSetSpell		api
Warrior	Protection	73	Conductivity	1270723	talent-passive	TraitNodeEntry	false	0	Rotational	hero	Mountain Thane	109810	136069	1					api
Warrior	Protection	73	Crackling Thunder	203201	talent-passive	TraitNodeEntry	false	0	Rotational	class		95959	118853	1					api
Warrior	Protection	73	Crashing Thunder	436707	talent-passive	TraitNodeEntry	false	0	Rotational	hero	Mountain Thane	94816	117413	1					api
Warrior	Protection	73	Cruel Strikes	392777	talent-passive	TraitNodeEntry	false	0	Rotational	class		90381	112248	2					api
Warrior	Protection	73	Crushing Force	382764	talent-passive	TraitNodeEntry	false	0	Rotational	class		108686	134226	1					api
Warrior	Protection	73	Cut to the Bone	1270709	talent-passive	TraitNodeEntry	false	0	Rotational	hero	Colossus	109813	136072	1					api
Warrior	Protection	73	Decimator	1270704	talent-passive	TraitNodeEntry	false	0	Rotational	hero	Colossus	109814	136073	1					api
Warrior	Protection	73	Deep Wounds	1261060	talent-passive	TraitNodeEntry	false	0	Rotational	spec		90310	112165	1	Buff		cdm-only:CooldownSetSpell		api
Warrior	Protection	73	Defender's Aegis	397103	talent-passive	TraitNodeEntry	false	0	Rotational	spec		90318	112174	1					api
Warrior	Protection	73	Devastating Focus	1264330	talent-passive	TraitNodeEntry	false	0	Rotational	spec		90296	112150	1	Buff		cdm-only:CooldownSetSpell		api
Warrior	Protection	73	Devastator	236279	talent-passive	TraitNodeEntry	false	0	Rotational	spec		90297	112151	1					api
Warrior	Protection	73	Dominance of the Colossus	429636	talent-passive	TraitNodeEntry	false	0	Rotational	hero	Colossus	94793	117390	1	Buff		cdm-only:CooldownSetSpell		api
Warrior	Protection	73	Double Time	103827	talent-passive	TraitNodeEntry	false	0	Rotational	class		90382	112249	1					api
Warrior	Protection	73	Earthquaker	440992	talent-passive	TraitNodeEntry	false	0	Rotational	hero	Colossus	94789	119858	1					api
Warrior	Protection	73	Enduring Alacrity	384063	talent-passive	TraitNodeEntry	false	0	Rotational	spec		107577	132882	1					api
Warrior	Protection	73	Enduring Defenses	386027	talent-passive	TraitNodeEntry	false	0	Rotational	spec		90311	112166	2					api
Warrior	Protection	73	Fast Footwork	382260	talent-passive	TraitNodeEntry	false	0	Rotational	class		90344	112206	1					api
Warrior	Protection	73	Fearless	1271925	talent-passive	TraitNodeEntry	false	0	Rotational	class		90348	112210	1					api
Warrior	Protection	73	Field Dressing	1271926	talent-passive	TraitNodeEntry	false	0	Rotational	class		110119	136626	1					api
Warrior	Protection	73	Fight Through the Flames	452494	talent-passive	TraitNodeEntry	false	0	Rotational	spec		90299	112153	1					api
Warrior	Protection	73	Flashing Skies	437079	talent-passive	TraitNodeEntry	false	0	Rotational	hero	Mountain Thane	94797	117394	1					api
Warrior	Protection	73	Focused Vigor	384067	talent-passive	TraitNodeEntry	false	0	Rotational	spec		107578	132883	1					api
Warrior	Protection	73	Frothing Berserker	392792	talent-passive	TraitNodeEntry	false	0	Rotational	class		90352	112216	1					api
Warrior	Protection	73	Fueled by Violence	383103	talent-passive	TraitNodeEntry	false	0	Rotational	spec		90319	112176	1					api
Warrior	Protection	73	Gathering Clouds	436201	talent-passive	TraitNodeEntry	false	0	Rotational	hero	Mountain Thane	94792	117389	1					api
Warrior	Protection	73	Ground Current	436148	talent-passive	TraitNodeEntry	false	0	Rotational	hero	Mountain Thane	94800	117397	1					api
Warrior	Protection	73	Heavy Handed	1235088	talent-passive	TraitNodeEntry	false	0	Rotational	spec		90313	112169	1					api
Warrior	Protection	73	Heavy Repercussions	203177	talent-passive	TraitNodeEntry	false	0	Rotational	spec		90312	112167	1					api
Warrior	Protection	73	Honed Reflexes	391271	talent-passive	TraitNodeEntry	false	0	Rotational	class		95956	118850	1					api
Warrior	Protection	73	Hunker Down	1235022	talent-passive	TraitNodeEntry	false	0	Rotational	spec		90450	112110	1					api
Warrior	Protection	73	Impenetrable Wall	384072	talent-passive	TraitNodeEntry	false	0	Rotational	spec		90318	132881	1					api
Warrior	Protection	73	Indomitable	202095	talent-passive	TraitNodeEntry	false	0	Rotational	spec		90434	112306	1					api
Warrior	Protection	73	Instigate	394311	talent-passive	TraitNodeEntry	false	0	Rotational	spec		90301	112155	1					api
Warrior	Protection	73	Into the Fray	202603	talent-passive	TraitNodeEntry	false	0	Rotational	spec		90312	132885	1	Buff		cdm-only:CooldownSetSpell		api
Warrior	Protection	73	Javelineer	1271948	talent-passive	TraitNodeEntry	false	0	Rotational	class		110118	136625	1					api
Warrior	Protection	73	Keep Your Feet on the Ground	438590	talent-passive	TraitNodeEntry	false	0	Rotational	hero	Mountain Thane	94798	117395	1					api
Warrior	Protection	73	Leeching Strikes	382258	talent-passive	TraitNodeEntry	false	0	Rotational	class		90371	112238	1					api
Warrior	Protection	73	Lightning Strikes	434969	talent-passive	TraitNodeEntry	false	0	Rotational	hero	Mountain Thane	94803	117400	1					api
Warrior	Protection	73	Martial Expert	429638	talent-passive	TraitNodeEntry	false	0	Rotational	hero	Colossus	94812	117409	1					api
Warrior	Protection	73	Massacre	281001	talent-passive	TraitNodeEntry	false	0	Rotational	spec		107575	132878	1					api
Warrior	Protection	73	Mountain of Muscle and Scars	429642	talent-passive	TraitNodeEntry	false	0	Rotational	hero	Colossus	94806	117403	1					api
Warrior	Protection	73	No Stranger to Pain	429644	talent-passive	TraitNodeEntry	false	0	Rotational	hero	Colossus	94815	117412	1					api
Warrior	Protection	73	One Against Many	429637	talent-passive	TraitNodeEntry	false	0	Rotational	hero	Colossus	94799	117396	1					api
Warrior	Protection	73	One-Handed Weapon Specialization	382895	talent-passive	TraitNodeEntry	false	0	Rotational	class		90324	112181	2					api
Warrior	Protection	73	Overwhelming Rage	382767	talent-passive	TraitNodeEntry	false	0	Rotational	class		90378	112245	1					api
Warrior	Protection	73	Pain and Gain	382549	talent-passive	TraitNodeEntry	false	0	Rotational	class		90353	112217	1					api
Warrior	Protection	73	Phalanx	1269311	talent-passive	TraitNodeEntry	false	0	Rotational	spec		110411	137001	1	Buff		talent-passive:TraitNodeEntry;cdm-only:CooldownSetSpell		api
Warrior	Protection	73	Practiced Strikes	429647	talent-passive	TraitNodeEntry	false	0	Rotational	hero	Colossus	94796	117393	1					api
Warrior	Protection	73	Precise Might	431548	talent-passive	TraitNodeEntry	false	0	Rotational	hero	Colossus	94794	117391	1					api
Warrior	Protection	73	Punish	275334	talent-passive	TraitNodeEntry	false	0	Rotational	spec		90448	112321	1	Buff		cdm-only:CooldownSetSpell		api
Warrior	Protection	73	Reinforced Plates	382939	talent-passive	TraitNodeEntry	false	0	Rotational	class		90368	112235	2					api
Warrior	Protection	73	Resonant Voice	1243660	talent-passive	TraitNodeEntry	false	0	Rotational	class		108685	134225	1					api
Warrior	Protection	73	Rumbling Earth	275339	talent-passive	TraitNodeEntry	false	0	Rotational	class		90374	112241	1					api
Warrior	Protection	73	Second Wind	29838	talent-passive	TraitNodeEntry	false	0	Rotational	class		90332	112190	1	Buff		cdm-only:CooldownSetSpell		api
Warrior	Protection	73	Shield Specialization	386011	talent-passive	TraitNodeEntry	false	0	Rotational	spec		90315	112171	1					api
Warrior	Protection	73	Snap Induction	456270	talent-passive	TraitNodeEntry	false	0	Rotational	hero	Mountain Thane	94797	118833	1					api
Warrior	Protection	73	Spellbreaker	1235023	talent-passive	TraitNodeEntry	false	0	Rotational	spec		90450	112324	1					api
Warrior	Protection	73	Stance Mastery	1280961	talent-passive	TraitNodeEntry	false	0	Rotational	class		108542	134031	1					api
Warrior	Protection	73	Steadfast as the Peaks	434970	talent-passive	TraitNodeEntry	false	0	Rotational	hero	Mountain Thane	94798	118836	1	Buff		cdm-only:CooldownSetSpell		api
Warrior	Protection	73	Storm Bolts	436162	talent-passive	TraitNodeEntry	false	0	Rotational	hero	Mountain Thane	94817	117414	1					api
Warrior	Protection	73	Storm Shield	438597	talent-passive	TraitNodeEntry	false	0	Rotational	hero	Mountain Thane	94817	118835	1					api
Warrior	Protection	73	Storm Surge	275336	talent-passive	TraitNodeEntry	false	0	Rotational	hero	Mountain Thane	109811	136070	1					api
Warrior	Protection	73	Strategist	384041	talent-passive	TraitNodeEntry	false	0	Rotational	spec		90303	112157	1					api
Warrior	Protection	73	Strength of the Mountain	437068	talent-passive	TraitNodeEntry	false	0	Rotational	hero	Mountain Thane	94808	117405	1					api
Warrior	Protection	73	Sudden Death	29725	talent-passive	TraitNodeEntry	false	0	Rotational	spec		90264	132884	1	Buff		cdm-only:CooldownSetSpell		api
Warrior	Protection	73	Thorim's Might	436152	talent-passive	TraitNodeEntry	false	0	Rotational	hero	Mountain Thane	94792	118834	1					api
Warrior	Protection	73	Thunder Blast	435607	talent-passive	TraitNodeEntry	false	0	Rotational	hero	Mountain Thane	94785	117382	1	Buff		cdm-only:CooldownSetSpell		api
Warrior	Protection	73	Thunderlord	385840	talent-passive	TraitNodeEntry	false	0	Rotational	spec		90308	112162	1					api
Warrior	Protection	73	Tide of Battle	429641	talent-passive	TraitNodeEntry	false	0	Rotational	hero	Colossus	94811	117408	1					api
Warrior	Protection	73	Tough as Nails	385888	talent-passive	TraitNodeEntry	false	0	Rotational	spec		90320	112177	1					api
Warrior	Protection	73	Unyielding Stance	1235047	talent-passive	TraitNodeEntry	false	0	Rotational	spec		90449	112323	1					api
Warrior	Protection	73	Veteran Vitality	440993	talent-passive	TraitNodeEntry	false	0	Rotational	hero	Colossus	94815	119857	1	Buff		cdm-only:CooldownSetSpell		api
Warrior	Protection	73	Violent Outburst	386477	talent-passive	TraitNodeEntry	false	0	Rotational	spec		90265	112116	1	Buff		cdm-only:CooldownSetSpell		api
Warrior	Protection	73	War Machine	262231	talent-passive	TraitNodeEntry	false	0	Rotational	class		90328	112185	1					api
Warrior	Protection	73	Whirling Blade	1235113	talent-passive	TraitNodeEntry	false	0	Rotational	spec		90432	112304	1					api
Warrior	Protection	73	Wild Strikes	382946	talent-passive	TraitNodeEntry	false	0	Rotational	class		90360	112224	2					api
