spell_id	name	description_source	description
17	Power Word: Shield	api	Shields an ally for 15 sec, absorbing 1,747 damage.
53	Backstab	api	Stab the target, causing 38 Physical damage. Damage increased by 20% when you are behind your target.\n\nAwards 1 combo point.
66	Invisibility	api	Turns you invisible over 3 sec, reducing threat each second. While invisible, you are untargetable by enemies. Lasts 20 sec. Taking any action cancels the effect.
99	Incapacitating Roar	api	Shift into Bear Form and invoke the spirit of Ursol to let loose a deafening roar, incapacitating all enemies within 10 yards for 3 sec. Damage may cancel the effect.
100	Charge	api	Charge to an enemy, dealing 7 Physical damage, rooting it for 1 sec.\n\nGenerates 20 Rage.
116	Frostbolt	api	Launches a bolt of frost at the enemy, causing 1,008 Frost damage and slowing movement speed by 50% for 8 sec.
118	Polymorph	api	Transforms the enemy into a sheep, wandering around incapacitated for 1 min. While affected, the victim cannot take actions but will regenerate health very quickly. Damage may cancel the effect. Limit 1.\n\nOnly works on Beasts, Humanoids and Critters.
120	Cone of Cold	api	Targets in a cone in front of you take 174 Frost damage and have movement slowed by 50% for 8 sec.
122	Frost Nova	api	Blasts enemies within 12 yds of you for 20 Frost damage and freezes them in place for 6 sec. Damage may interrupt the freeze effect.
126	Eye of Kilrogg	api	Summons an Eye of Kilrogg and binds your vision to it. The eye is stealthed and moves quickly but is very fragile.
130	Slow Fall	api	Slows a group member's falling speed for 30 sec.
133	Fireball	api	Throws a fiery ball that causes 1,616 Fire damage.
136	Mend Pet	api	Heals your pet for 50% of its total health over 10 sec.
339	Entangling Roots	api	Roots the target in place for 30 sec. Damage may cancel the effect.
348	Immolate	api	Burns the enemy, causing 354 Fire damage immediately and an additional 1,493 Fire damage over 18 sec.\n\nPeriodic damage generates 1 Soul Shard Fragment and has a 50% chance to generate an additional 1 on critical strikes.
355	Taunt	api	Taunts the target to attack you, and increases the threat you generate against them by 800% for 6 sec.
370	Purge	api	Purges the enemy target, removing 1 beneficial Magic effect.
408	Kidney Shot	api	Finishing move that stuns the target. Lasts longer per combo point, up to 8 sec:\n   1 point : 4 seconds\n   2 points: 5 seconds\n   3 points: 6 seconds\n   4 points: 7 seconds\n   5 points: 8 seconds
453	Mind Soothe	api	Soothes enemies in the target area, reducing the range at which they will detect you by 10 yards. Only affects Humanoid and Dragonkin targets. Does not cause threat. Lasts 20 sec.
465	Devotion Aura	api	Party and raid members within 40 yds are bolstered by their devotion, reducing damage taken by 3%.
475	Remove Curse	api	Removes all Curses from a friendly target.
498	Divine Protection	api	Reduces all damage you take by 20% for 8 sec. Usable while stunned.
527	Purify	api	Dispels harmful effects on the target, removing all Magic effects.
528	Dispel Magic	api	Dispels Magic on the enemy target, removing 1 beneficial Magic effect.
546	Water Walking	api	Allows the friendly target to walk across water for 10 min. Damage will cancel the effect.
556	Astral Recall	api	Yanks you through the twisting nether back to your inn. Speak to an Innkeeper in a different place to change your home location.
585	Smite	api	Smites an enemy for 372 Holy damage.
586	Fade	api	Fade out, removing all your threat and reducing enemies' detection range against you for 10 sec.
589	Shadow Word: Pain	api	A word of darkness that causes 64 Shadow damage instantly, and an additional 424 Shadow damage over 16 sec.
596	Prayer of Healing	api	A powerful prayer that heals your target and 4 injured allies within 40 yards for 2,230.
605	Mind Control	api	Controls a mind up to 1 level above yours for 30 sec. Does not work versus Demonic, Undead, or Mechanical beings. Shares diminishing returns with other disorienting effects.
633	Lay on Hands	api	Heals a friendly target for an amount equal to 100% your maximum health.\n\nCannot be used on a target with Forbearance. Causes Forbearance for 30 sec.
642	Divine Shield	api	Grants immunity to all damage, harmful effects, knockbacks and forced movement effects for 8 sec. \n\nCannot be used if you have Forbearance. Causes Forbearance for 30 sec.
686	Shadow Bolt	api	Sends a shadowy bolt at the enemy, causing 651 Shadow damage.
688	Summon Imp	api	Summons an Imp under your command that casts ranged Firebolts.
691	Summon Felhunter	api	Summons a Felhunter under your command, able to disrupt the spell casts of your enemies.
697	Summon Voidwalker	api	Summons a Voidwalker under your command, able to withstand heavy punishment.
698	Ritual of Summoning	api	Begins a ritual to create a summoning portal, requiring the caster and 2 allies to complete. This portal can be used to summon party and raid members.
702	Curse of Weakness	api	Increases the time between an enemy's attacks by 20% for 2 min.\n\nCurses: A warlock can only have one Curse active per target.
703	Garrote	api	Garrote the enemy, causing 159 Bleed damage over 18 sec.\n\nAwards 1 combo point.
710	Banish	api	Banishes an enemy Demon, Aberration, or Elemental, preventing any action for 30 sec. Limit 1. Casting Banish again on the target will cancel the effect.
740	Tranquility	api	Heals all allies within 40 yards for 19,417 over 5.4 sec.\n\nHealing decreased beyond 5 targets.
768	Cat Form	api	Shapeshift into Cat Form, increasing auto-attack damage by 40%, movement speed by 30%, granting protection from Polymorph effects, and reducing falling damage.\n\nThe act of shapeshifting frees you from movement impairing effects.
772	Rend	api	Lash out with your weapon, striking all targets within 10 yds for 92 Physical damage instantly and wounding them for an additional 74 Bleed damage over 15 sec.
774	Rejuvenation	api	Heals the target for 1,672 over 12 sec.
781	Disengage	api	Leap backwards.
783	Travel Form	api	Shapeshift into a travel form appropriate to your current location, increasing movement speed on land, in water, or in the air, and granting protection from Polymorph effects.\n\nThe act of shapeshifting frees you from movement impairing effects.
845	Cleave	api	Strikes all enemies in front of you for 90 Physical damage. Deals reduced damage beyond 5 targets.
853	Hammer of Justice	api	Stuns the target for 6 sec.
871	Shield Wall	api	Reduces all damage you take by 40% for 8 sec.
883	Call Pet 1	api	Summons your first pet to you.
921	Pick Pocket	api	Pick the target's pocket.
974	Earth Shield	api	Protects the target with an earthen shield, increasing your healing on them by 20% and healing them for 332 when they take damage. This heal can only occur once every 3 sec. Maximum 9 charges.\n\nEarth Shield can only be placed on one target at a time. Only one Elemental Shield can be active on the Shaman.
980	Agony	api	Inflicts increasing agony on the target, causing up to 2,379 Shadow damage over 18 sec. Damage starts low and increases over the duration. Refreshing Agony maintains its current damage level.\n\nAgony damage sometimes generates 1 Soul Shard.
982	Revive Pet	api	Revives your pet, returning it to life with 100% of its base health.
1022	Blessing of Protection	api	Blesses a party or raid member, granting immunity to Physical damage and harmful effects for 10 sec.\n\nCannot be used on a target with Forbearance. Causes Forbearance for 30 sec.
1044	Blessing of Freedom	api	Blesses a party or raid member, granting immunity to movement impairing effects for 8 sec.
1064	Chain Heal	api	Heals the friendly target for 875, then jumps up to 20 yards to heal the 3 most injured nearby allies. Healing is reduced by 30% with each jump.
1079	Rip	api	Finishing move that causes Bleed damage over time. Lasts longer per combo point.\n\n   1 point  : 8 over 1 sec\n   2 points: 12 over 2 sec\n   3 points: 16 over 3 sec\n   4 points: 20 over 3 sec\n   5 points: 24 over 4 sec
1098	Subjugate Demon	api	Subjugates the target demon up to level 71, forcing it to do your bidding for 10 min.
1122	Summon Infernal	api	Summons an Infernal from the Twisting Nether, impacting for 231 Fire damage and stunning all enemies in the area for 2 sec.\n\nThe Infernal will serve you for 30 sec, dealing 211 damage to all nearby enemies every 1.8 sec and generating 1 Soul Shard Fragment every 1 sec.
1126	Mark of the Wild	api	Infuse a friendly target with the power of the wild, increasing their Versatility by 3% for 60 minutes.\n\nIf target is in your party or raid, all party and raid members will be affected.
1160	Demoralizing Shout	api	Demoralizes all enemies within 10 yards, reducing the damage they deal to you by 20% for 8 sec.
1161	Challenging Shout	api	Taunts all enemies within 10 yds to attack you for 6 sec, and increases the threat you generate against them by 800% for 6 sec.
1449	Arcane Explosion	api	Causes an explosion of magic around the caster, dealing 250 Arcane damage to all enemies within 10 yards.\n\nGenerates 1 Arcane Charge if any targets are hit.
1459	Arcane Intellect	api	Infuses the target with brilliance, increasing their Intellect by 3% for 1 hour.  \n\nIf the target is in your party or raid, all party and raid members will be affected.
1462	Beast Lore	api	Gathers information about the target beast, displaying diet, abilities, specialization, whether or not the creature is tameable, and if it is exotic.
1464	Slam	api	Slams an opponent, causing 106 Physical damage.
1494	Track Beasts	api	Shows the location of all nearby beasts on the minimap.
1513	Scare Beast	api	Scares a beast, causing it to run in fear for up to 20 sec.  Damage caused may interrupt the effect.  Only one beast can be feared at a time.
1515	Tame Beast	api	Tames a beast to be your companion. If you lose the beast's attention for any reason, the taming process will fail.\n\nYou must dismiss any active beast companions and have an empty Call Pet slot before you can begin taming a new beast. Only Beast Mastery specialized Hunters can tame Exotic Beasts.
1543	Flare	api	Exposes all hidden and invisible enemies within the targeted area for 20 sec.
1680	Whirlwind	api	Unleashes a whirlwind of steel, striking all nearby targets for 74 Physical damage. Deals reduced damage beyond 5 targets.
1706	Levitate	api	Levitates a party or raid member for 10 min, floating a few feet above the ground, granting slow fall, and allowing travel over water.
1714	Curse of Tongues	api	Forces the target to speak in Demonic, increasing the casting time of all spells by 30% for 1 min.\n\nCurses: A warlock can only have one Curse active per target.
1715	Hamstring	api	Maims the enemy for 5 Physical damage, reducing movement speed by 50% for 15 sec.
1719	Recklessness	api	Go berserk, increasing all Rage generation by 50% and granting your abilities 20% increased critical strike chance for 12 sec.
1725	Distract	api	Throws a distraction, attracting the attention of all nearby monsters for 10 seconds. Usable while stealthed.
1752	Sinister Strike	api	Viciously strike an enemy, causing 31 Physical damage.\n\nAwards 1 combo point.
1766	Kick	api	A quick kick that interrupts spellcasting and prevents any spell in that school from being cast for 6 sec.
1776	Gouge	api	Gouges the eyes of an enemy target, incapacitating for 4 sec. Damage may interrupt the effect.\n\nMust be in front of your target.\n\nAwards 1 combo point.
1784	Stealth	api	Conceals you in the shadows until cancelled, allowing you to stalk enemies without being seen.
1804	Pick Lock	api	Allows opening of locked chests and doors that require a skill level of up to 70.
1822	Rake	api	Rake the target for 10 Bleed damage and an additional 57 Bleed damage over 15 sec.\n\nAwards 1 combo point.
1833	Cheap Shot	api	Stuns the target for 6 sec.\n\nAwards 1 combo point.
1850	Dash	api	Shift into Cat Form and increase your movement speed by 60% while in Cat Form for 10 sec.
1856	Vanish	api	Allows you to vanish from sight, entering stealth while in combat. For the first 3 sec after vanishing, damage and harmful effects received will not break stealth. Also breaks movement impairing effects.
1943	Rupture	api	Finishing move that tears open the target, dealing Bleed damage over time. Lasts longer per combo point.\n\n   1 point  : 9 over 8 sec\n   2 points: 13 over 12 sec\n   3 points: 18 over 16 sec\n   4 points: 22 over 20 sec\n   5 points: 26 over 24 sec
1953	Blink	api	Teleports you forward 20 yds or until reaching an obstacle, and frees you from all stuns and bonds.
1966	Feint	api	Performs an evasive maneuver, reducing damage taken from area-of-effect attacks by 40% for 6 sec.
2006	Resurrection	api	Brings a dead ally back to life with 35% health and mana. Cannot be cast when in combat.
2008	Ancestral Spirit	api	Returns the spirit to the body, restoring a dead target to life with 35% of maximum health and mana. Cannot be cast when in combat.
2050	Holy Word: Serenity	api	Perform a miracle, healing an ally for 8,253.\n\nCooldown reduced by 6 sec when you cast Flash Heal.
2061	Flash Heal	api	A fast spell that heals an ally for 2,573.
2094	Blind	api	Blinds the target, causing it to wander disoriented for 1 min. Damage may interrupt the effect. Limit 1.
2096	Mind Vision	api	Allows the caster to see through the target's eyes for 1 min. Will not work if the target is in another instance or on another continent.
2098	Dispatch	api	Finishing move that dispatches the enemy, dealing damage per combo point:\n   1 point  : 21 damage\n   2 points: 44 damage\n   3 points: 65 damage\n   4 points: 85 damage\n   5 points: 109 damage
2120	Flamestrike	api	Calls down a pillar of fire, burning all enemies within the area for 1,220 Fire damage. Deals reduced damage beyond 8 targets.\n\nThis spell is cast at a selected location.
2139	Counterspell	api	Counters the enemy's spellcast, preventing any spell from that school of magic from being cast for 7 sec.
2484	Earthbind Totem	api	Summons a totem at the target location for 20 sec that slows the movement speed of enemies within 10 yards by 50%.
2565	Shield Block	api	Raise your shield, blocking all melee attacks against you for 6 sec.
2637	Hibernate	api	Forces the enemy target to sleep for up to 40 sec. Any damage will awaken the target. Only one target can be forced to hibernate at a time. Only works on Beasts and Dragonkin.
2641	Dismiss Pet	api	Temporarily sends this pet away. You can call it back later.
2645	Ghost Wolf	api	Turn into a Ghost Wolf, increasing movement speed by 30% and preventing movement speed from being reduced below 100%.
2649	Growl	db2-plain	Your pet growls at the target, generating threat, taunting the target to attack the pet.
2782	Remove Corruption	api	Nullifies corrupting effects on the friendly target, removing all Curse and Poison effects.
2812	Denounce	api	Casts down the enemy with a bolt of Holy Light, causing 2,899 Holy damage and preventing the target from causing critical effects for the next 8 sec.
2818	Deadly Poison	api	Coats your weapons with a Lethal Poison that lasts for 1 hour. Each strike has a 30% chance to poison the enemy for 27 Nature damage over 12 sec. Subsequent poison applications will instantly deal 2 Nature damage.
2823	Deadly Poison	api	Coats your weapons with a Lethal Poison that lasts for 1 hour. Each strike has a 30% chance to poison the enemy for 27 Nature damage over 12 sec. Subsequent poison applications will instantly deal 2 Nature damage.
2825	Bloodlust	api	Increases haste by 30% for all party and raid members for 40 sec.\n\nAllies receiving this effect will become Sated and unable to benefit from Bloodlust or Time Warp again for 10 min.
2908	Soothe	api	Soothes the target, dispelling all enrage effects.
2948	Scorch	api	Scorches an enemy for 410 Fire damage.\n\nWhen cast on a target below 30% health, Scorch is a guaranteed critical strike.\n\nCastable while moving.
2983	Sprint	api	Increases your movement speed by 70% for 8 sec. Usable while stealthed.
3408	Crippling Poison	api	Coats your weapons with a Non-Lethal Poison that lasts for 1 hour. Each strike has a 30% chance to poison the enemy, slowing movement speed by 50% for 12 sec.
3411	Intervene	api	Run at high speed toward an ally, intercepting all melee and ranged attacks against them for 6 sec while they remain within 10 yds.
3561	Teleport: Stormwind	api	Teleports you to Stormwind.
3562	Teleport: Ironforge	api	Teleports you to Ironforge.
3563	Teleport: Undercity	api	Teleports you to Undercity.
3565	Teleport: Darnassus	api	Teleports you to Darnassus.
3566	Teleport: Thunder Bluff	api	Teleports you to Thunder Bluff.
3567	Teleport: Orgrimmar	api	Teleports you to Orgrimmar.
3714	Path of Frost	api	Activates a freezing aura for 10 min that creates ice beneath your feet, allowing party or raid members within 50 yards to walk on water.\n\nUsable while mounted, but being attacked or damaged will cancel the effect.
4987	Cleanse	api	Cleanses a friendly target, removing all Magic effects.
5116	Concussive Shot	api	Dazes the target, slowing movement speed by 50% for 6 sec.
5143	Arcane Missiles	api	Requires Clearcasting\nLaunches 5 waves of Arcane Missiles at the enemy over 2.2 sec, causing a total of 2,162 Arcane damage.
5176	Wrath	api	Hurl a ball of energy at the target, dealing 229 Nature damage.
5211	Mighty Bash	api	Invokes the spirit of Ursoc to stun the target for 4 sec. Usable in all shapeshift forms.
5217	Tiger's Fury	api	Instantly restores 50 Energy, and increases the damage of all your attacks by 15% for their full duration. Lasts 10 sec.
5221	Shred	api	Shred the target, causing 75 Physical damage to the target.\n\nAwards 1 combo point.
5225	Track Humanoids	api	Shows the location of all nearby humanoids on the minimap.
5246	Intimidating Shout	api	Causes the targeted enemy to cower in fear while all enemies within 8 yards flee from you and their movement speed is reduced by 70% for 8 sec.\nDamage may cancel the effect.
5277	Evasion	api	Increases your dodge chance by 100% for 10 sec.
5374	Mutilate	api	Instantly attacks for 41 Physical damage.\n\nAwards 1 combo point.
5384	Feign Death	api	Feign death, tricking enemies into ignoring you. Lasts up to 6 min.
5394	Healing Stream Totem	api	Summons a totem at your feet for 15 sec that heals an injured party or raid member within 40 yards for 254 every 1.8 sec.\n\nIf you already know Healing Stream Totem, instead gain 1 additional charge of Healing Stream Totem.
5484	Howl of Terror	api	Let loose a terrifying howl, causing 5 enemies within 10 yds to flee in fear, disorienting them for 20 sec. Damage may cancel the effect.
5487	Bear Form	api	Shapeshift into Bear Form, increasing armor by 220% and Stamina by 25%, granting protection from Polymorph effects, and increasing threat generation.\n\nThe act of shapeshifting frees you from movement impairing effects.
5502	Sense Undead	api	Shows the location of all nearby undead on the minimap until cancelled. Only one form of tracking can be active at a time.
5697	Unending Breath	api	Allows an ally to breathe underwater and increases swim speed by 20% for 10 min.
5740	Rain of Fire	api	Calls down a rain of hellfire the target location, dealing 1,395 Fire damage over 7.1 sec to enemies in the area.\n\nThis spell is cast at a selected location.
5761	Numbing Poison	api	Coats your weapons with a Non-Lethal Poison that lasts for 1 hour. Each strike has a 30% chance of poisoning the enemy, clouding their mind and slowing their attack and casting speed by 15% for 10 sec.
5782	Fear	api	Strikes fear in the enemy, disorienting for 20 sec. Damage may cancel the effect. Limit 1.
5784	Felsteed	api	Summons a Felsteed, which serves as a mount.
5938	Shiv	api	Attack with your off-hand, dealing 2 Physical damage, dispelling all enrage effects and applying a concentrated form of your active Non-Lethal poison.\n\nAwards 1 combo point.
6196	Far Sight	api	Changes your viewpoint to the targeted location for 1 min.
6197	Eagle Eye	api	Changes your viewpoint to the targeted location for 1 min. Only usable outdoors.
6201	Create Healthstone	api	Creates a Healthstone that can be consumed to restore 25% health.
6343	Thunder Clap	api	Blasts all enemies within 8 yards for 82 Physical damage and reduces their movement speed by 20% for 10 sec. Deals reduced damage beyond 5 targets.\n\nIf you know Rend, inflicts Rend on all targets.
6353	Soul Fire	api	Burns the enemy's soul, dealing 10,170 Fire damage and applying Immolate.\n\nGenerates 1 Soul Shard.
6544	Heroic Leap	api	Leap through the air toward a target location, slamming down with destructive force to deal 8 Physical damage to all enemies within 8 yards.
6552	Pummel	api	Pummels the target, interrupting spellcasting and preventing any spell in that school from being cast for 5 sec.
6572	Revenge	api	Swing in a wide arc, dealing 84 Physical damage to all enemies in front of you. Deals reduced damage beyond 5 targets.\n\nYour successful dodges and parries have a chance to make your next Revenge cost no Rage.
6673	Battle Shout	api	Increases the attack power of all raid and party members within 100 yards by 5% for 1 hour.
6770	Sap	api	Incapacitates a target not in combat for 1 min. Only works on Humanoids, Beasts, Demons, and Dragonkin. Damage will revive the target. Limit 1.
6789	Mortal Coil	api	Horrifies an enemy target into fleeing, incapacitating for 3 sec and healing you for 20% of maximum health.
6795	Growl	api	Taunts the target to attack you, and increases the threat you generate against them by 800% for 6 sec.
6807	Maul	api	Maul the target for 76 Physical damage.
6940	Blessing of Sacrifice	api	Blesses a party or raid member, reducing their damage taken by 30%, but you suffer 100% of damage prevented.\n\nLast 12 sec, or until transferred damage would cause you to fall below 20% health.
6991	Feed Pet	api	Feeds your pet the selected item, instantly restoring 50% of its total health. Not usable in combat.\n\nYou may use the Beast Lore ability to identify what types of foods your pet will eat.
7328	Redemption	api	Brings a dead ally back to life with 35% of maximum health and mana. Cannot be cast when in combat.
7384	Overpower	api	Overpower the enemy, dealing 132 Physical damage. Cannot be blocked, dodged, or parried.
8004	Healing Surge	api	A quick surge of healing energy that restores 4,164 of a friendly target's health.
8042	Earth Shock	api	Instantly shocks the target with concussive force, causing 3,011 Nature damage.
8092	Mind Blast	api	Blast the target's mind for 301 Shadow damage. Costs a high amount of mana.
8122	Psychic Scream	api	Lets out a psychic scream, causing all enemies within 8 yards to flee, disorienting them for 8 sec. Damage may interrupt the effect.
8143	Tremor Totem	api	Summons a totem at your feet that shakes the ground around it for 10 sec, removing Fear, Charm and Sleep effects from party and raid members within 30 yards.
8676	Ambush	api	Ambush the target, causing 96 Physical damage.\n\nAwards 2 combo points.
8679	Wound Poison	api	Coats your weapons with a Lethal Poison that lasts for 1 hour. Each strike has a 30% chance to poison the enemy, which instantly inflicts 1 Nature damage and reduces all healing received by 8% for 12 sec, stacking up to 3 times.
8921	Moonfire	api	A quick beam of lunar light burns the enemy for 80 Arcane damage and then an additional 705 Arcane damage over 18 sec.
8936	Regrowth	api	Heals a friendly target for 1,996 and another 287 over 6 sec.
9484	Shackle Horror	api	Shackles an aberration or undead enemy for 50 sec, preventing all actions and movement. Damage will cancel the effect. Limit 1.
10059	Portal: Stormwind	api	Creates a portal, teleporting group members that use it to Stormwind.
10060	Power Infusion	api	Infuses the target with power for 15 sec, increasing haste by 20%.\n\nCan only be cast on players.
10326	Turn Evil	api	The power of the Light compels an Undead, Aberration, or Demon target to flee for up to 40 sec. Damage may break the effect. Lesser creatures have a chance to be destroyed. Only one target can be turned at a time.
10444	Flametongue Attack	api	Imbue your weapon with the element of Fire for 1 hour, increasing the damage of your Fire spells by 5.0%.
11366	Pyroblast	api	Hurls an immense fiery boulder that causes 2,465 Fire damage.
11416	Portal: Ironforge	api	Creates a portal, teleporting group members that use it to Ironforge.
11417	Portal: Orgrimmar	api	Creates a portal, teleporting group members that use it to Orgrimmar.
11418	Portal: Undercity	api	Creates a portal, teleporting group members that use it to Undercity.
11419	Portal: Darnassus	api	Creates a portal, teleporting group members that use it to Darnassus.
11420	Portal: Thunder Bluff	api	Creates a portal, teleporting group members that use it to Thunder Bluff.
11426	Ice Barrier	api	Shields you with ice, absorbing 9,165 damage for 1 min.\n\nMelee attacks against you reduce the attacker's movement speed by 50%.
12051	Evocation	api	Increases your mana regeneration by 1,500% for 2.7 sec.
12294	Mortal Strike	api	A vicious strike that deals 183 Physical damage and reduces the effectiveness of healing on the target by 50% for 10 sec.
12323	Piercing Howl	api	Snares all enemies within 12 yards, reducing their movement speed by 70% for 8 sec.\n\nSpurs all allies within 6 yards, increasing their movement speed by 30% for 4 sec.
12846	Mastery: Ignite	api	Your target burns for an additional 9.9% over 9 sec of the total direct damage caused by your Fireball, Fire Blast,  Pyroblast, and Flamestrike. If this effect is reapplied, any remaining damage will be added to the new Ignite.
12950	Improved Whirlwind	api	Whirlwind causes your next 4 single-target attacks to strike up to 4 additional targets for 65% damage.\n\nWhirlwind generates 3 Rage plus an additional 1 per target hit. Maximum 8 Rage.\n\nIf you know Rend, Whirlwind inflicts Rend on all targets.
13750	Adrenaline Rush	api	Increases your Energy regeneration rate by 75%, your maximum Energy by 50, and your attack speed by 20% for 15 sec.
13819	Summon Warhorse	api	Summons a Warhorse, which serves as a mount.
14161	Ruthlessness	api	Your finishing moves have a 20% chance per combo point spent to grant a combo point.
14190	Seal Fate	api	Critical strikes with attacks that generate combo points grant an additional combo point per critical strike.
14914	Holy Fire	api	Consumes the enemy in Holy flames that cause 1,184 Holy damage and an additional 421 Holy damage over 7 sec.
14983	Vigor	api	Increases your maximum Energy by 50 and Energy regeneration by 5%.
15286	Vampiric Embrace	api	Fills you with the embrace of Shadow energy for 12 sec, causing you to heal a nearby ally for 40% of any single-target Shadow spell damage you deal.
15407	Mind Flay	api	Assaults the target's mind with Shadow energy, causing 2,740 Shadow damage over 4.0 sec and slowing their movement speed by 50%.\n\nGenerates 18 Insanity over the duration.
15487	Silence	api	Silences the target, preventing them from casting spells for 5 sec. Against non-players, also interrupts spellcasting and prevents any spell in that school from being cast for 4 sec.
16166	Master of the Elements	api	Casting Lava Burst increases the damage or healing of your next Nature, Physical, or Frost spell by 15%.
16196	Resurgence	api	Your direct heal criticals refund a percentage of your maximum mana: 0.80% from Healing Wave, 0.48% from Riptide, and 0.20% from Chain Heal.
16864	Omen of Clarity	api	Your auto attacks have a chance to cause a Clearcasting state, making your next Shred or Swipe cost no Energy.
16870	Clearcasting	api	Your healing over time from Lifebloom has a 4% chance to cause a Clearcasting state, making your next Regrowth cost no mana.
16931	Thick Hide	api	Reduces all damage taken by 4%.
16974	Predatory Swiftness	api	Your finishing moves have a 20% chance per combo point to make your next Regrowth or Entangling Roots instant, free, and castable in all forms.
17877	Shadowburn	api	Blasts a target for 1,907 Shadowflame damage. Only usable on enemies that have less than 20% health.\n\nRestores 1 Soul Shard and refunds a charge if the target dies within 5 sec.
17962	Conflagrate	api	Triggers an explosion on the target, dealing 1,358 Fire damage.\n\nGenerates 5 Soul Shard Fragments.
18499	Berserker Rage	api	Go berserk, removing and granting immunity to Fear, Sap, and some Incapacitate effects for 6 sec.
18562	Swiftmend	api	Consume a Regrowth, Wild Growth, or Rejuvenation effect to instantly heal an ally for 3,860.
18960	Teleport: Moonglade	api	Teleport to the Moonglade.\n\nCasting Teleport: Moonglade while in Moonglade will return you back to near your departure point.
19236	Desperate Prayer	api	Increases maximum health by 25% for 10 sec, and instantly heals you for that amount.
19434	Aimed Shot	api	A powerful aimed shot that deals 283 Physical damage.
19574	Bestial Wrath	api	Sends you and your pet into a rage, instantly dealing 280 Physical damage to its target, and increasing all damage you both deal by 20% for 15 sec. Removes all crowd control effects from your pet.
19577	Intimidation	api	Commands your pet to intimidate the target stunning your target for 5 sec.
19750	Flash of Light	api	Quickly heal a friendly target for 1,204.
19801	Tranquilizing Shot	api	Removes 1 Enrage and 1 Magic effect from an enemy target.
19878	Track Demons	api	Shows the location of all nearby demons on the minimap.
19879	Track Dragonkin	api	Shows the location of all nearby dragonkin on the minimap.
19880	Track Elementals	api	Shows the location of all nearby elementals on the minimap.
19882	Track Giants	api	Shows the location of all nearby giants on the minimap.
19883	Track Humanoids	api	Shows the location of all nearby humanoids on the minimap.
19884	Track Undead	api	Shows the location of all nearby undead on the minimap.
19885	Track Hidden	api	Greatly increases stealth detection and shows hidden units within detection range on the minimap.
20243	Devastate	api	A direct strike, dealing 44 Physical damage.
20271	Judgment	api	Judges the target, dealing 258 Holy damage.
20473	Holy Shock	api	Triggers a burst of Light on the target, dealing 811 Holy damage to an enemy, or 2,554 healing to an ally.\n\nGenerates 1 Holy Power.
20484	Rebirth	api	Returns the spirit to the body, restoring a dead target to life with 100% health and at least 20% mana. Castable in combat.
20608	Reincarnation	api	Allows you to resurrect yourself upon death with 20% health and mana. This effect can occur only once every 30 minutes.
20707	Soulstone	api	Stores the soul of the target party or raid member, allowing resurrection upon death. Targets resurrect with 60% health and at least 20% mana.
21562	Power Word: Fortitude	api	Infuses the target with vitality, increasing their Stamina by 5% for 1 hour.\n\nIf the target is in your party or raid, all party and raid members will be affected.
22482	Blade Flurry	db2-template+redirect-unresolved	$@spelldesc319606
22568	Ferocious Bite	api	Finishing move that causes Physical damage per combo point and consumes up to 25 additional Energy to increase damage by up to 100%.\n\n   1 point  : 9 damage\n   2 points: 19 damage\n   3 points: 28 damage\n   4 points: 37 damage\n   5 points: 45 damage
22570	Maim	api	Finishing move that causes Physical damage and stuns the target. Damage and duration increased per combo point:\n\n   1 point  : 5 damage, 1 sec\n   2 points: 10 damage, 2 sec\n   3 points: 15 damage, 3 sec\n   4 points: 20 damage, 4 sec\n   5 points: 26 damage, 5 sec
22812	Barkskin	api	Your skin becomes as tough as bark, reducing all damage you take by 20% and preventing damage from delaying your spellcasts. Lasts 8 sec.\n\nUsable while stunned, frozen, incapacitated, feared, or asleep, and in all shapeshift forms.
22842	Frenzied Regeneration	api	Heals you for 32% health over 3 sec.
23161	Dreadsteed	api	Summons a Dreadsteed, which serves as a mount.
23214	Summon Charger	api	Summons a Charger, which serves as a mount.
23881	Bloodthirst	api	Assault the target in a bloodthirsty craze, dealing 148 Physical damage and restoring 3% of your health.\n\nGenerates 8 Rage and has a 30% chance to Enrage you.
23920	Spell Reflection	api	Raise your weapon, reflecting the first spell cast on you and reducing magic damage you take by 20% for 5 sec.
23922	Shield Slam	api	Slams the target with your shield, causing 80 Physical damage.\n\nGenerates 15 Rage.
24275	Hammer of Wrath	api	Hurls a divine hammer that strikes an enemy for 51 Holy damage.\n\nGenerates 1 Holy Power.
24858	Moonkin Form	api	Shapeshift into Moonkin Form, increasing the damage of your spells by 10% and your armor by 125%, and granting protection from Polymorph effects.\n\nThe act of shapeshifting frees you from movement impairing effects.
25504	Windfury Attack	api	Imbue your main-hand weapon with the element of Wind for 1 hour. Each main-hand attack has a 15% chance to trigger two extra attacks, dealing 9 Physical damage each.
25912	Holy Shock	api	Triggers a burst of Light on the target, dealing 813 Holy damage to an enemy, or 2,500 healing to an ally.\n\nGenerates 1 Holy Power.
27243	Seed of Corruption	api	Embeds a demon seed in the enemy target that will explode after 10.7 sec, dealing 914 Shadow damage to all enemies within 10 yards and applying Corruption to them. Damage reduced beyond 8 targets.\n\nThe seed will detonate early if the target is hit by other detonations, or takes 190 damage from your spells.
29166	Innervate	api	Infuse a friendly healer with energy, allowing them to cast spells without spending mana for 8 sec.
29722	Incinerate	api	Draws fire toward the enemy, dealing 1,668 Fire damage.\n\nGenerates 2 Soul Shard Fragments and an additional 1 on critical strikes.
29725	Sudden Death	api	Your attacks have a chance to make your next Execute cost no Rage, be usable on any target regardless of their health, and deal damage as if you spent 40 Rage.
29838	Second Wind	api	Restores 6% health every 1 sec when you have not taken damage for 5 sec.\n\nRestores 2% health every 1 sec while you are below 35% health. The amount restored increases the closer you are to death.
29893	Create Soulwell	api	Creates a Soulwell for 2 min. Party and raid members can use the Soulwell to acquire a Healthstone.
30146	Summon Felguard	api	Summons a Felguard under your command as a powerful melee combatant.
30283	Shadowfury	api	Stuns all enemies within 8 yds for 3 sec.
30449	Spellsteal	api	Steals a beneficial magic effect from the target. This effect lasts a maximum of 2 min.
30451	Arcane Blast	api	Blasts the target with energy, dealing 504 Arcane damage.\n\nEach Arcane Charge increases damage by 84% and mana cost by 100%, and reduces cast time by 8%.\n\nGenerates 1 Arcane Charge.
30455	Ice Lance	api	Quickly fling a shard of ice at the target, dealing 751 Frost damage.\n\nShatters 4 stacks of Freezing.
30884	Nature's Guardian	api	When your health is brought below 35%, you instantly heal for 40% of your maximum health. Cannot occur more than once every 45 sec.
31224	Cloak of Shadows	api	Provides a moment of magic immunity, instantly removing all harmful spell effects. The cloak lingers, causing you to resist harmful spells for 5 sec.
31230	Cheat Death	api	Fatal attacks instead reduce you to 7% of your maximum health. For 3 sec afterward, you take 85% reduced damage. Cannot trigger more often than once per 6 min.
31661	Dragon's Breath	api	Enemies in a 12 yd cone in front of you take 274 Fire damage and are disoriented for 4 sec. Damage will cancel the effect.
31687	Summon Water Elemental	api	Summons a Water Elemental to follow and fight for you.
31821	Aura Mastery	api	Empowers your chosen aura for 8 sec.\n\nDevotion Aura: Damage reduction increased to 12%.\n\nCrusader Aura: Mount speed bonus increased to 60%.\n\nConcentration Aura: Affected allies immune to interrupts and silences.
31850	Ardent Defender	api	Reduces all damage you take by 30% for 12 sec.\n\nWhile Ardent Defender is active, the next attack that would otherwise kill you will instead bring you to 20% of your maximum health.
31884	Avenging Wrath	api	Call upon the Light to become an avatar of retribution, increasing your damage, healing, and critical strike chance by 20% for 20 sec.
31935	Avenger's Shield	api	Hurls your shield at an enemy target, dealing 53 Holy damage, interrupting and silencing the non-Player target for 3 sec, and then jumping to 2 additional nearby enemies.
32175	Stormstrike	api	Energizes both your weapons with lightning and delivers a massive blow to your target, dealing a total of 114 Physical damage.
32176	Stormstrike Off-Hand	api	Energizes both your weapons with lightning and delivers a massive blow to your target, dealing a total of 114 Physical damage.
32182	Heroism	api	Increases haste by 30% for all party and raid members for 40 sec.\n\nAllies receiving this effect will become Exhausted and unable to benefit from Heroism or Time Warp again for 10 min.
32223	Crusader Aura	api	Increases mounted speed by 20% for all party and raid members within 40 yds.
32266	Portal: Exodar	api	Creates a portal, teleporting group members that use it to Exodar.
32267	Portal: Silvermoon (Burning Crusade)	api	Creates a portal, teleporting group members that use it to Silvermoon.
32271	Teleport: Exodar	api	Teleports you to Exodar.
32272	Teleport: Silvermoon (Burning Crusade)	api	Teleports you to Silvermoon.
32375	Mass Dispel	api	Dispels magic in a 15 yard radius, removing all harmful Magic from 5 friendly targets and 1 beneficial Magic effect from 5 enemy targets. Potent enough to remove Magic that is normally undispellable.
32379	Shadow Word: Death	api	A word of dark binding that inflicts 328 Shadow damage to your target. If your target is not killed by Shadow Word: Death, you take backlash damage equal to 5% of your maximum health.\n\nDamage increased by 150% to targets below 20% health.
32645	Envenom	api	Finishing move that drives your poisoned blades in deep, dealing instant Nature damage and increasing your poison application chance by 30%. Damage and duration increased per combo point.\n\n   1 point  : 13 damage, 1 sec\n   2 points: 28 damage, 2 sec\n   3 points: 42 damage, 3 sec\n   4 points: 55 damage, 4 sec\n   5 points: 70 damage, 5 sec
33076	Prayer of Mending	api	Places a ward on an ally that heals them for 233 the next time they take damage, and then jumps to another ally within 30 yds. Jumps up to 4 times and lasts 30 sec after each jump.
33206	Pain Suppression	api	Reduces all damage taken by a friendly target by 40% for 8 sec. Castable while stunned.
33690	Teleport: Shattrath	api	Teleports you to Shattrath.
33691	Portal: Shattrath	api	Creates a portal, teleporting group members that use it to Shattrath.
33757	Windfury Weapon	api	Imbue your main-hand weapon with the element of Wind for 1 hour. Each main-hand attack has a 15% chance to trigger two extra attacks, dealing 9 Physical damage each.
33763	Lifebloom	api	Heals the target for 1,715 over 15 sec. When Lifebloom expires, is dispelled, or is refreshed near expiration the target is instantly healed for 829.\n\nMay be active on one target at a time.
33786	Cyclone	api	Tosses the enemy target into the air, disorienting them but making them invulnerable for up to 5 sec. Only one target can be affected by your Cyclone at a time.
33873	Nurturing Instinct	api	Magical damage and healing increased by 6%.
33891	Incarnation: Tree of Life	api	Shapeshift into the Tree of Life, increasing healing done by 10%, increasing armor by 120%, and granting protection from Polymorph effects. Functionality of Rejuvenation, Wild Growth, Regrowth, Entangling Roots, and Wrath is enhanced.\n\nLasts 30 sec. You may shapeshift in and out of this form for its duration.
33917	Mangle	api	Mangle the target for 70 Physical damage.\n\nGenerates 12 Rage.
34026	Kill Command	api	Give the command to kill, causing your pet to charge your target and savagely deal 72 Physical damage to the enemy.
34433	Shadowfiend	api	Shadow Word: Death has a 40% chance to summon a Shadowfiend for 5 sec when damaging targets below 20% health.\n\n Shadowfiend\nSummons a Shadowfiend to attack your target for 5 sec.\n\nGenerates 0.5% mana each time the Shadowfiend attacks.
34477	Misdirection	api	Misdirects all threat you cause to the targeted party or raid member, beginning with your next attack within 30 sec and lasting for 8 sec.
34767	Summon Thalassian Charger	api	Summons a Thalassian Charger, which serves as a mount.
34769	Summon Thalassian Warhorse	api	Summons a Thalassian Warhorse, which serves as a mount.
34861	Holy Word: Sanctify	api	Releases miraculous light at a target location, healing up to 5 allies within 10 yds for 2,243.\n\nCooldown reduced by 6 sec when you cast Prayer of Healing.
34914	Vampiric Touch	api	A touch of darkness that causes 1,987 Shadow damage over 21 sec, and heals you for 30% of damage dealt. If Vampiric Touch is dispelled, the dispeller flees in Horror for 3 sec.\n\nGenerates 4 Insanity.
35395	Crusader Strike	api	Strike the target for 49 Physical damage.\n\nGenerates 1 Holy Power.
35551	Fatal Flourish	api	Your off-hand attacks and Pistol Shots have a 25% chance to generate 8 Energy.
36554	Shadowstep	api	Step through the shadows to appear behind your target and gain 70% increased movement speed for 2 sec.
37846	Force of Nature	none	
41425	Hypothermia	db2-template	As a side-effect of exposure to intense cold, the caster cannot Ice Block or Ice Cold again for $d.
42650	Army of the Dead	api	Summons a legion of 8 empowered Lesser Ghouls that last for 15 sec to swarm your enemies.\n\nGenerates 40 Runic Power.
44425	Arcane Barrage	api	Launches bolts of arcane energy at the enemy target, causing 361 Arcane damage. \n\nFor each Arcane Charge, deals 107% additional damage.\n\nConsumes all Arcane Charges.
44448	Pyroblast Clearcasting Driver	none	
44614	Flurry	api	Unleash a flurry of ice, striking the target 3 times for a total of 1,600 Frost damage.\n\nApplies 3 stacks of Freezing.
44949	Whirlwind Off-Hand	api	Unleashes a whirlwind of steel, striking all nearby enemies for 56 Physical damage. Deals reduced damage beyond 5 targets.
45243	Focused Will	api	Melee attacks against you cause you to gain Focused Will, reducing damage you take by 15% for 8 sec, stacking up to 1 times.
45438	Ice Block	api	Encases you in a block of ice, protecting you from all attacks and damage for 10 sec, but during that time you cannot attack, move, or cast spells.\n\nCauses Hypothermia, preventing you from recasting Ice Block for 30 sec.
45524	Chains of Ice	api	Shackles the target with frozen chains, reducing movement speed by 70% for 8 sec.
46585	Raise Dead	api	Raises a ghoul to fight by your side.  You can have a maximum of one ghoul at a time. Lasts 1 min.
46968	Shockwave	api	Sends a wave of force in a frontal cone, causing 7 damage and stunning all enemies within 10 yards for 2 sec.
47476	Strangulate	api	Shadowy tendrils constrict an enemy's throat, silencing them for 4 sec.
47481	Gnaw	db2-template	Bite and tear at a target's limbs, dealing light damage and stunning for $91800d.$?s1233448[\n\n|CFFE55BB0Dark Transformation: Strike an enemy with a smashing attack, dealing $<monstrousblow> Physical damage and stunning for $91797d.|R][]
47515	Divine Aegis	api	Direct critical heals create a protective shield on the target, absorbing 30% of the amount healed. Lasts 15 sec.
47528	Mind Freeze	api	Smash the target's mind with cold, interrupting spellcasting and preventing any spell in that school from being cast for 5 sec.
47540	Penance	api	Launches a volley of holy light at the target, causing 913 Holy damage to an enemy or 4,053 healing to an ally over 1.8 sec. Castable while moving.\n\nWhen you heal with Penance, everyone with your Atonement is healed for 71.
47541	Death Coil	api	Fires a blast of unholy energy at the target, causing 74 Shadow damage to an enemy or healing an Undead ally for 165 health.\n\nExtends the duration of Dread Plague and Virulent Plague by 1.5 sec.
47568	Empower Rune Weapon	api	Drain the will of your enemy to empower your rune weapon, dealing 70 Shadowfrost damage and reduced damage to enemies nearby, gaining 40 Runic Power, and grants you Killing Machine.
47585	Dispersion	api	Disperse into pure shadow energy, reducing all damage taken by 75% for 6 sec and healing you for 25% of your maximum health over its duration, but you are unable to attack or cast spells.\n\nIncreases movement speed by 50% and makes you immune to all movement impairing effects.\n\nCastable while stunned, feared, or silenced.
47788	Guardian Spirit	api	Calls upon a guardian spirit to watch over the friendly target for 10 sec, increasing healing received by 60%. If the target would die, the Spirit sacrifices itself and restores the target to 40% health.\n\nCastable while stunned. Cannot save the target from massive damage.
48020	Demonic Circle: Teleport	db2-plain	Teleports you to your Demonic Circle and removes all movement slowing effects.
48181	Haunt	api	A ghostly soul haunts a single target, dealing 2,704 Shadow damage and increasing your damage dealt to the target by 12% for 18 sec.\n\n If the target dies, Haunt's cooldown is reset.
48263	Veteran of the Third War	api	Stamina increased by 20%.
48265	Death's Advance	api	For 10 sec, your movement speed is increased by 35%, you cannot be slowed below 100% of normal speed, and you are immune to forced movement effects and knockbacks.\n\nPassive: You cannot be slowed below 70% of normal speed.
48438	Wild Growth	api	Heals up to 5 injured allies within 30 yards of the target for 1,085 over 7 sec. Healing starts high and declines over the duration.
48484	Infected Wounds	api	Rake damage increased by 30%, and Rake causes an Infected Wound in the target, reducing the target's movement speed by 20% for 12 sec.
48707	Anti-Magic Shell	api	Surrounds you in an Anti-Magic Shell for 5 sec, absorbing up to 9,165 magic damage and preventing application of harmful magical effects. Damage absorbed generates Runic Power.
48743	Death Pact	api	Create a death pact that heals you for 50% of your maximum health, but absorbs incoming healing equal to 30% of your max health for 15 sec.
48792	Icebound Fortitude	api	Your blood freezes, granting immunity to Stun effects and reducing all damage you take by 30% for 8 sec.
49020	Obliterate	api	A brutal attack that deals 42 Physical and 41 Frost damage.
49028	Dancing Rune Weapon	api	Summons a rune weapon for 8 sec that mirrors your melee attacks and bolsters your defenses.\n\nWhile active, you gain 25% parry chance.
49039	Lichborne	api	Draw upon unholy energy to become Undead for 10 sec, increasing Leech by 6% and making you immune to Charm, Fear, and Sleep.
49143	Frost Strike	api	Chill your weapon with icy power and quickly strike the enemy, dealing 46 Frost damage.
49184	Howling Blast	api	Blast the target with a frigid wind, dealing 8 Frost damage to that foe, and reduced damage to all other enemies within 10 yards, infecting all targets with Frost Fever.\n\n Frost Fever\nA disease that deals 59 Frost damage over 24 sec and has a chance to grant the Death Knight 4 Runic Power each time it deals damage.
49358	Teleport: Stonard	api	Teleports you to Stonard.
49359	Teleport: Theramore	api	Teleports you to Theramore.
49360	Portal: Theramore	api	Creates a portal, teleporting group members that use it to Theramore.
49361	Portal: Stonard	api	Creates a portal, teleporting group members that use it to Stonard.
49530	Sudden Doom	api	Dread Plague has a 35% chance to exhilarate you, making your next Death Coil or Epidemic cost 15 less Runic Power and deal 35% increased damage.
49576	Death Grip	api	Harnesses the energy that surrounds and binds all matter, drawing the target toward you.
49998	Death Strike	api	Focuses dark power into a strike that deals 54 Physical damage and heals you for 20.00% of all damage taken in the last 5 sec, minimum 7.0% of maximum health.
50334	Berserk	api	Go berserk for 15 sec, reducing the cooldowns of Mangle, Thrash, and Growl by 50% and the cooldown of Frenzied Regeneration by 100%.
50622	Bladestorm	api	You become a whirling storm of destructive force, striking all nearby targets with your main hand weapon for 96 Physical damage.
50769	Revive	api	Returns the spirit to the body, restoring a dead target to life with 35% of maximum health and mana. Not castable in combat.
50842	Blood Boil	api	Deals 58 Shadow damage and infects all enemies within 10 yds with Blood Plague.\n\n Blood Plague\nA shadowy disease that drains 93 health from the target over 24 sec.
50977	Death Gate	api	Opens a gate which you can use to return to Ebon Hold.\n\nUsing a Death Gate while in Ebon Hold will return you back to near your departure point.
51052	Anti-Magic Zone	api	Places an Anti-Magic Zone for 6 sec, reducing the magic damage taken by party or raid members by 15%.
51128	Killing Machine	api	Your auto attack critical strikes have a chance to make your next Obliterate deal Frost damage and critically strike, or make your next Frostscythe critically strike for 4 times the normal damage.
51271	Pillar of Frost	api	The power of frost increases your Strength by 30% for 12 sec.
51462	Runic Corruption	api	Each Runic Power you spend has a 2.0% chance to increase your Rune regeneration rate by 100% for 3 sec.
51485	Earthgrab Totem	api	Summons a totem at the target location for 20 sec. The totem pulses every 2 sec, rooting all enemies within 8 yards for 8 sec. Enemies previously rooted by the totem instead suffer 50% movement speed reduction.
51490	Thunderstorm	api	Calls down a bolt of lightning, dealing 57 Nature damage to all enemies within 10 yards, reducing their movement speed by 40% for 5 sec, and knocking them away from the Shaman. Usable while stunned.
51505	Lava Burst	api	Hurls molten lava at the target, dealing 525 Fire damage. Lava Burst will always critically strike if the target is affected by Flame Shock and its damage is increased by your critical strike chance.
51514	Hex	api	Transforms the enemy into a frog for 1 min. While hexed, the victim is incapacitated, and cannot attack or cast spells. Damage may cancel the effect. Limit 1. Only works on Humanoids and Beasts.
51564	Tidal Waves	api	Casting Riptide grants 1 stack of Tidal Waves. Tidal Waves reduces the cast time of your next Healing Wave or Chain Heal by 20%.\n\nCan accumulate up to 2 stacks.
51690	Killing Spree	api	Finishing move that unleashes a barrage of gunfire, striking random enemies within 8 yards for Physical damage. Number of strikes increased per combo point.\n\nRestores 1 combo point every 0.45 sec.\n\n   1 point  : 195 over 0.45 sec\n   2 points: 293 over 0.89 sec\n   3 points: 390 over 1.34 sec\n   4 points: 488 over 1.78 sec\n   5 points: 585 over 2.23 sec
51723	Fan of Knives	api	Sprays knives at all enemies within 8 yards, dealing 37 Physical damage and applying your active poisons at their normal rate. Deals reduced damage beyond 5 targets.\n\nAwards 1 combo point.
51886	Cleanse Spirit	api	Removes all Curse effects from a friendly target.
52127	Water Shield	api	The caster is surrounded by globes of water, granting 15 mana per 5 sec. When a melee attack hits the caster, the caster regains 2% of their mana. This effect can only occur once every 3 sec. \n\nOnly one of your Elemental Shields can be active on you at once.
52212	Death and Decay	api	Corrupts the ground targeted by the Death Knight, causing Shadow damage every sec that targets remain in the area for 10 sec.
53140	Teleport: Dalaran - Northrend	api	Teleports you to Dalaran in Northrend.
53142	Portal: Dalaran - Northrend	api	Creates a portal, teleporting group members that use it to Dalaran.
53343	Rune of Razorice	db2-template	Engrave your weapon with a rune that causes ${$max(($<coeff>*$AP),1)}% extra weapon damage as Frost damage and increases enemies' vulnerability to your Frost attacks by $51714s1%, stacking up to $51714u times. $?a332944[][\n\nModifying your rune requires a Runeforge in Ebon Hold.]
53344	Rune of the Fallen Crusader	db2-template	Engrave your weapon with a rune that has a chance to heal you for $53365s2% of your maximum health and increase total Strength by $53365s1% for $53365d.  \n\nModifying your rune requires a Runeforge in Ebon Hold.
53351	Kill Shot	api	You attempt to finish off a wounded target, dealing 245 Physical damage. Only usable on enemies with less than 20% health.
53365	Unholy Strength	db2-template	Affixes your rune weapon with a rune that has a chance to heal you for $53365s2% and increase total Strength by $53365s1% for $53365d.
53376	Sanctified Wrath	api	Avenging Wrath and Avenging Crusader have 25% increased duration.
53385	Divine Storm	api	Unleashes a whirl of divine energy, dealing 66 Holy damage to all nearby enemies. \n\nDeals reduced damage beyond 5 targets.
53428	Runeforging	db2-plain	Allows the Death Knight to emblazon their weapon with runes.
53480	Roar of Sacrifice	api	Instructs your pet to protect a friendly target, reducing their damage taken by 15%, but 50% of all damage taken by that target is transferred to your pet. \n\nLasts 10 sec or until your pet's health drops below 25%.
53576	Infusion of Light	api	Your Holy Shocks have a 10% chance to empower your next spell cast:\n\nFlash of Light: healing increased by 200% and becomes instant cast.\nJudgment: Greater Judgment prevents an additional 150% damage dealt by the target and generates 1 additional Holy Power.
53595	Hammer of the Righteous	api	Hammers the current target for 52 Physical damage.\n\nGenerates 1 Holy Power.
53600	Shield of the Righteous	api	Slams enemies in front of you with your shield, causing 33 Holy damage, and increasing your Armor by 608 for 4.5 sec.
53652	Beacon of Light	api	Wrap a single ally in holy energy, causing your direct healing on other party or raid members to also heal that ally for 10% of the amount healed.
55078	Blood Plague	api	A shadowy disease that drains 93 health from the target over 24 sec.
55090	Scourge Strike	api	An unholy strike that deals 46 Shadow damage and causing your plagues on the target to erupt, dealing their damage an additional time at 35% effectiveness.\n\nApplies Virulent Plague or spreads it to a nearby enemy.
55095	Frost Fever	api	A disease that deals 59 Frost damage over 24 sec and has a chance to grant the Death Knight 4 Runic Power each time it deals damage.
55233	Vampiric Blood	api	Embrace your undeath, increasing your maximum health by 30% and increasing all healing and absorbs received by 30% for 10 sec.
55342	Mirror Image	api	Creates 3 copies of you nearby for 15 sec, which cast spells and attack your enemies. While active, you generate significantly reduced threat.\n\nTaking direct damage will cause one of your images to dissipate
55676	Petrifying Scream	api	Psychic Scream causes enemies to tremble in place instead of fleeing in fear.
56222	Dark Command	api	Command the target to attack you, and increases the threat you generate against them by 800% for 6 sec.
56244	Horrify	api	Your Fear causes the target to tremble in place instead of fleeing in fear.
56377	Splitting Ice	api	Your Flurry and Frostbolt spells strike 1 additional target at 80% effectiveness.
56641	Steady Shot	api	A steady shot that causes 111 Physical damage.\n\nUsable while moving.\n\nGenerates 20 Focus.
56814	Detection	api	Focus intently on trying to detect certain creatures.
57755	Heroic Throw	api	Throws your weapon at the enemy, causing 12 Physical damage. Generates high threat.
57934	Tricks of the Trade	api	Redirects all threat you cause to the targeted party or raid member, beginning with your next damaging attack within the next 30 sec and lasting 6 sec.
57994	Wind Shear	api	Disrupts the target's concentration with a burst of wind, interrupting spellcasting and preventing any spell in that school from being cast for 4 sec.
58423	Relentless Strikes	api	Your finishing moves generate 5 Energy per combo point spent.
58875	Spirit Walk	api	Removes all movement impairing effects and increases your movement speed by 60% for 8 sec.
59057	Rime	api	Frost Strike and Glacial Advance have a 45% chance to cause your next Howling Blast to consume no runes and deal 275% additional damage.
60103	Lava Lash	api	Charges your off-hand weapon with lava and burns your target, dealing 4 Fire damage.\n\nDamage is increased by 100% if your offhand weapon is imbued with Flametongue Weapon.
60188	Elemental Fury	api	Your damaging critical strikes deal 250% damage instead of the usual 200%.
61295	Riptide	api	Restorative waters wash over a friendly target, healing them for 1,818 and an additional 1,018 over 18 sec.
61329	Combat Potency	api	Increases your Energy regeneration rate by 16%.
61336	Survival Instincts	api	Reduces all damage you take by 50% for 6 sec.
61648	Aspect of the Chameleon	api	The Hunter takes on the aspect of a chameleon, becoming untrackable.
61684	Dash	db2-template	Increases your pet's movement speed by $s1% for $d.
61999	Raise Ally	api	Pours dark energy into a dead target, reuniting spirit and body to allow the target to reenter battle with 60% health and at least 20% mana.
62124	Hand of Reckoning	api	Commands the attention of an enemy target, forcing them to attack you and increasing the threat you generate against them by 800% for 6 sec.
62158	Rune of the Stoneskin Gargoyle	db2-template	Engrave your weapon with a rune that increases Armor by $62157s1% and all stats by $62157s2%.\n\nModifying your rune requires a Runeforge in Ebon Hold.
62618	Power Word: Barrier	api	Summons a holy barrier to protect all allies at the target location for 10 sec, reducing all damage taken by 20% and preventing damage from delaying spellcasting.
64129	Body and Soul	api	Power Word: Shield and Leap of Faith increase your target's movement speed by 40% for 3 sec.
64382	Shattering Throw	api	Hurl your weapon at the enemy,  removing any magical immunities and causing 214 Physical damage, ignoring armor. Deals up to 500% increased damage to absorb shields.
64843	Divine Hymn	api	Heals all party or raid members within 40 yards for 10,680 over 4.5 sec. Each heal increases all targets' healing taken by 4% for 15 sec, stacking.\n\nHealing reduced beyond 5 targets.
66235	Ardent Defender	api	Reduces all damage you take by 30% for 12 sec.\n\nWhile Ardent Defender is active, the next attack that would otherwise kill you will instead bring you to 20% of your maximum health.
69820	Summon Sunwalker Kodo	api	Summons a Sunwalker Kodo, which serves as a mount.
69826	Summon Great Sunwalker Kodo	api	Summons a Great Sunwalker Kodo, which serves as a mount.
73325	Leap of Faith	api	Pulls the spirit of a party or raid member, instantly moving them directly in front of you.
73629	Summon Exarch's Elekk	api	Summons an Exarch's Elekk, which serves as a mount.
73630	Summon Great Exarch's Elekk	api	Summons an Great Exarch's Elekk, which serves as a mount.
73685	Unleash Life	api	Unleash elemental forces of Life, healing a friendly target for 2,359.\n\nIncreases the healing of your next Riptide, Chain Heal, or Healing Wave by 25% and reduces its cast time by 30%.
73899	Primal Strike	api	An instant weapon strike that causes 11 Physical damage.
73920	Healing Rain	api	Blanket the target area in healing rains, restoring 2,289 health to up to 5 allies over 18 sec.
77130	Purify Spirit	api	Removes all Magic effects from a friendly target.
77472	Healing Wave	api	An efficient wave of healing energy that restores 5,105 of a friendly target’s health.
77478	Earthquake	api	Causes the earth within 8 yards of the target location to tremble and break, dealing 1,460 Nature damage over 6 sec and has a 5% chance to knock the enemy down. Multiple uses of Earthquake may overlap.\n\nThis spell is cast at a selected location.
77489	Echo of Light	api	Heals every 2 sec for 4 sec.
77535	Blood Shield	db2-plain	When you deal damage with Death Strike while in Blood Presence, you gain a percentage of your health gained as a physical absorption shield.
77575	Outbreak	api	Inflicts the target with Dread Plague and Virulent Plague.\n\nDread Plague\nA malicious plague that deals 153 Shadow damage over 24 sec. Explodes for 64 Shadow damage to nearby enemies and infects one when the host dies. Can only be applied to 1 host at a time.\n\nVirulent Plague\nAn infectious plague that spreads to all nearby enemies, dealing 70 Shadow damage over 24 sec.
77606	Dark Simulacrum	api	Places a dark ward on an enemy player that persists for 12 sec, triggering when the enemy next spends mana on a spell, and allowing the Death Knight to unleash an exact duplicate of that spell.
77756	Lava Surge	api	Flame Shock periodic damage has a chance to reset the remaining cooldown on Lava Burst and cause your next Lava Burst to be instant.
77758	Thrash	api	Strikes all nearby enemies, dealing 33 Bleed damage and an additional 12 Bleed damage over 15 sec. When applied from Bear Form, this effect can stack up to 3 times.\n\nGenerates 5 Rage.
78674	Starsurge	api	Launch a surge of stellar energies at the target, dealing 1,338 Astral damage.
78675	Solar Beam	api	Summons a beam of solar light over an enemy target's location, interrupting the target and silencing all enemies within the beam. Lasts 8 sec.
79008	Elusiveness	api	Evasion also reduces damage taken by 20%, and Feint also reduces non-area-of-effect damage taken by 20%.
79134	Venomous Wounds	api	You regain 3 Energy each time your Garrote or Rupture deal Bleed damage to a target affected by your weapon poisons. Energy gain is reduced for bleeds beyond the first.\n\nIf an enemy dies while afflicted by your Rupture, you regain energy based on its remaining duration.
79206	Spiritwalker's Grace	api	Calls upon the guidance of the spirits for 15 sec, permitting movement while casting Shaman spells. Castable while casting.
79684	Clearcasting	api	Casting Arcane spells has a 10% chance to grant access to Arcane Missiles or make your next Arcane Explosion free.
80240	Havoc	api	Marks a target with Havoc for 15 sec, causing your single target spells to also strike the Havoc victim for 60% of the damage dealt.
80353	Time Warp	api	Warp the flow of time, increasing haste by 30% for all party and raid members for 40 sec.\n\nAllies will be unable to benefit from Bloodlust, Heroism, or Time Warp again for 10 min.
81098	Incarnation: Tree of Life	none	
81136	Crimson Scourge	api	Your auto attacks on targets infected with your Blood Plague have a chance to make your next Death and Decay cost no runes and reset its cooldown.
81269	Efflorescence	api	Restores 217 health to three injured allies within 10 yards of the initial target every 1.8 sec for 30 sec.
81281	Fungal Growth	db2-template+redirect	Grow a magical mushroom at the target enemy's location. After $d, the mushroom detonates, dealing $88751s1 Nature damage and then an additional $81281o1 Nature damage over $81281d. Affected targets are slowed by ${$81281s2*-1}%.\n\nGenerates up to $88751s2 Astral Power based on targets hit.
81297	Consecration	api	Deals 1 Holy damage every 0.9 sec to enemies within 8 yards.
81749	Atonement	api	Power Word: Shield, Flash Heal, Plea, Penance, and Power Word: Radiance apply Atonement to your target for 15 sec.\n\nYour spell damage heals all targets affected by Atonement for 30% of the damage done. Healing is reduced when healing more than 5 targets.
82326	Holy Light	api	A powerful but expensive spell, healing a friendly target for 12,442.
83242	Call Pet 2	api	Summons your second pet to you.
83243	Call Pet 3	api	Summons your third pet to you.
83244	Call Pet 4	api	Summons your fourth pet to you.
83245	Call Pet 5	api	Summons your fifth pet to you.
84714	Frozen Orb	api	Launches an orb of swirling ice in front of you, dealing up to 5,574 Frost damage to all enemies it passes through over 15 sec. After a short delay, Frozen Orb will pursue its target. Deals reduced damage beyond 8 targets.\n\nEnemies damaged by the Frozen Orb are slowed by 50% for 8 sec.
85043	Grand Crusader	api	When you avoid a melee attack or use Crusader Strike, you have a 15% chance to reset the remaining cooldown on Avenger's Shield.
85222	Light of Dawn	api	Unleashes Holy energy, healing up to 5 injured allies within a 40 yd radius around you for 1,925.
85256	Templar's Verdict	api	Unleashes a powerful weapon strike that deals 61 Holy damage to an enemy target.
85288	Raging Blow	api	A mighty blow with both weapons that deals a total of 77 Physical damage.\n\nGenerates 12 Rage.
85384	Raging Blow	api	A mighty blow with both weapons that deals a total of 77 Physical damage.\n\nGenerates 12 Rage.
85673	Word of Glory	api	Calls down the Light to heal a friendly target for 1,604.
85948	Festering Strike	api	Slash the enemy for 70 Physical damage and corrupt your weapon with blight, causing your next 2-3 Scourge Strikes to summon a Lesser Ghoul.\n\nLesser Ghoul\nA mindless servant of the Scourge, raised to obey its master's commands for 6 sec.
86392	Main Gauche	api	Your main-hand attacks have a 30% chance to trigger an attack with your off-hand that deals 0 Physical damage.
86659	Guardian of Ancient Kings	api	Empowers you with the spirit of ancient kings, reducing all damage you take by 50% for 8 sec.
86678	Light of the Ancient Kings	api	Heals the target of your heals for 30% of the amount healed.
86704	Ancient Fury	api	Unleash the fury of ancient kings, causing 10 Holy damage per application of Ancient Power, divided evenly among all targets within 10 yards.
86949	Cauterize	api	Fatal damage instead brings you to 35% health and then burns you for 28% of your maximum health over 6 sec.\n\nWhile burning, movement slowing effects are suppressed and your movement speed is increased by 150%.\n\nThis effect cannot occur more than once every 6 min.
88163	Attack	api	Starts combat by attacking a target with a melee weapon.
88342	Teleport: Tol Barad	api	Teleports you to Tol Barad.
88345	Portal: Tol Barad	api	Creates a portal, teleporting group members that use it to Tol Barad.
88423	Nature's Cure	api	Cures harmful effects on the friendly target, removing all Magic effects.
88625	Holy Word: Chastise	api	Chastises the target for 1,486 Holy damage and incapacitates them for 4 sec.
88747	Wild Mushroom	api	Grow a magical mushroom at the target enemy's location. After 1 sec, the mushroom detonates, dealing 1,211 Nature damage and then an additional 684 Nature damage over 10 sec. Affected targets are slowed by 50%.\n\nGenerates up to 20 Astral Power based on targets hit.
91023	Find Weakness	api	Your Stealth abilities allow you to see the flaws in enemies' defenses, causing your attacks to ignore 30% armor for 10 sec.
93322	Control Pet	api	Allows you to give commands to control your pet.
93375	Control Demon	api	Summons a Voidwalker under your command, able to withstand heavy punishment.
93402	Sunfire	api	A quick beam of solar light burns the enemy for 82 Nature damage and then an additional 705 Nature damage over 18 sec.
94289	Protector of the Innocent	api	Casting a targeted heal on any target, except yourself, also heals you for 20.
95738	Bladestorm Off-Hand	api	You become a whirling storm of destructive force, striking all nearby targets with your off-hand weapon for 5 Physical damage.
96231	Rebuke	api	Interrupts spellcasting and prevents any spell in that school from being cast for 5 sec.
97462	Rallying Cry	api	Lets loose a rallying cry, granting all party or raid members within 40 yards 10% temporary and maximum health for 10 sec.\n\nHealth granted increased by 50% when not in a raid.
98008	Spirit Link Totem	api	Summons a totem at the target location for 6 sec, which reduces damage taken by all party and raid members within 10 yards by 10%. Immediately and every 1 sec, the health of all affected players is redistributed evenly.
100780	Tiger Palm	api	Strike with the palm of your hand, dealing 31 Physical damage.
100784	Blackout Kick	api	Kick with a blast of Chi energy, dealing 30 Physical damage.
101643	Transcendence	api	Split your body and spirit, leaving your spirit behind for 15 min. Use Transcendence: Transfer to swap locations with your spirit.
102342	Ironbark	api	The target's skin becomes as tough as Ironwood, reducing damage taken by 20% for 12 sec.
102352	Cenarion Ward	api	Heals the target for 504.3 every 1.8 sec for 8 sec.
102359	Mass Entanglement	api	Roots the target and all enemies within 12 yards in place for 10 sec. Damage may interrupt the effect. Usable in all shapeshift forms.
102401	Wild Charge	api	Fly to a nearby ally's position.
102543	Incarnation: Avatar of Ashamane	api	An improved Cat Form that grants all of your known Berserk effects and lasts 20 sec. You may shapeshift in and out of this improved Cat Form for its duration. During Incarnation:\n\nEnergy cost of all Cat Form abilities is reduced by 25%, and Prowl can be used once while in combat.
102547	Prowl	api	Allows the Druid to vanish from sight, entering an improved stealth mode.  Lasts until cancelled.
102558	Incarnation: Guardian of Ursoc	api	An improved Bear Form that grants the benefits of Berserk, causes Mangle to hit up to 3 targets, and increases maximum health by 30%.\n\nLasts 30 sec. You may freely shapeshift in and out of this improved Bear Form for its duration.
102560	Incarnation: Chosen of Elune	api	An improved Moonkin Form that grants both Eclipses, any learned Celestial Alignment bonuses, and 10% critical strike chance.\n\nLasts 20 sec. You may shapeshift in and out of this improved Moonkin Form for its duration.
102793	Ursol's Vortex	api	Conjures a vortex of wind for 10 sec at the destination, reducing the movement speed of all enemies within 8 yards by 50%. The first time an enemy attempts to leave the vortex, winds will pull that enemy back to its center. Usable in all shapeshift forms.
103827	Double Time	api	Charge gains 1 additional charge and its cooldown is reduced by 3 sec.
104316	Call Dreadstalkers	api	Summons 2 ferocious Dreadstalkers to attack the target for 12 sec.
104773	Unending Resolve	api	Hardens your skin, reducing all damage you take by 25% and granting immunity to interrupt, silence, and pushback effects for 8 sec.
105174	Hand of Gul'dan	api	Calls down a demonic meteor full of Wild Imps which burst forth to attack the target.\n\nDeals up to 570 Shadowflame damage on impact to all enemies within 8 yds of the target and summons 3 Wild Imps.
106839	Skull Bash	api	You charge and bash the target's skull, interrupting spellcasting and preventing any spell in that school from being cast for 5 sec.
106898	Stampeding Roar	api	Shift into Bear Form and let loose a wild roar, increasing the movement speed of all friendly players within 15 yards by 60% for 8 sec.
106951	Berserk	api	Go Berserk for 15 sec. While Berserk:\n\nGenerate 1 combo point every 1.5 sec. Combo point generating abilities generate 1 additional combo point. Finishing moves restore up to 3 combo points generated over the cap.\n\nAll attack and ability damage is increased by 15%.
107270	Spinning Crane Kick	api	Spin while kicking in the air, dealing 14 Physical damage over 1.3 sec to all enemies within 8 yds. Deals reduced damage beyond 5 targets.
107428	Rising Sun Kick	api	Kick upwards, dealing 49 Physical damage.
107570	Storm Bolt	api	Hurls your weapon at an enemy, causing 9 Physical damage and stunning for 4 sec.
107574	Avatar	api	Transform into a colossus, increasing all damage you deal by 20% and reducing damage you take from area of effect attacks by 5% for 20 sec.
108199	Gorefiend's Grasp	api	Shadowy tendrils coil around all enemies within 15 yards of a hostile or friendly target, pulling them to the target's location and Silencing them for 3 sec.
108208	Subterfuge	api	Abilities requiring Stealth can be used for 3 sec after Stealth breaks.\n\nCombat benefits requiring Stealth persist for an additional 3 sec after Stealth breaks.
108209	Shadow Focus	api	Abilities deal 10% more damage while Stealth or Shadow Dance is active.
108271	Astral Shift	api	Shift partially into the elemental planes, taking 40% less damage for 12 sec.
108280	Healing Tide Totem	api	Summons a totem at your feet for 10 sec, which pulses every 1.8 sec, healing all party or raid members within 40 yards for 1,941.\n\nHealing reduced beyond 5 targets.
108287	Totemic Projection	api	Relocates your active totems to the specified location.
108299	Killer Instinct	api	Physical damage and Armor increased by 6%.
108366	Soul Leech	api	All single-target damage done by you and your minions grants you and your pet shadowy shields that absorb 3% of the damage dealt for 15 sec, up to 5% of maximum health.
108415	Soul Link	api	5% of all damage you take is taken by your demon pet instead. \n\nWhile Grimoire of Sacrifice is active, your Stamina is increased by 3%.
108416	Dark Pact	api	Sacrifices 20% of your current health to shield you for 200% of the sacrificed health plus an additional 950 for 20 sec. Usable while suffering from control impairing effects.
108503	Grimoire of Sacrifice	api	Sacrifices your demon pet for power, gaining its command demon ability, and causing your spells to sometimes also deal 142 additional Shadow damage.\n\nLasts until canceled or until you summon a demon pet.
108558	Nightfall	api	Corruption damage has a chance to cause your next Shadow Bolt or Malefic Grasp to deal 25% increased damage. \n\nShadow Bolt is instant cast and Malefic Grasp channels 50% faster when affected.
108853	Fire Blast	api	Blasts the enemy, critically striking for 817 Fire damage.\n\nCastable while casting other spells.
108942	Phantasm	api	Activating Fade removes all snare effects.
108945	Angelic Bulwark	api	When an attack brings you below 30% health, you gain an absorption shield equal to 25% of your maximum health for 20 sec. Cannot occur more than once every 90 sec.
109132	Roll	api	Roll a short distance.
109186	Surge of Light	api	Your healing spells and Smite have a 8% chance to make your next Flash Heal instant and cost 50% less mana. Stacks to 2.
109215	Posthaste	api	Disengage also frees you from all movement impairing effects and increases your movement speed by 50% for 4 sec.
109248	Binding Shot	api	Fires a magical projectile, tethering the enemy and any other enemies within 5 yds for 10 sec, stunning them for 3 sec if they move more than 5 yds from the arrow.
109304	Exhilaration	api	Heals you for 30% and your pet for 100% of maximum health.
110959	Greater Invisibility	api	Makes you invisible and untargetable for 20 sec, removing all threat. Any action taken cancels this effect.
111400	Burning Rush	api	Increases your movement speed by 50%, but also damages you for 4% of your maximum health every 1 sec. Movement impairing effects may not reduce you below 100% of normal movement speed. Lasts until canceled.
111673	Control Undead	api	Dominates the target undead creature up to level 71, forcing it to do your bidding for 5 min.
111771	Demonic Gateway	api	Creates a demonic gateway between two locations. Activating the gateway transports the user to the other gateway. Each player can use a Demonic Gateway only once per 90 sec.
112965	Fingers of Frost	api	Frostbolt has a 15% chance to grant a charge of Fingers of Frost.\n\nFingers of Frost causes your next Ice Lance to deal Shatter damage equal to 4 stacks of Freezing and does not consume Freezing stacks.\n\nMaximum 2 charges.
113043	Omen of Clarity	api	Your healing over time from Lifebloom has a 4% chance to cause a Clearcasting state, making your next Regrowth cost no mana.
113344	Bloodbath	api	Assault the target in a bloodthirsty craze, dealing 181 Physical damage and restoring 3% of your health.\n\nBloodbath wounds the target to suffer 21 Bleed damage over 6 sec. Using Bloodbath on a target that is affected by Bloodbath extends the bleed by 6 sec.\n\nGenerates 8 Rage and has a 30% chance to Enrage you.
113656	Fists of Fury	api	Pummels all targets in front of you, dealing 456 Physical damage to your primary target and 274 damage to all other enemies over 3.6 sec. Deals reduced damage beyond 5 targets. Can be channeled while moving.
113724	Ring of Frost	api	Summons a Ring of Frost for 10 sec at the target location. Enemies entering the ring are incapacitated for 10 sec. Limit 10 targets.\n\nWhen the incapacitate expires, enemies are slowed by 65% for 4 sec.
114014	Shuriken Toss	api	Throws a shuriken at an enemy target for 8 Physical damage.\n\nAwards 1 combo point.
114018	Shroud of Concealment	api	Extend a cloak that shrouds party and raid members within 30 yards in shadows, providing stealth for 15 sec.
114050	Ascendance	api	Transform into a Flame Ascendant for 15 sec, instantly casting a Flame Shock and a 100% effectiveness Lava Burst at up to 6 nearby enemies.\n\nWhile ascended, Elemental Overload damage is increased by 75% and spells affected by your Mastery: Elemental Overload cause 1 additional Elemental Overload.
114051	Ascendance	api	Transform into an Air Ascendant for 15 sec and unleash Doom Winds, reducing the cooldown and cost of Stormstrike by 60%, and transforming your auto attack and Stormstrike into Wind attacks which bypass armor and have a 30 yd range.\n\nMaelstrom Weapon spenders have a 0.5% chance to unleash Doom Winds per Maelstrom Weapon spent while Ascendance is not active.
114052	Ascendance	api	Immediately heals for 4,816 split between allies within 20 yds and transforms into a Water Ascendant for 15 sec.\n\nWhile ascended, Chain Heal jumps to 3 additional allies with 10% healing reduced for all jumps, Healing Wave always critical heals and heals 1 additional ally at 50% effectiveness, and the mana cost of Chain Heal and Healing Wave is reduced by 25%.
114089	Windlash	api	A massive gust of air that deals 416 Physical damage.
114093	Windlash Off-Hand	api	A massive gust of air that deals 416 Physical damage.
114107	Soul of the Forest	api	Solar Eclipse increases Wrath's Astral Power generation by 40% and Lunar Eclipse increases Starfire's Astral Power generation by 40%.
114154	Unbreakable Spirit	api	Reduces the cooldown of your Divine Shield, Divine Protection, and Lay on Hands by 30%.
114165	Holy Prism	api	Fires a beam of light that scatters to strike a clump of targets. \n\nIf the beam is aimed at an enemy target, it deals 2,501 Holy damage and radiates 2,555 healing to 5 allies within 30 yds.\n\nIf the beam is aimed at a friendly target, it heals for 6,037 and radiates 944 Holy damage to 5 enemies within 30 yds.\n\nGenerates 3 Holy Power.
114282	Treant Form	api	Shapeshift into Treant Form.
114556	Purgatory	api	An unholy pact that prevents fatal damage, instead absorbing incoming healing equal to the damage prevented, lasting 3 sec.\n\nIf any healing absorption remains when this effect expires, you will die. This effect may only occur every 4 min.
114852	Holy Prism	api	Fires a beam of light that scatters to strike a clump of targets. \n\nIf the beam is aimed at an enemy target, it deals 2,458 Holy damage and radiates 2,562 healing to 5 allies within 30 yds.\n\nIf the beam is aimed at a friendly target, it heals for 6,179 and radiates 948 Holy damage to 5 enemies within 30 yds.\n\nGenerates 3 Holy Power.
114911	Ancestral Guidance	api	For the next 10 sec, 25% of your healing done and 25% of your damage done is converted to healing on up to 3 nearby injured party or raid members, up to 6,110 healing to each target per second.
114919	Light's Hammer	api	Hurls a Light-infused hammer to the ground, dealing 77 Holy damage to nearby enemies and healing up to 6 nearby allies for 181, every 2 sec for 14 sec.
115008	Chi Torpedo	api	Torpedoes you forward a long distance and increases your movement speed by 30% for 10 sec, stacking up to 2 times.
115069	Stagger	api	You shrug off attacks, delaying a portion of Physical damage based on your Agility, instead taking it over 10 sec. Affects magical attacks at 58% effectiveness.
115078	Paralysis	api	Incapacitates the target for 1 min. Limit 1. Damage may cancel the effect.
115173	Celerity	api	Reduces the cooldown of Roll by 5 sec and increases its maximum number of charges by 1.
115175	Soothing Mist	api	Heals the target for 6,386 over 7.1 sec. While channeling, Enveloping Mist and Vivify may be cast instantly on the target.
115178	Resuscitate	api	Returns the spirit to the body, restoring a dead target to life with 35% of maximum health and mana. Cannot be cast when in combat.
115181	Breath of Fire	api	Breathe fire on targets in front of you, causing 35 Fire damage. Deals reduced damage to secondary targets.\n\nTargets affected by Keg Smash will also burn, taking 23 Fire damage and dealing 5% reduced damage to you for 12 sec.
115203	Fortifying Brew	api	Turns your skin to stone for 15 sec.
115310	Revival	api	Heals all party and raid members within 40 yds for 22,452 and clears them of 3 harmful Magic, all Poison, and all Disease effects.\n\nHealing reduced beyond 5 targets.
115313	Summon Jade Serpent Statue	api	Summons a Jade Serpent Statue at the target location. When you channel Soothing Mist, the statue will also begin to channel Soothing Mist on your target, healing for 2,128 over 7.1 sec.
115315	Summon Black Ox Statue	api	Summons a Black Ox Statue at the target location for 15 min, pulsing threat to all enemies within 20 yards.\n\nYou may cast Provoke on the statue to taunt all enemies near the statue.
115356	Windstrike	api	Hurl a staggering blast of wind at an enemy, dealing a total of 123 Physical damage, bypassing armor.
115360	Windstrike Off-Hand	api	Hurl a staggering blast of wind at an enemy, dealing a total of 124 Physical damage, bypassing armor.
115396	Ascension	api	Increases your maximum Chi by 1, maximum Energy by 20, and your Energy regeneration by 10%.
115399	Black Ox Brew	api	Chug some Black Ox Brew, which instantly refills your Energy, Purifying Brew charges, and grants one charge of Celestial Brew or Celestial Infusion.
115450	Detox	api	Removes all Magic effects from the target.
115546	Provoke	api	Taunts the target to attack you, and increases the threat you generate against them by 800% for 6 sec.
115636	Mastery: Combo Strikes	api	Your abilities deal 47.6% more damage when they are not a repeat of the previous ability.
115750	Blinding Light	api	Emits dazzling light in all directions, blinding enemies within 10 yds, causing them to wander disoriented for 6 sec. Damage may cancel the effect.
115869	Mana Tea	api	For every 3,000 Mana you spend, you gain 1 stack of Mana Tea, with a chance equal to your critical strike chance to generate 1 extra stack.\n\nMana Tea:\nConsumes 1 stack of Mana Tea per 0.4 sec to restore 648 Mana.\n\nCan be cast while moving, but movement speed is reduced by 40% while channeling.
115939	Beast Cleave	api	After you Wild Thrash, your pet's melee attacks also strike all nearby enemies for 40% of the damage for the next 8.0 sec. Deals reduced damage beyond 8 targets.
116095	Disable	api	Reduces the target's movement speed by 50% for 15 sec, duration refreshed by your melee attacks.
116645	Teachings of the Monastery	api	Tiger Palm causes your next Blackout Kick to strike an additional time dealing 29 Physical damage, stacking up to 4.\n\nBlackout Kick has a 12% chance to reset the remaining cooldown on Rising Sun Kick.
116670	Vivify	api	Causes a surge of invigorating mists, healing the target for 959.
116680	Thunder Focus Tea	api	Receive a jolt of energy, empowering your next spell cast:\n\nEnveloping Mist: Immediately heals for 2,784 and is instant cast.\nRenewing Mist: Duration increased by 10 sec.\nRising Sun Kick: Cooldown reduced by 9 sec.
116705	Spear Hand Strike	api	Jabs the target in the throat, interrupting spellcasting and preventing any spell from that school of magic from being cast for 5 sec.
116841	Tiger's Lust	api	Increases a friendly target's movement speed by 70% for 6 sec and removes all roots and snares.
116844	Ring of Peace	api	Form a Ring of Peace at the target location for 5 sec. Enemies that enter will be ejected from the Ring.
116847	Rushing Jade Wind	api	Summons a whirling tornado around you, causing 41 Physical damage over 5.4 sec to all enemies within 8 yards. Deals reduced damage beyond 5 targets.
116849	Life Cocoon	api	Encases the target in a cocoon of Chi energy for 12 sec, absorbing 14,664 damage and increasing all healing over time received by 50%.
116858	Chaos Bolt	api	Unleashes a devastating blast of chaos, dealing a critical strike for 3,104 Chaos damage. Damage is further increased by your critical strike chance.
117013	Primal Elementalist	api	Your Earth, Fire, and Storm Elementals are drawn from primal elementals 80% more powerful than regular elementals, with additional abilities, and you gain direct control over your Primal Fire Elemental.
117014	Elemental Blast	api	Harnesses the raw power of the elements, dealing 780 Elemental damage and increasing your Critical Strike or Haste by 3% or Mastery by 6% for 10 sec.
117216	Critical Mass	api	Your spells have a 4% increased chance to deal a critical strike.\n\nYou gain 10% more of the Critical Strike stat from all sources.
117313	Bloodthirst Heal	api	Bloodthirst heals the Warrior for 3% of their health.
117418	Fists of Fury	api	Pummels all targets in front of you, dealing 456 Physical damage to your primary target and 274 damage to all other enemies over 3.6 sec. Deals reduced damage beyond 5 targets. Can be channeled while moving.
117679	Incarnation	db2-template	Activates a superior shapeshifting form appropriate to your specialization for $d.  You may freely shapeshift in and out of this form for its duration.
117906	Mastery: Elusive Brawler	api	Each time you are hit by a melee attack, or hit with Blackout Kick, you gain stacking 18.9% increased Dodge chance until your next successful Dodge.\n\nAlso increases your attack power by 20.5%.
117952	Crackling Jade Lightning	api	Channel Jade lightning, causing 9 Nature damage over 3.6 sec to the target and sometimes knocking back melee attackers.
118038	Die by the Sword	api	Increases your parry chance by 100% and reduces all damage you take by 30% for 8 sec.
118522	Elemental Blast: Critical Strike	db2-template	Critical Strike increased by $s1%.
118779	Victory Rush	api	Strikes the target, causing 16 damage and healing you for 10% of your maximum health.\n\nOnly usable within 20 sec after you kill an enemy that yields experience or honor.
119381	Leg Sweep	api	Knocks down all enemies within 6 yards, stunning them for 3 sec.
119582	Purifying Brew	api	Clears 50% of your Staggered damage, or a minimum of 8% of your maximum health.
119611	Renewing Mist	api	Surrounds the target with healing mists, restoring 837 health over 20 sec.\n\nIf Renewing Mist heals a target past maximum health, it will travel to another injured ally within 20 yds.
119650	Energy Usage	none	
119898	Command Demon	api	Commands your demon to perform its most powerful ability. This spell will transform based on your active pet. \n\nFelhunter: Spell Lock\nVoidwalker: Shadow Bulwark\nIncubus/Succubus: Seduction\nImp: Singe Magic
119996	Transcendence: Transfer	db2-plain	Your body and spirit swap locations.
120145	Ancient Teleport: Dalaran	api	Teleports you to Dalaran.
120146	Ancient Portal: Dalaran	api	Creates a portal, teleporting group members that use it to Dalaran.
120644	Halo	api	Creates a ring of Shadow energy around you that quickly expands to a 40 yd radius, healing allies for 603 and dealing 560 Shadow damage to enemies. Healing reduced beyond 6 targets.
120679	Dire Beast	api	Damage from your bleed effects has a 4% chance of attracting a powerful wild beast that attacks your target for 8 sec.
121183	Contemplation	api	Allows you a moment of peace as you kneel in quiet contemplation to ponder the nature of the Light.
121253	Keg Smash	api	Smash a keg of brew, dealing 98 Physical damage to your primary target and 67 Physical damage to all other enemies within 8 yds, and reducing their movement speed by 20% for 15 sec. Deals reduced damage beyond 5 targets.
121471	Shadow Blades	api	Draws upon surrounding shadows to empower your weapons, causing your attacks to deal 20% additional damage as Shadow and causing your combo point generating abilities to generate double combo points for 16 sec.
121536	Angelic Feather	api	Places a feather at the target location, granting the first ally to walk through it 40% increased movement speed for 5 sec. Only 3 feathers can be placed at one time.
121817	Combat Wisdom	api	While out of combat, your Chi balances to 2 instead of depleting to empty.\n\nEvery 15 sec, your next Tiger Palm also casts Expel Harm.\n\n Expel Harm\nExpel negative chi from your body, healing for 453 and dealing 10% of the amount healed as Nature damage to an enemy within 20 yards.
122280	Healing Elixir	api	You consume a healing elixir when you drop below 40% health or generate excess healing elixirs, instantly healing you for 15% of your maximum health.\n\nYou generate 1 healing elixir every 30 sec, stacking up to 2 times.
123586	Flying Serpent Kick	api	Soar forward through the air at high speed for 1.5 sec.\n \nIf used again while active, you will land, reducing the movement speed of enemies within 8 yds by 70% for 4 sec.
123904	Invoke Xuen, the White Tiger	api	Summons an effigy of Xuen, the White Tiger for 20 sec. Xuen attacks your primary target, and strikes 3 enemies within 10 yards every 0.9 sec with Tiger Lightning for 8 Nature damage.
123986	Chi Burst	api	Hurls a torrent of Chi energy up to 40 yds forward, dealing 98 Nature damage to all enemies, and 75 healing to the Monk and all allies in its path. Healing and damage reduced beyond 5 targets.\n\n\nCasting Chi Burst does not prevent avoiding attacks.
124280	Touch of Karma	api	Absorbs all damage taken for 10 sec, up to 50% of your maximum health, and redirects 70% of that amount to the enemy target as Nature damage over 6 sec.
124502	Gift of the Ox	api	When you take damage, you have a chance to summon a Healing Sphere.\n\nHealing Sphere:\nSummon a Healing Sphere visible only to you. Moving through this Healing Sphere heals you for 117.
124682	Enveloping Mist	api	Wraps the target in healing mists, healing for 3,189 over 6 sec, and increasing healing received from your other spells by 10%.
125050	Fetch	api	Command your pet to retrieve the loot from a nearby corpse within 40 yards.
125355	Healing Sphere	api	When you kill an enemy, you summon a Healing Sphere, healing you for 69 when you walk through it.
125883	Zen Flight	api	You fly through the air at a quick speed on a meditative cloud.
126892	Zen Pilgrimage	api	Your spirit travels to your home temple, leaving your body behind. \n\nUse Zen Pilgrimage again to return back to near your departure point.
126893	Zen Pilgrimage/Death Gate/Moonglade Storage Aura I	none	
126895	Zen Pilgrimage: Return	api	Returns your spirit back to its body, returning you near to where you once were.\n\nLeaving Peak of Serenity will cancel Zen Pilgrimage: Return.
127344	Corpse Exploder	api	Cause a target corpse to explode in a shower of gore. Does not affect mechanical or elemental corpses.
127757	Charm Woodland Creature	api	Allows the Druid to befriend an ambient creature, which will follow the Druid for 1 hour.
127933	Fireworks	api	Launch fireworks from your gun, bow or crossbow.
130654	Chi Burst	api	Hurls a torrent of Chi energy up to 40 yds forward, dealing 98 Nature damage to all enemies, and 77 healing to the Monk and all allies in its path. Healing and damage reduced beyond 5 targets.\n\n\nCasting Chi Burst does not prevent avoiding attacks.
131347	Glide	api	Reduces your falling speed.\n\nYou can activate this ability with the jump key while falling.
131768	Feline Swiftness	api	Increases your movement speed by 15%.
131784	Illusion	api	Transforms the Mage to look like another player for 2 min.
132157	Holy Nova	api	An explosion of holy light around you deals up to 156 Holy damage to enemies and up to 117 healing to allies within 12 yds, reduced if there are more than 5 targets.
132158	Nature's Swiftness	api	Your next Regrowth, Rebirth, or Entangling Roots is instant, free, castable in all forms, and heals for an additional 60%.
132463	Chi Wave	api	Every 15 sec, your next Rising Sun Kick or Vivify releases a wave of Chi energy that flows through friends and foes, dealing 6 Nature damage or 20 healing. Bounces up to 7 times to targets within 25 yards.
132469	Typhoon	api	Blasts targets within 15 yards in front of you with a violent Typhoon, knocking them back and reducing their movement speed by 50% for 6 sec. Usable in all shapeshift forms.
132578	Invoke Niuzao, the Black Ox	api	Summons an effigy of Niuzao, the Black Ox for 25 sec that attacks your primary target and Stomps when you cast Blackout Kick, damaging all nearby enemies.\n\nWhile active, 40% of damage delayed by Stagger is instead Staggered by Niuzao, and Niuzao is healed for 100% of your purified Stagger.
132621	Teleport: Vale of Eternal Blossoms	api	Teleports you to Vale of Eternal Blossoms.
132626	Portal: Vale of Eternal Blossoms	api	Creates a portal, teleporting group members that use it to Vale of Eternal Blossoms.
137006	Frost Death Knight	none	
137007	Unholy Death Knight	none	
137028	Protection Paladin	none	
137029	Holy Paladin	api	Holy Paladin core passive
137041	Enhancement Shaman	none	
137384	Combo Breaker	api	You have a 8% chance when you Tiger Palm to cause your next Blackout Kick to cost no Chi within 15 sec.
138430	Ancient Zandalari Knowledge	api	Learn the ancient Zandalari secrets of taming Direhorns.
145109	Ysera's Gift	api	Heals you for 3% of your maximum health every 5 sec. If you are at full health, an injured party or raid member will be healed instead.
145205	Efflorescence	api	Grows a healing blossom at the target location, restoring 227 health to three injured allies within 10 yards every 1.8 sec for 30 sec. Limit 1.
146739	Corruption	api	Corrupts the target, causing 134 Shadow damage and an additional 985 Shadow damage over 14 sec.
146956	Light's Revocation	api	Removing harmful effects with Divine Shield heals you for 10% for each effect removed.  This heal cannot exceed 30% of your maximum health.\n\nDivine Shield may now be cast while Forbearance is active.
147362	Counter Shot	api	Interrupts spellcasting, preventing any spell in that school from being cast for 5 sec.
152108	Cataclysm	api	Calls forth a cataclysm at the target location, dealing 1,368 Shadowflame damage to all enemies within 8 yards and afflicting them with Immolate.
152175	Whirling Dragon Punch	api	Performs a devastating whirling upward strike, dealing 252 damage to all nearby enemies and an additional 157 damage to the first target struck. Damage reduced beyond 5 targets.\n\nOnly usable while both Fists of Fury and Rising Sun Kick are on cooldown.
152278	Anger Management	api	Every 20 Rage you spend on attacks reduces the remaining cooldown on Avatar and Colossus Smash by 1 sec.
153561	Meteor	api	Calls down a meteor which lands at the target location after 3 sec, dealing 3,745 Fire damage to all enemies, and burns the ground, dealing 1,707 Fire damage over 4 sec to all enemies in the area.\n\nDamage reduced beyond 8 targets.
153626	Arcane Orb	api	Launches an Arcane Orb forward from your position, traveling up to 40 yds, dealing 1,209 Arcane damage to enemies it passes through.\n\nGrants 1 Arcane Charge when cast and every time it deals damage.
155158	Meteor Burn	db2-template+redirect	Calls down a meteor which lands at the target location after $177345d, dealing $351140s1 Fire damage to all enemies, and burns the ground, dealing ${8*$155158s1} Fire damage over $175396d to all enemies in the area.\n\n$?a1254857[The enemy closest to the center of the Meteor's impact takes $1254857s1% increased damage. ][]Damage reduced beyond 8 targets.
155271	Auspicious Spirits	api	Your Shadowy Apparitions deal 15% increased damage and have a chance to generate 1 Insanity.
155578	Guardian of Elune	api	Mangle increases the duration of your next Ironfur by 3 sec, or the healing of your next Frenzied Regeneration by 20%.
155580	Lunar Inspiration	api	Moonfire is usable in Cat Form, costs 30 energy, and generates 1 combo point.
155675	Germination	api	You can apply Rejuvenation twice to the same target. Rejuvenation's duration is increased by 2 sec.
155835	Bristling Fur	api	Bristle your fur, causing you to generate Rage based on damage taken for 8 sec.
156287	Ravager	db2-template+redirect-unresolved	$@spelldesc152277
156322	Eternal Flame	api	Heals an ally for 1,436 and an additional 465 over 16 sec.\n\nHealing increased by 25% when cast on self.
156910	Beacon of Faith	api	Mark a second target as a Beacon, mimicking the effects of Beacon of Light. Your heals will now heal both of your Beacons, but at 30% reduced effectiveness.
157047	Saved by the Light	api	When an ally with your Beacon of Light is damaged, they absorb the next 57 damage, increasing by up to 300% based on their current health. Lower health allies are shielded for more.
157411	Windwalking	api	You and your allies within 10 yards have 10% increased movement speed. Stacks with other similar effects.
157980	Supernova	api	Pulses arcane energy around the target enemy or ally, dealing 173 Arcane damage to all enemies within 8 yds, and knocking them upward. A primary enemy target will take 100% increased damage.
157982	Tranquility	api	Heals all allies within 40 yards for 19,350 over 5.4 sec.\n\nHealing decreased beyond 5 targets.
157997	Ice Nova	api	Causes a whirl of icy wind around the enemy, dealing 562 Frost damage to the target and all other enemies within 8 yds, freezing them in place for 2 sec. Damage reduced beyond 8 targets.
158476	Soul of the Forest	api	Your finishing moves grant 2 Energy per combo point spent and deal 5% increased damage.
158477	Soul of the Forest	api	Mangle generates 5 more Rage and deals 25% more damage.
158478	Soul of the Forest	api	Swiftmend increases the healing of your next Regrowth or Rejuvenation by 60%.
158504	Dream of Cenarius	api	Wrath and Shred transfer 100% of their damage and Starfire and Swipe transfer 50% of their damage into healing onto a nearby ally. \n\nThis effect is increased by 200% while Call of the Elder Druid is active.
159286	Primal Fury	api	While in Cat Form, when you critically strike with an attack that generates a combo point, you gain an additional combo point. Damage over time cannot trigger this effect.\n\nMangle critical strike damage increased by 20%.
161862	Ascension	api	Ascend into the air, keeping you out of harm's way. Lasts 20 sec. Can only be used while in Ashran.
162056	Jailer's Judgment	api	Stuns the target Player for 6 sec. If the judgment holds for 6 sec, the enemy will be instantly teleported to your jail. Can only be used while in Ashran.
162487	Steel Trap	api	Hurls a Steel Trap to the target location that snaps shut on the first enemy that approaches, immobilizing them for 20 sec and causing them to bleed for 12 damage over 20 sec. \n\nDamage other than Steel Trap may break the immobilization effect. Trap will exist for 1 min. Limit 1.
163201	Execute	api	Attempts to finish off a foe, causing up to 170 Physical damage based on Rage spent. Only usable on enemies that have less than 20% health.
164862	Flap	api	You flap your wings, slowing your falling speed.
165962	Flight Form	api	Shapeshift into flight form, increasing movement speed and allowing you to fly. Cannot use in combat. \n\nThe act of shapeshifting frees the caster of movement impairing effects.
167105	Colossus Smash	api	Smash the ground and shatter the armor of all enemies within 10 yds, dealing 107 Physical damage and increasing damage you deal to them by 30% for 10 sec. Deals reduced damage beyond 8 targets.
169340	Touch of Fatality	api	Instantly kills any creature under level 50, or player under 20% health.
170374	Earthen Rage	api	Your damaging spells incite the earth around you to come to your aid for 6 sec, repeatedly dealing 160 Nature damage to your most recently attacked target.
173183	Elemental Blast: Haste	db2-template	Haste increased by $s1%.
173184	Elemental Blast: Mastery	db2-template	Mastery increased by ${$s1*$168534bc1}%.
173841	Pool of Mists	api	Renewing Mist now has 3 charges and reduces the remaining cooldown of Rising Sun Kick by 1.0 sec.\n\nRising Sun Kick now reduces the remaining cooldown of Renewing Mist by 1.0 sec.
175686	Stopping Power	api	Placeholder for level 75 talented active ability.
176242	Teleport: Warspear	api	Teleports you to Warspear.
176244	Portal: Warspear	api	Creates a portal, teleporting group members that use it to Warspear.
176246	Portal: Stormshield	api	Creates a portal, teleporting group members that use it to Stormshield.
176248	Teleport: Stormshield	api	Teleports you to Stormshield.
178819	Dark Succor	api	When you kill an enemy that yields experience or honor, your next Death Strike within 20 sec is free and heals for an additional 10% of maximum health.
179057	Chaos Nova	api	Unleash an eruption of fel energy, dealing 9 Chaos damage and stunning all nearby enemies for 3 sec.
183416	Blessing of Dawn	api	While you are above 85% health, 5% of all damage taken by allies within 20 yds is redirected to you, up to a maximum of 1,527 every 5 sec.
183435	Retribution Aura	api	When any party or raid member within 40 yds takes more than 30% of their health in damage in a single hit, each member gains 5% increased damage and healing, decaying over 30 sec. This cannot occur within 30 sec of the aura being applied.
183752	Disrupt	api	Interrupts the enemy's spellcasting and locks them from that school of magic for 5 sec.
183782	Disrupting Fury	api	Disrupt generates 30 Fury on a successful interrupt.
184361	Enrage	api	Becoming Enraged increases your damage done by 28% for 4 sec.\n\n Bloodthirst has a 30% chance to Enrage you.\n\n Rampage always Enrages you.
184364	Enraged Regeneration	api	Reduces damage taken by 30% and Bloodthirst restores an additional 20% health for 8 sec. Usable while stunned or incapacitated.
184367	Rampage	api	Unleash a series of 4 brutal strikes for a total of 103 Physical damage.\n\nEnrages you.
184575	Blade of Justice	api	Pierce an enemy with a blade of light, dealing 48 Holy damage.\n\nGenerates 1 Holy Power.
184783	Tactician	api	You have a 30% chance to gain a charge of Overpower when you use an attack that has a Rage cost.\nThis effect applies even if that ability's Rage cost has been reduced to zero.
185123	Throw Glaive	api	Throw a demonic glaive at the target, dealing 17 Physical damage. The glaive can ricochet to an additional enemy within 10 yards.
185245	Torment	api	Taunts the target to attack you, and increases the threat you generate against them by 800% for 6 sec.
185311	Crimson Vial	api	Drink an alchemical concoction that heals you for 20% of your maximum health over 4 sec.
185313	Shadow Dance	api	Allows use of all Stealth abilities and grants all the combat benefits of Stealth for 6 sec. Effect not broken from taking damage or attacking.
185314	Deepening Shadows	api	Shadow Dance duration is increased by 150% of your Haste stat.\n\nCurrent bonus duration: 0.00 sec
185358	Arcane Shot	api	A quick shot that causes 95 Arcane damage.
185438	Shadowstrike	api	Strike the target, dealing 198 Physical damage.\n\nWhile Stealthed, you strike through the shadows and appear behind your target up to 25 yds away, dealing 25% additional damage.\n\nAwards 2 combo points.
185565	Poisoned Knife	api	Throws a poison-coated knife, dealing 8 damage and applying your active Lethal and Non-Lethal Poisons.\n\nAwards 1 combo point.
185763	Pistol Shot	api	Draw a concealed pistol and fire a quick shot at an enemy, dealing 28 Physical damage and reducing the target's movement speed by 30% for 6 sec.\n\nAwards 1 combo point.
186257	Aspect of the Cheetah	api	Increases your movement speed by 90% for 3 sec. Upon expiring, increases your movement speed by 30% for another 9 sec.
186265	Aspect of the Turtle	api	Causes all spells and attacks to miss and reduces all damage you take by 30% for 8 sec, but you cannot attack.
186270	Raptor Strike	api	A vicious slash dealing 139 Physical damage.
186289	Aspect of the Eagle	api	Increases the range of your Raptor Strike and Mastery: Spirit Bond to 40 yds for 15 sec.
187394	Chaos Barrage	api	Deals 52 Chaos damage.
187650	Freezing Trap	api	Hurls a frost trap to the target location that incapacitates the first enemy that approaches for 1 min. Damage may break the effect. Limit 1. Trap will exist for 1 min.
187698	Tar Trap	api	Hurls a tar trap to the target location that creates a 8 yd radius pool of tar around itself for 30 sec when the first enemy approaches. All enemies have 50% reduced movement speed while in the area of effect. Limit 1. Trap will exist for 1 min.
187707	Muzzle	api	Interrupts spellcasting, preventing any spell in that school from being cast for 5 sec.
187874	Crash Lightning	api	Electrocutes all enemies in front of you, dealing 63 Nature damage. \n\nEnhances your weapons for 12 sec, causing Stormstrike and Lava Lash to discharge 34 Nature damage split between up to 5 enemies in front of you.
187880	Maelstrom Weapon	api	When you deal damage with a melee weapon, you have a chance to generate Maelstrom Weapon, stacking up to 5 times. \n\nEach stack of Maelstrom Weapon reduces the cast time of your next Lightning Bolt or Chain Lightning by 20% and increases its damage by 20%.
188196	Lightning Bolt	api	Hurls a bolt of lightning at the target, dealing 502 Nature damage.
188443	Chain Lightning	api	Hurls a lightning bolt at the enemy, dealing 278 Nature damage and then jumping to additional nearby enemies. Affects 3 total targets
188499	Blade Dance	api	Strike nearby enemies for 50 Physical damage. Deals reduced damage beyond 5 targets.
188501	Spectral Sight	api	Allows you to see enemies and treasures through physical barriers, as well as enemies that are stealthed and invisible. Lasts 8 sec.\n\nLoss of control effects disrupt the sight.
189110	Infernal Strike	api	Leap through the air toward a targeted location, dealing 22 Fire damage to all enemies within 6 yards.
190319	Combustion	api	Engulfs you in flames for 10 sec, increasing your spells' critical strike chance by 100%.\n\nCastable while casting other spells.
190336	Conjure Refreshment	api	Conjures mana food for you and your allies. Conjured items disappear if logged out for more than 15 minutes.
190356	Blizzard	api	Ice shards pelt the target area, dealing 1,422 Frost damage over 10.7 sec and reducing movement speed by 50% for 3 sec.\n\nThis spell is cast at a selected location
190447	Brain Freeze	api	Frostbolt has a 25% chance to reset the remaining cooldown on Flurry and cause your next Flurry to deal 50% increased damage.
190456	Ignore Pain	api	Fight through the pain, ignoring 50% of damage taken for 12 sec sec or until 451 damage has been prevented.
190778	Sindragosa's Fury	api	Summons Sindragosa, who breathes frost on all enemies within 40 yd in front of you, dealing 146 Frost damage and slowing movement speed by 50% for 10 sec.
190780	Frost Breath	api	Summons Sindragosa, who breathes frost on all enemies within 40 yd in front of you, dealing 148 Frost damage and slowing movement speed by 50% for 10 sec.
190784	Divine Steed	api	Leap atop your Charger for 3 sec, increasing movement speed by 100%. Usable while indoors or in combat.
190925	Harpoon	api	Hurls a harpoon at an enemy, rooting them in place for 3 sec and pulling you to them.
191034	Starfall	api	Calls down waves of falling stars upon enemies within 40 yds, dealing 876 Astral damage over 8 sec. Multiple uses of this ability may overlap.
191384	Aspect of the Beast	api	Increases the damage of Bite, Claw, Smack and the effectiveness of your pet's unique abilities by 30%.\n\nIncreases the effectiveness of your pet's Predator's Thirst, Endurance Training, and Pathfinding passives by 50%.
191427	Metamorphosis	api	Leap into the air and land with explosive force, dealing 15 Chaos damage to enemies within 8 yds, and stunning them for 3 sec. Players are Dazed for 3 sec instead.\n\nUpon landing, you are transformed into a hellish demon for 20 sec, greatly empowering your Chaos Strike and Blade Dance abilities and gaining 20% Haste.
191634	Stormkeeper	api	Charge yourself with lightning, causing your next 2 Lightning Bolts to deal 150% more damage, and also causes your next 2 Lightning Bolts or Chain Lightings to be instant cast and trigger an Elemental Overload on every target.
191717	Fury of the Storms	api	Casting Stormkeeper summons a Greater Storm Elemental to hurl gusts of wind at your enemies for 10 sec.
191861	Power of the Maelstrom	api	Casting Lava Burst has a 15% chance to cause your next Lightning Bolt or Chain Lightning cast to trigger Elemental Overload an additional time, stacking up to 2 times.
192058	Capacitor Totem	api	Summons a totem at the target location that gathers electrical energy from the surrounding air and explodes after 2 sec, stunning all enemies within 8 yards for 3 sec.
192063	Gust of Wind	api	A gust of wind hurls you forward.
192077	Wind Rush Totem	api	Summons a totem at the target location for 15 sec, continually granting all allies who pass within 10 yards 40% increased movement speed for 5 sec.
192081	Ironfur	api	Increases armor by 124 for 7 sec.
192082	Wind Rush	db2-template	Movement speed increased by $s1%.
192088	Graceful Spirit	api	Reduces the cooldown of Spiritwalker's Grace by 30 sec and increases your movement speed by 20% while it is active.
192106	Lightning Shield	api	Surround yourself with a shield of lightning for 1 hour.\n\nMelee attackers have a 100% chance to suffer 82 Nature damage.\n\nOnly one Elemental Shield can be active on the Shaman at a time.
193063	Protective Light	api	Casting Flash Heal on yourself reduces all damage you take by 10% for 10 sec.
193134	Castigation	api	Penance fires one additional bolt of holy light over its duration.
193155	Enlightenment	api	You regenerate mana 10% faster.
193157	Light's Resurgence	api	Your Prayer of Mending has a 12% chance to leave a Renew on each target it heals.\n\n Renew\nFill the target with faith in the light, healing for 1,528 over 15 sec.
193265	Hatchet Toss	api	Tosses a hatchet at an enemy, dealing 35 Physical damage.
193455	Cobra Shot	api	A quick shot causing 110 Physical damage.\n\nReduces the cooldown of Kill Command by 1 sec.
193531	Deeper Stratagem	api	Gain 1 additional max combo point.\n\nYour finishing moves that consume more than 5 combo points have increased effects, and your finishing moves deal 5% increased damage.
193532	Scent of Blood	api	Activating Bestial Wrath grants 1 charge of Barbed Shot.
193537	Weaponmaster	api	Backstab and Shadowstrike have a 15% chance to create a Shadow Clone that repeats the attack for 50% of normal damage as Shadow.
193539	Alacrity	api	Haste increased by 1.5%.
193546	Iron Stomach	api	Increases the healing you receive from Crimson Vial, healing potions, and healthstones by 25%.
193753	Dreamwalk	api	Teleports the caster to the Emerald Dreamway.\n\nCasting Dreamwalk again while in the Emerald Dreamway will return you back to near your departure point.
193759	Teleport: Hall of the Guardian	api	Teleports you to the Hall of the Guardian.
193876	Shamanism	api	Your Heroism spell now has a 60 sec cooldown, but increases Haste by 15%, and only affects you and your friendly target when cast for 10 sec.\n\nIn addition, Heroism is no longer affected by Exhaustion.
194153	Starfire	api	Call down a burst of energy, causing 388 Arcane damage to the target, and 267 Arcane damage to all other enemies within 10 yards. Deals reduced damage beyond 8 targets.\n\nGenerates 8 Astral Power.
194223	Celestial Alignment	api	Celestial bodies align, maintaining both Eclipses and granting 10% haste for 15 sec.
194466	Phoenix's Flames	api	Hurls a Phoenix that causes 369 Fire damage to the target and splashes 123 Fire damage to other nearby enemies. This damage is always a critical strike.
194509	Power Word: Radiance	api	A burst of light heals the target and 4 injured allies within 40 yards for 2,153, and applies Atonement for 60% of its normal duration.
194595	Lock and Load	api	Your ranged auto attacks have a 10% chance to trigger Lock and Load, causing your next Aimed Shot to cost no Focus and be instant.
194662	Rapid Decomposition	api	Your Blood Plague and Death and Decay deal damage 15% more often.\n\nAdditionally, your Blood Plague leeches 50% more Health.
194878	Icy Talons	api	Your Runic Power spending abilities increase your melee attack speed by 6% for 10 sec, stacking up to 3 times.
194912	Gathering Storm	api	Each Rune spent during Remorseless Winter increases its damage by 10%, and extends its duration by 0.5 sec.
194913	Glacial Advance	api	Summon glacial spikes from the ground that advance forward, each dealing 22 Frost damage near their eruption point and applying Razorice.
194916	All Will Serve	api	Raise Dead summons an additional skeletal archer at your command that shoots Blighted Arrows.\n\nBlighted Arrow\nAn unholy arrow that deals 11 Shadow damage. When consuming Sudden Doom, your Death Coil commands your archer to fire an additional Blighted Arrow at 80% effectiveness. Epidemic will instead cause Blighted Arrow to ricochet and hit up to 5 additional targets.
195181	Bone Shield	db2-template	Surrounds you with a barrier of whirling bones, increasing Armor by ${$s1*$STR/100}$?s316746[, and your Haste by $s4%][]. Each melee attack against you consumes a charge. Lasts $d or until all charges are consumed.
195182	Marrowrend	api	Smash the target, dealing 52 Physical damage and generating 3 charges of Bone Shield.\n\n Bone Shield\nSurrounds you with a barrier of whirling bones, increasing Armor by 110. Each melee attack against you consumes a charge. Lasts 30 sec or until all charges are consumed.
195292	Death's Caress	api	Reach out with necrotic tendrils, dealing 15 Shadow damage and applying Blood Plague to your target and generating 2 Bone Shield charges.\n\n Blood Plague\nA shadowy disease that drains 93 health from the target over 24 sec.
195457	Grappling Hook	api	Launch a grappling hook and pull yourself to the target location.
195645	Wing Clip	api	Maims the target, reducing movement speed by 50% for 15 sec.
195679	Bloodworms	api	Your auto attacks have a chance to summon a Bloodworm.\n\nBloodworms deal minor damage to your target for 15 sec and then burst, healing you for 15% of your missing health.\n\nIf you drop below 50% health, your Bloodworms will immediately burst and heal you.
196103	Absolute Corruption	api	Corruption is now permanent and deals 15% increased damage.\n\nDuration reduced to 24 sec against players.
196226	Sow the Seeds	api	Seed of Corruption now embeds demon seeds into 2 additional nearby enemies at 50% effectiveness.
196277	Implosion	api	Demonic forces suck 6 of your Wild Imps toward the target, and then cause them to violently explode, dealing 510 Shadowflame damage to all enemies within 8 yards.
196406	Backdraft	api	Conflagrate reduces the cast time of your next Incinerate, Chaos Bolt, or Soul Fire by 30%. Maximum 2 charges.
196408	Fire and Brimstone	api	Incinerate now also hits all enemies near your target for 25% damage.
196439	Purification	api	Purify now has a maximum of 2 charges.\n\nRemoving harmful effects with Purify grants your target an absorption shield equal to 5% of their maximum health. Lasts 8 sec.
196447	Channel Demonfire	api	Launches 15 bolts of felfire over 2.7 sec at random targets afflicted by your Immolate within 40 yds. Each bolt deals 147 Fire damage to the target and 74 Fire damage to nearby enemies.
196586	Dimensional Rift	api	Rips a hole in time and space, opening a portal that damages your target.\n\nGenerates 3 Soul Shard Fragments.
196704	Psychic Voice	api	Reduces the cooldown of Psychic Scream by 10 sec.
196707	Afterlife	api	Increases the duration of Spirit of Redemption by 50% and the range of its spells by 50%.
196718	Darkness	api	Summons darkness around you in an 8 yd radius, granting friendly targets a 15% chance to avoid all damage from an attack. Lasts 8 sec.\n\nChance to avoid damage increased by 100% when not in a raid.
196730	Special Delivery	api	Drinking from your Brews has a 100% chance to toss a keg high into the air that lands nearby after 3 sec, dealing 35 Physical damage to all enemies within 8 yards and reducing their movement speed by 50% for 15 sec.
196736	Blackout Combo	api	Blackout Kick also empowers your next ability:\n\n Tiger Palm: Damage increased by 100%.\n\n Keg Smash: Reduces the remaining cooldown on your Brews by 2 additional sec.
196737	High Tolerance	api	Stagger is 5% more effective at delaying damage.\n\nPurifying Brew refunds 4.0 sec of its cooldown if cast at Elevated Stagger.
196740	Hit Combo	api	Each successive attack that triggers Combo Strikes in a row grants 1% increased damage, stacking up to 5 times.
196770	Remorseless Winter	api	Drain the warmth of life from all nearby enemies within 8 yards, dealing 28 Frost damage over 8 sec and reducing their movement speed by 20%.
196819	Eviscerate	api	Finishing move that disembowels the target, causing damage per combo point.\n   1 point  : 13 damage\n   2 points: 26 damage\n   3 points: 39 damage\n   4 points: 52 damage\n   5 points: 67 damage
196840	Frost Shock	api	Chills the target with frost, causing 279 Frost damage and reducing the target's movement speed by 50% for 6 sec.
196861	Iron Wire	api	Garrote silences the target for 5 sec when used from Stealth.\n\nEnemies silenced by Garrote deal 15% reduced damage for 5 sec.
196884	Feral Lunge	api	Lunge at your enemy as a ghostly wolf, biting them to deal 3 Physical damage.
196912	Shadow Techniques	api	Your auto attacks have a 28% chance to generate 4 Energy and store 1 combo point, up to 10.\n\nAttacks that generate combo points can expend those stored to generate additional combo points, up to your maximum.
196922	Hit and Run	api	Movement speed increased by 15%.
196926	Crusader's Might	api	Holy Shock reduces the cooldown of Judgment by 1.5 sec and Crusader Strike reduces the cooldown of Judgment by 1.5 sec.
196938	Quick Draw	api	Opportunity increases the damage of Pistol Shot by an additional 20%. Each charge of Opportunity consumed by Pistol Shot generates 1 combo point.
196976	Master of Shadows	api	Gain 30 Energy over 3 sec when you enter Stealth or activate Shadow Dance.
196985	Light of the Naaru	api	The cooldowns of your Holy Words are reduced by an additional 10% when you cast the relevant spells.
197000	Maneuverability	api	Sprint has 50% reduced cooldown and 50% reduced duration.
197045	Shield Discipline	api	When your Power Word: Shield is completely absorbed, you restore 0.5% of your maximum mana.
197061	Stonebark	api	Ironbark increases healing from your heal over time effects by 20%.
197073	Inner Peace	api	Reduces the cooldown of Tranquility by 30 sec.\n\nWhile channeling Tranquility, you take 20% reduced damage and are immune to knockbacks.
197214	Sundering	api	Shatters a line of earth in front of you with your main hand weapon, causing 89 Flamestrike damage to any enemy hit.
197446	Beacon of the Lightbringer	api	Mastery: Lightbringer now increases your healing based on the target's proximity to either you or your Beacon of Light, whichever is closer.
197524	Astral Influence	api	Increases the range of all of your spells by 5 yards.
197535	Strength of Soul	api	Your Power Word: Shield reduces all Physical damage taken by 15% while the shield persists.
197626	Starsurge	api	Launch a surge of stellar energies at the target, dealing 796 Astral damage.
197628	Starfire	api	Call down a burst of energy, causing 360 Arcane damage to the target, and 126 Arcane damage to all other enemies within 5 yards. Deals reduced damage beyond 8 targets.
197721	Flourish	api	Tranquility extends the duration of all of your heal over time effects by 2 sec every 0.9 sec.
197835	Shuriken Storm	api	Sprays shurikens at all enemies within 10 yards, dealing 22 Physical damage. Deals reduced damage beyond 8 targets.\n\nAwards 1 combo point per target hit.
197862	Archangel	api	Evangelism increases your healing and absorption effects by 15% for 18 sec.
197895	Focused Thunder	api	Thunder Focus Tea now empowers your next 2 spells.
197899	Silhouette	api	Shadowstep's cooldown is reduced by 67% when cast on a friendly target.
197900	Mist Wrap	api	Increases Enveloping Mist's duration by 1 sec and its healing bonus by 10%.
197915	Lifecycles	api	Vivify has a 20% chance to cause your next Rising Sun Kick or Enveloping Mist to generate 1 stack of Mana Tea.\n\nEnveloping Mist and Rising Sun Kick have a 20% chance to cause your next Vivify to generate 1 stack of Mana Tea.
198013	Eye Beam	api	Blasts all enemies in front of you, for up to 281 Chaos damage over 1.8 sec. Deals reduced damage beyond 5 targets.
198020	Turn the Tables	api	After coming out of a stun, you deal 10% increased damage for 12 sec.
198068	Power of the Dark Side	api	Shadow Word: Pain has a chance to empower your next Penance with Shadow, increasing its effectiveness by 30%.
198100	Kleptomania	api	Unleash a flurry of disruptive magic onto your target, stealing a beneficial magic effect every 0.4 sec for 3.6 sec.\n\nCastable while moving, but movement speed is reduced by 40% while channeling.
198103	Earth Elemental	api	Calls forth a Greater Earth Elemental to protect you and your allies, generating high threat and taunting enemies periodically for 30 sec.
198145	System Shock	api	Casting Envenom with at least 5 combo points on a target afflicted by your Garrote, Rupture, and lethal poison deals 11 Nature damage, and reduces their movement speed by 90% for 2 sec.
198148	Concentrated Coolness	api	Frozen Orb's damage is increased by 10% and is now castable at a location with a 40 yard range but no longer moves.
198589	Blur	api	Reduces all damage taken by 25% for 10 sec.
198675	Dagger in the Dark	api	Each second while Stealth is active, nearby enemies within 12 yards take an additional 2% damage from you for 10 sec. Stacks up to 6 times.
198793	Vengeful Retreat	api	Remove all snares and vault away. Nearby enemies take 5 Physical damage.
198898	Song of Chi-Ji	api	Conjures a cloud of hypnotic mist that slowly travels forward. Enemies touched by the mist fall asleep, Disoriented for 20 sec.
198912	Shield Bash	api	When Shield Slam is used on targets that are casting, it reduces their damage done by 15% for 8 sec and the cooldown is instantly reset.
199023	Morale Killer	api	Reduces the cooldown of Demoralizing Shout by 15 sec, and Demoralizing Shout now reduces the damage enemies deal to all targets, not just you.
199045	Thunderstruck	api	After casting Avatar, Shockwave, or Stormbolt, your next Thunder Clap roots all targets it damages for 4 sec.
199259	Driven to Madness	api	While Voidform is not active, being attacked will reduce the cooldown of Voidform by 3 sec.
199261	Death Wish	api	Increases your damage taken and done by 10% for 15 sec at the cost of 10% of your health. Stacks up to 5 times.
199324	Divine Vision	api	Increases the range of your Aura by 30 yards and reduces the cooldown of Aura Mastery by 30 sec.
199330	Cleanse the Weak	api	When you Cleanse an ally, 1 ally within 40 yds is dispelled of the same effects, but the cooldown of Cleanse is increased by 4 sec.\n\nHealing allies with your Flash of Light or Holy Light will cleanse all Diseases and Poisons from the target.
199422	Holy Ritual	api	Allies are healed for 7,552 when you cast Blessing of Protection or Blessing of Sacrifice on them.
199445	Mind Trauma	api	Siphon haste from enemies, stealing 2% haste per stack of Mind Trauma, stacking up to 9 times. Fully channeled Mind Flays grant 1 stack of Mind Trauma and fully channeled Void Torrents grant 3 stacks of Mind Trauma. Lasts 15 sec.\n\nYou can only gain 3 stacks of Mind Trauma from a single enemy.
199452	Ultimate Sacrifice	api	Your Blessing of Sacrifice now transfers 100% of all damage to you into a damage over time effect, but lasts 6 sec and no longer cancels when you are below 20% health.
199456	Spreading the Word	api	Your allies affected by your Aura gain an effect after you cast Blessing of Protection or Blessing of Freedom.\n\n Blessing of Protection\nPhysical damage reduced by 30% for 6 sec.\n\n Blessing of Freedom\nCleared of all movement impairing effects.
199483	Camouflage	api	You and your pet blend into the surroundings and gain stealth for 1 min. While camouflaged, you will heal for 2% of maximum health every 1 sec.
199484	Psychic Link	api	Your direct damage spells inflict 25% of their damage on all other targets afflicted by your Vampiric Touch within 40 yards.\n\nDoes not apply to damage from Shadowy Apparitions, Shadow Word: Pain, and Vampiric Touch.
199530	Stomp	api	When you cast Barbed Shot, your pet stomps the ground, dealing 50 Physical damage to all nearby enemies.
199532	Killer Cobra	api	While Bestial Wrath is active, Cobra Shot resets the cooldown on Kill Command.
199542	Steed of Glory	api	Your Divine Steed lasts for an additional 2 sec.\n\nWhile active you become immune to movement impairing effects, and you knock back enemies that you move through.
199719	Shroud of Winter	api	Enemies within 8 yards of you become shrouded in winter, reducing the range of their spells and abilities by 30%.
199720	Decomposing Aura	api	All enemies within 8 yards slowly decay, losing up to 3% of their max health every 2 sec. Max 5 stacks. Lasts 6 sec.
199736	Find Treasure	api	You can sense nearby treasure, making it appear on the minimap. Lasts until canceled.
199921	Trailblazer	api	Your movement speed is increased by 30% anytime you have not attacked for 3 sec.
200025	Beacon of Virtue	api	Apply a Beacon of Light to your target and 4 injured allies within 30 yds for 9 sec.\n\nAll affected allies will be healed for 10% of the amount of your other healing done.
200072	Torrent	api	Riptide's initial heal is increased 20% and has a 10% increased critical strike chance.
200076	Deluge	api	Healing Wave and Chain Heal heal for an additional 15% on targets affected by your Healing Rain or Riptide.
200128	Trail of Light	api	25% of healing done by Flash Heal is replicated to the previous target you healed with those spells.
200183	Apotheosis	api	Reset the cooldown of your Holy Words, and enter a pure Holy form for 20 sec, increasing the cooldown reductions to your Holy Words by 200% and reducing their cost by 50%.
200199	Censure	api	Holy Word: Chastise stuns the target for 4 sec and is not broken by damage.
200209	Guardian Angel	api	When Guardian Spirit saves the target from death, it does not expire.\n\nWhen Guardian Spirit expires without saving the target from death, reduce its remaining cooldown to 60 seconds.
200383	Prosperity	api	Swiftmend now has 2 charges.
200390	Cultivation	api	When Rejuvenation heals a target below 60% health, they are instantly healed for 115.
200430	Protection of Tyr	api	Aura Mastery also increases all healing received by party or raid members within 40 yards by 10%.
200567	Crescent Burn	api	Using Moonfire on a target already afflicted by Moonfire's damage over time effect deals 35% additional direct damage.
200586	Fel Fissure	api	Chaos Bolt creates a 5 yd wide eruption of Felfire under the target, reducing movement speed by 50% and reducing all healing received by 25% on all enemies within the fissure. Lasts 6 sec.
200652	Tyr's Deliverance	api	Releases the Light within yourself, healing 5 injured allies instantly and an injured ally every 0.9 sec within 40 yds for 133.\n\nAllies healed also receive 10% increased healing from your Holy Light, Flash of Light, and Holy Shock spells for 12 sec.
200733	Airborne Irritant	api	Blind has 50% reduced cooldown, 70% reduced duration, and applies to all nearby enemies.
200758	Gloomblade	api	Punctures your target with your shadow-infused blade for 43 Shadow damage, bypassing armor.\n\nAwards 1 combo point.
200829	Plea	api	A quick, efficient plea to heal an ally for 1,140.
200854	Gory Fur	api	Mangle has a 15% chance to reduce the Rage cost of your next Ironfur by 25%.
200931	High Winds	api	Increases the range of Cyclone, Typhoon, and Entangling Roots by 5 yds.
201372	Ride the Wind	api	Flying Serpent Kick clears all snares from you when used and forms a path of wind in its wake, causing all allies who stand in it to have 30% increased movement speed and to be immune to movement slowing effects.
201467	Fury of the Illidari	api	Throws two demonic glaives in a whirlwind of energy, causing 0 Chaos damage over 3 sec to all nearby enemies.
201664	Demoralizing Roar	api	Demoralizes all enemies within 10 yards, reducing the damage they do by 20% for 8 sec.
201900	Hot Hand	api	Melee auto-attacks with Flametongue Weapon active have a 5% chance to reduce the cooldown of Lava Lash by 25% and increase the damage of Lava Lash by 20% for 8 sec.\n\nMay not occur during an active Hot Hand.
202021	Predator	api	Tiger's Fury lasts 5 additional seconds.\n\nYour combo point-generating abilities' direct damage is increased by 40% of your Haste.
202031	Sabertooth	api	Ferocious Bite deals 15% increased damage.\n\nFor each Combo Point spent, Ferocious Bite's primary target takes 6% increased damage from your Cat Form bleed and other periodic abilities for 4 sec.
202095	Indomitable	api	Your maximum health is increased by 10% and every 15 Rage you spend heals you for 1% of your maximum health.
202107	Microbrew	api	Reduces the cooldown of Fortifying Brew by 50%.
202137	Sigil of Silence	api	Place a Sigil of Silence at the target location that activates after 2 sec.\n\nSilences all enemies affected by the sigil for 2 sec.
202138	Sigil of Chains	api	Place a Sigil of Chains at the target location that activates after 2 sec.\n\nAll enemies affected by the sigil are pulled to its center and are snared, reducing movement speed by 70% for 6 sec.
202162	Avert Harm	api	Guard the 4 closest players within 15 yards for 15 sec, allowing you to Stagger 20% of damage they take.
202163	Bounding Stride	api	Reduces the cooldown of Heroic Leap by 15 sec and Heroic Leap also increases your movement speed by 70% for 3 sec.
202168	Impending Victory	api	Instantly attack the target, causing 20 damage and healing you for 30% of your maximum health.\n\nKilling an enemy that yields experience or honor resets the cooldown of Impending Victory and makes it cost no Rage.
202226	Entangling Claws	api	Entangling Roots is now an instant cast spell with a 6 second cooldown but with a 10 yard range. It can also be cast while in shapeshift forms.
202246	Overrun	api	Charge to an enemy, stunning them for 3 sec and knocking back their allies within 15 yards.
202316	Fervor of Battle	api	If Cleave or Whirlwind hits 3 or more targets you also Slam your primary target. This Slam deals 50% additional damage.
202335	Double Barrel	api	Your next Keg Smash deals 50% additional damage, and stuns all targets it hits for 3 sec.
202342	Shooting Stars	api	Moonfire and Sunfire damage over time has a chance to call down a falling star, dealing 258 Astral damage and generating 2 Astral Power.
202345	Starlord	api	Starsurge and Starfall grant you 2% Haste for 20 sec or until you enter a new Eclipse.\n\nStacks up to 3 times. Gaining a stack does not refresh the duration.
202370	Mighty Ox Kick	api	You perform a Mighty Ox Kick, hurling your enemy a distance behind you.
202424	Chrysalis	api	Reduces the cooldown of Life Cocoon by 45 sec.
202430	Nature's Balance	api	While in combat you generate 1 Astral Power every 2 sec.\n\nWhile out of combat your Astral Power rebalances to 50 instead of depleting to empty.
202560	Best Served Cold	api	Your dodges and parries make your Revenge cost no Rage 20% more frequently and increase the damage your free Revenges deal by 15%. Revenge increases the damage of your next Thunder Clap by 8%.
202603	Into the Fray	api	You gain 2% Haste for each enemy or ally within 10 yards, up to 8% Haste.
202626	Leader of the Pack	api	While in Cat Form, you increase the movement speed of raid members within 20 yards by 10%.\n\nLeader of the Pack also causes allies to heal themselves for 3% of their maximum health when they critically hit with a direct attack. The healing effect cannot occur more than once every 8 sec.
202727	Rot and Wither	api	Your Death and Decay rots enemies each time it deals damage, absorbing healing equal to 100% of damage dealt.
202743	Booming Voice	api	Demoralizing Shout also generates 20 Rage and increases damage you deal to affected targets by 20%.
202746	Survival Tactics	api	Feign Death reduces damage taken by 90% for 2 sec.
202770	Fury of Elune	api	Calls down a beam of pure celestial energy that follows the enemy, dealing up to 1,100 Astral damage over 8 sec within its area. Damage reduced on secondary targets.\n\nGenerates 40 Astral Power over its duration.
202918	Light of the Sun	api	Reduces the remaining cooldown on Solar Beam by 15 sec when it interrupts the primary target.
203173	Death Chain	api	Chains 3 enemies together, dealing 10.2 Shadow damage and causing 20% of all damage taken to also be received by the others in the chain. Lasts for 10 sec.
203177	Heavy Repercussions	api	Shield Slam generates 2 more Rage and extends the duration of Shield Block by 1.0 sec.
203201	Crackling Thunder	api	Thunder Clap's radius is increased by 50% and it reduces affected target's movement speed by an additional 20%.
203224	Fresh Wound	api	Rake has a 100% increased critical strike chance if used on a target that doesn’t already have Rake active.
203235	Hunting Pack	api	Aspect of the Cheetah has 50% reduced cooldown and grants its effects to allies within 15 yds.
203242	Wicked Claws	api	Infected Wounds can now stack up to 2 times, and reduces 8% of all healing received by the target per stack.\n\nInfected Wounds can now also be applied from Rip.
203280	World in Flames	api	Empower Flamestrike, dealing up to 50% more damage based on enemies' distance to the center of Flamestrike.
203286	Greater Pyroblast	api	Hurls an immense fiery boulder that deals up to 30% of the target's total health in Fire damage.
203340	Diamond Ice	api	Victims of Freezing Trap can no longer be damaged or healed.  Freezing Trap is now undispellable, but has a 4 sec duration.
203415	Fury of the Eagle	api	Furiously strikes all enemies in front of you, dealing 748 Physical damage over 2.7 sec. Critical strike chance increased by 50% against any target below 20% health. Deals reduced damage beyond 8 targets.
203524	Neltharion's Fury	api	Enter a defensive posture, critically blocking all attacks while a stream of shadowflame erupts from Scale of the Earth-Warder, dealing 40 Shadowflame over 3 sec to all enemies in front of you. You can use defensive abilities while this is active.
203550	Blind Fury	api	Eye Beam generates 30 Fury every second, has 10% increased duration, and deals 10% increased damage.
203624	Early Spring	api	Wild Growth is now instant cast, and when you heal 6 allies with Wild Growth you gain Full Bloom. This effect has a 30 sec cooldown.\n\nFull Bloom\nYour next Wild Growth applies Lifebloom to all targets at 100% effectiveness. Lasts for 30 sec.
203720	Demon Spikes	api	Surge with fel power, increasing your Armor by 75.
203953	Brambles	api	Sharp brambles protect you, absorbing and reflecting up to 7 damage from each attack.\n\nWhile Barkskin is active, the brambles also deal 2 Nature damage to all nearby enemies every 1 sec.
203962	Blood Frenzy	api	Thrash also generates 3 Rage each time it deals damage, on up to 5 targets.
203964	Galactic Guardian	api	Your damage has a 5% chance to trigger a free automatic Moonfire on that target.\n\n Moonfire:\nWhen this occurs, the next Moonfire you cast generates 8 Rage, and deals 300% increased direct damage.\n\n Red Moon:\nWhen this occurs, you gain 1 charge of Lunar Wrath. Each 20 Rage you spend while Red Moon is active consumes a stack to deal 380 additional Arcane damage to its target and heal you for 494.
203965	Survival of the Fittest	api	Reduces the cooldowns of Barkskin and Survival Instincts by 12%.
203981	Soul Fragments	db2-plain	Consuming a nearby Soul Fragment heals you.
204018	Blessing of Spellwarding	api	Blesses a party or raid member, granting immunity to magical damage and harmful effects for 10 sec.\n\nCannot be used on a target with Forbearance. Causes Forbearance for 30 sec.\n\nShares a cooldown with Blessing of Protection.
204019	Blessed Hammer	api	Throws a Blessed Hammer that spirals outward, dealing 8 Holy damage to enemies and reducing the next damage they deal to you by 11.\n\nGenerates 1 Holy Power.
204021	Fiery Brand	api	Brand yourself and an enemy target with demonic symbols, reducing the damage you take by 40% and instantly dealing 145 Fire damage to the enemy.
204023	Crusader's Judgment	api	Judgment now has 2 charges, and Grand Crusader now also reduces the cooldown of Judgment by 3 sec.
204053	Rend and Tear	api	Each stack of Thrash reduces the target's damage to you by 3% and increases your damage to them by 2%.
204054	Consecrated Ground	api	Your Consecration is 15% larger, and enemies within it have 50% reduced movement speed.
204066	Lunar Beam	api	Summons a beam of lunar light at your target's location, dealing 14 Arcane damage each second to your target and 13 to up to 5 other enemies within the beam. \n\nLunar Beam also increases your mastery by 18%, and heals you for 798 over 8 sec.
204074	Righteous Protector	api	Avenging Wrath and Sentinel have 50% reduced cooldown and 40% reduced duration.
204077	Final Stand	api	During Divine Shield, all targets within 15 yds are taunted.
204080	Deathchill	api	Your Remorseless Winter and Chains of Ice apply Deathchill, rooting the target in place for 4 sec.\n\nRemorseless Winter \nAll targets within 8 yards are afflicted with Deathchill when Remorseless Winter is cast.\n\nChains of Ice\nWhen you Chains of Ice a target already afflicted by your Chains of Ice they will be afflicted by Deathchill.
204089	Bullseye	api	When your abilities damage a target below 20% health, you gain 1% increased critical strike chance for 6 sec, stacking up to 30 times.
204147	Windburst	api	Focuses the power of Wind through Thas'dorah, dealing 272 Physical damage to your target, and leaving behind a trail of wind for 5 sec that increases the movement speed of allies by 50%.
204268	Voodoo Mastery	api	Your Hex target is slowed by 70% during Hex and for 6 sec after it ends.\n\nReduces the cooldown of Hex by 15 sec.
204331	Counterstrike Totem	api	Summons a totem at your feet for 15 sec.\n\nWhenever enemies within 20 yards of the totem deal direct damage, the totem will deal 100% of the damage dealt back to attacker.
204336	Grounding Totem	api	Summons a totem at your feet that will redirect all harmful spells cast within 30 yards on a nearby party or raid member to itself. Will not redirect area of effect spells. Lasts 3 sec.
204596	Sigil of Flame	api	Place a Sigil of Flame at the target location that activates after 2 sec.\n\nDeals 27 Fire damage, and an additional 70 Fire damage over 8 sec, to all enemies affected by the sigil.\n\nGenerates 25 Fury.
204909	Soul Rending	api	Leech increased by 6%.\n\nGain an additional 6% leech while Metamorphosis is active.
205021	Ray of Frost	api	Channel an icy beam at the enemy for 3.6 sec, dealing 1,846 Frost damage every 0.45 sec.\n\nApplies 8 stacks of Freezing over its duration.
205022	Arcane Familiar	api	Casting Arcane Intellect summons a Familiar that attacks your enemies and increases your maximum mana by 10% for 1 hour.
205024	Lonely Winter	api	Spell damage increased by 3%.
205025	Presence of Mind	api	Causes your next 2 Arcane Blasts to be instant cast.
205026	Firestarter	api	Your Fireball and Pyroblast spells always deal a critical strike when the target is above 90% health.
205028	Resonance	api	Arcane Barrage deals 8% increased damage per target it hits beyond the first.
205029	Flame On	api	Fire Blast gains 1 additional charge and its cooldown is reduced by 2.0 sec.
205030	Frozen Touch	api	Frostbolt grants you Fingers of Frost 25% more often and Brain Freeze 20% more often.
205036	Ice Ward	api	Frost Nova now has 2 charges.
205065	Void Torrent	api	Raise your dagger into the sky, channeling a torrent of void energy into the target for 1,146 Shadow damage over 4 sec. Insanity does not drain during this channel.\n\nRequires Voidform.
205147	Eerie Fermentation	api	You gain up to 30% movement speed  and 15% magical damage reduction based on your current level of Stagger.
205148	Reverse Entropy	api	Your spells have a chance to grant you 15% Haste for 8 sec.
205154	Mecha-Bond Imprint Matrix	api	Allows you to tame pets in the Mechanical family.
205180	Summon Darkglare	api	Summons a Darkglare from the Twisting Nether that increases the damage of your Agony, Corruption, and Unstable Affliction by 20% while active.\n\nThe Darkglare will serve you for 20 sec, blasting its target for 1,857 Shadow damage, increased by 10% for every damage over time effect you have active on their current target.
205223	Consumption	api	Strikes all enemies in front of you with a hungering attack that deals 87 Physical damage and heals you for 100% of that damage.
205273	Wake of Ashes	api	Lash out with the Ashbringer, dealing 61 Radiant damage to all enemies within 12 yd in front of you, and reducing movement speed by 50% for 6 sec.\n\nDemon and Undead enemies are stunned for 6 sec if struck by the Wake of Ashes.
205364	Dominate Mind	api	Controls a mind up to 1 level above yours for 30 sec while still controlling your own mind. Does not work versus Demonic, Mechanical, or Undead beings or players. This spell shares diminishing returns with other disorienting effects.
205406	Sheilun's Gift	api	Draws in all nearby clouds of mist generated by Sheilun, healing the target for 190 per cloud absorbed.
205411	Desperate Instincts	api	Blur now reduces damage taken by an additional 10%.\n\nAdditionally, damage taken below 35% Health is reduced by 10%.
205495	Stormkeeper	api	Raises The Fist of Ra-den to the sky and absorbs all nearby electric energy, causing your next 3 casts of Lightning Bolt or Chain Lightning to be instant and deal 200% increased damage.
205545	Odyn's Fury	api	Unleashes the fiery power Odyn bestowed the Warswords, dealing 182 Fire damage and an additional 29 Fire damage over 4 sec to all enemies within 14 yards.
205596	Detainment	api	Imprison's PvP duration is increased by 1 sec, and targets become immune to damage and healing while imprisoned.
205604	Reverse Magic	api	Removes all harmful magical effects from yourself and all nearby allies within 10 yards, and sends them back to their original caster if possible.
205625	Cleansed by Flame	api	Immolation Aura dispels a magical effect on you when cast.
205626	Everlasting Hunt	api	Dealing damage increases your movement speed by 15% for 3 sec.
205627	Jagged Spikes	api	While Demon Spikes is active, melee attacks against you cause Physical damage equal to 30% of the damage taken back to the attacker.
205629	Demonic Trample	api	Transform to demon form, moving at 175% increased speed for 3 sec, knocking down all enemies in your path and dealing 5 Physical damage.\n\nDuring Demonic Trample you are unaffected by snares but cannot cast spells or use your normal attacks. Shares charges with Infernal Strike.
205630	Illidan's Grasp	api	You strangle the target with demonic magic, stunning them in place and dealing 392 Shadow damage over 5 sec while the target is grasped. Can move while channeling.\n\nUse Illidan's Grasp again to toss the target to a location within 20 yards.
205636	Force of Nature	api	Summons a stand of 3 Treants for 10 sec which immediately taunt and attack enemies in the targeted area.\n\nGenerates 20 Astral Power.
205673	Savage Momentum	api	Interrupting a spell with Skull Bash reduces the remaining cooldown of Tiger's Fury, Survival Instincts, and Dash by 10 sec.
205708	Chilled	db2-template	Chilled, reducing movement speed by $s1% for $d.
205723	Red Thirst	api	Reduces the cooldown on Vampiric Blood by 2.0 sec per 10 Runic Power spent.
205727	Anti-Magic Barrier	api	Reduces the cooldown of Anti-Magic Shell by 20 sec and increases its duration and amount absorbed by 40%.
205800	Oppressor	api	You focus the assault on this target, increasing their damage taken by 3% for 6 sec. Each unique player that attacks the target increases the damage taken by an additional 3%, stacking up to 5 times.\n\nYour melee attacks refresh the duration of Focused Assault.
206315	Massacre	api	Execute is usable on targets below 35% health and its cooldown is reduced by 1.5 sec.
206416	First Blood	api	Blade Dance deals 95 Chaos damage to the first target struck.
206476	Exergy	api	The Hunt and Vengeful Retreat increase your damage by 5% for 20 sec.
206572	Dragon Charge	api	Run at high speed at a distance in front of you. All enemies in your path will take 24 Physical damage and be knocked back.
206642	Electrocute	api	When you successfully Purge a beneficial effect, the enemy suffers 2,154 Nature damage over 3 sec.
206803	Rain from Above	api	You fly into the air out of harm's way. While floating, you gain access to Fel Lance allowing you to deal damage to enemies below.
206930	Heart Strike	api	Instantly strike the target and 1 other nearby enemy, causing 55 Physical damage, and reducing enemies' movement speed by 20% for 8 sec.
206967	Will of the Necropolis	api	Damage taken below 30% Health is reduced by 20%.
206974	Foul Bulwark	api	Each charge of Bone Shield increases your maximum health by 1%.
207017	Alpha Challenge	api	You focus the assault on this target, increasing their damage taken by 3% for 6 sec. Each unique player that attacks the target increases the damage taken by an additional 3%, stacking up to 5 times.\n\nYour melee attacks refresh the duration of Focused Assault.
207018	Murderous Intent	api	You focus the assault on this target, increasing their damage taken by 3% for 6 sec. Each unique player that attacks the target increases the damage taken by an additional 3%, stacking up to 5 times.\n\nYour melee attacks refresh the duration of Focused Assault.
207025	Admonishment	api	You focus the assault on this target, increasing their damage taken by 3% for 6 sec. Each unique player that attacks the target increases the damage taken by an additional 3%, stacking up to 5 times.\n\nYour melee attacks refresh the duration of Focused Assault.
207028	Inquisition	api	You focus the assault on this target, increasing their damage taken by 3% for 6 sec. Each unique player that attacks the target increases the damage taken by an additional 3%, stacking up to 5 times.\n\nYour melee attacks refresh the duration of Focused Assault.
207029	Tormentor	api	You focus the assault on this target, increasing their damage taken by 3% for 6 sec. Each unique player that attacks the target increases the damage taken by an additional 3%, stacking up to 5 times.\n\nYour melee attacks refresh the duration of Focused Assault.
207057	Shattering Blade	api	When Frost Strike damages an enemy with 5 stacks of Razorice it will consume them to deal an additional 115% damage.\n\nFrostbane consumes the Razorice on your main target to deal an additional 300% damage.
207061	Murderous Efficiency	api	Consuming the Killing Machine effect has a 20% chance to grant you 1 Rune.
207068	Titan's Thunder	api	Discharge a massive jolt of electricity from Titanstrike into all your pets and Dire Beasts, causing them to deal up to 20 Nature damage to their target every 1 sec. for 8 sec.
207104	Runic Attenuation	api	Auto attacks have a chance to generate 3 Runic Power.
207142	Avalanche	api	Casting Howling Blast with Rime active causes jagged icicles to fall on enemies nearby your target, applying Razorice and dealing 7 Frost damage.
207167	Blinding Sleet	api	Targets in a cone in front of you are blinded, causing them to wander disoriented for 5 sec. Damage may cancel the effect.\n\nWhen Blinding Sleet ends, enemies are slowed by 50% for 6 sec.
207200	Permafrost	api	Your auto attack damage grants you an absorb shield equal to 40% of the damage dealt.
207230	Frostscythe	api	A sweeping attack that strikes all enemies in front of you for 14 Frost damage. Deals reduced damage beyond 5 targets. \n\nConsumes Killing Machine to have its critical strikes deal 4 times the normal damage.
207269	Ebon Fever	api	Plagues deal 15% more damage over time in 75% of their duration.
207272	Infected Claws	api	The infected claws of your ghouls have a chance to sicken the foe, dealing 7 Shadow damage over 12 sec. When reapplied, any remaining damage is added to the new effect.
207317	Epidemic	api	Causes each of your Virulent Plagues to flare up, dealing 22 Shadow damage to the infected enemy and 8 Shadow damage to foes nearby.\n\nExtends the duration of Dread Plague and Virulent Plague by 1.5 sec.
207347	Aura of Pain	api	Increases the critical strike chance of Immolation Aura by 6%.
207383	Abundance	api	For each Rejuvenation you have active, Regrowth's cost is reduced by 8% and critical effect chance is increased by 8%, up to a maximum of 96%.
207387	Painbringer	api	Consuming a Soul Fragment reduces all damage you take by 3% for 8 sec.
207401	Ancestral Vigor	api	Targets you heal with Healing Wave, Chain Heal, or Riptide's initial heal gain 5% increased health for 10 sec.
207407	Soul Carver	api	Carve into the soul of your target, dealing 171 Fire damage and an additional 105 Fire damage over 3 sec.  Immediately shatters 3 Soul Fragments from the target and 1 additional Soul Fragment every 1 sec.
207548	Agonizing Flames	api	Immolation Aura increases your movement speed by 10% and its duration is increased by 50%.
207684	Sigil of Misery	api	Place a Sigil of Misery at the target location that activates after 2 sec.\n\nCauses all enemies affected by the sigil to cower in fear, disorienting them for 15 sec.
207697	Feast of Souls	api	Soul Cleave heals for an additional 63.
207739	Burning Alive	api	Every 1 sec, Fiery Brand spreads to one nearby enemy.
207777	Dismantle	api	Disarm the enemy, preventing the use of any weapons or shield for 5 sec.
207778	Downpour	api	A burst of water at your Healing Rain's location heals up to 5 injured allies within 12 yards for 1,247.
207946	Light's Wrath	api	Draws upon the power of Light's Wrath, dealing 665 Radiant damage to the target, increased by 10% per ally affected by your Atonement.
208065	Light of T'uure	api	Applies Light of the Naaru to the target, healing for 380 and increasing your healing done to that target by 25% for 10 sec.
208154	Warpaint	api	You take 10% reduced damage while Enrage is active.
208253	Essence of G'Hanir	api	Release the natural power within G'Hanir to increase the frequency that all of your heal over time effects heal allies by 100% for 8 sec.
208652	Dire Beast: Hawk	api	Summons a hawk to circle the target area, attacking all targets within 10 yards over the next 10 sec.
209202	Eye of Tyr	api	Releases a blinding flash from Truthguard, causing 19 Holy damage to all nearby enemies within 8 yds and reducing all damage they deal to you by 25% for 9 sec.
209258	Last Resort	api	Sustaining fatal damage instead transforms you to Metamorphosis form.\n\nThis may occur once every 8 min.
209281	Quickened Sigils	api	Your Sigils activate 1 second faster.
209389	Bulwark of Order	api	Avenger's Shield also shields you for 8 sec, absorbing 60% as much damage as it dealt, up to 50% of your maximum health.
209577	Warbreaker	api	Stomp the ground, causing a ring of corrupted spikes to erupt upwards, dealing 119 Shadow damage and applying the Colossus Smash effect to all nearby enemies.
209730	Protector of the Grove	api	When using Regrowth on an ally the initial heal will always have a critical effect and the cast time of Regrowth will be reduced by 50% for 6 sec.
209740	Moonkin Aura	api	Starsurge grants 2% spell critical strike chance to 8 allies within 40 yards for 18 sec, stacking up to 3 times.
209749	Faerie Swarm	api	Swarms the target with Faeries, disarming the enemy, preventing the use of any weapons or shield and reducing movement speed by 30% for 5 sec.
209752	Boarding Party	api	Between the Eyes increases the movement speed of all friendly players within 15 yards by 30% for 6 sec.
209997	Play Dead	api	Playing Dead, tricking enemies into ignoring them. Lasts up to 6 min.
210000	Wake Up	api	Tell your pet to wake up.
210053	Mount Form	api	Shapeshift into a mountable ground travel form, increasing movement speed by 40%. Also protects the caster from Polymorph effects. Only usable outdoors.\n\nThe act of shapeshifting frees the caster of movement impairing effects.
210065	Track Beasts	api	Shows the location of all nearby beasts on the minimap.
210128	Zombify	api	Reanimates a nearby corpse, summoning a zombie for 20 sec that slowly moves towards your target. \n\nIf your zombie reaches its target, it explodes after 3.0 sec. The explosion stuns all enemies within 8 yards for 3 sec and deals 10% of their health in Shadow damage.
210256	Blessing of Sanctuary	api	Instantly removes all stun, silence, fear and horror effects from the friendly target and reduces the duration of future such effects by 60% for 5 sec.
210341	Warrior of Light	api	Increases the damage done by your Shield of the Righteous by 30%, but reduces armor granted by 30%.
210378	Darkest before the Dawn	api	Every 5 sec the healing done by your next Light of Dawn is increased by 20%. Stacks up to 5 times.
210476	Master of Escape	api	Reduces the cooldown of Invisibility by 60 sec.
210689	Lightning Rod	api	Lightning Bolt and Chain Lightning make your target a Lightning Rod for 8 sec.\n \nLightning Rods take 10% of all damage you deal with Lightning Bolt and Chain Lightning.
210706	Gore	api	Thrash, Swipe, Moonfire, and Maul have a 15% chance to reset the cooldown on Mangle, and to cause it to generate an additional 4 Rage.
210722	Ashamane's Frenzy	api	Unleash Ashamane's Frenzy, clawing your target 15 times over 3 sec for 27 Physical damage and an additional 81 Bleed damage over 6 sec.\n\nAwards 3 combo points.
210726	Mark of Aluneth	api	Creates a runic prison at the target's location, slowing enemy movement speed by 70%, inflicting 912 Arcane damage over 6 sec, and then detonating for Arcane damage equal to 15% of your maximum mana.
210853	Elemental Assault	api	Stormstrike damage is increased by 20%, and Stormstrike and Lava Lash have a 100% chance to generate 1 stack of Maelstrom Weapon.
211489	Sigil Mastery	api	Reduces the cooldown of your Sigils by an additional 25%.
211522	Psyfiend	api	Summons a Psyfiend with 1,222 health for 12 sec beside you to attack the target at range with Psyflay.\n\n Psyflay\nDeals up to 1% of the target's total health in Shadow damage every 0.9 sec. Also slows their movement speed by 50% and reduces healing received by 50%.
211714	Thal'kiel's Consumption	api	Thal'kiel drains 8% of the life from your demon servants and unleashes a blast of Shadow damage at your current target equal to the life he stole.
212036	Mass Resurrection	api	Brings all dead party members back to life with 35% health and mana. Cannot be cast when in combat.
212040	Revitalize	api	Returns all dead party members to life with 35% of maximum health and mana. Not castable in combat.
212048	Ancestral Vision	api	Returns all dead party members to life with 35% of maximum health and mana.  Cannot be cast when in combat.
212051	Reawaken	api	Returns all dead party members to life with 35% of maximum health and mana. Cannot be cast when in combat.
212056	Absolution	api	Returns all dead party members to life with 35% of maximum health and mana.  Cannot be cast when in combat.
212084	Fel Devastation	api	Unleash the fel within you, damaging enemies directly in front of you for 162 Fire damage over 2 sec.
212182	Smoke Bomb	api	Creates a cloud of thick smoke in an 8 yard radius around the Rogue for 5 sec. Enemies are unable to target into or out of the smoke cloud.
212205	Create: Crimson Vial	api	Create a Crimson Vial to share with allies. Maximum of 3 can be carried at once. \n\n Crimson Vial\nDrink an alchemical concoction that heals you for 30% of your maximum health over 6 sec.
212295	Nether Ward	api	Surrounds the caster with a shield that lasts 3 sec, reflecting all harmful spells cast on you.
212371	Rot and Decay	api	Shadow Bolt damage increases the duration of your Corruption and Agony on the target by 2.0 sec.\n\nDrain Life and Drain Soul damage increases the duration of your Corruption and Agony on the target by 1.0 sec.
212431	Explosive Shot	api	Fires an explosive shot at your target. After 3 sec, the shot will explode, dealing 204 Fire damage to all enemies within 8 yds. Deals reduced damage beyond 5 targets.
212459	Call Fel Lord	api	Summon a fel lord to guard the location for 15 sec. Any enemy that comes within 6 yards will suffer 760 Physical damage, and players struck will be stunned for 1 sec.
212552	Wraith Walk	api	Embrace the power of the Shadowlands, removing all root effects and increasing your movement speed by 70% for 4 sec. Taking any action cancels the effect.\n\nWhile active, your movement speed cannot be reduced below 170%.
212638	Tracker's Net	api	Hurl a net at your enemy, rooting them for 6 sec. While within the net, the target's chance to hit is reduced by 80%. Any damage will break the net.
212640	Mending Bandage	api	Instantly clears all bleeds, poisons, and diseases from the target, and heals for 18% damage over 6 sec.\n\nBeing attacked will stop you from using Mending Bandage.
212653	Shimmer	api	Teleports you 20 yds forward, unless something is in the way. Unaffected by the global cooldown and castable while casting.
213010	Charred Warblades	api	You heal for 3% of all Fire damage you deal.
213200	Freedom of the Herd	api	Your Stampeding Roar clears all roots and snares from yourself and allies.
213410	Demonic	api	Eye Beam causes you to enter demon form for 5 sec after it finishes dealing damage.
213480	Unending Hatred	api	Taking damage causes you to gain Fury based on the damage dealt.
213634	Purify Disease	api	Removes all Disease effects from a friendly target.
213644	Cleanse Toxins	api	Cleanses a friendly target, removing all Poison and Disease effects.
213764	Swipe	api	Swipe nearby enemies, inflicting Physical damage. Damage varies by shapeshift form.
213871	Bodyguard	api	Protect an ally, causing 40% of all Physical damage they take to be transfered to you. When the target takes Physical damage, your Shield Slam cooldown has a 30% chance to be reset. Bodyguard is cancelled if the target is further than 20 yards from you. Lasts 1 min.\n\nOnly one target can be Bodyguarded at a time.
213915	Rebound	api	Spell Reflection reflects the next 2 incoming spells cast on you and reflected spells deal 100% extra damage to the attacker.\n\nSpell Reflection's cooldown is increased by 10 sec.
214205	Trinity	api	Atonement duration increased by 10 sec.\n\nSmite, Penance, Mind Blast, and Void Blast have 10% reduced cast time when you have Atonement on 3 or more allies.
214634	Ebonbolt	api	Deals 1,222 Shadowfrost damage and causes Brain Freeze.
215279	Chaos Bolt	api	Unleashes a devastating blast of chaos, causing 760 Chaos damage. Chaos Bolt always critically strikes and your critical strike chance increases its damage.
215537	Trauma	api	Slam, Whirlwind, and Execute now cause the target to bleed for 20% additional damage over 6 sec. Multiple uses accumulate increased damage.
215568	Fresh Meat	api	Bloodthirst always Enrages you the first time you strike a target and it has a 15% increased chance to trigger Enrage.
215652	Shield of Virtue	api	When activated, your next Avenger's Shield will interrupt and silence all enemies within 8 yds of the target.
215768	Blaze of Light	api	The damage of Smite and Penance is increased by 8%, and Penance increases or decreases your target's movement speed by 25% for 2 sec.
215769	Spirit of Redemption	api	The Priest becomes the Spirit of Redemption for 6 sec. The Spirit of Redemption cannot move, attack, be attacked or targeted by any spells or effects. While in this form the Priest can cast any healing spell free of cost.
215982	Spirit of the Redeemer	api	Your Spirit of Redemption is now an active ability with a 2 minute cooldown, but the duration is reduced by 9 sec and you will no longer enter Spirit of Redemption upon dying.
216331	Avenging Crusader	api	You become the ultimate crusader of light, for 15 sec. Auto-attack damage is increased by 1,000%, Judgment and Crusader Strike heal up to 5 injured allies within 40 yds for 80% of the damage done, split evenly among them.\n\nThis spell is replaced with Crusader Strike while active.\n\nCrusader Strike:\nStrike the target for 49 Physical damage.\n\nGenerates 1 Holy Power.
216698	Reap Souls	api	Consume all Tormented Souls collected by Ulthalesh, increasing your damage by 10% and doubling the effect of all of Ulthalesh's other traits for 5 sec per soul consumed.\n\nUlthalesh collects Tormented Souls from each target you kill and occasionally escaped souls it previously collected.
216853	Sacred Duty	api	Reduces the cooldown of your Blessing of Protection and Blessing of Sacrifice by 33%.
216855	Guarded by the Light	api	Your Flash of Light reduces all damage the target receives by 10% for 6 sec. Stacks up to 2 times.
216868	Hallowed Ground	api	Your Consecration clears and suppresses all snare effects on allies within its area of effect.
217200	Barbed Shot	api	Fire a shot that tears through your enemy, causing them to bleed for 136 damage over 12 sec. If Barbed Shot is reapplied, any remaining damage will be added to the new Barbed Shot.\n\nGenerates 20 Focus over 8 sec.
217832	Imprison	api	Imprisons a demon, beast, or humanoid, incapacitating them for 1 min. Damage may cancel the effect. Limit 1.
218164	Detox	api	Removes all Poison and Disease effects from the target.
218612	Feed the Demon	api	Every 20 Fury spent reduces the remaining cooldown of Demon Spikes by 1.00 sec.
219272	Demon Skin	api	Your Soul Leech absorption now passively recharges at a rate of 0.2% of maximum health every 1 sec, and may now absorb an additional 5% of maximum health.\n\nIncreases your armor by 45%.
219786	Ossuary	api	While you have at least 5 Bone Shield charges, the cost of Death Strike is reduced by 5 Runic Power.\n\nAdditionally, your maximum Runic Power is increased by 10.
220143	Apocalypse	api	Strikes the enemy, dealing 3 Physical damage and bursting up to 6 Festering Wounds on the target, summoning a member of your Army of the Dead for 20 sec for each burst Festering Wound.
221536	Heartbreaker	api	Your Heart Strike generates 2 additional Runic Power per target hit.
221562	Asphyxiate	api	Lifts the enemy target off the ground, crushing their throat with dark energy and stunning them for 5 sec.
221622	Thick as Thieves	api	Tricks of the Trade now increases the friendly target's damage by 15% for 6 sec.
221711	Essence Drain	api	Whenever you heal yourself with Drain Life, the enemy target deals 9% reduced damage to you for 10 sec. Stacks up to 4 times.
223817	Divine Purpose	api	Holy Power spending abilities have a 15% chance to make your next Holy Power spending ability free and deal 15% increased damage and healing.
224869	Teleport: Dalaran - Broken Isles	api	Teleports you to Dalaran in the Broken Isles.
224871	Portal: Dalaran - Broken Isles	api	Creates a portal, teleporting group members that use it to Dalaran in the Broken Isles.
227174	Fallout	api	Immolation Aura's initial burst has a chance to shatter Soul Fragments from enemies.
227847	Bladestorm	api	Become an unstoppable storm of destructive force, striking all nearby enemies for 669 Physical damage over 5.4 sec. Deals reduced damage beyond 8 targets.\n\nYou are immune to movement impairing and loss of control effects, but can use defensive abilities and can avoid attacks.
228049	Guardian of the Forgotten Queen	api	Empowers the friendly target with the spirit of the forgotten queen, causing the target to be immune to all damage for until canceled.
228260	Voidform	api	Bombards your target with a Void Volley and twists your Shadowform with void magic, increasing your spell damage by 20% for 20 sec. \n\nThis spell is replaced with Void Volley while Voidform is active.\n\n Void Volley\nReleases a volley of pure void energy, firing 10 bolts at your target and 1 bolt at all enemies within 10 yards of your target for 402 Shadow damage.\n\nGenerates 10 Insanity.
228431	Charging Bash	api	Increases the range of your Skull Bash by 10 yards.
228477	Soul Cleave	api	Viciously strike an enemy and all other enemies in front of you for 73 Physical damage and heal yourself for 82. Deals reduced damage beyond 5 targets.\n\nConsumes up to 2 Soul Fragments, increasing damage by 20% per fragment consumed.
228545	Shapeshift Form	none	
228920	Ravager	api	Throws a whirling weapon at your target that chases nearby enemies, inflicting 250 Physical damage to all enemies over 10.7 sec. Deals reduced damage beyond 8 targets.\n\nCleave and Whirlwind deal 50% increased damage while Ravager is active
229533	Track Mechanicals	api	Shows the location of all nearby mechanicals on the minimap.
230332	Cavalier	api	Divine Steed now has 2 charges.
231032	Improved Regrowth	api	Regrowth's initial heal has a 40% increased chance for a critical effect if the target is already affected by Regrowth.
231040	Lingering Healing	api	Rejuvenation's duration is increased by 3 sec.\n\nRegrowth's duration is increased by 3 sec when cast on yourself.
231042	Owlkin Frenzy	api	While in Moonkin Form, single-target attacks against you have a 15% chance make your next Starfire instant.
231063	Merciless Claws	api	Shred deals 20% increased damage and Swipe deals 20% increased damage against bleeding targets.
231564	Arcing Cleave	api	For each Arcane Charge, Arcane Barrage hits 1 additional nearby target for 40% damage.
231644	Greater Judgment	api	Judgment deems the target unworthy, preventing the next 1,835 damage dealt by the target.
231663	Greater Judgment	api	Judgment causes the target to take 20% increased damage from your next Holy Power ability.\n\nMultiple applications may overlap.
231682	Sanctuary	api	Smite prevents the next 684 damage dealt by the enemy.
231691	Improved Sprint	api	Reduces the cooldown of Sprint by 60 sec.
231719	Deadened Nerves	api	Physical damage taken reduced by 5%.
231793	Improved Conflagrate	api	Conflagrate gains an additional charge.
232698	Shadowform	api	Assume a Shadowform, increasing your spell damage dealt by 10%.
232876	Niuzao's Essence	api	Drinking a Purifying Brew, Celestial Brew, Fortifying Brew, or casting Roll will dispel all snares affecting you.
232893	Felblade	api	Charge to your target and deal 43 Fire damage.\n\nGenerates 15 Fury.
233396	Delirium	api	Howling Blast applies Delirium, reducing the cooldown recovery rate of movement enhancing abilities by 50% for 12 sec.
233412	Last Dance	api	Reduces the cooldown of Dancing Rune Weapon by 50% and its duration by 25%.
233673	Disentanglement	api	Efflorescence removes all snare effects from friendly targets when it heals and its Mana cost is reduced by 40%.
233750	Moon and Stars	api	Entering an Eclipse summons a beam of light at your location granting you 50% reduction in silence and interrupts for 6 sec.
233754	Celestial Guardian	api	Bear Form reduces magic damage taken from spells by 10% and you may now cast Moonfire while in Bear Form.
233755	Deep Roots	api	Increases the amount of damage required to cancel your Entangling Roots by 75%.
233759	Grapple Weapon	api	You fire off a rope spear, grappling the target's weapons and shield, returning them to you for 5 sec.
234153	Drain Life	api	Drains life from the target, causing 1,140 Shadow damage over 4.5 sec, and healing you for 500% of the damage done.
234299	Fist of Justice	api	Hammer of Justice's cooldown is reduced by 15 sec.
234876	Death's Embrace	api	Agony, Corruption, Unstable Affliction, Seed of Corruption, and Shadow Bolt deal up to 40% increased damage on targets below 35% health. Damage increase is higher against lower health targets.
235219	Cold Snap	api	Resets the cooldown of your Ice Barrier, Frost Nova, Cone of Cold, Ice Cold, and Ice Block.
235313	Blazing Barrier	api	Shields you in flame, absorbing 9,165 damage for 1 min.\n\nMelee attacks against you cause the attacker to take 59 Fire damage.
235450	Prismatic Barrier	api	Shields you with an arcane force, absorbing 9,165 damage and reducing magic damage taken by 15% for 1 min.\n\nThe duration of harmful Magic effects against you is reduced by 25%.
235484	Improved Between the Eyes	api	Critical strikes with Between the Eyes deal 3.0 times normal damage.
235587	Miracle Worker	api	Holy Word: Serenity and Holy Word: Sanctify gain an additional charge.
235711	Chrono Shift	api	Arcane Barrage slows enemies by 50% and increases your movement speed by 10% for 5 sec.
235941	Master and Commander	api	Cooldown of Rallying Cry reduced by 120 sec.
236012	Malorne's Swiftness	api	Your Travel Form movement speed while within a Battleground or Arena is increased by 20% and you always move at 100% movement speed while in Travel Form.
236020	Ferocious Wound	api	Attacking with a 5 combo point Ferocious Bite reduces the target's maximum health by up to 3% for 30 sec, stacking up to 2 times. Ferocious Wound can only be active on one target at once.
236068	Moment of Clarity	api	Omen of Clarity now triggers 30% more often, can accumulate up to 2 charges, and increases the damage of your next Shred or Swipe by 15%.
236077	Disarm	api	Disarm the enemy's weapons and shield for 5 sec. Disarmed creatures deal significantly reduced damage.
236144	Master Shapeshifter	api	Your abilities are amplified based on your current shapeshift form, granting an additional effect.\n\n Caster Form\nRejuvenation heals for 30% more and causes you to instantly generate 25 Rage after entering Bear Form.\n\n Moonkin Form\nWrath, Starfire, and Starsurge deal 30% additional damage and cause you to instantly generate 25 Rage after entering Bear Form.\n\n Cat Form\nRip, Ferocious Bite, and Maim deal 60% additional damage and cause you to instantly generate 50 Rage after entering Bear Form when cast with 5 combo points.
236147	Malorne's Swiftness	api	Your Travel Form movement speed while within a Battleground or Arena is increased by 20% and you always move at 100% movement speed while in Travel Form.
236180	Den Mother	api	You bolster nearby allies within 15 yards, increasing their maximum health by 15%.\n\nThe duration of all stun effects on you is reduced by 15%.
236273	Duel	api	You challenge the target to a duel. While challenged, all damage you and the target deal to all targets other than each other is reduced by 50%. Lasts 12 sec.
236279	Devastator	api	Your auto-attacks deal an additional 44 Physical damage and have a 25% chance to reset the remaining cooldown on Shield Slam.
236308	Storm of Destruction	api	Bladestorm, Ravager, and Demolish now snare all targets you hit by 60% for 6 sec and decrease their healing taken by 50% for 10 sec.
236457	Slipstream	api	Arcane Missiles and Evocation can now be channeled while moving.
236499	Ultimate Radiance	api	Evangelism cooldown is reduced by 45 sec and Power Word: Radiance healing is increased by 15%.
236628	Amplification	api	Arcane Missiles fires 2 additional missiles.
236716	Strength of the Wild	api	Maul the target for 8% of the target's maximum health in Physical damage.
238049	Scintillating Moonlight	api	Moonfire reduces damage dealt to you by -1%.
238063	Lenience	api	Atonement reduces damage taken by 2%.
238100	Angel's Mercy	api	Reduces the cooldown of Desperate Prayer by 20 sec.
238135	Eternal Barrier	api	Power Word: Shield absorbs 20% additional damage and lasts 5 sec longer.
238136	Cosmic Ripple	api	When Holy Word: Serenity or Holy Word: Sanctify finish their cooldown, you emit a burst of light that heals up to 5 injured targets within 40 yards for 477.
238558	Misery	api	Vampiric Touch also applies Shadow Word: Pain to the target. Shadow Word: Pain lasts an additional 5 sec.
242155	Hybrid Kinship	api	Learn the secrets of taming Feathermanes.
245687	Dark Shadow	api	Shadow Dance increases all ability damage by 5%, and Shadowstrike and Shuriken Storm damage by an additional 5%.
247454	Spirit Bomb	api	Consume up to 5 Soul Fragments then explode, dealing 70 Fire damage to nearby enemies, increased by 20% per fragment consumed. Deals reduced damage beyond 8 targets.
247543	Entangling Bark	api	Ironbark now also grants the target Nature's Grasp, rooting the first 3 melee attackers for 6 sec.
248443	Ranger's Finesse	api	Casting Aimed Shot provides you with Ranger's Finesse. After gaining 3 stacks of Ranger's Finesse, increase your next Volley's radius and duration by 50%.\n\nConsuming Ranger's Finesse reduces the remaining cooldown of Aspect of the Turtle by 20 sec.
248518	Interlope	api	Misdirection now causes the next 3 hostile spells cast on your target within 10 sec to be redirected to your pet, but its cooldown is increased by 15 sec.\n\nYour pet must be within 20 yards of the target for spells to be redirected.
248855	Gateway Mastery	api	Increases the range of your Demonic Gateway by 20 yards, and reduces the cast time by 30%. Reduces the time between how often players can take your Demonic Gateway by 30 sec.
252216	Tiger Dash	api	Shift into Cat Form and increase your movement speed by 200%, reducing gradually over 5 sec.
253593	Inexorable Assault	api	Gain Inexorable Assault every 4 sec, stacking up to 5 times.\n\nObliterate consumes up to 3 stacks, dealing an additional 9 Frost damage for each stack consumed.
255544	Poison Bomb	api	Envenom has a 5% chance per combo point spent to smash a vial of poison at the target's location, creating a pool of acidic death that deals 54 Nature damage over 2 sec to all enemies within it.
255937	Wake of Ashes	api	Lash out at your enemies, dealing 113 Radiant damage to all enemies within 14 yds in front of you, and applying Truth's Wake, burning the targets for an additional 67 damage over 9 sec.\n\nDemon and Undead enemies are also stunned for 5 sec.\n\nGenerates 3 Holy Power.
256165	Blinding Powder	api	Reduces the cooldown of Blind by 25% and increases its range by 5 yds.
256170	Loaded Dice	api	Activating Adrenaline Rush improves the result of your next Roll the Bones by one level.
256188	Retractable Hook	api	Reduces the cooldown of Grappling Hook by 15 sec.
257044	Rapid Fire	api	Shoot a stream of 7 shots at your target over 1.8 sec, dealing a total of 175 Physical damage. Usable while moving.\n\nEach shot generates 3 Focus.
257284	Hunter's Mark	api	Apply Hunter's Mark to the target, causing the target to always be seen and tracked by the Hunter.\n\nHunter's Mark increases the target's damage taken by 3%. Can only be applied to a target at a time.
257505	Shot in the Dark	api	After using Vanish or Shadow Dance, your next Cheap Shot is free and ignores its cooldown.
257620	Multi-Shot	api	Fires several missiles, hitting your current target and all enemies within 10 yards for 63 Physical damage. Deals reduced damage beyond 5 targets.
257621	Trick Shots	api	When Multi-Shot hits 3 or more targets, your next Aimed Shot or Rapid Fire will ricochet and hit up to 5 additional targets for 60% of normal damage.
258860	Essence Break	api	Slash all enemies in front of you for 110 Chaos damage, causing Chaos Strike and Blade Dance to deal 70 Chaos damage to them for 4 sec. Deals reduced damage beyond 8 targets.
258881	Trail of Ruin	api	The final slash of Blade Dance inflicts an additional 25 Chaos damage over 4 sec.
258887	Cycle of Hatred	api	Activating Eye Beam reduces the cooldown of your next Eye Beam by 2.5 sec, stacking up to 10 sec.
258920	Immolation Aura	api	Engulf yourself in flames, radiating 29 Fire damage over 6 sec.
259398	Chakrams	db2-template+redirect-unresolved	$@spelldesc259381
259489	Kill Command	api	Give the command to kill, causing your pet to savagely deal 105 Physical damage to the enemy.\n\nGenerates 15 Focus.
259495	Wildfire Bomb	api	Hurl a bomb at the target, exploding for 55 Fire damage in a cone and coating enemies in wildfire, scorching them for 44 Fire damage over 6 sec. Deals reduced damage beyond 8 targets.\n\nDeals 80% increased damage to your primary target.
260240	Precise Shots	api	Aimed Shot causes your next Arcane Shot or Multi-Shot to deal 50% more damage and cost 60% less Focus.\n\nPrecise Shots benefits Kill Shot's damage at 100% effectiveness.
260243	Volley	api	Rain a volley of arrows down over 6 sec, dealing up to 588 Physical damage to any enemy in the area, and gain the effects of Trick Shots for as long as Volley is active.
260248	Bloodseeker	api	You and your pet gain 10% attack speed for every bleeding enemy within 12 yds.
260285	Tip of the Spear	api	Kill Command increases the direct damage of your other abilities by 15%, stacking up to 3 times.
260309	Master Marksman	api	Your ranged ability critical strikes cause the target to bleed for an additional 10% of the damage dealt over 6 sec.
260404	Calling the Shots	api	Trueshot's cooldown is reduced by 30 sec.
260708	Sweeping Strikes	api	Your next 12 damaging single-target abilities hit 1 additional target within 8 yds for 75% damage. Lasts 30 sec.
260878	Spirit Wolf	api	While transformed into a Ghost Wolf, you gain 5% increased movement speed and 5% damage reduction every 1 sec, stacking up to 4 times.
261917	Sharp Reflexes	api	Blackout Kick reduces the cooldown of Rising Sun Kick and Fists of Fury by 1.0 sec.
262150	Dreadnaught	api	Overpower causes a seismic wave, dealing 24 damage to all enemies in a 10 yd line. Deals reduced damage beyond 5 targets.
262231	War Machine	api	Your auto-attacks generate 10% more Rage.\n\nKilling an enemy instantly generates 5 Rage and increases your movement speed by 30% for 8 sec.
262647	Forceful Winds	api	Windfury has a 10% additional chance to trigger and its damage is increased by 50%.
263135	Mastery: Spirit Bond	api	You and your pet deal 17% increased damage and take 3% reduced damage. This bonus is increased by 100% when you're within 25 yds of each other.
263165	Void Torrent	api	Channel a torrent of void energy into the target, dealing 3,930 Shadow damage over 3 sec and tearing open an Entropic Rift.\n\n Entropic Rift\nMind Blast tears open an Entropic Rift that follows the enemy for 8 sec. Enemies caught in its path suffer 228 Shadow damage every 0.9 sec while within its reach.\n\nGenerates 24 Insanity over the duration.
263642	Fracture	api	Rapidly slash your target for 41 Physical damage, and shatter 2 Lesser Soul Fragments from them.\n\nGenerates 25 Fury.
264000	Creeping Death	api	Your Agony, Corruption, and Unstable Affliction deal damage 10% faster.
264078	Dreadlash	api	When your Dreadstalkers charge into battle, their Dreadbite attack now hits all targets within 8 yards and deals 10% more damage.
264130	Power Siphon	api	Instantly sacrifice up to 2 Wild Imps, generating 2 charges of Demonic Core that cause Demonbolt to deal 30% additional damage.
264173	Demonic Core	db2-template+redirect	When your Wild Imps fade or are imploded, you have a $s1% chance to absorb their life essence, granting you a stack of Demonic Core. \n\nWhen your summoned Dreadstalkers fade away, you have a $s2% chance to absorb their life essence, granting you a stack of Demonic Core.\n\nDemonic Core reduces the cast time of Demonbolt by $264173s1%. Maximum $264173u stacks.
264178	Demonbolt	api	Send the fiery soul of a fallen demon at the enemy, causing 1,498 Shadowflame damage.
264332	Guerrilla Tactics	api	Wildfire Bomb now has 2 charges, and the initial explosion deals 15% increased damage.
264348	Tiger Tail Sweep	api	Increases the range of Leg Sweep by 4 yds.
264735	Survival of the Fittest	api	Reduces all damage you and your pet take by 30% for 6 sec.
265046	Static Charge	api	Reduces the cooldown of Capacitor Totem by 15 sec.
265187	Summon Demonic Tyrant	api	Summon a Demonic Tyrant that damages your target for 15 sec. \n\nDamage dealt by Demonic Tyrant is increased by 10% for each Wild Imp and Dreadstalker active.
266086	Rain of Chaos	api	While your initial Infernal is active, every Soul Shard you spend has a 15% chance to summon an additional Infernal that lasts 8 sec.
266134	Internal Combustion	api	Chaos Bolt consumes up to 5 sec of Immolate's damage over time effect on your target, instantly dealing that much damage.
266921	Born To Be Wild	api	The cooldown of Aspect of the Cheetah, and Aspect of the Turtle are reduced by 15 sec.
267116	Animal Companion	api	Your Call Pet additionally summons the pet from the bonus slot in your stable. This pet will obey your Kill Command, but cannot use pet family abilities.
267214	Sacrificed Souls	api	Shadow Bolt and Demonbolt deal 2% additional damage per demon you have summoned.
267216	Inner Demons	api	You passively summon a Wild Imp to fight for you every 12 sec.
268175	Void Reaver	api	Frailty now also reduces all damage you take from afflicted targets by 5%.
268358	Demonic Circle	api	Summons a Demonic Circle for 15 min. Cast Demonic Circle: Teleport to teleport to its location and remove all movement slowing effects.\n\nYou also learn:\n\n Demonic Circle: Teleport\nTeleports you to your Demonic Circle and removes all movement slowing effects.
269513	Death from Above	api	Finishing move that empowers your weapons with energy to perform a deadly attack.\n\nYou leap into the air and Eviscerate your target on the way back down, with such force that it has a 15% stronger effect.
269650	Pyroclasm	api	Consuming Hot Streak has a 15% chance to make your next non-instant Pyroblast or Flamestrike cast within 15 sec deal 230% additional damage.\n\nMaximum 2 stacks.
269737	Alpha Predator	api	Kill Command now has 2 charges, and deals 15% increased damage.
270233	Freezing Rain	api	Frozen Orb makes Blizzard instant cast.\n\nBlizzard damage increased by 20%.
270562	Summon Darkforge Ram	api	Summons a Darkforge Ram, which serves as a mount.
270564	Summon Dawnforge Ram	api	Summons a Dawnforge Ram, which serves as a mount.
270581	Natural Mending	api	Exhilaration's cooldown is reduced by 30 sec.
271877	Blade Rush	api	Charge to your target with your blades out, dealing 296 Physical damage to the target and 132 to all other nearby enemies. Damage reduced beyond 8 targets.\n\nWhile Blade Flurry is active, damage to non-primary targets is increased by 100%.\n\nGenerates 25 Energy over 5 sec.
272026	Dancing Steel	api	Blade Flurry strikes 3 additional enemies and its duration is increased by 3 sec.
272651	Command Pet	api	Commands your pet to perform its unique ability. This ability will transform based on the specialization of your active pet. \n\nFerocity: Primal Rage\nTenacity: Fortitude of the Bear\nCunning: Master's Call
273221	Aftershock	api	Earth Shock, Elemental Blast, and Earthquake have a 25% chance to refund all Maelstrom spent.
273887	Killer Instinct	api	Kill Command deals 10% increased damage.
273946	Hemostasis	api	Each enemy hit by Blood Boil increases the damage and healing done by your next Death Strike by 8%, stacking up to 5 times.
273952	Grip of the Dead	api	Death and Decay reduces the movement speed of enemies within its area by 90%, decaying by 10% every sec.
273953	Voracious	api	Death Strike's healing is increased by 5% and grants you 12% Leech for 8 sec.
274281	New Moon	api	Deals 998 Astral damage to the target and empowers New Moon to become Half Moon. \n\nGenerates 10 Astral Power.
274586	Invigorating Mists	api	Vivify heals all allies with your Renewing Mist active for 1,199.\n\nSheilun's Gift's healing is increased by 500% on its primary target.
274837	Feral Frenzy	api	Unleash a furious frenzy, clawing your target 5 times for 29 Physical damage and an additional 192 Bleed damage over 6 sec.\n\nAwards 5 combo points.
274902	Photosynthesis	api	Your periodic heals on targets with Lifebloom have a 8% chance to cause it to bloom.
274909	Rising Mist	api	Rising Sun Kick extends your Renewing Mist and Enveloping Mist effects by 4 sec, up to 100% of their original duration.
275334	Punish	api	Shield Slam deals 15% increased damage and reduces enemies' damage against you by 3% for 9 sec. Multiple punishments may overlap.
275336	Storm Surge	api	Avatar increases the damage of Thunder Clap by 50% and reduces its cooldown by 50%.
275339	Rumbling Earth	api	Shockwave's range increased by 6 yards and when it strikes at least 3 targets its cooldown is reduced by 15 sec.
276023	Harbinger of Doom	api	Sudden Doom triggers 30% more often and can accumulate up to 2 charges.\n\nSummoning a Lesser Ghoul with Scourge Strike reduces the cooldown of Putrefy by 2.5 sec.
276079	Death's Reach	api	Increases the range of Death Grip by 10 yds.\n\nKilling an enemy that yields experience or honor resets the cooldown of Death Grip.
277953	Night Terrors	api	Shuriken Storm reduces enemies' movement speed by 50% for 8 sec.
278326	Consume Magic	api	Consume 1 beneficial Magic effect removing it from the target.
279302	Frostwyrm's Fury	api	Summons a frostwyrm who breathes on all enemies within 40 yd in front of you, dealing 129 Frost damage, stunning enemies for 3 sec, and slowing movement speed by 50% for 10 sec.
279620	Twin Moons	api	Moonfire deals 10% increased damage and also hits another nearby enemy within 15 yds of the target.
279876	Opportunity	api	Sinister Strike has a 30% chance to hit an additional time and grant Opportunity.\n\n Opportunity\nYour next Pistol Shot costs 50% less Energy and deals 100% increased damage.
280197	Spiritual Focus	api	The cooldown of Zenith is reduced by 20 sec.
280373	Redoubt	api	Armor granted by Shield of the Righteous is increased by up to 60%, based on your missing health.
280392	Meat Cleaver	api	Whirlwind deals 50% additional damage when it hits 3 or more targets.
280515	Bob and Weave	api	Increases the duration of Stagger by 5.0 sec, causing Staggered damage to be dealt to you more gradually.
280716	Leeching Poison	api	Adds a Leeching effect to your Lethal poisons, granting you 3.0% Leech.
280719	Secret Technique	api	Finishing move that creates shadow clones of yourself. You and your shadow clones each perform a piercing attack on all enemies near your target, dealing Physical damage to the primary target and reduced damage to other targets.\n   1 point  : 30 total damage\n   2 points: 59 total damage\n   3 points: 89 total damage\n   4 points: 116 total damage\n   5 points: 148 total damage
281001	Massacre	api	Execute is usable on targets below 35% health.
281238	Obliteration	api	During Pillar of Frost, Frost Strike and Howling Blast always grant Killing Machine and have a 20% chance to generate a Rune.\n\nAdditionally during Pillar of Frost, Empower Rune Weapon causes your next Obliterate or Frostscythe to cost no Runes.
281400	Portal: Boralus	api	Creates a portal, teleporting group members that use it to Boralus.
281402	Portal: Dazar'alor	api	Creates a portal, teleporting group members that use it to Dazar'alor.
281403	Teleport: Boralus	api	Teleports you to Boralus.
281404	Teleport: Dazar'alor	api	Teleports you to Dazar'alor.
281482	Reverberate	api	Arcane Pulse has a 50% chance to repeat its explosion at 30% effectiveness.
285381	Primal Wrath	api	Finishing move that deals instant damage and applies Rip to all enemies within 10 yards. Lasts longer per combo point.\n\n   1 point  : 11 plus Rip for 4 sec\n   2 points: 16 plus Rip for 6 sec\n   3 points: 22 plus Rip for 8 sec\n   4 points: 27 plus Rip for 10 sec\n   5 points: 33 plus Rip for 12 sec
287681	Turbo Fists	api	Fists of Fury now reduces all targets movement speed by 90%, and you Parry all attacks while channelling Fists of Fury.
288613	Trueshot	api	Increases your critical strike chance by 10% and critical strike damage by 20% for 15 sec.\n\n Aimed Shot\nCooldown recovers 40% faster.\n\n Rapid Fire\nCooldown recovers 60% faster.
288733	Intangibility	api	Dispersion heals you for an additional 25% of your maximum health over its duration and its cooldown is reduced by 30 sec.
288826	Improved Stampeding Roar	api	Cooldown reduced by 60 sec.
288843	Demonic Embrace	api	Stamina increased by 10%.
288848	Necromancer's Cunning	api	When your Lesser Ghouls expire, they explode in viscera, dealing 15 Shadow damage to enemies nearby.
288855	Life and Death	api	When the target afflicted with your Dread Plague is healed, you are also healed for 10% of the amount.\n\nAdditionally, Dread Plague deals 200% of its remaining damage to the target when dispelled.
289237	Master Shapeshifter	api	Your abilities are amplified based on your current shapeshift form, granting an additional effect.\n\nWrath, Starfire, and Starsurge deal 30% additional damage and generate 324 Mana.\n\nBear Form\nIronfur grants 30% additional armor and generates 375 Mana.\n\n Cat Form\nRip, Ferocious Bite, and Maim deal 60% additional damage and generate 1,500 Mana when cast with 5 combo points.
289666	Greater Heal	api	An exceptional spell that heals an ally for 40% of their maximum health, ignoring healing reduction effects.
289874	Ride the Lightning	api	Stormstrike and Lava Lash unleash a Chain Lightning at 100% effectiveness that deals 20% reduced damage with each jump.
290250	Rain Dance	api	Healing Rain is now instant, 50% more effective, and costs 60% less mana.
290608	Crusader's Direhorn	api	Summons a Crusader's Direhorn, which serves as a mount.
294184	Hotbar Slot 01	none	
294189	Hotbar Slot 02	none	
296553	Wild Imp	db2-plain	Displays the number of Wild Imps under your command.
301768	Verdant Heart	api	Frenzied Regeneration and Barkskin increase all healing received by 20%.
305394	Unbound Freedom	api	Blessing of Freedom increases movement speed by 30%, and you gain Blessing of Freedom when cast on a friendly target.
305483	Lightning Lasso	api	Grips the target in lightning, stunning and dealing 14,630 Nature damage over 5 sec while the target is lassoed. Can move while channeling.
315341	Between the Eyes	api	Finishing move that blasts your target with your pistol, dealing Physical damage and increasing your damage dealt by 4%. Multiple instances of this bonus can overlap.\n   1 point : 18 damage, 4 sec\n   2 points: 37 damage, 6 sec\n   3 points: 55 damage, 8 sec\n   4 points: 74 damage, 10 sec\n   5 points: 92 damage, 12 sec
315496	Slice and Dice	api	Finishing move that consumes combo points to increase attack speed by 50%. Lasts longer per combo point.\n   1 point  : 12 seconds\n   2 points: 18 seconds\n   3 points: 24 seconds\n   4 points: 30 seconds\n   5 points: 36 seconds
315584	Instant Poison	api	Coats your weapons with a Lethal Poison that lasts for 1 hour. Each strike has a 30% chance of poisoning the enemy which instantly inflicts 2 Nature damage.
315924	Hand of the Protector	api	When you cast Word of Glory on someone other than yourself, its healing is increased by up to 100% based on the target's missing health.
316239	Rune Strike	api	Strike the target for 21 Physical damage. This attack cannot be dodged, blocked, or parried.
316402	Improved Execute	api	Execute no longer costs Rage and now generates 20 Rage.
316405	Improved Execute	api	Execute no longer has a cooldown and if your foe survives, 10% of the Rage spent is refunded.
316803	Runic Overflow	api	Increases Frost Strike and Glacial Advance damage by 10%.
316916	Cleaving Strikes	db2-template	$?a137006[Frostscythe deals $s3% increased damage during Remorseless Winter.][]$?a137008[Heart Strike hits up to $s1][]$?a137007[Scourge Strike and Festering Strike deal $s4% increased damage.][]$?a137008[ additional enemies while you remain in Death and Decay.\n\nWhen leaving your Death and Decay you retain its bonus effects for ${$s2/1000} sec.][]
317133	Improved Vampiric Blood	api	Vampiric Blood's healing and absorb amount is increased by 5% and duration by 2 sec.
317138	Strength of Will	api	Unending Resolve reduces damage taken by an additional 15%.
317610	Relish in Blood	api	While Crimson Scourge is active, your next Death and Decay heals you for 10 health per Bone Shield charge and you immediately gain 10 Runic Power.
318038	Flametongue Weapon	api	Imbue your weapon with the element of Fire for 1 hour, increasing the damage of your Fire spells by 5.0%.
319066	Improved Wound Poison	api	Wound Poison can now stack 2 additional times.
319175	Black Powder	api	Finishing move that launches explosive Black Powder at all nearby enemies dealing Physical damage. Deals reduced damage beyond 8 targets.\n\n   1 point  : 6 damage\n   2 points: 13 damage\n   3 points: 20 damage\n   4 points: 26 damage\n   5 points: 33 damage
319836	Fire Blast	api	Blasts the enemy for 340 Fire damage.
319930	Stormblast	api	Stormstrike has an additional charge.\n\nStormsurge now also causes your next Stormstrike to deal 25% additional damage as Nature damage, stacking up to 2 times.
319949	Improved Backstab	api	Backstab has 15% increased critical strike chance.\n\nWhile behind your target, Backstab critical strikes grant Find Weakness for 10 sec.
319951	Improved Shuriken Storm	api	Shuriken Storm has 15% increased critical strike chance.\n\nShuriken Storm critical strikes grant Find Weakness for 10 sec.
320313	Swallowed Anger	api	Consume Magic generates 20 Fury when a beneficial Magic effect is successfully removed from the target.
320331	Infernal Armor	api	Immolation Aura increases your armor by 20% and causes melee attackers to suffer 4 Fire damage.
320361	Improved Disrupt	api	Increases the range of Disrupt to 10 yds.
320374	Burning Hatred	api	Immolation Aura generates an additional 24 Fury over 6 sec.
320386	Bouncing Glaives	api	Throw Glaive ricochets to 1 additional target.
320387	Perfectly Balanced Glaive	api	Reduces the cooldown of Fracture by 1 sec and Throw Glaive by 6 sec.
320413	Critical Chaos	api	The chance that Chaos Strike will refund 20 Fury is increased by 30% of your critical strike chance.
320416	Blazing Path	api	Shift gains an additional charge.
320418	Improved Sigil of Misery	api	Reduces the cooldown of Sigil of Misery by 30 sec.
320635	Vengeful Bonds	api	Vengeful Retreat reduces the movement speed of all nearby enemies by 70% for 3 sec.
320654	Pursuit	api	Mastery increases your movement speed.
320747	Surge of Earth	api	Consume up to 3 charges of Earth Shield to heal up to 3 allies near your Earth Shield target for 321 per charge consumed.
320770	Unrestrained Fury	api	Increases maximum Fury by 20.
321014	Pack Tactics	api	Barbed Shot now instantly grants 25 Focus.\n\nPassive Focus generation increased by 75%.
321136	Shining Light	api	Every 3 Shields of the Righteous make your next Word of Glory cost no Holy Power. Maximum 2 stacks.
321290	Improved Wildfire Bomb	api	Wildfire Bomb deals 6% additional damage.
321291	Death and Madness	api	If a target dies within 7 sec after being struck by Shadow Word: Death, generate 8 Insanity.\n\nWhen Shadow Word: Death fails to kill a target below 20% health, its cooldown is reset. Cannot occur more than once every 10 sec.
321297	Eyes of the Beast	api	Take direct control of your pet and see through its eyes for 1 min.
321387	Enlightened	api	Arcane damage dealt is increased based on your current mana, up to 6% at full mana.\n\nMana Regen is increased based on your current mana, up to 20% when out of mana.
321420	Improved Clearcasting	api	Clearcasting can stack up to 2 additional times.
321460	Deadeye	api	Kill Shot now has 2 charges and has its cooldown reduced by 2.0 sec.
321507	Touch of the Magi	api	Applies Touch of the Magi to your current target, accumulating 20% of the damage you deal to the target for 12 sec, and then exploding for that amount of Arcane damage to the target and reduced damage to all nearby enemies.\n\nGenerates 4 Arcane Charges.
321526	Mana Adept	api	Arcane Barrage grants you 2.0% of your maximum mana per Arcane Charge spent.
321708	Improved Blazing Barrier	api	Blazing Barrier's damage is increased by 200% and it now cauterizes your wounds, healing you for 15% of the damage it absorbs.
321745	Improved Prismatic Barrier	api	Prismatic Barrier further reduces magical damage taken by an additional 10% and duration of harmful Magic effects by 15%.
322101	Expel Harm	api	Expel negative chi from your body, healing for 467 and dealing 10% of the amount healed as Nature damage to an enemy within 20 yards.
322109	Touch of Death	api	You exploit the enemy target's weakest point, instantly dealing damage equal to 100% of your maximum health to them.\n\nOnly usable on creatures that have less health than you.
322113	Improved Touch of Death	api	Touch of Death can now be used on targets with less than 15% health remaining, dealing 35% of your maximum health in damage.
322115	Light's Promise	api	Power Word: Radiance gains an additional charge.
322118	Invoke Yu'lon, the Jade Serpent	api	Summons an effigy of Yu'lon, the Jade Serpent for 25 sec. Yu'lon will heal injured allies with Soothing Breath, healing the target and up to 2 allies for 797 over 4.0 sec. \n\nEnveloping Mist costs 50% less mana while Yu'lon is active.
322120	Shuffle	api	Niuzao's teachings allow you to shuffle during combat, increasing the effectiveness of your Stagger by 100%.\n\nShuffle is granted by attacking enemies with your Keg Smash, Blackout Kick, and Spinning Crane Kick.\n\n Stagger: You shrug off attacks, delaying a portion of Physical damage based on your Agility, instead taking it over 10 sec. Affects magical attacks at 58% effectiveness.
322507	Celestial Brew	api	A swig of strong brew that coalesces purified chi escaping your body into a celestial guard, absorbing 793 damage.
322740	Mighty Stomp	api	While active, Invoke Niuzao, the Black Ox can be recast to cause Niuzao to stomp mightily and knock nearby enemies into the air.
322960	Fortifying Brew: Determination	api	Fortifying Brew increases Stagger effectiveness by 15% while active.\n\nCombines with other Fortifying Brew effects.
325028	Death Chakram	api	Throw a deadly chakram at your current target that will rapidly deal 11 Shadow damage 7 times, bouncing to other targets if they are nearby. Enemies struck by Death Chakram take 10% more Physical damage from you and your pet for 10 sec.\n\nEach time the chakram deals damage, its damage is increased by 15% and you generate 3 Focus.
325093	Light Brewing	api	Reduces the cooldown of Purifying Brew, Celestial Brew, and Celestial Infusion by 20%.
325153	Exploding Keg	api	Hurls a flaming keg at the target location, dealing 133 Fire damage to nearby enemies, causing your attacks against them to deal 10 additional Fire damage, and causing their melee attacks to deal 100% reduced damage for the next 3 sec.\n\nResets the cooldown of Keg Smash.
325197	Invoke Chi-Ji, the Red Crane	api	Summon an effigy of Chi-Ji for 25 sec that kicks up 3 Gust of Mists when you Blackout Kick, Rising Sun Kick, or Spinning Crane Kick, healing up to 2 allies for 0.\n\nChi-Ji's presence makes you immune to movement impairing effects, makes Enveloping Mist instant cast, and reduces the mana cost of Enveloping Mist by 20%.
325201	Dance of Chi-Ji	api	Spending Chi has a chance to make your next Spinning Crane Kick cost no Chi.
326732	Empyrean Power	api	Crusader Strike has a 15% chance to make your next Divine Storm free and deal 15% additional damage.
326734	Healing Hands	api	The cooldown of Lay on Hands is reduced up to 60%, based on the target's missing health.\n\nWord of Glory's healing is increased by up to 100% on yourself, based on your missing health.
326805	Rune of Sanguination	db2-template	Engrave your weapon with a rune that causes your Death Strike to deal increased damage based on the target's missing health. When you fall below $326801s1% health, you heal for ${$326808s1*$326808d}% of your maximum health over $326808d. \n\nModifying your rune requires a Runeforge in Ebon Hold.
326853	Ruinous Bulwark	api	Fel Devastation heals for an additional 10%, and 50% of its healing is converted into an absorb shield for 10 sec.
326855	Rune of Spellwarding	db2-template	Engrave your weapon with a rune that deflects $326864s2% of all spell damage and taking magic damage has a chance to create a shield that absorbs magic damage equal to $s2% of your maximum health. When an enemy damages the shield, their cast speed is reduced by $326868s1% for $326868d. \n\nModifying your rune requires a Runeforge in Ebon Hold.
326977	Rune of Unending Thirst	db2-template	Engrave your weapon with a rune that increases your movement speed by $326982s2%. Additionally, when you kill an enemy that yields experience or honor you heal for $326984s2% of your maximum health and gain $326984s1% Haste and movement speed.\n\nModifying your rune requires a Runeforge in Ebon Hold.
327082	Rune of the Apocalypse	db2-plain	Engrave your weapon with a rune that gives your ghoul's attacks a chance to apply one of the following debuffs to the target, Death: Healing Reduction, War: Increases damage taken from the Death Knight, Famine: Reduces damage dealt to the Death Knight, Pestilence: Slows the target and deals damage over time. \n\nModifying your rune requires a Runeforge in Ebon Hold.
327163	Primordial Wave	api	Blast your target with a Primordial Wave, dealing 241 Shadow damage and apply Flame Shock to an enemy, or heal an ally for 248.\n\nYour next Healing Wave will also hit all targets affected by your Riptide for 150% of normal damage.
327541	Aetherial Kindling	api	Casting Starfall extends the duration of active Moonfires and Sunfires by 3.0 sec, up to 28 sec.
327993	Improved Barkskin	api	Barkskin's duration is increased by 4 sec.
328025	Improved Wild Growth	api	Wild Growth heals 2 additional targets.
328085	Blindside	api	Ambush and Mutilate have a 15% chance to make your next Ambush free and usable without Stealth. Chance increased to 30% if the target is under 35% health.
328670	Hasty Provocation	api	Provoked targets move towards you at 50% increased speed.
328725	Mortal Dance	api	Blade Dance now reduces targets' healing received by 50% for 6 sec.
328930	Fae Transfusion	api	Transfer the life force of up to 4 enemies in the targeted area, dealing 2,648 Nature damage evenly split to each enemy target over 2.7 sec. \n\nPressing Fae Transfusion again within 20 sec will release 60% of all damage from Fae Transfusion, healing up to 4 allies within 20 yds.
329033	Demolition	api	Reduces the cooldown of your Shattering Throw or Wrecking Throw by 50% and increases its damage to absorb shields by an additional 250%.
329042	Emerald Slumber	api	Embrace the Emerald Dream, causing you to enter a deep slumber for 8 sec. While sleeping, all other cooldowns recover 400% faster, and allies within 40 yds are healed for 21 every 1 sec.\n\nDirect damage taken may awaken you.
333889	Fel Domination	api	Your next Imp, Voidwalker, Incubus, Succubus, Felhunter, or Felguard Summon spell is free and has its casting time reduced by 90%.
333919	Echo of the Elements	api	Lava Burst has an additional charge.
334033	Molten Assault	api	Lava Lash cooldown reduced by 6.0 sec, and if Lava Lash is used against a target affected by your Flame Shock, Flame Shock will be spread to up to 5 nearby enemies.
334046	Lashing Flames	api	Lava Lash and Sundering increases the damage of Flame Shock on its target by 100% for 20 sec.
334275	Curse of Exhaustion	api	Reduces the target's movement speed by 50% for 12 sec.\n\nCurses: A warlock can only have one Curse active per target.
334308	Chaining Storms	api	Chain Lightning now jumps to 2 additional targets and deals 10% increased damage.
334779	Collateral Damage	api	When an ability used during Sweeping Strikes damages a second target, your next Cleave or Whirlwind deals 25% increased damage, stacking up to 3 times.
335077	Frenzy	api	Rampage increases your haste by 2% for 12 sec. Multiple instances of this effect may overlap.
335467	Shadow Word: Madness	api	A word of madness haunts the target's mind, dealing 864 Shadow damage instantly plus an additional 2,905 Shadow damage over 6 sec. Heals you for 30% of damage dealt.\n\nWhen reapplied to a target, all remaining damage is added to the new effect.
336639	Charred Flesh	api	Immolation Aura damage increases the duration of your Fiery Brand and Sigil of Flame by 0.25 sec.
341167	Mental Agility	api	Reduces the mana cost of Purify and Mass Dispel by 50% and Dispel Magic by 10%.
341240	Improved Voidform	api	Voidform generates 60 Insanity and increases your spell damage by an additonal 5%.
341491	Shadowy Apparitions	api	Shadow Word: Madness conjures Shadowy Apparitions that float towards all targets afflicted by your Vampiric Touch for 320 Shadow damage.
341997	Renewed Faith	api	Your healing on allies with your Renew is increased by 10%.
342231	Arcane Echo	api	Direct damage you deal to enemies affected by Touch of the Magi, causes an explosion that deals 40 Arcane damage to all nearby enemies. Deals reduced damage beyond 8 targets.
342245	Alter Time	api	Alters the fabric of time, returning you to your current location and health when cast a second time, or after 10 sec. Effect negated by long distance or death.
342249	Master of Time	api	Reduces the cooldown of Alter Time by 5 sec.
342344	From the Ashes	api	Fire Blast damage increased by 15%. \n\nYour direct damage spells reduce the cooldown of Fire Blast by 0.50 sec.
342601	Ritual of Doom	api	Begins a ritual that sacrifices a random participant to summon a doomguard. Requires the caster and 4 additional party members to complete the ritual.
343014	Revel in Pain	api	5.0% of your Fire damage shields you, up to a maximum of 3,055.\n\nShield and maximum values are doubled while Fiery Brand is active.
343127	Teleport	api	Teleports you to a major city.
343140	Portal	api	Creates a portal, teleporting group members that use it to a Major City.
343160	Premeditation	api	After entering Stealth, your next combo point generating ability generates full combo points.
343183	Improved Frost Nova	api	Frost Nova duration is increased by 2 sec.
343206	Improved Chaos Strike	api	Chaos Strike damage increased by 10%.
343207	Focused Cleave	api	Soul Cleave deals 60% increased damage to your primary target.
343230	Mote of Flame	api	All Fire damage dealt increased by 3%.
343242	Wilderness Medicine	api	Mend Pet heals for an additional 25% of your pet's health over its duration, and has a 25% chance to dispel a magic effect each time it heals your pet.
343244	Disruptive Rounds	api	When Counter Shot interrupts a cast, gain 30 Focus.
343247	Improved Traps	api	The cooldown of Tar Trap and Freezing Trap is reduced by 5.0 sec.
343248	Deathblow	api	Kill Command has a 0% chance to grant Deathblow.\n\n Deathblow\nThe cooldown of Kill Shot is reset. Your next Kill Shot can be used on any target, regardless of their current health.
343294	Soul Reaper	api	Rupture the soul of your enemy, dealing 156 Shadowfrost damage and causing the foe to take 20% increased damage from your diseases and minions for 8 sec.\n\nOnly usable on enemies below 35% maximum health.\n\nConsumes up to 2 available charges to cast Putrefy.
343311	Furious Gaze	api	When Eye Beam finishes fully channeling, your Haste is increased by an additional 8% for 8 sec.
343527	Execution Sentence	api	Unleash a heavenly blast around the target, dealing 176 Holy damage to all enemies nearby, and call down a hammer that slowly falls from the sky upon the target. \n\nAfter 10 sec, they suffer 20% of the Holy damage you dealt to all targets affected by the initial blast during that time.
343647	Solstice	api	During the first 6 sec of every Eclipse, Shooting Stars fall 200% more often.
343655	Celestial Harmony	api	When activated, Yu'lon and Chi-Ji apply Chi Cocoons to 5 targets within 40 yds, absorbing 7,332 damage for 10 sec.\n\nChi-Ji grants 4 stacks of Teachings of the Monastery when invoked.\n\nYu'lon reduces the cast speed of Enveloping Mist by 30%.
344357	Stormflurry	api	Stormstrike has a 20% chance to strike the target an additional time for 40% of normal damage. This effect can chain off of itself.
344359	Ancient Arts	api	Reduces the cooldown of Paralysis by 15 sec and the cooldown of Leg Sweep by 10 sec.
344572	Bestial Wrath	api	Sends you and your pet into a rage, instantly dealing 280 Physical damage to its target, and increasing all damage you both deal by 20% for 15 sec. Removes all crowd control effects from your pet.
344587	Teleport: Oribos	api	Teleports you to Oribos.
344597	Portal: Oribos	api	Creates a portal, teleporting group members that use it to Oribos.
344859	Demon's Bite	api	Quickly attack for 36 Physical damage.\n\nGenerates 20 to 30 Fury.
344862	Chaos Strike	api	Slice your target for 26 Chaos damage. Chaos Strike has a 20% chance to refund 20 Fury.
344865	Fel Rush	api	Rush forward, incinerating anything in your path for 15 Chaos damage.
345208	Infected Wounds	api	Mangle and Maul cause an Infected Wound in the target, reducing their movement speed by 50% for 12 sec.
345829	Predestination	api	Killing a player with Touch of Death reduces the remaining cooldown of Touch of Karma by 60 sec.
347461	Unbound Chaos	api	The Hunt and Vengeful Retreat increase the damage of your next Fel Rush or Felblade by 300%. Lasts 12 sec.
351338	Quell	api	Interrupt an enemy's spellcasting and prevent any spell from that school of magic from being cast for 6 sec.
352278	Ice Wall	api	Conjures an Ice Wall 30 yards long that obstructs line of sight. The wall has 30% of your maximum health and lasts up to 15 sec.
352998	Slaughterhouse	api	Rampage and Odyn's Fury damage reduce healing the target receives by 3% for 12 sec, stacking up to 12 times.
353082	Ring of Fire	api	Summons a Ring of Fire for 8 sec at the target location. Enemies entering the ring are disoriented and burn for 3% of their total health over 3 sec.
353128	Arcanosphere	api	Builds a sphere of Arcane energy, gaining power over 4 sec. Upon release, the sphere passes through any barriers, knocking enemies back and dealing up to 14,893 Arcane damage.
353294	Shadow Rift	api	Conjure a Shadow Rift at the target location lasting 2 sec. Enemy players within the rift when it expires are teleported to your Demonic Circle.\n\nMust be within 40 yds of your Demonic Circle to cast.
353313	Peaceweaver	api	Revival's cooldown is reduced by 16%, and provides immunity to magical damage and harmful effects for 2 sec.
353361	Dematerialize	api	Demateralize into mist while stunned, reducing damage taken by 30%. Each second you remain stunned reduces this bonus by 10%.
353502	Counteract Magic	api	Removing hostile magic effects from a target increases the healing they receive from you by 10% for 10 sec, stacking up to 3 times.
353584	Eminence	api	Transcendence: Transfer can now be cast if you are stunned. Cooldown reduced by 15 sec if you are not.
353753	Bonds of Fel	api	Encircle enemy players with Bonds of Fel. If any affected player leaves the 8 yd radius they explode, dealing 2,737 Fire damage split amongst all nearby enemies.
354124	Hemotoxin	api	Shiv also reduces the target's healing received by 30% for 8 sec.
354406	Control is King	api	Cheap Shot grants Slice and Dice for 15 sec and Kidney Shot restores 10 Energy per combo point spent.
354425	Drink Up Me Hearties	api	Crimson Vial restores 5% additional maximum health and grants 60% of its healing to allies within 15 yds.
354489	Glimpse	api	Vengeful Retreat provides immunity to loss of control effects, and reduces damage taken by 25% until you land.
354540	Nimble Brew	api	Douse allies in the targeted area with Nimble Brew, preventing the next full loss of control effect within 8 sec.
354541	Owlkin Adept	api	Owlkin Frenzy can stack up to 2 times and reduces the cast time of your next Cyclone or Entangling Roots by 10%.
354654	Grove Protection	api	Summon a grove to protect allies in the area for 10 sec, reducing damage taken by 50% from enemies outside the grove.
354661	Distracting Mirage	api	Distract slows affected enemies by 60% and creates a Mirage that follows an enemy for 8 sec. Reactivate Distract to teleport to your Mirage's location.
354825	Thief's Bargain	api	The cooldowns of Shadow Blades, Vanish, and Feint are reduced by 20%, but using one reduces your damage by 10% for 6 sec.
354831	Wailing Arrow	api	Fire an enchanted arrow, dealing 97 Shadow damage to your target and an additional 39 Shadow damage to all enemies within 8 yds of your target. Targets struck by a Wailing Arrow are silenced for 5 sec.
354895	Creeping Venom	api	Your Envenom applies Creeping Venom, reducing the target's movement speed by 5% for 4 sec.  Creeping Venom is reapplied when the target moves. Max 18 stacks.
355580	Static Field Totem	api	Summons a totem with 4% of your health at the target location for 6 sec that forms a circuit of electricity that enemies cannot pass through.
355614	Ultimate Retribution	api	Mark an enemy player for retribution after they kill an ally within your active Aura. If the marked enemy is slain within 12 sec, cast Redemption on the fallen ally.
355630	Windveil	api	Interrupting a spell with Wind Shear reduces all spell damage taken by 15% for 12 sec.
355897	Inner Light	api	Inner Light: Healing spells cost 10% less mana.\n\nInner Shadow: Spell damage and Atonement healing increased by 10%.\n\nActivate to swap from one effect to the other, incurring a 6 sec cooldown.
355913	Emerald Blossom	api	Grow a bulb from the Emerald Dream at an ally's location. After 1.5 sec, heal up to 3 injured allies within 10 yds for 1,222.
355936	Dream Breath	api	Inhale, gathering the power of the Dream. Release to exhale, healing yourself and 5 injured allies in a 40 yd cone in front of you for 1,634.\n\nI:   Heals 700 instantly and 934 over 16 sec.\n\nII:  Heals 934 instantly and 700 over 12 sec.\n\nIII: Heals 1,167 instantly and 467 over 8 sec.
355995	Blood Moon	api	Consume Magic now affects all enemies within 8 yards of the target and generates a Lesser Soul Fragment. Each effect consumed has a 5% chance to upgrade to a Greater Soul.
356085	Inner Light and Shadow	db2-template	$@spellicon355897$@spellname355897: Healing spells cost $355897s1% less mana.\n\n$@spellicon355898$@spellname355898: Spell damage and Atonement healing increased by $355898s1%.\n\nActivate to swap from one effect to the other, incurring a $<cooldown> sec cooldown.
356367	Death's Echo	api	Death's Advance, Death and Decay, and Death Grip have 1 additional charge.
356470	Bitter Chill	api	Chains of Ice reduces the target's Haste by 8%. Frost Strike refreshes the duration of Chains of Ice.
356512	Doomburst	api	Sudden Doom also causes your next Death Coil to deal the damage of your plagues an additional time at 25% effectiveness and reduce the target's movement speed by 45% for 3 sec.
356517	Star Burst	api	Starfall calls down collapsing stars that last 15 sec. Enemies that come into contact with a star cause it to burst, knocking nearby enemies upwards and dealing 803 Astral damage. Generates 15 Astral Power.\n\nThe Druid and their allies may pick up stars, causing them to orbit around you.
356520	Necrotic Wounds	api	Putrefy applies a Necrotic Wound to the enemy when it deals damage, absorbing 8% of all healing received for 15 sec.\n\nMax 3 stacks. Adding a stack does not refresh the duration.
356707	Wild Kingdom	api	Call in help from one of your dismissed Cunning pets for 10 sec. Your current pet is dismissed to rest and heal 30% of maximum health.
356719	Chimaeral Sting	api	Stings the target, dealing 51 Nature damage and initiating a series of venoms. Each lasts 3 sec and applies the next effect after the previous one ends.\n\n Scorpid Venom:\n90% reduced movement speed.\n\n Spider Venom:\nSilenced.\n\n Viper Venom:\n20% reduced damage and healing.
356962	Kindred Beasts	api	Command Pet's unique ability cooldown reduced by 50%, and gains additional effects.
356976	The Beast Within	api	Bestial Wrath now provides immunity to Fear and Horror effects for you and your pets for 8 sec. Nearby allied pets are also inspired, increasing their attack speed by 10%.
356995	Disintegrate	api	Tear into an enemy with a blast of blue magic, inflicting 2,410 Spellfrost damage over 2.7 sec, and slowing their movement speed by 50% for 3 sec.
357018	Consecutive Concussion	api	Concussive Shot slows movement by an additional 10%. Using Steady Shot 3 times on a concussed enemy stuns them for 4 sec.
357170	Time Dilation	api	Stretch time around an ally for the next 8 sec, causing 50% of damage they would take to instead be dealt over 8 sec.
357208	Fire Breath	api	Inhale, stoking your inner flame. Release to exhale, burning enemies in a cone in front of you for 2,311 Fire damage, reduced beyond 5 targets.\n\nEmpowering causes more of the damage to be dealt immediately instead of over time.\n\nI:   Deals 631 damage instantly and 1,681 over 20 sec.\n\nII:  Deals 1,112 damage instantly and 1,176 over 14 sec.\n\nIII: Deals 1,628 damage instantly and 672 over 8 sec.
357210	Deep Breath	api	Take in a deep breath and fly to the targeted location, spewing molten cinders dealing 2,464 Volcanic damage to enemies in your path.\n\nRemoves all root effects. You are immune to movement impairing and loss of control effects while flying.
357211	Pyre	api	Lob a ball of flame, dealing 1,530 Fire damage to your target and all enemies within 8 yds.
357214	Wing Buffet	api	With a powerful flap of your wings, knock away enemies in front of you.
357419	Cover of Darkness	api	The radius of Darkness is increased by 4 yds, and its duration by 2 sec.
357481	Sanctified Ground	api	Holy Word: Sanctify blesses the ground with divine light, causing all allies who stand within to be immune to all silence and interrupt effects. Lasts for 5 sec.
357495	Perpetual Paralysis	api	Paralysis range reduced by 5 yards, but spreads to 2 new enemies when removed.
357633	Wind Waker	api	Your movement enhancing abilities increases Windwalking on allies by 10%, stacking 2 additional times. Movement impairing effects are removed at 3 stacks.
357711	Cascading Horrors	api	Void Eruption sends out slow-moving bolts of Shadow energy at random locations every 0.5 sec for 3 sec, dealing 294 Shadow damage to all targets within 8 yds, and causing them to flee in Horror for 2 sec.
358267	Hover	api	Launch yourself and gain 30% increased movement speed for 6 sec.\n\nAllows Evoker spells to be cast while moving and is castable while casting. Does not affect empowered spells.
358385	Landslide	api	Conjure a path of shifting stone towards the target location, rooting enemies for 15 sec. Damage may cancel the effect.
359053	Smoke Bomb	api	Creates a cloud of thick smoke in an 8 yard radius around the Rogue for 5 sec. Enemies are unable to target into or out of the smoke cloud.
359073	Eternity Surge	api	Focus your energies to release a salvo of pure magic, dealing 4,218 Spellfrost damage to an enemy. Damages additional enemies within 25 yds when empowered.\n\nI:   Damages 1 enemy.\n\nII:  Damages 2 enemies.\n\nIII: Damages 3 enemies.
359618	Essence Burst	db2-template+redirect	Your $?s376872[Living Flame has a $376872s1% chance][]$?s375721&s376872[, and your ][]$?s375721[Azure Strike has a $375721s1% chance][]$?s375721&s376872[,][] to make your next Disintegrate or Pyre cost no Essence.$?s375722[ Stacks $359618u times.][]
359793	Fluttering Seedlings	api	Emerald Blossom sends out 1 flying seedling when it bursts, plus up to 2 additional seedlings if Emerald Blossom heals fewer than 3 allies.\n\nSeedlings each heal an ally up to 40 yds away for 988.
359816	Dream Flight	api	Take in a deep breath and fly to the targeted location, healing all allies in your path for 1,900 immediately, and 4,330 over 15 sec, reduced beyond 5 targets.\n\nRemoves all root effects. You are immune to movement impairing and loss of control effects.\n\nDamage taken while you are flying is absorbed, up to 100% of your maximum health.
360194	Deathmark	api	Carve a deathmark into an enemy, dealing 125 Bleed damage and restoring 80 Energy to you over 16 sec. Damage dealt to the target by your Garrote, Rupture, and Lethal Poisons is increased by 100%.\n\nEach time you apply a Lethal Poison to the target, apply it twice.
360806	Sleep Walk	api	Disorient an enemy for 20 sec, causing them to sleep walk towards you. Damage has a chance to awaken them.
360823	Naturalize	api	Cleanses harmful effects from the target, removing all Magic and Poison effects.
360827	Blistering Scales	api	Protect an ally with 15 explosive dragonscales, increasing their Armor by 20% of your own.\n\nMelee attacks against the target cause 1 scale to explode, dealing 114 Volcanic damage to enemies near them. This damage can only occur every few sec.\n\nBlistering Scales can only be placed on one target at a time. Casts on your enemy's target if they have one.
360995	Verdant Embrace	api	Fly to an ally and heal them for 4,020, or heal yourself for the same amount.
361021	Sense Power	api	Gauge the magical energy of your allies, showing you when they are using an exceptionally powerful ability.
361178	Mass Return	api	Brings all dead party members back to life with 35% health and mana. Cannot be cast when in combat.
361227	Return	api	Brings a dead party member back to life with 35% health and mana. Cannot be cast when in combat.
361469	Living Flame	api	Send a flickering flame towards your target, dealing 892 Fire damage to an enemy or healing an ally for 2,280.
362874	Temporal Compression	api	Each cast of a Bronze spell causes your next empower spell to reach maximum level in 10% less time, stacking up to 4 times.
362969	Azure Strike	api	Project intense energy onto 2 enemies, dealing 612 Spellfrost damage to them.
363534	Rewind	api	Rewind 30% of damage taken in the last 5 seconds by all allies within 40 yds. Always heals for at least 760.\n\nHealing increased by 200% when not in a raid.
363613	Summon Lightforged Ruinstrider	api	Summons a Lightforged Ruinstrider, which serves as a mount.
363916	Obsidian Scales	api	Reinforce your scales, reducing damage taken by 30% . Lasts 12 sec.
364342	Blessing of the Bronze	api	Weave the threads of time, reducing the cooldown of a major movement ability for all party and raid members by 15% for 1 hour.
364343	Echo	api	Wrap an ally with temporal energy, healing them for 912 and causing your next healing spell to cast an additional time on that ally at 70% of normal healing. Essence spells cannot be Echoed.
365350	Arcane Surge	api	Expend all of your current mana to annihilate your enemy target and nearby enemies for up to 3,740 Arcane damage based on Mana spent. Deals reduced damage beyond 8 targets.\n\nFor the next 15 sec, your Mana regeneration is increased by 425% and spell damage is increased by 35%.\n\nGenerates Clearcasting.
365585	Expunge	api	Expunge toxins affecting an ally, removing all Poison effects.
365933	Aerial Mastery	api	Hover gains 1 additional charge.
365937	Ruby Embers	api	Living Flame deals 115 damage over 12 sec to enemies, or restores 217 health to allies over 12 sec. Stacks 3 times.
366155	Reversion	api	Reverse an ally's injuries, healing them for 1,092 over 12 sec.\n\nWhen Reversion critically heals, its duration is extended by 2 sec, up to a maximum of 12 sec.
366222	Summon Sayaad	api	Summons a Succubus or Incubus under your command to seduce enemy Humanoids, preventing them from attacking.
368275	Binding Heals	api	20% of Flash Heal healing on other targets also heals you.
368412	Time of Need	api	When you or an ally fall below 30% health, a version of yourself enters your timeline and heals them for 12,061. Your alternate self continues healing for 8 sec before returning to their timeline.\n\nMay only occur once every 60 sec.
368838	Heavy Wingbeats	api	Wing Buffet's cooldown is reduced by 2 min.
368970	Tail Swipe	api	Lash out with your tail, knocking enemies within 8 yds into the air.
369089	Volatility	api	Pyre has a 15% chance to flare up and explode again on a nearby target.
369297	Essence Burst	api	Living Flame has a 20% chance, and Reversion has a 15% chance to make your next Essence ability free.
369459	Source of Magic	api	Redirect your excess magic to a friendly healer for 1 hour. When you cast an empowered spell, you restore 0.25% of their maximum mana per empower level. Limit 1.
369846	Feed the Flames	api	After casting 6 Pyres, your next Pyre will explode into a Firestorm.\n\n Firestorm\nAn explosion bombards the target area with white-hot embers, dealing 5,509 Fire damage to enemies over 10 sec.
369908	Power Nexus	api	Increases your maximum Essence to 6.
369909	Protracted Talons	api	Azure Strike damages 1 additional enemy.
369913	Natural Convergence	api	Disintegrate channels 20% faster.
369939	Leaping Flames	api	Fire Breath causes your next Living Flame to strike 1 additional target per empower level.
369990	Ancient Flame	api	Casting Emerald Blossom or Verdant Embrace reduces the cast time of your next Living Flame by 40%.
370062	Field of Dreams	api	Every other Emerald Blossom has a 100% chance for one of your Fluttering Seedlings to grow into a new Emerald Blossom.
370388	Swoop Up	api	Grab an enemy and fly with them to the target location.
370455	Charged Blast	api	Your Blue damage increases the damage of your next Pyre by 2%, stacking 20 times.
370537	Stasis	api	Causes your next 3 helpful spells to be duplicated and stored in a time lock. You may reactivate Stasis any time within 30 sec to quickly unleash their magic.
370553	Tip the Scales	api	Compress time to make your next empowered spell cast instantly at its maximum empower level.
370586	Elune's Favored	api	While in Bear Form, you are healed for 15% of all Arcane damage done.
370665	Rescue	api	Swoop to an ally and fly with them to the target location. Clears movement impairing effects from you and your ally.
370695	Fury of Nature	api	While in Bear Form, you deal 10% increased Arcane damage.
370781	Imminent Destruction	api	Deep Breath reduces the Essence costs of your next 4 Disintegrates and Pyres by 1. Stacks up to 8 times.
370819	Scorching Embers	api	Enemies affected by Fire Breath's damage over time effect take 25% increased damage from your Red spells.
370821	Scintillation	api	Disintegrate has a 15% chance each time it deals damage to launch a level 1 Eternity Surge at 40% power.
370837	Engulfing Blaze	api	Living Flame deals 10% increased damage and healing and its cast time is reduced by 0.3 sec.
370839	Power Swell	api	Casting an empower spell increases your Essence regeneration rate by 100% for 4 sec.
370845	Spellweaver's Dominance	api	Your damaging critical strikes deal 230% damage instead of the usual 200%.
370867	Iridescence	api	Casting an empower spell increases the damage of your next 2 spells of the same color by 20% within 10 sec.
370886	Bountiful Bloom	api	Emerald Blossom heals 2 additional allies.
370888	Twin Guardian	api	Rescue increases movement speed by 100% and allows spells to be cast while moving for 3 sec.
370898	Permeating Chill	db2-template+redirect	Your damaging Blue spells reduce the target's movement speed by $370898s1% for $370898d.
370960	Emerald Communion	api	Commune with the Emerald Dream, restoring 20% health and 2% mana every 0.9 sec for 4.5 sec. Overhealing is transferred to an injured ally within 40 yds.\n\nCastable while stunned, disoriented, incapacitated, or silenced.
370965	The Hunt	api	Charge to your target, striking them for 231 Chaos damage, rooting them in place for 1.5 sec and inflicting 168 Chaos damage over 6 sec to up to 5 enemies in your path.
371032	Terror of the Skies	api	Deep Breath stuns enemies for 3 sec.
371034	Lay Waste	api	Deep Breath's damage is increased by 20%.
371038	Honed Aggression	api	The critical strike chance of your spells is increased by 2%.
371257	Renewing Breath	api	Dream Breath healing is increased by 15%.
371426	Life-Giver's Flame	api	Fire Breath and Deep Breath heal 5 nearby injured allies for 80% of damage done to up to 5 targets, split evenly among them.
371806	Recall	api	You may reactivate Deep Breath within 3 sec after landing to travel back in time to your takeoff location.
371905	After the Wildfire	api	Every 300 Rage you spend causes a burst of restorative energy, healing up to 5 allies within 20 yds for 210.
372048	Oppressing Roar	api	Let out a bone-shaking roar at enemies in a cone in front of you, increasing the duration of crowd controls that affect them by 50% in the next 10 sec.
372119	Dream of Cenarius	api	When you take non-periodic damage, you have a chance to cause your next Regrowth to heal for an additional 130%, and to be instant, free, and castable in all forms for 30 sec.
372233	Energy Loop	api	Disintegrate deals 35% more damage and generates 1,080 mana over its duration.
372307	Burning Vehemence	api	Increases the damage of Holy Fire by 30%.\n\nHoly Fire deals 75% of its initial damage to all nearby enemies within 12 yards of your target. Damage reduced beyond 5 targets.
372370	Gales of Song	api	While channeling Divine Hymn, place 2 stacks of Prayer of Mending on up to 3 allies within its range every 0.9 sec.
372469	Scarlet Adaptation	api	Store 20% of your effective healing, up to 857. Your next damaging Living Flame consumes all stored healing to increase its damage dealt.
372527	Time Lord	api	Echo replicates 50% more healing.
372567	Twin Moonfire	api	Moonfire deals 8% increased damage and also hits another nearby enemy within 15 yds of the target.
372616	Empyreal Blaze	api	Holy Word: Chastise causes your next 2 casts of Holy Fire to be instant, cost no mana, and incur no cooldown.\n\nRefreshing Holy Fire on a target now extends its duration by 7 sec.
372618	Vulnerable Flesh	api	Maul and Raze deal 30% increased damage.
372943	Untamed Savagery	api	Increases the damage and radius of Thrash by 25%.
372945	Reinvigoration	api	Frenzied Regeneration heals over 1.0 additional sec and casts Rejuvenation and Regrowth on you at 100% effectiveness.
372969	Holy Ray	api	Each successive Penance bolt during a channel deals 5% increased damage and healing.
372972	Dark Indulgence	api	Mind Blast has a 100% chance to grant Power of the Dark Side and deals 20% additional damage.
372991	Pain Transformation	api	Pain Suppression also heals your target for 15% of their maximum health and applies Atonement.
373003	Revel in Darkness	api	Shadow Word: Pain deals 5% additional damage and spreads to 1 additional target when you cast Penance to its target.
373035	Protector of the Frail	api	Pain Suppression gains an additional charge.\n\nPower Word: Shield reduces the cooldown of Pain Suppression by 3 sec.
373049	Indemnity	api	Atonements granted by Power Word: Shield last an additional 4 sec.
373054	Abyssal Reverie	api	Atonement heals for 10% more when activated by Shadow spells.
373180	Harsh Discipline	api	Power Word: Radiance causes your next Penance to fire 3 additional bolts, stacking up to 2 charges.
373202	Mind Devourer	api	Mind Blast has a 8% chance to make your next Shadow Word: Madness cost no Insanity and deal 20% additional damage.
373212	Insidious Ire	api	While you have Shadow Word: Pain, Shadow Word: Madness, and Vampiric Touch active on the same target, your Mind Blast, Void Torrent, Mind Flay, and Void Volley deal 20% more damage.
373218	Sanguine Teachings	api	Increases your Leech by 2%.
373223	Tithe Evasion	api	Shadow Word: Death deals 50% less damage to you.
373270	Lifebind	api	Verdant Embrace temporarily bonds your life with an ally, causing your healing on either partner to heal the other for 60% of the amount. Lasts 8 sec.
373273	Idol of Yogg-Saron	api	After conjuring Shadowy Apparitions, gain a stack of Idol of Yogg-Saron. At 20 stacks, you summon a Thing from Beyond that casts Void Spike at nearby enemies for 20 sec.\n\n Void Spike\nHurls a bolt of dark magic, dealing 356 Shadow damage and 186 Shadow damage to all enemies within 10 yards of the target. Damage reduced beyond 5 targets.
373277	Thing from Beyond	db2-template+redirect	After conjuring Shadowy Apparitions, gain a stack of Idol of Yogg-Saron. At $s1 stacks, you summon a Thing from Beyond that casts Void Spike at nearby enemies for $373277d.\n\n$@spellicon373279 $@spellname373279\nHurls a bolt of dark magic, dealing $s1 Shadow damage and ${$s1*$s2/100} Shadow damage to all enemies within $a1 yards of the target. Damage reduced beyond $s3 targets.
373280	Idol of N'Zoth	api	You create Horrific Visions when casting harmful spells on enemies.\n\nAt 50 stacks of Horrific Visions, your target sees a nightmare, dealing 691 Shadow damage and granting you 4 Insanity over 3 sec.\n\nAt 100 stacks, your target witnesses a vision of N'Zoth, dealing 2,618 Shadow damage and granting you 12 Insanity over 3 sec.
373310	Idol of Y'Shaarj	api	While Shadowfiend, Mindbender, or Voidwraith are active, your haste is increased by 10%.
373427	Inescapable Torment	api	Mind Blast and Shadow Word: Death cause your Shadowfiend, Mindbender, and Voidwraith to teleport behind your target, slashing up to 5 nearby enemies for 319 Shadow damage and extending their durations by 0.7 sec.
373446	Translucent Image	api	Fade reduces damage you take by 10%.
373450	Light's Inspiration	api	Increases the maximum health gained from Desperate Prayer by 10%.
373456	Unwavering Will	api	While above 75% health, the cast time of your Flash Heal, Prayer of Healing, and Smite are reduced by 5%.
373466	Twins of the Sun Priestess	api	Power Infusion also grants you its effect at 100% value when used on an ally. \n\nIf no ally is targeted, it will grant its effect at 100% value to a nearby ally, preferring damage dealers.
373834	Call of Ysera	api	Dream Breath healing increased by 20%, and Living Flame healing increased by 30%.
373861	Temporal Anomaly	api	Send forward a vortex of temporal energy, absorbing 2,280 damage on you and any allies in its path. Absorption is reduced beyond 5 targets.\n\nApplies Echo at 30% effectiveness on the first 5 allies it passes through.
373930	Proliferating Chill	api	Chains of Ice affects 1 additional nearby enemy.
374030	Blood Scent	api	Increases Leech by 3%.
374049	Suppression	api	Damage taken from area of effect attacks reduced by 3%. When suffering a loss of control effect, this bonus is increased by an additional 6% for 6 sec.
374227	Zephyr	api	Conjure an updraft to lift you and your 4 nearest allies within 20 yds into the air, reducing damage taken from area-of-effect attacks by 20% and increasing movement speed by 30% for 8 sec.
374251	Cauterizing Flame	api	Cauterize an ally's wounds, removing all Bleed, Poison, Curse, and Disease effects. Heals for 1,330 upon removing any effect.
374261	Unholy Bond	api	Increases the effectiveness of your Runeforge effects by 20%.
374265	Unholy Momentum	api	Increases Haste by 2%.
374277	Improved Death Strike	api	Death Strike's cost is reduced by 10, and its healing is increased by 60%.
374346	Overawe	api	Oppressing Roar removes 1 Enrage effect from each enemy, and its cooldown is reduced by 30 sec.
374348	Renewing Blaze	api	Obsidian Scales surrounds you with a Renewing Blaze, causing 100% of the damage it prevented to be healed back over 8 sec.
374383	Assimilation	api	The cooldown of Anti-Magic Zone is reduced by 60 sec and its duration is increased by 2 sec.
374504	Brittle	api	Your diseases have a chance to weaken your enemy causing your attacks against them to deal 6% increased damage for 5 sec.
374574	Rune Mastery	api	Consuming a Rune has a chance to increase your Strength by 3% for 8 sec.
374598	Blood Draw	api	When you fall below 30% health you drain 42 health from nearby enemies, the damage you take is reduced by 10% and your Death Strike cost is reduced by 10 for 8 sec.\n\nCan only occur every 2 min.
374715	Improved Bone Shield	api	Bone Shield increases your Haste by 10% and it can stack 2 additional times.
374717	Improved Heart Strike	api	Heart Strike damage increased by 15%.
374747	Perseverance of the Ebon Blade	api	When Crimson Scourge is consumed, you gain 6% Versatility for 6 sec.
374968	Time Spiral	api	Bend time, allowing you and your allies within 40 yds to cast their major movement ability once in the next 10 sec, even if it is on cooldown.
375087	Dragonrage	api	Erupt with draconic fury and exhale Pyres at 3 enemies within 25 yds.\n\nFor 18 sec, Essence Burst's chance to occur is increased to 100%.
375406	Obsidian Bulwark	api	Obsidian Scales has an additional charge.
375443	Clobbering Sweep	api	Tail Swipe's cooldown is reduced by 2 min.
375510	Blast Furnace	api	Fire Breath's damage over time lasts 4 sec longer.
375517	Extended Flight	api	Hover lasts 4 sec longer.
375520	Innate Magic	api	Essence regenerates 5% faster.
375528	Forger of Mountains	api	Landslide's cooldown is reduced by 30 sec, and it can withstand 200% more damage before breaking.
375542	Exuberance	api	While above 75% health, your movement speed is increased by 10%.
375544	Inherent Resistance	api	Magic damage taken reduced by 2%.
375554	Enkindled	api	Living Flame deals 3% more damage and healing.
375556	Tailwind	api	Hover increases your movement speed by 70% for the first 4 sec.
375561	Lush Growth	api	Green spells restore 5% more health.
375574	Foci of Life	api	Renewing Blaze restores you more quickly, causing damage you take to be healed back over 4 sec.
375576	Divine Toll	api	Instantly cast Holy Shock, Avenger's Shield, or Judgment on up to 5 targets within 30 yds.
375618	Arcane Intensity	api	Disintegrate and Azure Strike deal 8% more damage.
375721	Azure Essence Burst	api	Azure Strike has a 15% chance to cause an Essence Burst, making your next Disintegrate or Pyre cost no Essence.
375722	Essence Attunement	api	Essence Burst stacks 2 times.
375725	Heat Wave	api	Fire Breath deals 20% more damage.
375757	Eternity's Span	api	Eternity Surge hits twice as many targets.
375767	Screams of the Void	api	Shadow Word: Madness causes your Shadow Word: Pain and Vampiric Touch to deal damage 40% faster on all targets for 3 sec.
375777	Causality	api	Disintegrate reduces the remaining cooldown of your empower spells by 0.50 sec each time it deals damage.\n\nPyre reduces the remaining cooldown of your empower spells by 0.40 sec per enemy struck, up to 2.0 sec.
375783	Font of Magic	api	Your empower spells' maximum level is increased by 1.
375796	Hoarded Power	api	Essence Burst has a 20% chance to not be consumed.
375797	Animosity	api	Casting an empower spell extends the duration of Dragonrage by 5 sec.\n\nEach time this occurs during Dragonrage, its effectiveness is reduced by 25%.
375801	Burnout	api	Fire Breath damage has 16% chance to cause your next Living Flame to be instant cast, stacking 2 times.
375888	Shadowy Insight	api	Shadow Word: Pain periodic damage has a chance to cause your next Mind Blast to be instant and ignore its cooldown.
375901	Mindgames	api	Assault an enemy's mind, dealing 1,139 Shadow damage and briefly reversing their perception of reality.\n\nFor 7 sec, the next 3,990 damage they deal will heal their target, and the next 3,990 healing they deal will damage their target.
375994	Mental Decay	api	Increases the damage of Mind Flay by 25%.
376079	Champion's Spear	api	Throw a spear at the target location, chaining all enemies in the area to the spear's location and dealing 84 Physical damage instantly and an additional 128 Physical damage over 6 sec. \n\nWhile the spear is active, activating this ability will cause you to leap to the spear, dealing 16 Physical damage to all targets.\n\nAll damage dealt reduced beyond 5 targets.\n\nGenerates 10 Rage.
376138	Empath	api	Empower spells increase your Essence regeneration rate by 100% for 8 sec.
376150	Spiritual Clarity	api	Dream Breath's cooldown is reduced by 10 sec.
376164	Instinctive Arcana	api	Your Magic damage done is increased by 2%.
376166	Draconic Legacy	api	Your Stamina is increased by 6%.
376179	Lifeforce Mender	api	Red spells deal 20% additional damage and healing.
376204	Just in Time	api	Time Dilation gains an additional charge, and its cooldown is reduced by 10 sec.
376207	Delay Harm	api	15% of delayed damage from Time Dilation is absorbed.
376237	Nozdormu's Teachings	api	Temporal Anomaly reduces the cooldowns of your empower spells by 5 sec.
376239	Grace Period	api	Your healing is increased by 10% on targets with your Reversion.
376240	Timeless Magic	api	Reversion, Time Dilation, Echo, and Temporal Anomaly last 15% longer and cost 15% less mana.
376251	Runic Command	api	Increases your maximum Runic Power by 5.\n\nIncreases Rune regeneration rate by 10%.
376872	Ruby Essence Burst	api	Your Living Flame has a 20% chance to cause an Essence Burst, making your next Disintegrate or Pyre cost no Essence.
376888	Tyranny	api	During Deep Breath and Dragonrage you gain the maximum benefit of Mastery: Giantkiller regardless of targets' health.
376930	Attuned to the Dream	api	Your healing done and healing received are increased by 2%.
376938	Everfrost	api	Rime empowered Howling Blast deals 50% increased damage to secondary targets.\n\nRemorseless Winter deals 6% increased damage to enemies it hits, stacking up to 10 times.
377053	Seal of Reprisal	api	Your Crusader Strike deals 20% increased damage.
377056	Biting Cold	api	Remorseless Winter damage is increased by 35%. The first time Remorseless Winter deals damage to 3 different enemies, you gain Rime.
377065	Mental Fortitude	api	Healing from Vampiric Touch and Shadow Word: Madness when you are at maximum health will shield you for the same amount. The shield cannot exceed 10% of your maximum health.
377073	Frigid Executioner	api	Runic Empowerment has a 25% chance to refund 1 additional Rune.
377076	Rage of the Frozen Champion	api	Frost Strike and Glacial Advance have a 15% increased chance to trigger Rime and Howling Blast generates 8 Runic Power while Rime is active.
377098	Bonegrinder	api	Consuming Killing Machine grants 1% critical strike chance for 10 sec, stacking up to 5 times. At 5 stacks your next Killing Machine consumes the stacks and grants you 10% increased Frost damage for 10 sec.
377099	Spark of Insight	api	Consuming a full Temporal Compression grants you Essence Burst.
377100	Exhilarating Burst	api	Each time you gain Essence Burst, your critical heals are 230% effective instead of the usual 200% for 10 sec.
377128	Golden Path	api	Consecration heals you and 5 allies within it for 2 every 0.9 sec.
377190	Enduring Strength	api	When Pillar of Frost expires, your Strength is increased by 8% for 6 sec. This effect lasts 2 sec longer, up to 20 sec, for each Obliterate and Frostscythe critical strike during Pillar of Frost.
377210	Ursoc's Fury	api	Thrash and Maul grant you an absorb shield for 30% of the damage dealt for 15 sec.
377226	Frozen Dominion	api	Pillar of Frost now summons a Remorseless Winter that lasts 4 sec longer.\n\nEach enemy Remorseless Winter damages grants you 5% Mastery, up to 26% for 15 sec.
377349	Idol of C'Thun	api	Mind Flay has a chance to spawn a Void Tendril that channels Mind Flay or Void Lasher that channels Mind Sear at your target.\n\n Mind Flay\nAssaults the target's mind with Shadow energy, causing 1,228 Shadow damage over 10 sec and slowing their movement speed by 30%.\n\nGenerates 5 Insanity over the duration.\n\n Mind Sear\nCorrosive shadow energy radiates from the target, dealing 826 Shadow damage over 10 sec to all enemies within 10 yards of the target. Damage reduced beyond 5 targets.\n\nGenerates 5 Insanity over the duration.
377440	Unholy Aura	api	Each Magus of the Dead under your command grants you 1.0% Haste.
377509	Dream Projection	api	Summon a flying projection of yourself that heals allies you pass through for 749. Detonating your projection dispels all nearby allies of Magical effects, and heals for 3,678 over 20 sec.
377514	Reaping	api	Scourge Strike, Festering Strike, and Death Coil deal 30% additional damage to enemies below 35% health.\n\nDark Transformation resets Soul Reaper's cooldown and allows it to be used on any target.
377580	Putrid Echoes	api	Putrefy deals 20% increased damage, has 2 additional charges and consumes up to 2 available charges.
377587	Ghoulish Frenzy	api	Dark Transformation increases the attack speed and damage of you and your Monstrosity by 5% for 15 sec.
377590	Ancient Power	api	Spending Runic Power increases your Strength by 0.50% for 20 sec.\n\nMultiple applications may overlap.
377592	Morbidity	api	Diseased enemies take 1% increased damage from you per disease they are affected by.
377629	Leeching Strike	api	Heart Strike heals you for 0.25% health for each enemy hit while affected by Blood Plague.
377637	Insatiable Blade	api	Dancing Rune Weapon's cooldown is reduced by 30 sec and now generates 5 Bone Shield charges.
377668	Everlasting Bond	api	Summons 1 additional copy of Dancing Rune Weapon and increases its duration by 4 sec.
377796	Natural Recovery	api	Healing you receive is increased by 4%.
377801	Tireless Pursuit	api	For 3 sec after leaving Cat Form or Travel Form, you retain up to 25% movement speed.
377811	Innate Resolve	api	Frenzied Regeneration's healing is increased by up to 80% based on your missing health.\n\nFrenzied Regeneration has 1 additional charge.
377835	Front of the Pack	api	Stampeding Roar's radius is increased by 30%.\n\nYour movement speed is increased by 5%.
377842	Ursine Vigor	api	For 4 sec after shifting into Bear Form, your health and armor are increased by 15%.
377847	Well-Honed Instincts	api	When you fall below 40% health, you cast Frenzied Regeneration, up to once every 120 sec.
377933	Astral Bulwark	api	Astral Shift reduces damage taken by an additional 20%.
378002	Pathfinding	api	Movement speed increased by 4%.
378004	Keen Eyesight	api	Critical strike chance increased by 2%.
378075	Thunderous Paws	api	Ghost Wolf removes snares and increases your movement speed by an additional 25% for the first 3 sec. May only occur once every 20 sec.
378077	Spiritwalker's Aegis	api	When you cast Spiritwalker's Grace, you become immune to Silence and Interrupt effects for 5 sec.
378081	Nature's Swiftness	api	Your next healing or damaging Nature spell is instant cast and costs no mana.
378193	Primordial Fury	api	Elemental Fury increases critical strike damage by an additional 25%.
378196	Golden Hour	api	Reversion instantly heals the target for 15% of damage taken in the last 5 sec.
378207	Kill Cleave	api	While Beast Cleave is active, Kill Command now also strikes nearby enemies for 40% of damage dealt. Deals reduced damage beyond 8 targets.
378209	Training Expert	api	All pet damage dealt increased by 3%.
378211	Refreshing Waters	api	Your Healing Surge is 25% more effective on yourself.
378244	Cobra Senses	api	Cobra Shot Focus cost reduced by 5. Cobra Shot damage increased by 35%.
378255	Call of Fire	api	Ascendance summons a Greater Fire Elemental to rain destruction on your enemies for 20 sec. \n\nWhile the Fire Elemental is active, Flame Shock deals damage 33% faster, and newly applied Flame Shocks last 100% longer.
378266	Flames of the Cauldron	api	Reduces the cooldown of Flame Shock and Voltaic Blaze by 1.5 sec.\n\nFlame Shock deals damage 15% faster.
378270	Deeply Rooted Elements	api	Each stack of Maelstrom Weapon consumed has a 0.6% chance to activate Ascendance for 6.0 sec.\n\n Ascendance\nTransform into an Air Ascendant for 15 sec and unleash Doom Winds, reducing the cooldown and cost of Stormstrike by 60%, and transforming your auto attack and Stormstrike into Wind attacks which bypass armor and have a 30 yd range.
378279	Gift of the Golden Val'kyr	api	Each enemy hit by Avenger's Shield reduces the remaining cooldown on Guardian of Ancient Kings by 1.0 sec.\n\nWhen you drop below 30% health, you become infused with Guardian of Ancient Kings for 4 sec. This cannot occur again for 45 sec.
378285	Tyr's Enforcer	api	Your Avenger's Shield is imbued with holy fire, causing it to deal 4 Holy damage to all enemies within 5 yards of each target hit.
378405	Light of the Titans	api	Word of Glory heals for an additional 40% over 10 sec.\n\nIncreased by 200% if cast on yourself while you are afflicted by a harmful damage over time effect.
378406	Wintertide	api	Frozen Orb has a 100% chance to grant Brain Freeze.
378425	Uther's Counsel	api	Your Lay on Hands, Divine Shield, Blessing of Protection, and Blessing of Spellwarding have 15% reduced cooldown.
378427	Nimble Fingers	api	Energy cost of Feint and Crimson Vial reduced by 10.
378436	Master Poisoner	api	Increases the non-damaging effects of your weapon poisons by 20%.
378437	Unburdened Flight	api	Hover makes you immune to movement speed reduction effects.
378438	Scouring Flame	api	Fire Breath burns away 2 beneficial Magic effects from all targets.
378441	Time Stop	api	Freeze an ally's timestream for 5 sec. While frozen in time they are invulnerable, cannot act, and auras do not progress.\n\nYou may reactivate Time Stop to end this effect early.
378442	Wild Instincts	api	When your primary pet uses Stomp, apply Barbed Shot to a target hit by that Stomp. This Barbed Shot will not cause an extra Stomp.
378443	Acid Rain	api	Deal 252 Nature damage every 1 sec to up to 5 enemies inside of your Healing Rain.
378444	Obsidian Mettle	api	While Obsidian Scales is active you gain immunity to interrupt, silence, and pushback effects.
378448	Fractured Frost	api	Ice Lance strikes 1 additional target at 100% effectiveness, preferring enemies with more stacks of Freezing.
378457	Soaring Shield	api	Avenger's Shield jumps to 2 additional targets.
378743	Dire Command	api	Kill Command has a 20% chance to also summon a Dire Beast to attack your target for 8 sec.
378762	Ferren Marcus's Fervor	api	Avenger's Shield deals 10% increased damage to its primary target.
378767	Focused Aim	api	Consuming Precise Shots reduces the cooldown of Aimed Shot by 2.00 sec.
378773	Greater Purge	api	Purges the enemy target, removing 2 beneficial Magic effects.
378807	Shadowrunner	api	While Stealth or Shadow Dance is active, you move 20% faster.
378813	Fleet Footed	api	Movement speed increased by 15%.
378845	Focused Enmity	api	When Avenger's Shield strikes a single enemy, it deals 100% additional Holy damage.
378848	Coldthirst	api	Successfully interrupting an enemy with Mind Freeze grants 10 Runic Power and reduces its cooldown by 3 sec.
378913	Light Ammo	api	Trick Shots now causes Aimed Shot and Rapid Fire to ricochet to 2 additional targets.\n\nAspect of the Hydra's damage bonus is increased by 15%.
378919	Piercing Cold	api	Frostbolt and Flurry critical strike damage increased by 20%.
378934	Lunge	api	The damage of your auto-attacks is increased by 25%.\n\nYour Agility is increased by 2%, increased by an additional 2% while dual-wielding.
378937	Explosives Expert	api	Wildfire Bomb, Boomstick, and Flamefang Pitch damage increased by 5%.
378947	Glacial Assault	api	Flurry has a 12% chance each hit to call down an icy comet, crashing into your target and nearby enemies for 615 Frost damage.\n\nApplies 1 stack of Freezing.
378950	Sweeping Spear	api	Raptor Strike damage increased by 10%.
378955	Killer Companion	api	All damage dealt by your pet is increased by 10%.
378988	Lycara's Teachings	api	You gain 3% of a stat while in each form:\n\nNo Form: Haste\nCat Form: Critical Strike\nBear Form: Versatility\nMoonkin Form: Mastery
378996	Recuperator	api	Slice and Dice heals you for up to 1% of your maximum health per 3 sec.
379005	Blackjack	api	Enemies have 30% reduced damage and healing for 6 sec after Blind or Sap's effect on them ends.
379021	Sanctuary	api	While in your Consecration and for 4.0 sec after leaving it, your damage taken is reduced by 5%.
379022	Consecration in Flame	api	Consecration lasts 2 sec longer and its damage is increased by 20%.
379391	Quickened Invocation	api	Divine Toll's, Holy Armament's, and Holy Prism's cooldown is reduced by 15 sec.
379993	Flash Freeze	api	Casting Glacial Spike has a 100% chance to grant you Fingers of Frost.
380188	Crusader's Resolve	api	Enemies hit by Avenger's Shield deal 10% reduced melee damage to you for 10 sec.
381542	Deadly Precision	api	Increases the critical strike chance of your attacks that generate combo points by 5%.
381543	Virulent Poisons	api	Increases the damage of your weapon poisons by 10%.
381619	Thief's Versatility	api	Versatility increased by 3%.
381620	Improved Ambush	api	Ambush generates 1 additional combo point.
381621	Tight Spender	api	Energy cost of finishing moves reduced by 6%.
381623	Thistle Tea	api	Restore 100 Energy.\n\nWhen your Energy is reduced below 30, drink a Thistle Tea.
381624	Improved Poisons	api	Increases the application chance of your weapon poisons by 5%.
381626	Bloody Mess	api	Garrote and Rupture damage increased by 15%.
381627	Internal Bleeding	api	Kidney Shot and Rupture also apply Internal Bleeding, dealing up to 77 Bleed damage over 6 sec, based on combo points spent.
381629	Thrown Precision	api	Fan of Knives has 5% increased critical strike chance and its critical strikes always apply your weapon poisons.
381630	Intent to Kill	api	Shadowstep's cooldown is reduced by 33% when used on a target afflicted by your Garrote.
381631	Flying Daggers	api	Fan of Knives has its radius increased to 12 yds, deals 20% more damage, and an additional 10% when striking 5 or more targets.
381632	Improved Garrote	api	Garrote deals 50% increased damage and has no cooldown when used from Stealth and for 6 sec after breaking Stealth.
381637	Atrophic Poison	api	Coats your weapons with a Non-Lethal Poison that lasts for 1 hour. Each strike has a 30% chance of poisoning the enemy, reducing their damage by 3.0% for 10 sec.
381640	Lethal Dose	api	Your weapon poisons and Nature or Bleed damage over time abilities deal 1% increased damage to targets for each of your lethal poison or damage over time effects on them.
381647	Planes Traveler	api	Reduces the cooldown of Astral Shift by 30 sec.
381650	Elemental Warding	api	Reduces all magic damage taken by 8%.
381652	Systemic Failure	api	Garrote increases the damage of Ambush and Mutilate on the target by 30%.
381655	Nature's Fury	api	Increases the critical strike chance of your Nature spells and abilities by 2%.
381664	Amplifying Poison	api	Coats your weapons with a Lethal Poison that lasts for 1 hour. Each strike has a 30% chance to poison the enemy, dealing 2 Nature damage and applying Amplifying Poison for 12 sec. Envenom can consume 10 stacks of Amplifying Poison to deal 35% increased damage. Max 20 stacks.
381673	Doomblade	api	Mutilate deals an additional 25% Bleed damage over 8 sec.
381689	Brimming with Life	api	Stamina increased by 8%.\n\nWhile you are at full health, Reincarnation cools down 50% faster.
381707	Swelling Maelstrom	api	Increases your maximum Maelstrom by 50.\n\nIncreases Earth Shock, Elemental Blast, and Earthquake damage by 5%.
381708	Eye of the Storm	api	Reduces the Maelstrom cost of Earth Shock and Earthquake by 5.\n\nReduces the Maelstrom cost of Elemental Blast by 10.
381726	Mountains Will Fall	api	Earth Shock, Elemental Blast, and Earthquake can trigger your Mastery: Elemental Overload at 50% effectiveness.\n\nOverloaded Earthquakes do not knock enemies down.
381782	Searing Flames	api	Flame Shock damage has a chance to generate 2 Maelstrom.
381784	Flames of the Firelord	api	Flame Shock damage increased by 100%.
381797	Dashing Scoundrel	api	Envenom's effect also increases the critical strike chance of your weapon poisons by 5%, and their critical strikes generate 1 Energy.
381798	Zoldyck Recipe	api	Your Bleed, weapon poison, and other Nature damage is increased by 15% against targets below 35% health.
381799	Scent of Blood	api	Each enemy afflicted by your Rupture increases your Agility by 2%, up to a maximum of 20%.
381801	Dragon-Tempered Blades	api	You may apply 1 additional Lethal and Non-Lethal Poison to your weapons, but they have 30% less application chance.
381828	Ace Up Your Sleeve	api	Between the Eyes has a 3% chance per combo point spent to grant 4 combo points and reset its own cooldown.
381839	Sleight of Hand	api	Roll the Bones has a 20% increased chance of granting more powerful results.
381845	Audacity	api	Using Pistol Shot with Opportunity has a 30% chance to make your next Ambush usable without Stealth.\n\nChance to trigger this effect matches the chance for Sinister Strike to grant Opportunity.
381846	Fan the Hammer	api	When you gain Opportunity, gain 1 additional charge. Max 6 charges.\n\nPistol Shot consumes 1 additional charge of Opportunity to fire 1 additional bullet. Additional shots deal 20% reduced damage.
381867	Totemic Surge	api	Reduces the cooldown of most totems by 5 sec.
381877	Combat Stamina	api	Stamina increased by 5%.
381878	Deft Maneuvers	api	Blade Flurry's initial damage is increased by 100% and generates 1 combo point per target struck, but its Energy cost is increased by 30.
381885	Heavy Hitter	api	Attacks that generate combo points deal 10% increased damage.
381921	Ouroboros	api	Casting Echo grants one stack of Ouroboros, increasing the healing of your next Emerald Blossom by 30%, stacking up to 5 times.
381922	Temporal Artificer	api	Rewind's cooldown is reduced by 60 sec.
381930	Mana Spring	api	Your Lava Burst casts restore 22 mana to you and 4 allies nearest to you within 40 yards.\n\nAllies can only benefit from one Shaman's Mana Spring effect at a time, prioritizing healers.
381936	Flash of Lightning	api	Increases the critical strike chance of Lightning Bolt and Chain Lightning by 10%.
381946	Wavespeaker's Blessing	api	Increases Riptide's duration by 6.0 sec and its healing over time by 15%.
381988	Swift Slasher	api	Slice and Dice grants additional attack speed equal to 100% of your Haste.
381989	Keep It Rolling	api	Increase the remaining duration of your active Roll the Bones combat enhancement by 30 sec.
381990	Summarily Dispatched	api	Dispatch deals 10% increased damage and costs 3 less Energy. This damage bonus is increased by 50% while your damage is enhanced by your Between the Eyes.
382015	The Rotten	api	After activating Shadow Dance, your next 2 attacks that generate combo points deal 35% increased damage.
382017	Veiltouched	api	Your abilities deal 5% increased magic damage.
382020	Earthen Harmony	api	Earth Shield reduces damage taken by 3% and its healing is increased by up to 150% as its target's health decreases. Maximum benefit is reached below 50% health.
382021	Earthliving Weapon	api	Imbue your weapon with the element of Earth for 1 hour. Your Riptide, Healing Wave, and Chain Heal healing has a 20% chance to trigger Earthliving on the target, healing for 591 over 6 sec.
382030	Water Totem Mastery	api	Reduces the cooldown of Healing Stream Totem by 5 sec.
382032	Echo Chamber	api	Increases the damage dealt by your Elemental Overloads by 25%.
382039	Flow of the Tides	api	Chain Heal bounces an additional time and casting Chain Heal on a target affected by Riptide consumes Riptide, increasing the healing of your Chain Heal by 30%.
382042	Surging Elements	api	Casting Sundering grants you 15% Haste for 12 sec, and generates 5 stacks of Maelstrom Weapon.
382045	Primal Tide Core	api	Every 4 casts of Riptide also applies Riptide to another friendly target near your Riptide target.
382194	Undercurrent	api	For each Riptide active on an ally, your heals are 0.5% more effective.
382197	Ancestral Wolf Affinity	api	Cleanse Spirit, Wind Shear, Purge, and totem casts no longer cancel Ghost Wolf.
382201	Totemic Focus	api	Increases the radius of your totem effects by 15%.\n\nIncreases the duration of your Earthbind and Earthgrab Totems by 10 sec.\n\nIncreases the duration of your Healing Stream, Tremor, Poison Cleansing, and Wind Rush Totems by 3.0 sec.
382215	Winds of Al'Akir	api	Increases your movement speed by 5% and the movement speed bonus of Ghost Wolf by an additional 5%.
382238	Lethality	api	Critical strike chance increased by 1%. Critical strike damage bonus of your attacks that generate combo points increased by 10%.
382245	Cold Blooded Killer	api	Critically striking with an attack that generates combo points increases the critical strike chance of your next finishing move by 10%.
382258	Leeching Strikes	api	Leech increased by 3%.
382260	Fast Footwork	api	Movement speed increased by 5%.
382268	Flow of Time	api	The cooldowns of Blink and Shimmer are reduced by 3 sec.
382293	Incantation of Swiftness	api	Invisibility increases your movement speed by 20% for 6 sec.
382297	Quick Witted	api	Counterspell's cooldown is reduced by 5 sec.
382309	Ancestral Awakening	api	When you heal with your Healing Wave or Riptide you have a 30% chance to summon an Ancestral spirit to aid you, instantly healing an injured friendly party or raid target within 40 yards for 15% of the amount healed. Critical strikes increase this chance to 60%.
382315	Improved Earthliving Weapon	api	Earthliving receives 150% additional benefit from Mastery: Deep Healing.\n\nHealing Wave always triggers Earthliving on its target.
382424	Winter's Protection	api	The cooldown of Ice Block is reduced by 30 sec.
382482	Living Stream	api	Healing Stream Totem heals for 100% more, decaying over its duration.
382490	Tome of Antonidas	api	Increases Haste by 2%.
382493	Tome of Rhonin	api	Increases critical strike chance by 2%.
382503	Quick Decisions	api	Shadowstep's cooldown is reduced by 20%, and its maximum range is increased by 20%.
382504	Dark Brew	api	Your weapon poisons have 10% increased application chance and now deal damage as Shadow instead of Nature.\n\nShadow damage increased by 10%.
382505	The First Dance	api	Remaining out of combat for 6 sec increases the duration of your next Shadow Dance by 3 sec.
382506	Replicating Shadows	api	Shadow Clones deal 15% increased damage and your effects that have a chance to create them have 5% additional chance to occur.
382507	Shrouded in Darkness	api	Shroud of Concealment increases the movement speed of allies by 100% and leaving its area no longer cancels the effect.
382508	Planned Execution	api	Shadow Dance increases the critical strike damage bonus of your abilities by 10%.
382511	Shadowed Finishers	api	Eviscerate and Black Powder deal an additional 30% damage as Shadow while Find Weakness is active.
382512	Improved Find Weakness	api	Find Weakness causes your attacks to ignore an additional 20% armor.
382513	Without a Trace	api	Vanish has 1 additional charge.
382514	Fade to Nothing	api	Movement speed increased by 20% and damage taken reduced by 10% for 8 sec after gaining Stealth, Vanish, or Shadow Dance.
382515	Cloaked in Shadows	api	Vanish grants you a shield for 6 sec, absorbing damage equal to 18% of your maximum health.
382517	Deeper Daggers	api	Shadow damage increased by 8%.
382518	Perforated Veins	api	Backstab, Shuriken Storm, and Shadowstrike have 10% increased damage while Find Weakness is active.
382524	Lingering Shadow	api	After Shadow Dance ends, Backstab deals an additional 50% damage as Shadow, fading by 2.8% per sec.
382525	Finality	api	Eviscerate and Black Powder have 15% increased critical strike damage bonus.
382528	Danse Macabre	api	While Shadow Dance is active, each different attack that generates or spends combo points lashes out at the target, dealing 150 Shadow damage.
382536	Sanctify	api	Enemies hit by Divine Storm take 20% more damage from Consecration and Divine Hammers for 12 sec.
382549	Pain and Gain	api	When you take any damage, heal for 2.0% of your maximum health. \n\nThis can only occur once every 10 sec.
382550	Passing Seasons	api	Nature's Swiftness's cooldown is reduced by 12 sec.
382552	Improved Ironbark	api	Ironbark's cooldown is reduced by 20 sec.
382559	Unstoppable Growth	api	Wild Growth's healing falls off 40% less over time.
382732	Ancestral Reach	api	Chain Heal bounces an additional time and its healing is increased by 8%.
382764	Crushing Force	api	Mortal Strike deals an additional 5% damage and deals 5% increased critical strike damage.
382767	Overwhelming Rage	api	Maximum Rage increased by 30.
382886	Fire and Ice	api	Increases all Fire and Frost damage you deal by 3%.
382888	Flurry	api	Increases your attack speed by 15% for your next 3 melee swings after dealing a critical strike with a spell or ability.
382895	One-Handed Weapon Specialization	api	While wielding one-handed weapons your damage is increased by 3% and Leech increased by 2%.
382896	Two-Handed Weapon Specialization	api	While wielding two-handed weapons your damage is increased by 3% and damage taken from area of effect attacks is reduced by 2%.
382900	Dual Wield Specialization	api	While dual wielding your damage is increased by 3% and movement speed is increased by 2%.
382939	Reinforced Plates	api	Stamina increased by 5% and Armor increased by 5%.
382946	Wild Strikes	api	Haste increased by 1% and your auto-attack critical strikes increase your auto-attack speed by 10% for 10 sec.
383005	Chrono Loop	api	Trap the enemy in a time loop for 5 sec. Afterwards, they are returned to their previous location and health. Cannot reduce an enemy's health below 20%.
383010	Elemental Orbit	api	Increases the number of Elemental Shields you can have active on yourself by 1.\n\nYou can have Earth Shield on yourself and one ally at the same time.
383013	Poison Cleansing Totem	api	Summons a totem at your feet that removes all Poison effects from a nearby party or raid member within 30 yards every 1.5 sec for 6 sec.
383016	Improved Purify Spirit	api	Purify Spirit additionally removes all Curse effects.
383082	Barbaric Training	api	Slam, Whirlwind, and Cleave deal 10% more damage and 5% increased critical strike damage.
383092	Arcane Warding	api	Reduces magic damage taken by 4%.
383103	Fueled by Violence	api	You are healed for 85% of the Bleed damage dealt by Rend and Deep Wounds.
383121	Mass Polymorph	api	Transforms all enemies within 10 yards into sheep, wandering around incapacitated for 15 sec. While affected, the victims cannot take actions but will regenerate health very quickly. Damage will cancel the effect.\n\nOnly works on Beasts, Humanoids and Critters.
383154	Bloodletting	api	Rend and Deep Wounds' Bleed effects last 33% longer and have a 5% increased critical strike chance.\n\nIf you know Rend, Mortal Strike inflicts Rend on targets below 35% health.
383155	Improved Sweeping Strikes	api	Sweeping Strikes affects 6 additional damaging single-target abilities.
383191	Regenesis	api	Rejuvenation healing is increased by up to 10%, and Tranquility healing is increased by up to 20%, healing for more on low-health targets.
383195	Umbral Intensity	api	Solar Eclipse increases Wrath damage by an additional 10%. \n\nLunar Eclipse increases Starfire damage by an additional 10%.
383197	Orbit Breaker	api	Every 30th Shooting Star calls down a Full Moon at 60% effectiveness upon its target.
383222	Overflowing Shores	api	Healing Rain instantly restores 287 health to 5 allies within its area, and its radius is increased by 2 yards.
383228	Swift Justice	api	Reduces the cooldown of Judgment by 2 sec and Crusader Strike by 2 sec.
383281	Hidden Opportunity	api	Ambush has a chance to grant Opportunity. Chance to trigger this effect is 80% of the chance for Sinister Strike to grant Opportunity.
383287	Bloodborne	api	Your Bleed effects deal 5% increased damage and 5% increased critical strike damage.
383295	Deft Experience	api	Bloodthirst's critical strike chance increased by 5% and if you are Enraged, Bloodthirst extends your Enrage by 0.5 sec. This extension is doubled if Bloodthirst critically strikes your primary target.
383297	Critical Thinking	api	Raging Blow's critical strike chance increased by 5% and critical strike damage increased by 5%.
383328	Final Verdict	api	Unleashes a powerful weapon strike that deals 140 Holy damage to an enemy target,\n\nFinal Verdict has a 15% chance to reset the cooldown of Judgment.
383341	Sharpened Blades	api	Mortal Strike, Cleave, and Execute damage increased by 5% and critical strike damage increased by 5%.
383342	Holy Blade	api	Blade of Justice generates 1 additional Holy Power.
383344	Expurgation	api	Your Blade of Justice causes the target to burn for 27 Radiant damage over 9 sec. When reapplied, any remaining damage is added to the new effect.
383352	Tireless Energy	api	Maximum Energy increased by 20 and Energy regeneration increased by 5%.
383388	Relentless Inquisitor	api	Your haste is increased by 5%.
383391	Feel the Burn	api	Fire Blast increases your mastery by 2% for 4 sec. Multiple applications may overlap.
383396	Tempest of the Lightbringer	api	Divine Storm projects an additional wave of light, striking all enemies up to 20 yds in front of you for 20% of Divine Storm's damage.
383430	Impale	api	Critical strike damage of your abilities is increased by 10%.
383468	Invigorating Fury	api	Enraged Regeneration lasts 3 sec longer and instantly heals for 10% of your maximum health.
383486	Focus in Chaos	api	While Enraged, your auto-attacks can no longer miss.
383634	Fiery Rush	api	While Combustion is active, Fire Blast recharges 50% faster.
383669	Controlled Destruction	api	Damaging an enemy with Fireball, Pyroblast, or Flamestrike increases the damage it receives from Ignite by 0.2%. Stacks up to 50 times.
383676	Impetus	api	Arcane Blast and Arcane Pulse generate an additional Arcane Charge.
383695	Improved Blackout Kick	api	Blackout Kick deals 20% increased damage.
383697	Sal'salabim's Strength	api	When you use Keg Smash, the remaining cooldown on Breath of Fire is reset.
383698	Scalding Brew	api	Keg Smash deals an additional 20% damage to targets affected by Breath of Fire.
383700	Gai Plin's Imperial Brew	api	Purifying Brew instantly heals you for 25% of the Staggered damage it clears.
383703	Fatality	api	Mortal Strike has a 50% chance to apply a Fatal Mark to your target, stacking up to 5 times. Your next Execute on a target with a Fatal Mark causes the Fatal Mark to deal 96 additional Physical damage per stack.
383707	Stormstout's Last Keg	api	Keg Smash deals 50% additional damage to its primary target, has 1 additional charge, and its range is increased by 10 yards.
383714	Training of Niuzao	api	Gain up to 15% Mastery based on your current level of Stagger.
383785	Counterstrike	api	Each time you dodge or an enemy misses you, your next Tiger Palm or Spinning Crane Kick deals 100% increased damage.
383810	Fevered Incantation	api	Each consecutive critical strike you deal increases critical strike damage you deal by 1%, up to 4% for 6 sec.
383848	Frenzied Enrage	api	Enrage increases your haste by 15% and your movement speed by 10%.
383852	Spite	api	Bloodthirst and Raging Blow damage increased by 2.5% and critical strike damage increased by 2.5%.
383854	Improved Raging Blow	api	Raging Blow has 2 charges and has a 25% chance to instantly reset its own cooldown.
383874	Hyperthermia	db2-template	Pyroblast and Flamestrike have no cast time, are guaranteed to critically strike, and increase the damage of Pyroblast and Flamestrike by $1242220s1%.
383877	Hack and Slash	api	Rampage has a 100% chance to refund a charge of Raging Blow.
383885	Vicious Contempt	api	Bloodthirst deals 25% increased damage to enemies who are below 35% health.
383959	Cold Steel, Hot Blood	api	Bloodthirst critical strikes generate 4 additional Rage and inflict a Gushing Wound that deals 42 Bleed damage over 6 sec and heals you for the damage dealt.
383967	Slow Burn	api	Combustion grants mastery equal to 75% of your Critical Strike stat.\n\nCombustion causes your spells to apply Ignite at 15% increased effectiveness.
383980	Arcane Tempo	api	Your Haste is increased by 2%.
383994	Dragonfire Brew	api	Breath of Fire deals 100% increased damage, and after using Breath of Fire, you breathe fire 2 additional times, each dealing 7 Fire damage.
384027	Divine Resonance	api	After casting Divine Toll, you instantly cast Holy Shock every 5 sec for 15 sec.
384036	Brutal Vitality	api	8% of damage you deal adds to your active Ignore Pain or the next Ignore Pain you activate.\n\nYour next Ignore Pain can be increased by up to 4,582.
384041	Strategist	api	Devastate, Thunder Clap, Revenge, and Execute have a 25% chance to reset the remaining cooldown on Shield Slam.
384060	Illuminated Thoughts	api	Clearcasting has a 3% increased chance to proc.
384063	Enduring Alacrity	api	Increases Stamina by 5% and your Haste by 2%.
384067	Focused Vigor	api	Increases Strength by 3% and your critical strike chance by 1%.
384072	Impenetrable Wall	api	Shield Slam reduces the remaining cooldown of Shield Wall by 6 sec.
384100	Berserker Shout	api	Go berserk, removing and granting immunity to Fear, Sap, and Incapacitate effects for 6 sec.\n\nAlso remove fear effects from group members within 12 yds.
384110	Wrecking Throw	api	Hurl your weapon at the enemy, causing 211 Physical damage, ignoring armor. Deals up to 500% increased damage to absorb shields.
384124	Armored to the Teeth	api	Gain Strength equal to 5% of your Armor.
384143	Overflowing Maelstrom	api	Maelstrom Weapon can now stack 5 additional times.\n\nEach Maelstrom Weapon stacks consumed grants Overflowing Maelstrom, reducing the cast time of your next Healing Surge or Chain Heal by 10%, and increasing their healing by 10% up to 10 times. This effect can be accumulated up to 20 times.
384149	Raging Maelstrom	api	Lightning Bolt and Chain Lightning can consume up to 10 Maelstrom Weapon stacks.
384174	Master of Flame	api	Ignite deals 15% more damage when Combustion is not active.\n\nFire Blast now spreads an additional 50% of your Ignite.
384352	Doom Winds	api	Unleash a devastating storm around yourself, dealing 42 Stormstrike damage every 1 sec to nearby enemies for 8 sec.\n\nIncreases your chance to activate Windfury Weapon by 100%, and the damage of Windfury Weapon by 20%.
384355	Elemental Weapons	api	Each active weapon imbue increases all Fire, Frost, and Nature damage dealt by 5.0%.
384361	Bloodsurge	api	Damage from Rend has a chance to generate 5 Rage.
384363	Converging Storms	api	Each target hit by Crash Lightning increases the damage of your next Stormstrike by 25%, up to a maximum of 6 stacks.
384411	Static Accumulation	api	During Doom Winds or Ascendance, you generate 1 Maelstrom Weapon stack every 1 sec.
384444	Thorim's Invocation	api	Doom Winds and Deeply Rooted Elements last 2 sec longer, and the cooldown of Ascendance is reduced by 60 sec.\n\nDuring Doom Winds or Ascendance, Stormstrike and Crash Lightning consume up to 10 Maelstrom Weapon to discharge a Lightning Bolt or Chain Lightning at 100% effectiveness at your enemy, whichever you most recently used.
384450	Lightning Strikes	api	Consuming 10 stacks of Maelstrom Weapon increases the damage of your next Stormstrike or Lava Lash by 25% and causes them to generate a stack of Maelstrom Weapon.
384452	Arcane Salvo	api	Each wave of Arcane Missiles increases the damage of Arcane Barrage by 3%, up to 60%.
384612	Prodigious Savant	api	Arcane Charges increase the damage of Arcane Blast, Arcane Pulse, and Arcane Barrage by an additional 10%.
384651	Charged Orb	api	Arcane Orb gains 1 additional charge. Arcane Orb damage increased by 15%.
384665	Taste for Blood	api	Ferocious Bite deals 12% increased damage and an additional 12% during Tiger's Fury.
384667	Sudden Ambush	api	Finishing moves have a 6% chance per combo point spent to increase the direct damage of your next Rake, Shred, or Swipe by 50% and make it critically strike.
384689	Divide and Conquer	api	Deep Breath forms curtains of fire, preventing line of sight to enemies outside its walls and burning enemies who walk through them for 2,736 Fire damage. Lasts 6 sec.
384799	Hunter's Avoidance	api	Damage taken from area of effect attacks reduced by 5%.
384815	Seal of Charity	api	When you cast Word of Glory on someone other than yourself, you are also healed for 100% of the amount healed.
384820	Sacrifice of the Just	api	Reduces the cooldown of Blessing of Sacrifice by 60 sec.
384858	Orb Barrage	api	Arcane Barrage has a 4% chance per stack of Arcane Salvo to launch an Arcane Orb in front of you at 100% effectiveness.
384909	Improved Blessing of Protection	api	Reduces the cooldown of Blessing of Protection by 60 sec.
384914	Recompense	api	After your Blessing of Sacrifice ends, 50% of the total damage it diverted is added to your next Judgment as bonus damage, or your next Word of Glory as bonus healing.\n\nThis effect's bonus damage cannot exceed 30% of your maximum health and its bonus healing cannot exceed 100% of your maximum health.
385059	Odyn's Fury	api	Unleashes your power, dealing 135 Physical damage and an additional 182 Bleed damage over 4 sec to all enemies within 12 yards. Deals reduced damage beyond 8 targets.\n\nEnrages you and generates 20 Rage.
385167	Everlasting Frost	api	Casting Frozen Orb grants 1 stack of Fingers of Frost.\n\nDamaging one or more enemies with Frozen Orb has a 3% chance to grant Fingers of Frost.
385414	Afterimage	api	After you spend 20 Holy Power, your next Word of Glory echoes onto a nearby ally at 30% effectiveness.
385427	Obduracy	api	Speed increased by 2% and damage taken from area of effect attacks reduced by 2%.
385450	Seal of Might	api	Mastery increased by 2% and Intellect increased by 2%.
385478	Shrouded Suffocation	api	Garrote damage increased by 20%. Garrote generates 2 additional combo points when used from Stealth.
385515	Holy Aegis	api	Armor and critical strike chance increased by 4%.
385539	Rejuvenating Wind	api	Exhilaration now also heals you for an additional 12.0% of your maximum health over 8 sec.
385571	Improved Overpower	api	Overpower has 2 charges and deals 15% more damage.
385627	Kingsbane	api	Release a powerful poison from your weapons and inject it into your target, dealing 60 Nature damage instantly and an additional 71 Nature damage over 14 sec. \n\nEach time you apply a Lethal Poison to a target affected by Kingsbane, Kingsbane damage increases by 20%, up to 1,000%.\n\nAwards 1 combo point.
385633	Auras of the Resolute	api	Learn Concentration Aura, Devotion Aura, and Crusader Aura:\n\nConcentration Aura:\nInterrupt and Silence effects on party and raid members within 40 yds are 30% shorter. \n\n Devotion Aura:\nParty and raid members within 40 yds are bolstered by their devotion, reducing damage taken by 3%.\n\n Crusader Aura:\nIncreases mounted speed by 20% for all party and raid members within 40 yds.
385696	Flow State	api	Empower spells cause time to flow 10% faster for you, increasing movement speed, cooldown recharge rate, and cast speed. Lasts 10 sec.
385703	Bloodborne	api	Bloodthirst causes your Bleeds to deal 20% additional damage for 8 sec.
385704	Bloodborne	api	Your Deep Wounds and Rend deal 25% increased damage.
385722	Silent Storm	api	Gaining Stealth, Vanish, or Shadow Dance causes your next Shuriken Storm to have 100% increased chance to critically strike.
385737	Bloody Claws	api	Each stack of Mongoose Fury also increases the damage of Strike as One by 10%.
385786	Matted Fur	api	When you use Barkskin or Survival Instincts, absorb 525 damage for 15 sec.
385810	Dire Frenzy	api	Dire Beast lasts an additional 1 sec and deals 10% increased damage.
385840	Thunderlord	api	Increases the radius of Demoralizing Shout by 5 yards.\n\nEach enemy hit by Thunder Clap reduces the remaining cooldown on Demoralizing Shout by 1.5 sec, up to 4.5 sec.
385881	Teachings of the Black Harvest	api	Your primary pets gain a bonus effect.\n\nImp: Successful Singe Magic casts grant the target 4% damage reduction for 5 sec.\n\nVoidwalker: Reduces the cooldown of Shadow Bulwark by 30 sec.\n\nFelhunter: Reduces the cooldown of Devour Magic by 5 sec.\n\nSayaad: Reduces the cooldown of Seduction by 10 sec and causes the target to walk faster towards the demon.
385888	Tough as Nails	api	Blocking an attack deals 42 Physical damage to the attacker. Critical blocks deal double damage.\n\nGenerates high threat.
385899	Soulburn	api	Consumes a Soul Shard, unlocking the hidden power of your spells.\n\nDemonic Circle: Teleport: Increases your movement speed by 50% and makes you immune to snares and roots for 6 sec.\n\nDemonic Gateway: Can be cast instantly.\n\nDrain Life: Gain an absorb shield equal to the amount of healing done for 30 sec. This shield cannot exceed 30% of your maximum health.\n\nHealthstone: Increases the healing of your Healthstone by 30% and increases your maximum health by 20% for 12 sec.
385952	Shield Charge	api	Charge to an enemy with your shield, granting you Shield Block and dealing 297 Physical damage to it and 94 Physical damage to all enemies within 10 yards.\n\nAlso stuns the primary target for 4 sec.\n\nGenerates 20 Rage.
386011	Shield Specialization	api	Increases Block chance by 8% and your Block value by 16%.
386027	Enduring Defenses	api	Shield Block lasts 1 sec longer.
386030	Brace For Impact	api	Using Shield Slam increases the damage of Shield Slam by 10% and the block value of your shield by 5% for 16 sec. Stacking up to 3 times.
386071	Disrupting Shout	api	Taunts all enemies within 14 yds to attack you for 6 sec, interrupts all spellcasting within 14 yds and prevents any spell in that school from being cast for 6 sec. Increases the threat you generate against the target by 800%.
386110	Fiendish Stride	api	Reduces the damage dealt by Burning Rush by 10%. Burning Rush increases your movement speed by an additional 20%.
386113	Fel Pact	api	Reduces the cooldown of Fel Domination by 60 sec.
386124	Fel Armor	api	When Soul Leech absorbs damage, 5% of damage taken is absorbed and spread out over 5 sec.\n\nReduces damage taken by 1.5%.
386164	Battle Stance	api	A balanced combat state that increases the critical strike chance of your abilities by 3% and reduces the duration of movement impairing effects by 10%. \n\nLasts until canceled.
386185	Demonic Knowledge	api	Hand of Gul'dan has a 5% chance to generate a charge of Demonic Core.
386194	Carnivorous Stalkers	api	Your Dreadstalkers' attacks have a 10% chance to trigger an additional Dreadbite.
386196	Berserker Stance	api	An aggressive combat state that increases the damage of your auto-attacks by 15% and reduces the duration of Fear, Sap and Incapacitate effects on you by 10%.\n\nLasts until canceled.
386208	Defensive Stance	api	A defensive combat state that reduces all damage you take by 15% and all damage you deal by 10%.\n\nLasts until canceled.
386272	Titanic Wrath	api	Essence Burst increases the damage of affected spells by 15.0%.
386283	Catalyze	api	While channeling Disintegrate your Fire Breath on the target deals damage 100% more often.
386348	Onyx Legacy	api	Deep Breath's cooldown is reduced by 1 min.
386353	Iridescence: Red	db2-template+redirect	Casting an empower spell increases the damage of your next $386353u spells of the same color by $386353s1% within $386353d.
386394	Battle-Scarred Veteran	api	When your health is brought below 30%, you take 80% less damage for 8 sec and healing you receive is increased by 100%.\n\nCannot occur more than once every 3 min.
386399	Iridescence: Blue	db2-template+redirect	Casting an empower spell increases the damage of your next $386353u spells of the same color by $386353s1% within $386353d.
386405	Inner Radiance	api	Your Living Flame and Emerald Blossom are 30% more effective on yourself.
386477	Violent Outburst	api	Every 250 rage you spend triggers a Violent Outburst, causing your next Shield Slam to deal 200% increased damage, generate 50% more Rage and grant Ignore Pain.
386617	Demonic Fortitude	api	Increases you and your pets' maximum health by 5%.
386628	Unhinged	api	Every 2 strikes of Bladestorm, you automatically cast a Mortal Strike at your target or random nearby enemy, dealing 100% of normal damage.
386630	Battlelord	api	Overpower has a 35% chance to reset the cooldown of Mortal Strike and reduce the cost of your next Mortal Strike by 33%.
386634	Executioner's Precision	api	Execute increases the damage of your next Mortal Strike by 35%, stacking up to 2 times.
386648	Nightmare	api	Increases the amount of damage required to break your fear effects by 60%.
386653	Bulwark of Righteous Fury	api	Avenger's Shield increases the damage of your next Shield of the Righteous by 20% for each target hit by Avenger's Shield, stacking up to 5 times, and increases its radius by 6 yds.
386659	Dark Accord	api	Reduces the cooldown of Unending Resolve by 45 sec.
386664	Ichor of Devils	api	Dark Pact sacrifices only 5% of your current health for the same shield value.
386686	Frequent Donor	api	Reduces the cooldown of Dark Pact by 15 sec.
386689	Pact of Gluttony	api	Healthstones you conjure for yourself are now Demonic Healthstones and can be used multiple times in combat. Demonic Healthstones cannot be traded.\n\n Demonic Healthstone\nInstantly restores 25% health. 60 sec cooldown.
386738	Divine Resonance	api	After casting Holy Prism, Holy Armament, or Divine Toll, you instantly cast Holy Shock every 5 sec for 15 sec.
386763	Freezing Cold	api	Enemies hit by Cone of Cold are frozen in place for 5 sec instead of snared.\n\nWhen your roots expire or are dispelled, your target is snared by 80%, decaying over 3 sec.
386828	Energized Barriers	api	Casting your barrier removes all snare effects.
386870	Brutal Companion	api	Barbed Shot has a 25% chance to cause your pet to use its special attack and deal 50% bonus damage.
386937	Anvil and Stave	api	Each time you dodge or an enemy misses you, the remaining cooldown on your Brews is reduced by 0.5 sec. Effect reduced by 50% for each additional recent attacker, up to 5.
386951	Soul Swap	api	Copies your damage over time effects and Haunt from the target, preserving their duration.\n\nYour next use of Soul Swap within 10 sec will exhale a copy damage of the effects onto a new target.
386965	Charred Passions	api	Your Breath of Fire ignites your right leg in flame for 8 sec, causing your Blackout Kick and Spinning Crane Kick to deal 50% additional damage as Fire damage and refresh the duration of your Breath of Fire on the target.
386976	Withering Bolt	api	Shadow Bolt and Drain Soul deal 5% increased damage, up to 15%, per damage over time effect you have active on the target.
386986	Sacrolash's Dark Strike	api	Corruption damage is increased by 15%, and each time it deals damage any of your Curses active on the target are extended by 0.5 sec.
387044	Fervent Flickering	api	Fire Blast gains 1 additional charge and its damage is increased by 25%.
387046	Elusive Footwork	api	Blackout Kick deals an additional 5% damage. Blackout Kick critical hits grant an additional 1 stack of Elusive Brawler.
387103	Ruin	api	Increases the critical strike damage of your Destruction spells by 15%.
387108	Conflagration of Chaos	api	Conflagrate and Shadowburn have a 100% chance to guarantee your next cast of either ability to critically strike, and increase its damage by your critical strike chance.
387166	Raging Demonfire	api	Channel Demonfire fires an additional 2 bolts. Each bolt increases the remaining duration of Immolate on all targets hit by 0.5 sec.
387170	Empyrean Legacy	api	Avenging Wrath empowers your next Word of Glory to automatically activate Light of Dawn with 25% increased effectiveness.
387173	Diabolic Embers	api	Incinerate now generates 100% additional Soul Shard Fragments.
387219	Walk with the Ox	api	Your damaging abilities have a chance to invoke Niuzao, causing him to charge to your target's location and Stomp, dealing 140 Physical damage to your target and reduced damage to secondary targets.
387230	Fluidity of Motion	api	Blackout Kick's cooldown is reduced by 1 sec.
387252	Ashen Remains	api	Chaos Bolt, Shadowburn, and Incinerate deal 3% increased damage to targets afflicted by Immolate.
387259	Flashpoint	api	When your Immolate deals periodic damage to a target above 80% health, gain 2% Haste for 10 sec.\n\nStacks up to 3 times.
387275	Chaos Incarnate	api	Chaos Bolt, Rain of Fire, and Shadowburn always gain at least 70% of the maximum benefit from your Mastery: Chaotic Energies.
387276	Strength of Spirit	api	Expel Harm's healing is increased by up to 100%, based on your missing health.
387341	Walloping Blow	api	Wing Buffet and Tail Swipe knock enemies further and daze them, reducing movement speed by 70% for 4 sec.
387384	Backlash	api	Increases your critical strike chance by 2%.\n\nPhysical attacks against you have a 20% chance to make your next Incinerate instant cast. This effect can only occur once every 6 sec.
387506	Mayhem	api	Your single target spells have a 35% chance to apply Havoc to a nearby enemy for 5.0 sec.\n\n Havoc\nMarks a target with Havoc for 5.0 sec, causing your single target spells to also strike the Havoc victim for 60% of the damage dealt.
387625	Staggering Strikes	api	When you Blackout Kick, your Stagger is reduced by 210, increased by up to 200% based on your missing health.
387633	Soulburn: Demonic Circle	db2-template+redirect	Consumes a Soul Shard, unlocking the hidden power of your spells.\n\n|cFFFFFFFFDemonic Circle: Teleport|r: Increases your movement speed by $387633s1% and makes you immune to snares and roots for $387633d.\n\n|cFFFFFFFFDemonic Gateway|r: Can be cast instantly.\n\n|cFFFFFFFFDrain Life|r: Gain an absorb shield equal to the amount of healing done for $387630d. This shield cannot exceed $387630s1% of your maximum health.\n\n|cFFFFFFFFHealthstone|r: Increases the healing of your Healthstone by $387626s2% and increases your maximum health by $387636s1% for $387636d.
387638	Shadowboxing Treads	api	Blackout Kick's damage increased by 20% and it strikes an additional 2 targets.
387761	Panacea	api	Emerald Blossom and Verdant Embrace instantly heal you for 760 when cast.
387781	Commanding Light	api	Beacon of Light transfers an additional 5% of the amount healed.
387786	Moment of Compassion	api	Your Flash of Light heals for an additional 50% when cast on a target affected by your Beacon of Light.
387787	Regenerative Magic	api	Your Leech is increased by 2%.
387791	Empyreal Ward	api	Lay on Hands grants the target 30% increased armor for 8 sec and now ignores healing reduction effects.
387801	Echoing Blessings	api	Blessing of Freedom increases the target's movement speed by 30%. Blessing of Protection and Blessing of Sacrifice reduce the target's damage taken by 15%. These effects linger for 8 sec after the Blessing ends.
387805	Divine Glimpse	api	Holy Shock and Judgment have a 8% increased critical strike chance.
387807	Time Manipulation	api	The cooldown of your loss of control spells are reduced by 5 sec.
387808	Divine Revelations	api	While empowered by Infusion of Light, Flash of Light heals for an additional 20% and Judgment refunds 0.5% of your maximum mana.
387879	Breaking Dawn	api	Increases Light of Dawn's healing by 5%.
387991	Tear of Morning	api	Your Invigorating Mist healing is increased by 20% and your Enveloping Mist also heals allies with Renewing Mist for 8% of its healing.\n\nThe duration of Enveloping Mist is increased by 4 sec while you have a celestial summoned.
388020	Resplendent Mist	api	Gust of Mists has a 30% chance to do 100% more healing.
388031	Jade Bond	api	Chi Cocoons now apply Enveloping Mist for 4 sec when they expire or are consumed, and Chi-Ji's Gusts of Mists healing is increased by 20% and Yu'lon's Soothing Breath healing is increased by 500%.
388038	Yu'lon's Whisper	api	While channeling Mana Tea you exhale the breath of Yu'lon, healing up to 5 allies within 15 yards for 347 every 0.4 sec.
388039	Lone Survivor	api	The duration of Survival of the Fittest is increased by 2.0 sec.
388106	Soulscar	api	Throw Glaive causes targets to take an additional 80% of damage dealt as Chaos over 6 sec.
388107	Ragefire	api	Each time Immolation Aura deals damage, 35% of the damage dealt by up to 3 critical strikes is gathered as Ragefire.\n\nWhen Immolation Aura expires you explode, dealing all stored Ragefire damage to nearby enemies.
388108	Initiative	api	Damaging an enemy before they damage you increases your critical strike chance by 10% for 5 sec.\n\nVengeful Retreat refreshes your potential to trigger this effect on any enemies you are in combat with.
388112	Chaotic Transformation	api	When you activate Metamorphosis, the cooldowns of Blade Dance and Eye Beam are immediately reset.
388113	Isolated Prey	api	Chaos Nova, Eye Beam, and Immolation Aura gain bonuses when striking 1 target.\n\n Chaos Nova:\nStun duration increased by 2 sec.\n\n Eye Beam:\nDeals 30% increased damage.\n\n Immolation Aura:\nAlways critically strikes.
388116	Shattered Destiny	api	The duration of your active demon form is extended by 0.1 sec per 12 Fury spent.
388118	Know Your Enemy	api	Gain critical strike damage equal to 40% of your critical strike chance.
388212	Gift of the Celestials	api	Reduces the cooldown of Invoke Yul'on, the Jade Serpent by 1 min, but decreases its duration to 12 sec.
388218	Calming Coalescence	api	The absorb amount of Life Cocoon is increased by 80%.
388491	Secret Infusion	api	After using Thunder Focus Tea, your next spell gives 4% of a stat. Only one stat increase may be active at once:\nEnveloping Mist: Critical strike\nRenewing Mist: Haste\nRising Sun Kick: Versatility
388505	Quick Sip	api	Purify 5% of your Staggered damage each time you gain 3 sec of Shuffle duration.
388511	Overflowing Mists	api	Your Enveloping Mists heal the target for 2,280 each time they take direct damage.
388548	Mists of Life	api	Life Cocoon applies Renewing Mist and Enveloping Mist to the target.
388551	Uplifted Spirits	api	The cooldown of Revival is reduced by 30 sec and Revival healing increased by 15%.
388593	Peaceful Mending	api	Allies targeted by Soothing Mist receive 40% more healing from your Enveloping Mist and Renewing Mist effects.
388615	Restoral	api	Heals all party and raid members within 40 yds for 22,203 and clears them of all harmful Poison and Disease effects. \n\nCastable while stunned.\n\nHealing reduced beyond 5 targets.
388664	Calming Presence	api	Reduces all damage taken by 3%.
388667	Drain Soul	api	Replaces Shadow Bolt.\n\nDrains the target's soul, causing 2,117 Shadow damage over 4.5 sec.\n\nDamage is increased by 100% against enemies below 20% health.\n\nGenerates 1 Soul Shard if the target dies during this effect.
388674	Ferocity of Xuen	api	Increases all damage dealt by 2%.
388681	Elusive Mists	api	Reduces all damage taken by you and your target while channeling Soothing Mists by 6%.
388682	Misty Peaks	api	Renewing Mist's heal over time effect has a 5.0% chance to apply Enveloping Mist for 2 sec.
388701	Dancing Mists	api	Renewing Mist has a 8% chance to immediately spread to an additional target when initially cast or when traveling to a new target.
388779	Way of the Crane	api	Tiger Palms strike twice, Blackout Kicks strike an additional 2 targets at 20% effectiveness, and Spinning Crane Kick heals 1 nearby allies for 340% of the damage done.
388809	Fast Feet	api	Rising Sun Kick deals 70% increased damage. Spinning Crane Kick deals 10% additional damage.
388811	Grace of the Crane	api	Increases all healing taken by 6%.
388812	Vivacious Vivification	api	After casting Rising Sun Kick, your next Vivify becomes instant cast.\n\nThis effect also reduces the energy cost of Vivify by 75%.
388813	Expeditious Fortification	api	Fortifying Brew cooldown reduced by 30 sec.
388814	Ironshell Brew	api	Increases your maximum health by an additional 10% and your damage taken is reduced by an additional 10% while Fortifying Brew is active.
388827	Explosive Potential	api	Reduces the cooldown of Conflagrate by 2 sec.
388832	Scalding Flames	api	Increases the damage of Immolate by 25% and its duration by 3 sec.
388847	Rapid Diffusion	api	Rising Sun Kick and Enveloping Mist apply Renewing Mist for 6 seconds to an ally within 40 yds.
388848	Crane Vortex	api	Spinning Crane Kick damage increased by 15% and its radius is increased by 15%.
388849	Rising Star	api	Rising Sun Kick damage increased by 15% and critical strike damage increased by 10%.
388856	Touch of the Tiger	api	Tiger Palm damage increased by 50%.
388874	Improved Detox	api	Detox additionally removes all Poison and Disease effects.
389019	Bulletstorm	api	Damage from Rapid Fire increases the damage of Aimed Shot by 1% for 15 sec, stacking up to 15 times.\n\nNew stacks do not refresh duration and are removed upon casting Rapid Fire.
389220	Fiery Demise	api	Fiery Brand also increases Fire damage you deal to the target by 15%.
389306	Critical Thinking	api	Execute critical strike chance increased by 5% and Execute immediately refunds an additional 10% of the Rage spent.
389367	Fel Synergy	api	Soul Leech also heals you for 8% and your pet for 25% of the absorption it grants.
389539	Sentinel	api	Call upon the Light and gain 15 stacks of Divine Resolve, increasing your maximum health by 1% and reducing your damage taken by 2% per stack for 20 sec. After 5.0 sec, you will begin to lose 1 stack per second, but each 3 Holy Power spent will delay the loss of your next stack by 1 sec.\n\nCombines with Avenging Wrath.
389579	Save Them All	api	Your healing is increased by up to 10%, based on the current health of your target. Lower health targets are healed for more.
389590	Demonic Resilience	api	Reduces the chance you will be critically struck by 2%. All damage your primary demon takes is reduced by 8%.
389609	Abyss Walker	api	Using Demonic Circle: Teleport or your Demonic Gateway reduces all damage you take by 4% for 10 sec.
389623	Gorefiend's Resolve	api	Targets resurrected with Soulstone resurrect with 40% additional health and 80% additional mana.
389682	Unholy Endurance	api	Increases Lichborne duration by 2 sec and reduces the cooldown by 30 sec.
389687	Chaos Theory	api	Blade Dance causes your next Chaos Strike within 8 sec to have a 14-30% increased critical strike chance and will always refund Fury.
389688	Tactical Retreat	api	Vengeful Retreat has a 5 sec reduced cooldown and generates 80 Fury over 10 sec.
389693	Inner Demon	api	Entering demon form causes your next Chaos Strike to unleash your inner demon, causing it to crash into your target and deal 74 Chaos damage to all nearby enemies. Deals reduced damage beyond 5 targets.
389695	Will of the Illidari	api	Increases maximum health by 3%.
389696	Illidari Knowledge	api	Reduces magic damage taken by 3%.
389705	Fel Flame Fortification	api	You take 10% reduced magic damage while Immolation Aura is active.
389708	Darkglare Boon	api	When Fel Devastation finishes fully channeling, it refreshes 15-30% of its cooldown and refunds 15-30 Fury.
389711	Soulmonger	api	When consuming a Soul Fragment would heal you above full health it shields you instead, up to a maximum of 3,055.
389715	Chains of Anger	api	Increases the duration of your Sigils by 2 sec and radius by 2 yds.
389718	Cycle of Binding	api	Your Sigils have 15% reduced cooldowns.
389720	Calcified Spikes	api	Demon Spikes reduces damage taken by 5% while active.
389724	Felfire Fist	api	Activating Infernal Strike out of combat or within 5 sec of entering combat places a Sigil of Flame at the target location.
389729	Retaliation	api	While Demon Spikes is active, melee attacks against you cause the attacker to take 10 Physical damage. Generates high threat.
389732	Down in Flames	api	Fiery Brand has 12 sec reduced cooldown and 1 additional charge.
389763	Master of the Glaive	api	Throw Glaive has 2 charges and snares all enemies hit by 50% for 6 sec.
389781	Long Night	api	Increases the duration of Darkness by 3 sec.
389783	Pitch Black	api	Reduces the cooldown of Darkness by 120 sec.
389794	Snowdrift	api	Summon a strong Blizzard that surrounds you for 6 sec that slows enemies by 70% and deals 81 Frost damage every 1 sec. \n\nEnemies that are caught in Snowdrift for 2 sec consecutively become Frozen in ice, stunned for 4 sec.
389824	Shattered Restoration	api	The healing of Shattered Souls is increased by 10%.
389846	Felfire Haste	api	Fel Rush increases your movement speed by 10% for 8 sec.
389849	Lost in Darkness	api	Spectral Sight has 5 sec reduced cooldown and no longer reduces movement speed.
389942	Face Palm	api	Tiger Palm's damage is increased by 100% and reduces the remaining cooldown of your Brews by 0.5 additional sec.
389958	Frailty	api	Enemies struck by Sigil of Flame, Soul Cleave, and Spirit Bomb are afflicted with Frailty for 8 sec.\n\nYou heal for 8% of all damage you deal to targets with Frailty.
389976	Vulnerability	api	Frailty now also increases all damage you deal to afflicted targets by 3%.
389977	Relentless Onslaught	api	Chaos Strike has a 10% chance to trigger a second Chaos Strike.
389978	Dancing with Fate	api	The final slash of Blade Dance deals an additional 25% damage.
389985	Soulcrush	api	The effects of Frailty are doubled.
390152	Collective Anguish	api	Eye Beam summons an allied Vengeance Demon Hunter who casts Fel Devastation, dealing 92 Fire damage over 2 sec. Dealing damage heals you for up to 49 health.
390154	Serrated Glaive	api	Enemies hit by Chaos Strike or Throw Glaive take 15% increased damage from Chaos Strike and Throw Glaive for 15 sec.
390158	Growing Inferno	api	Immolation Aura's damage increases by 10% each time it deals damage.
390163	Sigil of Spite	api	Place a demonic sigil at the target location that activates after 2 sec.\n\nDetonates to deal 242 Chaos damage and shatter up to 3 Soul Fragments from enemies affected by the sigil. Deals reduced damage beyond 5 targets.
390166	Plague Mastery	api	Critical strike damage of your diseases is increased by 25%
390196	Magus of the Dead	api	Dark Transformation and Army of the Dead summon a Magus of the Dead who hurls Frostbolts and Shadow Bolts at your foes for 15 sec.
390213	Burning Blood	api	Fire damage increased by 8%.
390218	Overflowing Energy	api	Each time your Arcane Barrage fails to critically strike, it gains 10% increased critical strike chance.\n\nCritical strike bonus is removed when the affected spell critically strikes.
390259	Commander of the Dead	api	Dark Transformation empowers your Gargoyle, Abomination, Magus and Lesser Ghouls for 30 sec, increasing their damage by 25%.\n\nThe duration of Lesser Ghouls are increased by 0% of your Mastery.
390270	Coil of Devastation	api	Death Coil deals 10% increased damage and causes the target to take an additional 30% of the direct damage dealt over 4 sec.
390283	Superstrain	api	Dread Plague deals damage to an additional nearby enemy at 75% effectiveness and has a chance to grant you 4 Runic Power.
390288	Unruly Winds	api	Windfury Weapon has a 100% chance to trigger a third attack.
390370	Ashen Catalyst	api	When Lava Lash strikes a target affected by your Flame Shock, its cooldown is reduced by 2.0 sec.
390378	Orbital Strike	api	Celestial Alignment blasts all enemies in a targeted area for 1,018 Astral damage and applies Stellar Flare to them.\n\nReduces the cooldown of Celestial Alignment by 60 sec.\n\n Stellar Flare\nBurns the target for 68 Astral damage, and then an additional 894 damage over 24 sec. If dispelled, causes 803 damage to the dispeller and blasts them upwards.\n\nGenerates 12 Astral Power.
390386	Fury of the Aspects	api	Increases haste by 30% for all party and raid members for 40 sec.\n\nAllies receiving this effect will become Exhausted and unable to benefit from Fury of the Aspects or similar effects again for 10 min.
390428	Glass Cannon	api	Increases damage of Fireball, Scorch, and Ignite by 20% but decreases your maximum health by 30%.
390612	Frost Bomb	api	Places a Frost Bomb on the target. After 5 sec, the bomb explodes, dealing 3,830 Frost damage to the target and 1,923 Frost damage to all other enemies within 10 yards. All affected targets are slowed by 50% for 8 sec. \n\nIf Frost Bomb is dispelled before it explodes, gain a charge of Brain Freeze.
390620	Move with Grace	api	Reduces the cooldown of Leap of Faith by 30 sec.
390632	Improved Purify	api	Purify additionally removes all Disease effects.
390667	Spell Warding	api	Reduces all magic damage taken by 3%.
390670	Improved Fade	api	Reduces the cooldown of Fade by 5 sec.
390676	Inspiration	api	Reduces your target's physical damage taken by 5% for 15 sec after a critical heal with Flash Heal or Penance.
390684	Bright Pupil	api	Reduces the cooldown of Power Word: Radiance by 3 sec.
390685	Enduring Luminescence	api	Reduces the cast time of Power Word: Radiance by 30% and causes it to apply Atonement at an additional 10% of its normal duration.
390686	Painful Punishment	api	Each Penance bolt extends the duration of Shadow Word: Pain on enemies hit by 1.5 sec.
390689	Pain and Suffering	api	Increases the damage of Shadow Word: Pain by 8% and increases its duration by 2 sec.
390691	Borrowed Time	api	Casting Power Word: Shield increases your Haste by 5% for 4 sec.
390693	Inner Focus	api	Flash Heal, Power Word: Shield, Penance, and Power Word: Radiance have a 20% increased chance to critically heal.
390772	Pouncing Strikes	api	While stealthed, Rake will also stun the target for 4 sec, and deal 60% increased damage for its full duration.\n\nWhile stealthed, Shred deals 60% increased damage, has double the chance to critically strike, and generates 1 additional combo point.
390786	Weal and Woe	api	Your Penance bolts increase the absorb of your next Power Word: Shield by 3%.\n\nStacks up to 10 times.
390808	Volatile Flameblood	api	Immolation Aura has 10% increased critical strike chance and generates 1-5 Fury when it deals critical damage.\n\nThis effect may only occur once per 1 sec.
390832	Expiation	api	Mind Blast and Shadow Word: Death consume 1 sec of Shadow Word: Pain, dealing damage equal to 300% of the amount consumed.
390864	Wild Slashes	api	Swipe damage is increased by 40%.
390902	Carnivorous Instinct	api	Tiger's Fury's damage bonus is increased by 6%.
390919	Sheer Terror	api	Increases the amount of damage required to break your Psychic Scream by 25%.
390954	Crisis Management	api	Increases the critical strike chance of Flash Heal and Prayer of Healing by 15%.
390967	Prismatic Echoes	api	Increases the healing done by your Mastery: Echo of Light by 5% and your Renew by 13%.
390972	Twist of Fate	api	After damaging or healing a target below 35% health, gain 5% increased damage and healing for 8 sec.
390977	Prayers of the Virtuous	api	Prayer of Mending jumps 2 additional times.
390992	Lightweaver	api	Flash Heal reduces the cast time of your next Prayer of Healing within 20 sec by 30% and increases its healing done by 18%.\n\nCan accumulate up to 4 charges.
390994	Voice of Harmony	api	Prayer of Mending reduces the cooldown of Holy Word: Serenity by 4 sec.\n\nHoly Fire reduces the cooldown of Holy Word: Chastise by 4 sec.
391045	Dreadful Bleeding	api	Rip damage increased by 20%.
391054	Intercession	api	Petition the Light on the behalf of a fallen ally, restoring spirit to body and allowing them to reenter battle with 60% health and at least 20% mana.
391078	Raging Fury	api	Tiger's Fury lasts 5 additional seconds.
391090	Shattered Psyche	api	Mind Flay damage increases the critical strike chance of Mind Blast by 8%, stacking up to 12 times.\n\nLasts 10 sec.
391099	Dark Evangelism	api	Increases your periodic spell damage by 6%.
391124	Restitution	api	After Spirit of Redemption expires, you will revive at up to 100% health, based on your healing done during Spirit of Redemption. After reviving, you cannot benefit from Spirit of Redemption for 10 min.
391142	Zealot's Paragon	api	Hammer of Wrath and Judgment deal 10% additional damage and extend the duration of Avenging Wrath by 0.5 sec.
391151	Mastermind	api	Increases the critical strike chance of Mind Blast, Mind Flay, and Shadow Word: Death by 4% and increases their critical strike damage by 20%.
391174	Berserk: Heart of the Lion	api	Reduces the cooldown of Berserk by 60 sec.
391178	Roaring Fire	api	Fel Devastation heals you for up to 50% more, based on your missing health.
391186	Say Your Prayers	api	Prayer of Mending has a 15% chance to not consume a charge when it jumps to a new target.
391189	Burning Wound	api	Demon's Bite and Throw Glaive leave open wounds on your enemies, dealing 25 Chaos damage over 15 sec and increasing damage taken from your Immolation Aura by 35%.\n\nMay be applied to up to 3 targets.
391209	Prayerful Litany	api	The primary target of Prayer of Healing is healed for 125% more.
391228	Maddening Touch	api	Vampiric Touch deals 20% additional damage and has a chance to generate 1 Insanity each time it deals damage.
391233	Divine Service	api	Prayer of Mending heals 4% more for each bounce remaining.
391271	Honed Reflexes	api	Cooldown of Die By the Sword, Intervene, Interpose, Spell Reflection, Storm Bolt, and Pummel reduced by 10%.\n\nSuccessfully interrupting an enemy increases the damage you deal to them by 5% for 10 sec.
391275	Accelerated Blade	api	Throw Glaive deals 60% increased damage, reduced by 30% for each previous enemy hit.
391284	Tormented Spirits	api	Your Shadow Word: Pain damage has a chance to create Shadowy Apparitions that float towards all targets afflicted by your Vampiric Touch. \n\nCritical strikes increase the chance by 100%.
391330	Meridian Strikes	api	The cooldown of Touch of Death is reduced by 45 sec.\n\nTouch of Death deals an additional 15% damage.
391347	Rip and Tear	api	Applying Rip to a target also applies a Tear that deals 15% of the new Rip's damage over 8 sec.
391370	Drinking Horn Cover	api	The duration of Zenith is extended by 5 sec.
391381	Desperate Times	api	Increases healing by 10% on friendly targets at or below 50% health.
391383	Hardened Soles	api	Blackout Kick critical strike chance increased by 10% and critical damage increased by 18%.
391386	Blood Feast	api	Anti-Magic Shell heals you for 100% of the damage it absorbs.
391395	Iron Heart	api	Blood Shield's duration is increased by 2 sec and it absorbs 20% more damage.
391397	Erratic Felheart	api	The cooldown of Fel Rush is reduced by 1.0 sec.
391398	Bloodshot	api	While Blood Shield is active, you deal 8% increased damage.
391399	Surge of Insanity	api	Mind Flay damage increased by 15% and Insanity generation increased by 30%.
391409	Aldrachi Design	api	Increases your chance to parry by 3%.
391458	Sanguine Ground	api	You deal 6% more damage and receive 5% more healing while standing in your Death and Decay.
391477	Coagulopathy	api	Enemies affected by Blood Plague take 5% increased damage from you and Death Strike increases the damage of your Blood Plague by 10% for 15 sec, stacking up to 4 times.
391517	Umbilicus Eternus	api	After Vampiric Blood expires, you absorb damage equal to 5 times the damage your Blood Plague dealt during Vampiric Blood.
391528	Convoke the Spirits	api	Call upon the spirits for an eruption of energy, channeling a rapid flurry of 16 Druid spells and abilities over 4 sec.\n\nYou will cast Wild Growth, Swiftmend, Moonfire, Wrath, Regrowth, Rejuvenation, Rake, and Thrash on appropriate nearby targets, favoring your current shapeshift form.
391546	March of Darkness	api	Death's Advance grants an additional 25% movement speed over the first 3 sec.
391548	Ashamane's Guidance	api	Incarnation: Avatar of Ashamane\nIncarnation: Avatar of Ashamane's cooldown is reduced by 30 sec.\n\n Convoke the Spirits\nConvoke the Spirits' cooldown is reduced by 50% and its duration and number of spells cast is reduced by 25%. Convoke the Spirits has an increased chance to use an exceptional spell or ability.
391559	Surging Shots	api	Rapid Fire deals 35% additional damage, and Aimed Shot has a 15% chance to reset the cooldown of Rapid Fire.
391566	Insidious Chill	api	Your auto-attacks reduce the target's auto-attack speed by 5% for 30 sec, stacking up to 4 times.
391571	Gloom Ward	api	Absorbs are 15% more effective on you.
391700	Double-Clawed Rake	api	Rake also applies Rake to 1 additional nearby target.
391709	Rampant Ferocity	api	Ferocious Bite also deals 10 damage per combo point spent to all nearby enemies. Spending extra Energy on Ferocious Bite increases damage dealt by up to 100%. Damage reduced beyond 5 targets.
391872	Tiger's Tenacity	api	Tiger's Fury causes your next 3 finishing moves to restore 1 combo point.\n\nTiger's Fury also increases the periodic damage of your bleeds by an additional 10% for their full duration.
391875	Frantic Momentum	api	Finishing moves have a 3% chance per combo point spent to grant 10% Haste for 6 sec.
391881	Apex Predator's Craving	api	Rip damage has a 5.0% chance to make your next Ferocious Bite free and deal the maximum damage.
391978	Veinripper	api	Rip and Rake last 25% longer.
392053	Piercing Fangs	api	While Bestial Wrath is active, your pet's critical damage dealt is increased by 35%.
392099	Nurturing Dormancy	api	When your Rejuvenation heals a full health target, its duration is increased by 2 sec, up to a maximum total increase of 6 sec per cast.
392116	Regenerative Heartwood	api	Allies protected by your Ironbark also receive 75% of the healing from each of your active Rejuvenations and Ironbark's duration is increased by 4 sec.
392124	Embrace of the Dream	api	Wild Growth momentarily shifts your mind into the Emerald Dream, instantly healing all allies affected by your Rejuvenation or Regrowth for 820.
392167	Everbloom	api	Lifebloom stacks every 5 sec, stacking up to 3 times.
392221	Waking Dream	api	Ysera's Gift now heals every 4 sec and its healing is increased by 8% for each of your active Rejuvenations.
392256	Harmonious Blooming	api	Lifebloom counts for 3 stacks of Mastery: Harmony.
392288	Nature's Splendor	api	The healing bonus to Regrowth from Nature's Swiftness is increased by 35%.
392302	Power of the Archdruid	api	Soul of the Forest now causes your next Rejuvenation or Regrowth to apply to 2 additional allies within 20 yards of the target.
392325	Verdancy	api	When Lifebloom blooms, up to 3 targets within your Efflorescence are healed for 360.
392352	Storm's Wrath	api	Increase the chance for Mastery: Enhanced Elements to trigger Windfury and Stormsurge by 150%.
392356	Reforestation	api	Every 4 casts of Swiftmend grants you Incarnation: Tree of Life for 10 sec.
392378	Improved Nature's Cure	api	Nature's Cure additionally removes all Curse and Poison effects.
392384	Fatal Concoction	api	Increases the damage of your weapon poisons by 20%.
392410	Verdant Infusion	api	Swiftmend no longer consumes a heal over time effect, and extends the duration of your heal over time effects on the target by 8 sec.
392507	Deathspeaker	api	Shadow Word: Death damage increased by 25%.\n\nShadow Word: Death gains its damage and talent bonuses against targets below 35% health instead of 20%.
392566	Enfeeble	api	Your ghoul's attacks have a chance to apply Enfeeble, reducing the enemies movement speed by 30% and the damage they deal to you by 12% for 6 sec.
392777	Cruel Strikes	api	Critical strike chance increased by 1% and critical strike damage of Execute increased by 5%.
392792	Frothing Berserker	api	Mortal Strike and Cleave have a 20% chance to immediately refund 10% of the Rage spent.
392900	Vigorous Expulsion	api	Expel Harm's healing increased by 5% and critical strike chance increased by 15%.
392902	Resplendent Light	api	Holy Light heals up to 5 targets within 12 yds for 8% of its healing.
392907	Inflorescence of the Sunwell	api	Infusion of Light has 1 additional charge.
392910	Profound Rebuttal	api	Expel Harm's critical healing is increased by 50%.
392911	Unwavering Spirit	api	The cooldown of Aura Mastery is reduced by 30 sec.
392928	Tirion's Devotion	api	Lay on Hands' cooldown is reduced by 1.0 sec per Holy Power spent.
392931	Cruelty	api	While Enraged, Bloodthirst and Raging Blow deal 5% increased damage.
392936	Wrath and Fury	api	Raging Blow deals 15% increased damage and while Enraged, Raging Blow has a 10% increased chance to instantly reset its own cooldown.
392938	Veneration	api	Judgment grants an absorb shield on up to 5 injured allies for 8% of the damage done, split evenly among them.\n\nFlash of Light and Holy Light critical strikes reset the cooldown of Judgment.
392950	Icebreaker	api	When empowered by Rime, Howling Blast deals 30% increased damage to your primary target.
392958	Glory of the Dawn	api	Rising Sun Kick has a chance equal to 100% of your haste to trigger a second time, dealing 17 Physical damage and restoring 1 Chi.
392961	Imbued Infusions	api	Consuming Infusion of Light reduces the cooldown of Holy Shock by 1.0 sec.
392979	Jade Ignition	api	Spinning Crane Kick detonates into a Chi Explosion, dealing 63 Nature damage to all enemies within 8 yards, reduced beyond 5 targets.
392982	Shadowboxing Treads	api	Blackout Kick damage increased by 5% and strikes an additional 2 targets at 80% effectiveness.
392983	Strike of the Windlord	api	Strike with both fists at all enemies in front of you, dealing 529 Physical damage and reducing movement speed by 50% for 6 sec. Deals reduced damage to secondary targets.
392985	Thunderfist	api	Strike of the Windlord and Whirling Dragon Punch grant you 4 stacks of Thunderfist and an additional stack for each additional enemy struck. \n\nThunderfist discharges upon melee strikes, dealing 56 Nature damage.
392986	Xuen's Bond	api	Invoke Xuen, the White Tiger's damage is increased by 30% and its cooldown is reduced by 30 sec.
392988	Divine Image	api	Your Holy Words summon an image of a Naaru at your side. For 9 sec, whenever you cast a healing or damaging spell, the Naaru will cast a similar spell.\n\nIf an image has already been summoned, that image is empowered instead.
392993	Xuen's Battlegear	api	Rising Sun Kick critical strikes reduce the cooldown of Fists of Fury by 4 sec.\n\nSpinning Crane Kick reduces the cooldown of Fists of Fury by 0.5 sec for each unique target struck, up to 2.5 sec.\n\nThe critical strike chance of Rising Sun Kick is increased by 20%.
392994	Path of Jade	api	Increases the damage of Jadefire Stomp by 10% per target hit by that damage, up to a maximum of 50% additional damage.
393024	Improved Cleanse	api	Cleanse additionally removes all Disease and Poison effects.
393029	Furious Throws	api	Throw Glaive now costs 25 Fury and throws a second glaive at the target.
393071	Strength in Adversity	api	For each target hit by Avenger's Shield, gain 3% parry for 15 sec.
393114	Improved Ardent Defender	api	Ardent Defender reduces damage taken by an additional 10%.
393357	Tranquil Spirit	api	When you consume a Healing Sphere, you clear 5% of your currently Staggered damage.
393371	Cenarius' Guidance	api	Incarnation: Tree of Life\nDuring Incarnation: Tree of Life, you summon a Grove Guardian every 10 sec. The cooldown of Incarnation: Tree of Life is reduced by 5.0 sec when Grove Guardians fade.\n\n Convoke the Spirits\nConvoke the Spirits' cooldown is reduced by 50% and its duration and number of spells cast is reduced by 25%. Convoke the Spirits has an increased chance to use an exceptional spell or ability.
393414	Ursoc's Guidance	api	Incarnation: Guardian of Ursoc: \nEvery 25 Rage you spend reduces the cooldown of Incarnation: Guardian of Ursoc by 1 sec.\n\n Convoke the Spirits: \nConvoke the Spirits' cooldown is reduced by 50% and its duration and number of spells cast is reduced by 25%. Convoke the Spirits has an increased chance to use an exceptional spell or ability.
393427	Flashing Claws	api	Thrash has a 10% chance to trigger an additional Thrash.\n\nThrash stacks 1 additional time.
393516	Pretense of Instability	api	Drinking a Brew grants you 10% dodge for 5 sec.
393611	Ursoc's Endurance	api	Increases the duration of Barkskin and Ironfur by 2.0 sec.
393618	Reinforced Fur	api	Ironfur increases armor by an additional 15% and Barkskin reduces damage taken by an additional 10%.
393760	Umbral Embrace	api	Wrath and Starfire have a 20% chance to cause your next Wrath or Starfire cast during an Eclipse to become Astral and deal 75% additional damage.
393822	Internal Struggle	api	Increases your mastery by 2.6%.
393827	Stoke the Flames	api	Fel Devastation damage increased by 30%.
393870	Improved Flash Heal	api	Increases healing done by Flash Heal by 15%.
393933	War Orders	api	Barbed Shot deals 10% increased damage, and applying Barbed Shot reduces the cooldown of Kill Command by 3.0 sec.
393940	Starweaver	api	Starsurge has a 20% chance to make Starfall free. Starfall has a 40% chance to make Starsurge free.
393950	Bloodcraze	api	Raging Blow increases the damage of your next Bloodthirst by 5%, stacking up to 5 times.
393954	Rattle the Stars	api	Starsurge and Starfall deal 8% increased damage and their cost is reduced by 10%.
393970	Soothing Darkness	api	You are healed for 30% of your maximum health over 6 sec after activating Vanish.
393991	Elune's Guidance	api	Incarnation: Chosen of Elune\nReduces the Astral Power cost of Starsurge by 10, and the Astral Power cost of Starfall by 12.\n\n Convoke the Spirits\nCooldown is reduced by 50% and its duration and number of spells cast is reduced by 25%. Convoke the Spirits has an increased chance to use an exceptional spell or ability.
394046	Power of Goldrinn	api	Starsurge has a chance to summon the Spirit of Goldrinn, which immediately deals 974 Astral damage to the target.
394048	Balance of All Things	api	Entering Eclipse increases your critical strike chance with Arcane or Nature spells by 20%, decreasing by 2% every 1 sec.
394065	Denizen of the Dream	api	Your Moonfire and Sunfire have a chance to summon a Faerie Dragon to assist you in battle for 30 sec.
394094	Sundered Firmament	api	Every other Eclipse creates a Fury of Elune at 25% effectiveness that follows your current target for 8 sec.
394110	Escape from Reality	api	After you use Transcendence: Transfer, you can use Transcendence: Transfer again within 10 sec, ignoring its cooldown.
394121	Radiant Moonlight	api	New Moon, Half Moon, and Full Moon deal 25% increased damage. Full Moon becomes Full Moon once more before resetting to New Moon.\n\nFury of Elune deals 50% increased damage and its cooldown is reduced by 15 sec.
394123	Fatal Touch	api	Touch of Death's cooldown is reduced by 90 sec.
394311	Instigate	api	Devastate deals 20% increased damage and generates 2 Rage.\n\nDevastator deals 10% increased damage and generates 2 Rage.
394320	Secret Stratagem	api	Gain 1 additional max combo point.\n\nYour finishing moves that consume more than 5 combo points have increased effects, and your finishing moves deal 5% increased damage.
394321	Devious Stratagem	api	Gain 1 additional max combo point.\n\nYour finishing moves that consume more than 5 combo points have increased effects, and your finishing moves deal 5% increased damage.
394930	Double Dance	api	Shadow Dance has 1 additional charge.
394931	Thrill Seeking	api	Shadowstep has 1 additional charge.
395152	Ebon Might	api	Increase all damage dealing allies' primary stat by 8.0% of your own and increase your own damage by 20% for 10 sec.\n\nEbon Might will split its effect when applied to more than 2 other allies.\n\nEruption, Deep Breath, and your empower spells extend the duration of these effects.
395160	Eruption	api	Cause a violent eruption beneath an enemy's feet, dealing 1,064 Volcanic damage split between them and nearby enemies.
395277	Teleport: Valdrakken	api	Teleports you to Valdrakken.
395289	Portal: Valdrakken	api	Creates a portal, teleporting group members that use it to Valdrakken.
395422	Improved Adrenaline Rush	api	Generate full combo points when you gain Adrenaline Rush.
395446	Soul Sigils	api	Afflicting an enemy with a Sigil generates 1 Soul Fragment.
396187	Essence Burst	api	Your Living Flame has a 20% chance, and your Azure Strike has a 15% chance, to make your next Eruption cost no Essence.
396286	Upheaval	api	Gather earthen power beneath your enemy's feet and send them hurtling upwards, dealing 1,626 Volcanic damage to the target and nearby enemies.\n\nEmpowering expands the area of effect.\n\nI:   3 yd radius.\n\nII:  6 yd radius.\n\nIII: 9 yd radius.
396749	Reckless Abandon	api	Activating Recklessness generates 50 Rage and while Recklessness is active, Raging Blow and Bloodthirst are upgraded to Crushing Blow and Bloodbath.\n\n Crushing Blow\nDeals increased damage and deals 20% additional critical strike damage.\n\n Bloodbath\nDeals increased damage and wounds the target to suffer 21 Bleed damage over 6 sec. Using Bloodbath on a target affected by Bloodbath extends the bleed by 6 sec.
397103	Defender's Aegis	api	Shield Wall gains 1 additional charge and its cooldown is reduced by 60 sec.
397768	Inner Peace	api	Increases maximum Energy by 30. Tiger Palm's Energy cost reduced by 5.
399226	Burst of Life	api	When Life Cocoon expires, it releases a burst of mist that restores 3,062 health to 3 nearby allies.
399491	Sheilun's Gift	api	Draws in all nearby clouds of mist, healing the friendly target and up to 2 nearby allies for 1,584 and an additional 79 per cloud absorbed.\n\nA cloud of mist is generated every 8 sec while in combat.
400053	Veil of Pride	api	Increases Sheilun's Gift cloud of mist generation to every 4 sec.
400059	Cosmic Rapidity	api	Your Moonfire and Sunfire deal damage 20% more frequently, also increasing the rate that Shooting Stars fall.
400129	Forestwalk	api	Casting Regrowth increases your movement speed and healing received by 8% for 6 sec.
400140	Incessant Tempest	api	Reduces the cooldown of Typhoon by 5 sec.
400142	Gale Winds	api	Increases Typhoon's radius by 20% and its range by 5 yds.
400205	Overpowering Finish	api	Overpower deals 15% additional damage to targets below 35% health.
400254	Raze	api	Strike with the might of Ursoc, dealing 74 Physical damage to your target and 40 to all other enemies in front of you. Damage reduced beyond 5 targets.
400278	Moonless Night	api	Your direct damage melee abilities against enemies afflicted by Moonfire cause them to burn for an additional 20% Arcane damage.
400320	Circle of Life and Death	api	Your damage over time effects deal their damage in 20% less time, and your healing over time effects in 15% less time.
400456	Salvo	api	Volley now also applies Explosive Shot to up to 2 targets hit.\n\n Explosive Shot\nFires an explosive shot at your target. After 3 sec, the shot will explode, dealing 200 Fire damage to all enemies within 8 yds. Deals reduced damage beyond 5 targets.
400533	Wild Synthesis	api	Grove Guardians, Efflorescence, and your other summons heal for 30% more.
400629	Spirit of the Ox	api	Blackout Kick has a chance to summon a Healing Sphere.\n\nHealing Sphere:\nSummon a Healing Sphere visible only to you. Moving through this Healing Sphere heals you for 117.
400803	Strength of Arms	api	Overpower and Slam damage increased by 5% and critical strike damage increased by 5%.\nCritical strike chance of Slam and Overpower increased by 5%.
400804	Unbreakable Stride	api	Reduces the duration of movement slowing effects 30%.
402912	Righteous Cause	api	Each Holy Power spent has a 6% chance to reset the cooldown of Blade of Justice.
402964	Sanctified Plates	api	Armor increased by 10%, Stamina increased by 5% and damage taken from area of effect attacks reduced by 3%.
402971	Jurisdiction	api	Templar's Verdict and Blade of Justice deal 10% increased damage.\n\nThe range of Blade of Justice is increased to 20 yds.
403010	Blessed Champion	api	Crusader Strike and Judgment hit an additional 4 targets but deal 25% reduced damage to secondary targets.
403026	Burning Crusade	api	Your damage over time effects deal 10% more damage.
403208	Draconic Attunements	api	Learn to attune yourself to the essence of the Black or Bronze Dragonflights:\n\nBlack Attunement: You and your 4 nearest allies have 2% increased maximum health.\n\nBronze Attunement:You and your 4 nearest allies have 10% increased movement speed.
403479	Lightforged Blessing	api	Divine Storm heals you and up to 2 nearby allies for 35.
403495	Judgment of Justice	api	Judgment deals 10% increased damage and increases your movement speed by 10% for 5 sec.\n\nIf you have Greater Judgment, Judgment slows enemies by 30% for 8 sec.
403509	Zealot's Fervor	api	Auto-attack speed increased by 20%.
403521	Tranquil Mind	api	Increases Omen of Clarity's chance to activate Clearcasting to 5% and Clearcasting can stack 1 additional time.
403530	Punishment	api	Successfully interrupting an enemy with Rebuke casts an extra Crusader Strike.
403631	Breath of Eons	api	Fly to the targeted location, exposing a Temporal Wound on enemies in your path for 10 sec.\n\nRemoves roots and grants immunity to movement impairing and loss of control effects while flying.\n\n Temporal Wound\n15% of damage dealt by allies affected by Ebon Might is copied as additional Arcane damage to enemies after 10 sec.\n\nDamage is reduced if Ebon Might affects more than 2 other allies.
403664	Blades of Light	api	Crusader Strike, Judgment and Blade of Justice deal 10% increased damage.
403745	Improved Blade of Justice	api	Blade of Justice now has 2 charges.
403826	Blade of Vengeance	api	Blade of Justice now hits nearby enemies for 20 Holy damage. \n\nDeals reduced damage beyond 5 targets.
403876	Divine Protection	api	Reduces all damage you take by 20% for 8 sec. Usable while stunned.
404195	Defy Fate	api	Fatal attacks are diverted into a nearby timeline, preventing the damage, and your death, in this one.\n\nThe release of temporal energy restores 9,941 health to you, and 3,263 to 4 nearby allies, over 9 sec. Healing starts high and declines over the duration.\n\nMay only occur once every 6 min.
404357	Guided Prayer	api	When your health is brought below 25%, you instantly cast a free Word of Glory at 60% effectiveness on yourself.\n\nCannot occur more than once every 60 sec.
404408	Legacy of Wisdom	api	Sheilun's Gift heals 2 additional allies and its cast time is reduced by 0.5 sec.
404436	Light of Justice	api	Reduces the cooldown of Blade of Justice by 2 sec.
404512	Highlord's Wrath	api	Mastery: Highlord's Judgment is 50% more effective on Judgment and Hammer of Wrath. Judgment applies an additional stack of Greater Judgment if it is known.
404521	Rampant Growth	api	Regrowth's healing over time is increased by 100%, and it also applies to the target of your Lifebloom.
404542	Crusading Strikes	api	Crusader Strike replaces your auto-attacks and deals 81 Physical damage, but you auto-attack 20% slower.
404977	Time Skip	api	Surge forward in time, causing your cooldowns to recover 1,000% faster for 2 sec.
405189	Overflowing Power	db2-template+redirect	Go Berserk for $d. While Berserk:\n\nGenerate $343216s1 combo $lpoint:points; every $t1 sec. Combo point generating abilities generate $s2 additional combo $lpoint:points;. Finishing moves restore up to $405189u combo points generated over the cap.\n\nAll attack and ability damage is increased by $s3%.
405278	Boundless Judgment	api	Judgment has a 50% increased chance to trigger Mastery: Highlord's Judgment.
405355	Seething Flames	api	Wake of Ashes deals significantly reduced damage to secondary targets, but now causes you to lash out 2 extra times for 79 Radiant damage.
405461	Improved Judgment	api	Judgment now has 2 charges.
406064	Art of War	api	Your auto attacks have a 15% chance to reset the cooldown of Blade of Justice.\n\nCritical strikes increase the chance by an additional 10%.
406101	Faith's Armor	api	Word of Glory grants 20% bonus armor for 4.5 sec.
406154	Heart of the Crusader	api	Crusader Strike and auto-attacks deal 10% increased damage and deal 10% increased critical strike damage.
406157	Judge, Jury and Executioner	api	Holy Power spending abilities deal 5% increased damage.\n\nAfter casting Execution Sentence, your next 1 Holy Power ability will refund its Holy Power cost.
406468	Lightforged Blessing	api	Shield of the Righteous heals you and up to 2 nearby allies for 35.
406545	Holy Flames	api	You deal 5% increased Holy damage to targets burning from your Expurgation.
406646	Templar Strikes	api	Crusader Strike loses a charge but is now a combo ability.\n\nTemplar Strike slashes an enemy for 44 Radiant damage and gets followed up by Templar Slash that deals 51 Radiant damage. Templar Slash always critically strikes.
406659	Ricocheting Pyroclast	api	Eruption deals 30% more damage per enemy struck, up to 150%.
406732	Spatial Paradox	api	Evoke a paradox for you and a friendly healer, allowing casting while moving and increasing the range of most spells by 100% for 10 sec.\n\nAffects the nearest healer within 60 yds, if you do not have a healer targeted.
406788	Thought Harvester	api	Mind Blast gains an additional charge.
406872	Divine Wrath	api	Increases the duration of Avenging Wrath or Crusade by 4 sec.
406890	Wild Surges	api	Your Wrath and Starfire chance to critically strike is increased by 10% and they generate 2 additional Astral Power.
406904	Volcanism	api	Eruption's Essence cost is reduced by 1.
406907	Regenerative Chitin	api	Blistering Scales no longer loses charges and deals 20% more damage.
407028	Sticky Tar Bomb	api	Throw a Sticky Tar Bomb that coats your target's weapons with tar, disarming them for 4 sec. \n\nAfter 4 sec, Sticky Tar Bomb explodes onto nearby enemies. Other enemies that are hit by the explosion are affected by Sticky Tar Bomb but this effect cannot spread further.
407067	Rush of Light	api	The critical strikes of your Holy Power generating abilities grant you 5% Haste for 10 sec.
407243	Aspects' Favor	api	Obsidian Scales activates Black Attunement, and amplifies it to increase maximum health by 4.0% for 12 sec.\n\nHover activates Bronze Attunement, and amplifies it to increase movement speed by 25% for 4 sec.
407244	Bronze Aspect's Favor	db2-template+redirect	Obsidian Scales activates Black Attunement, and amplifies it to increase maximum health by $<blacktotal>% for $407254d.\n\nHover activates Bronze Attunement, and amplifies it to increase movement speed by $<bronzetotal>% for $407244d.
407254	Black Aspect's Favor	db2-template+redirect	Obsidian Scales activates Black Attunement, and amplifies it to increase maximum health by $<blacktotal>% for $407254d.\n\nHover activates Bronze Attunement, and amplifies it to increase movement speed by $<bronzetotal>% for $407244d.
407404	In the Rhythm	api	When Rapid Fire finishes channeling, your critical strike chance is increased by 6% for 8 sec.
407412	Bloody Frenzy	api	Bestial Wrath causes your Barbed Shot to deal damage 100% faster for 10 sec.
407430	Voidtouched	api	Increases your Shadow Word: Madness damage by 6% and increases your maximum Insanity by 50.
407469	Spectral Horrors	api	Shadow Apparitions deal 30% increased damage to targets affected by your Shadow Word: Madness.
407470	Mind's Eye	api	Reduces the Insanity cost of Shadow Word: Madness by 5.
407581	Icy Feet	api	When your Frost Nova or Water Elemental's Freeze is dispelled or removed, become immune to snares for 3 sec. \n\nThis effect can only occur once every 10 sec.
407814	Pupil of Alexstrasza	api	When cast at an enemy, Living Flame strikes 1 additional enemy for 100% damage.
407866	Plot the Future	api	Deep Breath grants you Fury of the Aspects for 15 sec after you land, without causing Exhaustion.
407869	Anachronism	api	Prescience has a 35% chance to grant Essence Burst.
407876	Accretion	api	Eruption reduces the remaining cooldown of Upheaval by 1.0 sec.
408002	Tectonic Locus	api	Upheaval deals 50% increased damage to the primary target, and launches them higher.
408004	Momentum Shift	api	Consuming Essence Burst grants you 5% Intellect for 6 sec. Stacks up to 2 times.
408083	Font of Magic	api	Your empower spells' maximum level is increased by 1, and they reach maximum empower level 20% faster.
408233	Bestow Weyrnstone	api	Conjure a pair of Weyrnstones, one for your target ally and one for yourself. Only one ally may bear your Weyrnstone at a time.\n\nA Weyrnstone can be activated by the bearer to transport them to the other Weyrnstone's location, if they are within 100 yds.
408459	Divine Purpose	api	Holy Power spending abilities have a 10% chance to make your next Holy Power spending ability free and deal 10% increased damage and healing.
408543	Seismic Slam	api	Landslide causes enemies who are mid-air to be slammed to the ground, stunning them for 4 sec and Landslide's cooldown is reduced by 15 sec.
408557	Phase Shift	api	Step into the shadows when you cast Fade, avoiding all attacks and spells for 1 sec.\n\nInterrupt effects are not affected by Phase Shift.
408775	Ignition Rush	api	Essence Burst reduces the cast time of Eruption by 40% and increases its damage by 20%.
408853	Absolute Faith	api	Leap of Faith also pulls the spirit of the 3 furthest allies within 40 yards and shields you and the affected allies for 2,851.
409044	Distorted Reality	api	Increases the damage of Shadow Word: Madness by 20% and causes it to deal its damage over 12 sec, but increases its Insanity cost by 5.
409267	Motes of Possibility	api	Eruption has a 25% chance to form a mote of diverted essence near you. Allies who comes in contact with the mote gain a random buff from your arsenal.
409293	Burrow	api	Burrow beneath the ground, becoming unattackable, removing movement impairing effects, and increasing your movement speed by 50% for 5 sec.\n\nWhen the effect ends, enemies within 6 yards are knocked in the air and take 2,508 Physical damage.
409311	Prescience	api	Grant an ally the gift of foresight, increasing their critical strike chance by 3% for 18 sec.\n\nAffects the nearest ally within 25 yds, preferring damage dealers with their cooldowns active, if you do not have an ally targeted.
409329	Reactive Hide	api	Each time Blistering Scales explodes it deals 15% more damage for 12 sec, stacking 10 times.
409676	Chrono Ward	api	When allies deal damage with Temporal Wounds, they gain a shield for 100% of the damage dealt. Absorption cannot exceed 30% of your maximum health.
409835	Impish Instincts	api	Taking direct Physical damage reduces the cooldown of Demonic Circle by 3 sec.\n\nCannot occur more than once every 5 sec.
410126	Searing Glare	api	Call upon the light to blind enemy players in a 25 yd cone, causing enemies to miss their spells and attacks for 4 sec.
410248	Master Shepherd	api	While an enemy player is affected by your Polymorph or Mass Polymorph, your movement speed is increased by 25% and your Versatility is increased by 12%. \n\nAdditionally, Polymorph and Mass Polymorph no longer heal enemies.
410253	Perilous Fate	api	Breath of Eons reduces enemies' movement speed by 70%, and reduces their attack speed by 50%, for 10 sec.
410260	Overlord	api	Deep Breath casts an Eruption at the first 3 enemies struck. These Eruptions have a 100% chance to create a Mote of Possibility.
410261	Inferno's Blessing	api	Fire Breath grants the inferno's blessing for 8 sec to you and a nearby ally, giving their damaging attacks and spells a high chance to deal an additional 1,022 Fire damage.
410301	Bloodforged Armor	api	Death Strike reduces all Physical damage taken by 25% for 4 sec.
410320	Spellwarden	api	Anti-Magic Shell is now usable on allies and its cooldown is reduced by 10 sec.
410346	Hot Trub	api	Purifying Brew deals 20% of cleared damage split among nearby enemies. After clearing 100% of your maximum health in Stagger damage, your next Breath of Fire incapacitates targets for 4 sec.
410352	Stretch Time	api	While flying during Deep Breath, 100% of damage you would take is instead dealt over 10 sec.
410544	Dying Stars	api	Enemies that dispel your Moonfire or Sunfire suffer 25% additional damage from their effects for 12 sec. If already vulnerable, 50% of the remaining duration is applied to the dispeller.
410598	Soul Rip	api	Fracture the soul of up to 3 target players within 20 yds into the shadows, reducing their damage done by 25% and healing received by 25% for 8 sec. Souls are fractured up to 20 yds from the player's location.\n\nPlayers can retrieve their souls to remove this effect.
410643	Molten Blood	api	When cast, Blistering Scales grants the target a shield that absorbs up to 4,560 damage for 30 sec based on their missing health. Lower health targets gain a larger shield.
410685	Symbiotic Bloom	api	Emerald Blossom increases targets' healing received by 3% for 10 sec.
410687	Prolong Life	api	Your effects that extend Ebon Might also extend Symbiotic Bloom.
410784	Echoing Strike	api	Azure Strike deals 15% increased damage and has a 10% chance per target hit to echo, casting again.
410939	Ethereal Blink	api	Blink and Shimmer apply Slow at 100% effectiveness to all enemies you Blink through. For each enemy you Blink through, the cooldown of Blink and Shimmer are reduced by 1 sec, up to 5 sec.
411164	Event Horizon	api	Eternity Surge's cooldown is reduced by 3 sec.
411165	Eye of Infinity	api	Eternity Surge deals 15% increased damage to your primary target.
411212	Font of Magic	api	Your empower spells' maximum level is increased by 1, and they reach maximum empower level 20% faster.
411266	Master Shapeshifter	api	Your abilities are amplified based on your current shapeshift form, granting an additional effect.\n\n Caster Form\nRejuvenation heals for 30% more and generates 8 Astral Power.\n\n Bear Form\nIronfur grants 30% additional armor and generates 12 Astral Power.\n\n Cat Form\nRip, Ferocious Bite, and Maim deal 60% additional damage and generate 60 Astral Power when cast with 5 combo points.
411764	Enduring Rage	api	You have a chance to become Enraged while you are suffering movement impairing effects.\n\nSuffering loss of control effects have a chance to grant you Recklessness for 5 sec.
412710	Timelessness	api	Enchant an ally to appear out of sync with the normal flow of time, reducing threat they generate by 30% for 1 hour. Less effective on tank-specialized allies. \n\nMay only be placed on one target at a time.
412713	Interwoven Threads	api	The cooldowns of your spells are reduced by 10%.
412723	Tomorrow, Today	api	Time Skip channels for 1 sec longer.
412733	Unyielding Domain	api	Upheaval cannot be interrupted, and has an additional 10% chance to critically strike.
412774	Fate Mirror	api	Prescience grants the ally a chance for their spells and abilities to echo their damage or healing, dealing 15% of the amount again.
414073	Light's Conviction	api	Holy Shock now has 2 charges and it refunds 50% of its mana cost when cast on an enemy.
414113	Righteous Judgment	api	Judgment has a 100% chance to cast Consecration at the target's location.\n\nThe limit on Consecration does not apply to this effect.
414131	Yu'lon's Grace	api	Find resilience in the flow of chi in battle, gaining a magic absorb shield for 1.0% of your max health every 3 sec in combat, stacking up to 10%.
414132	Dance of the Wind	api	Your dodge chance is increased by 5%.
414195	Awakening	api	While in combat, your Holy Power spenders have a 10% chance to cause your next Judgment to deal 30% increased damage and critically strike.\n\nActivating Avenging Wrath activates Awakening.
414379	Concentrated Power	api	Arcane Missiles channels 20% faster.
414443	Shining Righteousness	api	Shield of the Righteous deals 956 damage to its first target struck.\n\nShield of the Righteous now has a 35% chance to activate Divine Purpose if talented.
414553	Epiphany	api	Your Holy Words have a 25% chance to cause your next cast of Prayer of Mending to ignore its cooldown.
414659	Ice Cold	api	Ice Block now reduces all damage taken by 70% for 6 sec but no longer grants Immunity, prevents movement, attacks, or casting spells. Does not incur the Global Cooldown.
414660	Mass Barrier	api	Cast Prismatic Barrier on yourself and 4 allies within 40 yds.
414664	Mass Invisibility	api	You and your allies within 40 yards instantly become invisible for 12 sec. Taking any action will cancel the effect.\n\nDoes not affect allies in combat.
414720	Tirion's Devotion	api	Lay on Hands' cooldown is reduced by 30% and restores 5% of your Mana.
414937	Born in Flame	api	Casting Ebon Might grants 2 charges of Burnout, reducing the cast time of Living Flame by 100%.
414969	Dream of Spring	api	Emerald Blossom no longer has a cooldown, deals 35% increased healing, and increases the duration of your active Ebon Might effects by 1 sec, but costs 3 Essence.
415244	Divine Plea	api	After casting Aura Mastery, you restore 6,428 Mana over 30 sec, but your healing and damage is decreased by 30%.
415364	Reclamation	api	Holy Shock refunds up to 10% of its Mana cost and deals up to 50% more healing or damage, based on the target's missing health.
415416	Benevolence	api	Increases the healing of your spells by 3%.
415651	Dreamwalker's Embrace	api	Verdant Embrace tethers you to an ally, increasing movement speed by 40% and slowing and siphoning 475 life from enemies who come in contact with the tether.\n\nThe tether lasts up to 10 sec or until you move more than 30 yards away from your ally.
415945	Improved Mass Invisibility	api	The cooldown of Mass Invisibility is reduced by 4 min and can affect allies in combat.
416094	Fuel the Fire	api	Flamestrike has a chance equal to 100% of your spell critical strike chance to build up to a Hot Streak.\n\nFlamestrike deals 5% increased damage for each enemy it damages, up to 25%.
416230	Imp-erator	api	Increases the critical strike chance of your Wild Imp's Fel Firebolt by 15%.
416615	Xavius' Gambit	api	Reduces the cast time of Unstable Affliction by 0.15 sec and increases its damage by 5%.
416714	Intensifying Flame	api	While Ignite is on 3 or fewer enemies it flares up dealing an additional 30% of its damage to affected targets.
416719	Blast Zone	api	Meteor's cooldown is reduced by 15 sec.
417234	Crashing Chaos	api	Summon Infernal increases the damage of your next 8 casts of Chaos Bolt by 25% or your next 8 casts of Rain of Fire by 35%.
417467	Inflame	api	Hot Streak increases the amount of Ignite damage from Pyroblast or Flamestrike by an additional 25%.
417489	Winter's Blessing	api	Your Haste is increased by 3%.\n\nYou gain 5% more Haste from all sources of Haste.
417855	Awestruck	api	Holy Shock, Holy Light, and Flash of Light critical healing increased by 20%.
418101	Potent Mana	api	Source of Magic increases the target's healing and damage done by 3%.
418359	Press the Advantage	api	Your main hand auto attacks reduce the cooldown on your Brews by 0.50 sec and block your target's chi, dealing 10 additional Nature damage.\n\nAfter 10 attacks, the next casts Tiger Palm at 100% effectiveness.
418733	Splintering Ray	api	Ray of Frost deals 30% of its damage to 5 nearby enemies.
419110	Seraphic Crescendo	api	Reduces the cooldown of Divine Hymn by 60 sec.
421432	Saber Jaws	api	When you spend extra Energy on Ferocious Bite, the extra damage is increased by 50%.
421453	Ultimate Penitence	api	Ascend into the air and unleash a massive barrage of Penance bolts, causing 17,351 Holy damage to enemies or 40,757 healing to allies over 5.4 sec.\n\nWhile ascended, gain a shield for 100% of your health. In addition, you are unaffected by knockbacks or crowd control effects.
421975	Caustic Spatter	api	Envenom or Kingsbane apply Caustic Spatter for 10 sec. Limit 1.\n\nCaustic Spatter causes 20% of your Nature damage dealt to splash onto other nearby enemies, reduced beyond 5 targets.
422031	Energizing Brew	api	Mana Tea now channels 50% faster and generates 20% more Mana.
423054	Path of Blood	api	Increases maximum Energy by 50.
423136	Sudden Demise	api	Bleed damage increased by 10%.\n\nTargets below 35% health instantly bleed out and take fatal damage when the remaining Bleed damage you would deal to them exceeds 150% of their remaining health.
423647	Graceful Guile	api	Feint has 1 additional charge.
423662	Stillshroud	api	Shroud of Concealment has 50% reduced cooldown.
423683	Featherfoot	api	Sprint increases movement speed by an additional 30% and has 4 sec increased duration.
423701	Superior Mixture	api	Crippling Poison reduces movement speed by an additional 10%.
424058	Boundless Moonlight	api	Fury of Elune\nFury of Elune now ends with a flash of energy, blasting nearby enemies for 822 Astral damage.\n\n Full Moon\nFull Moon calls down 2 Minor Moons that deal 718 Astral damage and generate 3 Astral Power.
424113	The Eternal Moon	api	Further increases the power of Boundless Moonlight.\n\n Fury of Elune\nThe flash of energy now generates 6 Astral Power and its damage is increased by 50%.\n\n Full Moon\nNew Moon and Half Moon now also call down 1 Minor Moon.
424557	Savagery	api	Kill Command damage is increased by 10%. Barbed Shot lasts 2.0 sec longer.
424558	Master Handler	api	Each time Barbed Shot deals damage, the cooldown of Kill Command is reduced by 0.50 sec.
424654	Safeguard	api	Intervene now has 2 charges and reduces the ally's damage taken by 20% for 5 sec.\n\nIntervene's cooldown is increased by 10 sec.
424742	Battlefield Commander	api	Your Shout abilities have additional effects.\n\n Battle Shout:\nGrants you an additional 3% attack power.\n\n Rallying Cry:\nGrants an additional 2% health and duration increased by 3 sec.\n\n Piercing Howl:\nRadius increased by 100%\n\n Berserker Shout:\nRadius increased by 100%.\n\n Intimidating Shout:\nCooldown reduced by 15 sec.
425518	Light's Deliverance	api	You gain a stack of Light's Deliverance when you call down an Empyrean Hammer.\n\nWhile Wake of Ashes and Hammer of Light are unavailable, you consume 60 stacks of Light's Deliverance, empowering yourself to cast Hammer of Light an additional time for free.
426115	Demoniac	api	Grants access to the following abilities:\n\n Demonbolt\nSend the fiery soul of a fallen demon at the enemy, causing 1,537 Shadowflame damage.\n\n Demonic Core\nWhen your Wild Imps fade or are imploded, you have a 10% chance to absorb their life essence, granting you a stack of Demonic Core. \n\nWhen your summoned Dreadstalkers fade away, you have a 100% chance to absorb their life essence, granting you a stack of Demonic Core.\n\nDemonic Core reduces the cast time of Demonbolt by 100%. Maximum 4 stacks.
426352	Jinx	api	Casting a curse now applies Corruption and Agony to your target, but curses now costs 1 Soul Shard.
426438	Improved Mass Dispel	api	Reduces the cooldown of Mass Dispel by 60 sec.
426555	Warning Signs	api	Shadow Dance increases attack speed by 25%.
426563	Ephemeral Bond	api	Increases healing received by 8%.
426591	Goremaw's Bite	api	Lashes out at the target, inflicting 114 Shadow damage and causing your next 3 finishing moves to cost no Energy.\n\nAwards 3 combo points.
426594	Shadowcraft	api	While Shadow Dance is active, your Shadow Techniques triggers 40% more frequently, stores 1 additional combo point, and generates 2 additional Energy.
426702	Liveliness	api	Your damage over time effects deal their damage 25% faster, and your healing over time effects heal 5% faster.
426784	Call of the Elder Druid	api	When you cast Starsurge, Rake, Shred, or Frenzied Regeneration you gain Call of the Elder Druid for 15 sec, once every 1 min.\n\n Call of the Elder Druid\nAbilities not associated with your specialization are substantially empowered for 45 sec.\n\nBalance: Cast time of Balance spells reduced by 30% and damage increased by 20%.\n\nFeral: Gain 1 Combo Point every 2 sec while in Cat Form and Physical damage increased by 20%.\n\nGuardian: Bear Form gives an additional 20% Stamina, multiple uses of Ironfur may overlap, and Frenzied Regeneration has 2 charges.\n\nRestoration: Healing increased by 30%, and mana costs reduced by 50%.
427445	Light's Guidance	api	Wake of Ashes is replaced with Hammer of Light for 20 sec after it is cast.\n\n Hammer of Light:\nHammer down your enemy with the power of the Light, dealing 247 Holy damage and 121 Holy damage up to 7 nearby enemies. \n\nAdditionally, calls down Empyrean Hammers from the sky to strike 3 nearby enemies for 16 Holy damage each.\n\nCosts 5 Holy Power.
427640	Inertia	api	The Hunt and Vengeful Retreat cause your next Fel Rush or Felblade to empower you, increasing damage by 18% for 5 sec.
427775	A Fire Inside	api	Immolation Aura has 1 additional charge, has 6 sec reduced cooldown, and deals Chaos damage instead of Fire.\n\nYou can have multiple Immolation Auras active at a time.
427776	Deflecting Dance	api	You deflect incoming attacks while Blade Dancing, absorbing damage up to 15% of your maximum health.
427794	Dash of Chaos	api	For 2 sec after using Fel Rush, activating it again will dash back towards your initial location.
428232	Scars of Suffering	api	Increases Versatility by 4% and reduces threat generated by 8%.
428241	Demon Hide	api	Magical damage increased by 3%, and Physical damage taken reduced by 5%.
428377	Precision Shot	api	Between the Eyes and Pistol Shot have 10 yd increased range and deal 20% increased damage.
428387	Terrifying Pace	api	Shuriken Storm increases your movement speed by 30% for 3 sec when striking 3 or more enemies.
428394	Spiteful Reconstitution	api	Increases Demonbolt damage by 10% and consuming a Demonic Core has a chance to summon a Wild Imp.
428486	Exhilarating Execution	api	Your finishing moves heal you for 5% of damage done. At full health gain shielding instead, absorbing up to 10% of your maximum health.
428492	Chaotic Disposition	api	Your Chaos damage has a 7.77% chance to be increased by 17%, occurring up to 3 total times.
428514	Diabolic Ritual	api	Casting Chaos Bolt, Rain of Fire, or Shadowburn grants Diabolic Ritual for 20 sec. If Diabolic Ritual is already active, its duration is reduced by 1 sec instead.\n\nWhen Diabolic Ritual expires you gain Demonic Art, causing your next Chaos Bolt, Rain of Fire, or Shadowburn to summon an Overlord, Mother of Chaos, or Pit Lord that unleashes a devastating attack against your enemies.
428517	Cloven Souls	api	Enemies damaged by your Overlord have their souls cloven, increasing damage taken by you and your pets by 5% for 15 sec.
428518	Secrets of the Coven	api	Mother of Chaos empowers your next Incinerate to become Infernal Bolt.\n\n Infernal Bolt\nHurl a bolt enveloped in the infernal flames of the abyss, dealing 5,119 Fire damage to your enemy target and generating 3 Soul Shards.
428522	Ruination	api	Summoning a Pit Lord causes your next Chaos Bolt to become Ruination.\n\n Ruination\nCall down a demon-infested meteor from the depths of the Twisting Nether, dealing 9,644 Chaos damage on impact to all enemies within 8 yds of the target and summoning 3 Wild Imps.\n\nDamage is reduced beyond 8 targets.
428544	Treants of the Moon	api	Your Grove Guardians cast Moonfire on nearby targets about once every 6 sec.
428603	Ascending Flame	api	Sigil of Flame damage increased by 50%.
428607	Live by the Glaive	api	When you parry an attack or have one of your attacks parried, restore 2% of max health and 10 Fury. \n\nThis effect may only occur once every 5 sec.
428655	The Light of Elune	api	Moonfire damage has a chance to call down a Fury of Elune to follow your target for 3 sec.\n\n Fury of Elune\nCalls down a beam of pure celestial energy, dealing 424 Astral damage over 3 sec within its area.\n\nGenerates 15 Astral Power over its duration.
428731	Harmony of the Grove	api	Each of your Grove Guardians increases your healing done by 5% while active.
428859	Power of Nature	api	Your Grove Guardians increase the healing of your Rejuvenation, Efflorescence, and Lifebloom by 10% while active.
428911	Soul-Etched Circles	api	You always gain the benefit of Soulburn when casting Demonic Circle: Teleport, increasing your movement speed by 50% and making you immune to snares and roots for 6 sec.
428937	Early Spring	api	Swiftmend and Wild Growth cooldowns reduced by 1 sec.
429072	Annihilan's Bellow	api	Howl of Terror cooldown is reduced by 10 sec and range is increased by 5 yds.
429115	Infernal Vitality	api	Unending Resolve heals you for 30% of your maximum health over 10 sec.
429130	Infernal Bulwark	api	Unending Resolve grants Soul Leech equal to 10% of your maximum health and increases the maximum amount Soul Leech can absorb by 10% for 8 sec.
429211	Champion of the Glaive	api	Throw Glaive has 2 charges and 10 yard increased range.
429215	Bounteous Bloom	api	Your Grove Guardians' healing is increased by 30%.
429227	Durability of Nature	api	Your Force of Nature treants have 100% increased health.
429399	Expansiveness	api	Your maximum mana is increased by 5%.
429402	Grove's Inspiration	api	Wrath and Starfire damage increased by 10%. \n\nRegrowth, Wild Growth, and Swiftmend healing increased by 9%.
429420	Potent Enchantments	api	Orbital Strike damage increased by 30%, and damage of Stellar Flares it applies increased by 30%.\n\nWhirling Stars increases the haste you gain during Celestial Alignment by an additional 10%.
429433	Blooming Infusion	api	Every 5 Regrowths you cast makes your next Wrath, Starfire, or Entangling Roots instant and increases damage it deals by 100%.\n\nEvery 5 Starsurges you cast makes your next Regrowth or Entangling roots instant.
429483	Warp	api	Hover now causes you to briefly warp out of existence and appear at your destination. Hover's cooldown is also reduced by 5 sec.\n\nHover continues to allow Evoker spells to be cast while moving.
429520	Moon Guardian	api	Free automatic Moonfires from Galactic Guardian generate 5 Rage.
429523	Lunar Calling	api	Thrash now deals Arcane damage and its damage is increased by 12%.
429530	Lunar Insight	api	Moonfire deals 20% increased damage.
429532	Atmospheric Exposure	api	Enemies damaged by Lunar Beam or Fury of Elune take 6% increased damage from you for 6 sec.
429533	Glistening Fur	api	Bear Form and Moonkin Form reduce Arcane damage taken by 6% and all other magic damage taken by 3%.
429536	Astral Insight	api	Incarnation: Guardian of Ursoc increases Arcane damage from spells and abilities by 10% while active.\n\nIncreases the duration and number of spells cast by Convoke the Spirits by 25%.
429538	Moondust	api	Enemies affected by Moonfire are slowed by 20%.
429539	Lunation	api	Your Arcane abilities reduce the cooldown of Lunar Beam by 3.0 sec.
429540	Arcane Affinity	api	All Arcane damage from your spells and abilities is increased by 3%.
429581	Abyssal Dominion	api	Summon Infernal becomes empowered, dealing 40% increased damage. When your Summon Infernal ends, it fragments into two smaller Infernals at 50% effectiveness that lasts 10 sec.
429634	Colossal Might	api	Colossal Might increases damage dealt by your next Demolish by 5%, stacking up to 5 times.\n\nMortal Strike grants a stack of Colossal Might and Cleave grants a stack of Colossal Might when it strikes 3 or more targets.
429636	Dominance of the Colossus	api	Colossal Might stacks up to 10 times. If you would gain a stack of Colossal Might and are at max stacks, the cooldown of Demolish is reduced by 5 sec.\n\nEnemies affected by Demolish take up to 10% more damage from you and deal up to 10% less damage to you for 10 sec based on the number of stacks of Colossal Might consumed by Demolish.
429637	One Against Many	api	Shockwave, Cleave, and Whirlwind deal 5% more damage per target affected up to 5.
429638	Martial Expert	api	Critical strike damage of your abilities is increased by 10% and the amount of damage blocked by your critical blocks is increased by 20%.
429639	Boneshaker	api	Shockwave's stun duration is increased by 1 sec and reduces the movement speed of affected enemies by 40% for 3 sec after the stun ends.
429641	Tide of Battle	api	Colossal Might increases the damage of your Overpower by 3% per stack.
429642	Mountain of Muscle and Scars	api	You deal 5% more damage and take 5% less damage.\n\nSize increased by 5%.
429644	No Stranger to Pain	api	Damage prevented by each use of Ignore Pain is increased by 20%.
429647	Practiced Strikes	api	Mortal Strike and Slam damage increased by 25%.\n\nCleave and Whirlwind damage increased by 15%.
429657	Flames of Xoroth	api	Fire damage increased by 4% and damage dealt by your demons is increased by 4%.
429668	Stellar Command	api	Increases the damage of Lunar Beam by 30% and Fury of Elune by 15%.
429893	Touch of Rancora	api	Demonic Art increases the damage of your next Chaos Bolt, Rain of Fire, or Shadowburn by 20% and reduces its cast time by 50%.\n\nCasting Chaos Bolt reduces the duration of Diabolic Ritual by 1 additional sec.
429899	Gloom of Nathreza	api	Enemies marked by your Havoc take 7% increased damage from your single target spells.
429902	Cruelty of Kerxan	api	Summon Infernal grants Diabolic Ritual and reduces its duration by 3 sec.
429917	Infernal Machine	api	Spending Soul Shards on damaging spells while your Infernal is active decreases the duration of Diabolic Ritual by 1 additional sec.
430709	Smoke Screen	api	Exhilaration grants you 3 sec of Survival of the Fittest.\n\nSurvival of the Fittest activates Exhilaration at 50% effectiveness.
430712	Dark Chains	api	While in combat, Disengage will chain the closest target to the ground, causing them to move 40% slower until they move 8 yards away.
431044	Frostfire Bolt	api	Launches a bolt of frostfire at the enemy, causing 1,062 Frostfire damage, slowing movement speed by 50%, and causing an additional 99 Frostfire damage over 8 sec.
431066	Imbued Warding	db2-template	$?c2[Blazing Barrier also casts an Ice Barrier at $s1% effectiveness.]?c3[Ice Barrier also casts a Blazing Barrier at $s2% effectiveness.][]
431067	Elemental Affinity	db2-template	$?c2[The cooldown of Frost spells with a base cooldown shorter than $s4 minutes is reduced by $s1%.]?c3[The cooldown of Fire spells is reduced by $s3%.][]
431095	Isothermic Core	api	Meteor now also calls down a Comet Storm, dealing 2,682 Frost damage to nearby enemies.\n\nComet Storm now also calls down a Meteor, dealing 3,721 Fire damage to nearby enemies.
431112	Flame and Frost	api	Ice Block and Ice Cold reset the cooldowns of your Fire spells.\n\nCauterize resets the cooldown of your Frost spells with a base cooldown shorter than 4 minutes when it activates.
431117	Thermal Conditioning	api	Frostfire Bolt's cast time is reduced by 10%.
431131	Meltdown	api	You melt slightly out of your Ice Block and Ice Cold, allowing you to move slowly during Ice Block and increasing your movement speed over time.\n\nIce Block and Ice Cold trigger a Blazing Barrier when they end.
431166	Frostfire Infusion	api	Frostfire Bolt has and additional 5% chance to grant Brain Freeze and its critical strike chance is increased by 15%.\n\nThe damage of your Frost spells and Fire spells are increased by 4%.
431176	Frostfire Empowerment	api	Casting Frostfire spells has a 10% chance to activate Frostfire Empowerment, causing your next Frostfire Bolt to be instant cast, deal 60% increased damage, explode for 60% of its damage to nearby enemies. Damage reduced beyond 5 targets.\n\nDamage from Frostfire Empowerment applies 1 stack of Freezing.
431178	Flash Freezeburn	api	Meteor's damage is increased by 25%.\n\nMeteor now grants Frostfire Empowerment.
431189	Severe Temperatures	api	Frostfire Empowerment stacks 1 additional time and it causes Frostfire Bolt to explode for an additional 20% of its damage.
431377	Dawnlight	api	Casting Holy Prism or Divine Toll causes your next 2 Holy Power spending abilities to apply Dawnlight on your target, dealing 1,327 Radiant damage or 2,802 healing over 8 sec.\n\n8% of Dawnlight's damage and healing radiates to nearby allies or enemies, reduced beyond 5 targets.\n\nDawnlight's healing does not transfer to Beacon of Light.
431402	Luminosity	api	Critical Strike chance of Holy Shock and Light of Dawn increased by 5%.
431404	Solar Grace	api	Haste is increased by 5%.
431406	Will of the Dawn	api	Movement speed increased by 5% while above 80% health.\n\nWhen your health is brought below 35%, your movement speed is increased by 40% for 5 sec. Cannot occur more than once every 1 min.
431407	Lingering Radiance	api	Dawnlight leaves an Eternal Flame for 6 sec on allies or a Greater Judgment on enemies when it expires or is extended.
431413	Sun Sear	api	Holy Shock and Light of Dawn critical strikes cause the target to be healed for an additional 281 over 4 sec.
431423	Illumine	api	Dawnlight reduces the movement speed of enemies by 50% and increases the movement speed of allies by 20%.
431425	Sun's Avatar	api	You link to your Dawnlights within 30 yds, causing 82 Radiant damage to enemies or 141 healing to allies that pass through the beams, reduced beyond 5 targets.
431442	Chrono Flame	api	Living Flame is enhanced with Bronze magic, repeating 25% of the damage or healing you dealt to the target in the last 5 sec as Arcane, up to 950.
431463	Zealous Vindication	api	Hammer of Light instantly calls down 2 Empyrean Hammers on your target when it is cast.
431474	Second Sunrise	api	Light of Dawn and Holy Shock have a 15% chance to cast again at 30% effectiveness.
431480	Gleaming Rays	api	Your Holy Power spenders deal 3% additional damage and healing.
431482	Morning Star	api	Every 5.0 sec, your next Dawnlight's damage or healing is increased by 5%, stacking up to 10 times.\n\nMorning Star stacks twice as fast while out of combat.
431484	Instability Matrix	api	Each time you cast an empower spell, unstable time magic reduces its cooldown by up to 6 sec.
431533	Shake the Heavens	api	After casting Hammer of Light, you call down an Empyrean Hammer on a nearby target every 2 sec, for 8 sec.
431548	Precise Might	api	Mortal Strike critical strikes grant an additional stack of Colossal Might.
431551	Wrathful Descent	api	When Empyrean Hammer critically strikes, 50% of its damage is dealt to nearby enemies.\n\nEnemies hit by this effect deal 5% reduced damage to you for 8 sec.
431615	Reverberations	api	Upheaval deals 50% additional damage over 8 sec.
431657	Primacy	api	For each damage over time effect from Upheaval, gain 3% haste, up to 9%.
431687	Higher Calling	api	Crusader Strike, Hammer of Wrath and Blade of Justice extend the duration of Shake the Heavens by 1 sec.
431695	Temporal Burst	api	Tip the Scales overloads you with temporal energy, increasing your haste, movement speed, and cooldown recovery rate by 30%, decreasing over 30 sec.
431715	Nozdormu Adept	api	Prescience cooldown reduced by 2 sec and it grants 1% additional critical strike chance.
431730	Sacrosanct Crusade	api	Wake of Ashes surrounds you with a Holy barrier for 10% of your maximum health.\n\nHammer of Light heals you for 5% of your maximum health, increased by 1% for each additional target hit. Any overhealing done with this effect gets converted into a Holy barrier instead.
431873	Temporality	api	Warp reduces damage taken by 20%, starting high and reducing over 3 sec.
431874	Double-time	api	Ebon Might and Prescience gain a chance equal to your critical strike chance to grant 50% additional stats.
431875	Afterimage	api	Empower spells send up to 3 Chrono Flames to your targets.
431984	Time Convergence	api	Non-defensive abilities with a 45 second or longer cooldown grant 5% Intellect for 15 sec.\n\nEssence spells extend the duration by 1 sec.
432004	Golden Opportunity	api	Prescience lasts 15% longer.
432008	Motes of Acceleration	api	Warp leaves a trail of Motes of Acceleration. Allies who come in contact with a mote gain 20% increased movement speed for 30 sec.
432181	Dance of the Wind	api	Your physical damage taken is reduced by 10% and an additional 10% every 4 sec until you receive a physical attack.
432459	Holy Bulwark	api	Will the Light to coalesce and become manifest as a Holy Armament, wielded by your friendly target.\n\n Holy Bulwark:\n\nWhile wielding a Holy Bulwark, gain an absorb shield for 15.0% of your max health and an additional 2.0% every 2 sec. Lasts 20 sec.\n\nBecomes Sacred Weapon after use.\n\nGenerates 3 Holy Power.
432463	Hammerfall	api	Templar's Verdict calls down an Empyrean Hammer on a nearby enemy.\n\nWhile Shake the Heavens is active, this effect calls down an additional Empyrean Hammer.
432615	Endless Wrath	api	Empyrean Hammer has a 10% increased chance to critically strike.
432626	Undisputed Ruling	api	Hammer of Light applies Judgment to its targets, and increases your Haste by 12% for 6 sec.
432802	Solidarity	api	If you bestow an Armament upon an ally, you also gain its benefits.\n\nIf you bestow an Armament upon yourself, a nearby ally also gains its benefits.
432804	Forewarning	api	The cooldown of Holy Armaments is reduced by 20%.
432821	Shared Resolve	api	The effect of your active Aura is increased by 33% on targets with your Armaments.
432866	Laying Down Arms	api	When an Armament fades from you, the cooldown of Lay on Hands is reduced by 15.0 sec and you gain Infusion of Light.
432919	Valiance	api	Consuming Infusion of Light reduces the cooldown of Holy Armaments by 3.0 sec.
432929	Divine Hammer	api	Divine Toll summons Divine Hammers that spin around you for 8 sec.\n\nDivine Hammer\nStrikes all enemies nearby for 50 Holy damage every 2 sec. Deals reduced damage beyond 8 targets.
432964	Divine Inspiration	api	Your spells and abilities have a chance to manifest a Holy Armament for a nearby ally.
432977	Sanctification	api	Casting Judgment increases the damage of Empyrean Hammer by 5% for 10 sec.\n\nMultiple applications may overlap.
432990	Unrelenting Charger	api	Divine Steed lasts 2 sec longer and increases your movement speed by an additional 30% for the first 3 sec.
432992	Bonds of Fellowship	api	You receive 20% less damage from Blessing of Sacrifice and each time its target takes damage, you gain 4% movement speed up to a maximum of 40%.
433011	Blessing of the Forge	api	Avenging Wrath summons an additional Sacred Weapon, and during Avenging Wrath your Sacred Weapon casts spells on your target and echoes the effects of your Holy Power abilities.
433015	Blessed Assurance	api	Casting a Holy Power ability increases the damage and healing of your next Crusader Strike by 200%.
433106	Divine Guidance	api	For each Holy Power ability cast, your next Consecration deals 1,140 damage or healing immediately, split across all enemies and allies.
433568	Rite of Sanctification	api	Imbue your weapon with the power of the Light, increasing your armor by 5% and your primary stat by 2%.\n\nLasts 1 hour.
433583	Rite of Adjuration	api	Imbue your weapon with the power of the Light, increasing your Stamina by 3% and causing your Holy Power abilities to sometimes unleash a burst of healing around a target.\n\nLasts 1 hour.
433718	Hammer and Anvil	api	Judgment critical strikes cause a shockwave around the target, healing to up to 5 injuried allies for 430.
433748	Protective Growth	api	Your Regrowth protects you, reducing damage you take by 8% while your Regrowth is on you.
433831	Dream Surge	api	When Grove Guardians are summoned, they grow Dream Petals on your target, healing up to 3 nearby allies for 564.
433871	Maneuverability	api	Deep Breath can now be steered in your desired direction.\n\nIn addition, Deep Breath burns targets for 2,554 Volcanic damage over 12 sec.\n\nThe duration of this effect is extended when Deep Breath is cast multiple times.
433891	Infernal Bolt	db2-template+redirect	Mother of Chaos empowers your next $?s137044[Shadow Bolt][Incinerate] to become Infernal Bolt.\n\n$@spellicon434506 $@spellname434506\nHurl a bolt enveloped in the infernal flames of the abyss, dealing $s1 Fire damage to your enemy target and generating ${$s2/10} Soul Shards.
433901	Vampiric Strike	api	Your Death Coil and Death Strike have a 25% chance to make your next Scourge Strike become Vampiric Strike.\n\nVampiric Strike heals you for 2% of your maximum health and grants you Essence of the Blood Queen, increasing your Haste by 1.0%, up to 5.0% for 20 sec.
433905	Prophet's Will	api	Your Flash Heal and Holy Word: Serenity are 30% more effective when cast on yourself.
433934	Newly Turned	api	Raise Ally revives players at full health and grants you and your ally an absorb shield equal to 20% of your maximum health.
434028	Vampiric Speed	api	Death's Advance and Wraith Walk movement speed bonuses are increased by 10%.\n\nActivating Death's Advance or Wraith Walk increases 4 nearby allies movement speed by 20% for 5 sec.
434033	Blood-Soaked Ground	api	While you are within your Death and Decay, your physical damage taken is reduced by 5% and your chance to gain Vampiric Strike is increased by 5%.
434075	Frenzied Bloodthirst	api	Essence of the Blood Queen stacks 2 additional times and increases the damage of your Death Coil and Death Strike by 5%, and Epidemic by 5% per stack.
434100	Vampiric Aura	api	Your Leech is increased by 2%.\n\nWhile Lichborne is active, the Leech bonus of this effect is increased by 100%, and it affects 4 allies within 12 yds.
434136	Bloody Fortitude	api	Icebound Fortitude reduces all damage you take by up to an additional 20% based on your missing health.\n\nKilling an enemy that yields experience or honor reduces the cooldown of Icebound Fortitude by 3 sec.
434143	Infliction of Sorrow	api	When Vampiric Strike damages an enemy affected by your plagues, it extends the duration of the plagues by 3.0 sec, and deals 10% of the remaining damage to the enemy.
434151	Incite Terror	api	Vampiric Strike and Scourge Strike cause your targets to take 1% increased Shadow damage, up to 5% for 15 sec.\n\nVampiric Strike benefits from Incite Terror at 400% effectiveness.
434152	Gift of the San'layn	api	While Dark Transformation is active you gain Gift of the San'layn.\n\nGift of the San'layn increases the effectiveness of your Essence of the Blood Queen by 200%, and Vampiric Strike replaces your Scourge Strike for the duration.
434157	Visceral Strength	api	When Sudden Doom is consumed, you gain 4% Strength for 5 sec.
434220	Power of the Dream	api	Dream Surge heals 1 additional ally.
434249	Control of the Dream	api	Time elapsed while your major abilities are available to be used or at maximum charges is subtracted from that ability's cooldown after the next time you use it, up to 15 seconds.\n\nAffects Force of Nature, Celestial Alignment, and Convoke the Spirits.
434260	The Blood is Life	api	Dark Transformation summons a Blood Beast to attack your enemy for 10 sec.\n\nEach time the Blood Beast attacks, it stores a portion of the damage dealt. When the Blood Beast dies, it explodes, dealing 25% of the damage accumulated to nearby enemies and healing the Death Knight for the same amount. Deals reduced damage beyond 8 targets.
434261	Pact of the San'layn	api	You store 10% of all Shadow damage dealt into your Blood Beast to explode for additional damage when it expires.
434263	Sanguine Scent	api	Your Death Coil and Death Strike have a 15% increased chance to trigger Vampiric Strike when damaging enemies below 35% health.
434300	Bombardments	api	Mass Disintegrate marks your primary target for destruction for the next 6 sec.\n\nYou and your allies have a chance to trigger a Bombardment when attacking marked targets, dealing 1,805 Volcanic damage split amongst all nearby enemies.
434424	Cloven Soul	db2-template+redirect	Enemies damaged by your Overlord have their souls cloven, increasing damage taken by you and your pets by $434424s1% for $434424d.
434587	Summon Overfiend	db2-template	Generates $457578s1 Soul Shard Fragment every $457578t1 sec and casts Chaos Bolt at $456975s1% effectiveness at its summoner's target. Lasts $d.
434774	Transcendence: Linked Spirits	api	Transcendence now tethers your spirit onto an ally for 1 hour. Use Transcendence: Transfer to teleport to your ally's location.
434905	Grim Reaper	api	Reaper's Mark initial strike grants Killing Machine.\n\nReaper's Mark explosion deals up to 30% increased damage based on your target's missing health.
434969	Lightning Strikes	api	Damaging enemies with Thunder Clap, Raging Blow, or Execute has a 25% chance to also strike one with a lightning bolt, dealing 54 Nature damage.\n\nLightning Strikes occur 30% more often during Avatar.
434970	Steadfast as the Peaks	api	Stamina increased by 5%.\n\nVictory Rush increases your maximum health by 10% for 5 sec. When this health increase expires, you heal for any amount of the original Victory Rush that healed you in excess of your full health.
435005	Smothering Offense	api	Your auto attack damage is increased by 10%. \n\nThis amount is increased for each stack of Icy Talons you have and it can stack up to 2 additional times.
435010	Icy Death Torrent	api	Your auto attack critical strikes have a chance to send out a torrent of ice dealing 37 Frost damage to enemies in front of you.
435607	Thunder Blast	api	Shield Slam and Bloodthirst have a 35% chance to grant you Thunder Blast, stacking up to 2 charges.\n\nThunder Blast\nYour next Thunder Clap becomes a Thunder Blast that deals 67 Stormstrike damage and generates 2 Rage.
436148	Ground Current	api	Lightning Strikes also deal 15 Nature damage to enemies near their target. Damage reduced beyond 5 targets.
436152	Thorim's Might	api	Lightning Strikes generate 3 Rage.\n\nRaging Blow and Execute damage increased by 25%.
436162	Storm Bolts	api	Storm Bolt also hits 2 additional nearby targets, stunning them for 2 sec, but its cooldown is increased by 10 sec.
436201	Gathering Clouds	api	Your attacks trigger Lightning Strikes 30% more often.
436335	Mass Disintegrate	api	Empower spells cause your next Disintegrate to strike up to 3 targets. When striking fewer than 3 targets, Disintegrate damage is increased by 10% for each missing target.
436358	Demolish	api	Unleash a series of precise and powerful strikes against your target, dealing 802 damage to it, and 430 damage to enemies within 10 yds of it. Deals reduced damage beyond 8 targets.\n\nWhile channeling Demolish, you take 10% less damage and are immune to stuns, knockbacks, and forced movement effects.\n\nYou can block, parry, dodge, and use certain defensive abilities while channeling Demolish.
436687	Dark Talons	api	Consuming Killing Machine or Rime has a 25% chance to grant 3 stacks of Icy Talons and increase its maximum stacks by the same amount for 6 sec.\n\nRunic Power spending abilities count as Shadowfrost while Icy Talons is active.
436707	Crashing Thunder	api	Stormstrike or Nature damage your abilities deal is increased by 5%. Stormstrike damage ignores Armor.\n\nThunder Clap damage increased by 30%.
437068	Strength of the Mountain	api	Shield Slam damage increased by 15%.\n\nBloodthirst and Rampage damage increased by 25%.
437079	Flashing Skies	api	Thunder Blast calls down a Lightning Strike on an enemy it hits.
437118	Burst of Power	api	Lightning Strikes have a 15% chance to make your next 2 Bloodthirsts have no cooldown.
437122	Death's Messenger	api	Reduces the cooldowns of Lichborne and Raise Dead by 30 sec.
437134	Avatar of the Storm	api	Casting Avatar grants you 2 charges of Thunder Blast and resets the cooldown of Thunder Clap.\n\nWhile Avatar is not active, Lightning Strikes have a 10% chance to grant you Avatar for 4 secs.\n\nThunder Blast\nYour next Thunder Clap becomes a Thunder Blast that deals Stormstrike damage.
437161	Soul Rupture	api	When Reaper's Mark explodes, it deals 20% of the damage dealt to nearby enemies.
438439	Dance of Chi-Ji	api	Your spells and abilities have a chance to make your next Spinning Crane Kick deal an additional 400% damage.
438587	Mass Eruption	api	Empower spells cause your next Eruption to strike up to 3 targets. When striking less than 3 targets, Eruption damage is increased by 10% for each missing target.
438590	Keep Your Feet on the Ground	api	Physical damage taken reduced by 2%.\n\nThunder Blast reduces damage you take by 8% for 5 sec.
438597	Storm Shield	api	Intervening a target grants them a shield for 5 sec that absorbs magic damage equal to 3 times your Armor.
439528	Thriving Growth	api	Rip and Rake damage has a chance to cause Bloodseeker Vines to grow on the victim, dealing 34 Bleed damage over 6 sec.\n\nWild Growth, Regrowth, and Efflorescence healing has a chance to cause Symbiotic Blooms to grow on the target, healing for 834 over 6 sec.\n\nMultiple instances of these can overlap.
439760	Aurora	api	After you cast Holy Prism or Divine Toll, gain Divine Purpose.\n\n Divine Purpose\nYour next Holy Power spending ability is free and deals 15% increased damage and healing.
439843	Reaper's Mark	api	Viciously slice into the soul of your enemy, dealing 109 Shadowfrost damage and applying Reaper's Mark.\n\nEach time you deal Shadow or Frost damage, add a stack of Reaper's Mark. After 12 sec or reaching 40 stacks, the mark explodes, dealing 14 damage per stack.\n\nReaper's Mark travels to an unmarked enemy nearby if the target dies.
439851	Wave of Souls	api	Reaper's Mark sends forth bursts of Shadowfrost energy and back, dealing 34 Shadowfrost damage both ways to all enemies caught in its path.\n\nWave of Souls critical strikes cause enemies to take 5% increased Shadowfrost damage for 15 sec, stacking up to 2 times, and it is always a critical strike on its way back.
439868	Hunt Beneath the Open Skies	api	Damage and healing while in Cat Form increased by 3%.\n\nMoonfire and Sunfire damage increased by 10%.
439880	Resilient Flourishing	api	Bloodseeker Vines and Symbiotic Blooms last 2 additional sec.\n\nWhen a target afflicted by Bloodseeker Vines dies, the vines jump to a valid nearby target for their remaining duration.
439882	Root Network	api	Each active Bloodseeker Vine increases the damage your abilities deal by 2%.\n\nEach active Symbiotic Bloom increases the healing of your spells by 2%.
439890	Strategic Infusion	api	Attacking from Prowl increases the chance for Shred, Rake, and Swipe to critically strike by 8% for 6 sec.\n\nYour periodic heals have a 4% increased chance to critically heal.
439895	Entangling Vortex	api	Enemies pulled into Ursol's Vortex are rooted in place for 3 sec. Damage may cancel the effect.
439901	Flower Walk	api	During Barkskin your movement speed is increased by 10% and every second flowers grow beneath your feet that heal up to 3 nearby injured allies for 76.
439926	Wildstalker's Power	api	Rip and Ferocious Bite damage increased by 5%.\n\nRejuvenation healing increased by 10%.
439929	Bond with Nature	api	Healing you receive is increased by 4%.
439948	Expelling Shield	api	When an enemy deals direct damage to your Anti-Magic Shell, their cast speed is reduced by 10% for 6 sec.
440006	Purify Disease	api	Removes all Disease effects from a friendly target.
440012	Cleanse Spirit	api	Removes all Curse effects from a friendly target.
440013	Cleanse Toxins	api	Cleanses a friendly target, removing all Poison and Disease effects..
440015	Remove Corruption	api	Nullifies corrupting effects on the friendly target, removing all Curse and Poison effects.
440031	Bind in Darkness	api	Rime empowered Howling Blast deals 60% increased damage to its main target, and is now Shadowfrost.\n\nShadowfrost damage applies 2 stacks to Reaper's Mark and 4 stacks when it is a critical strike.
440040	Xalan's Cruelty	api	Shadow damage dealt by your spells and abilities is increased by 6% and your Shadow spells gain 10% more critical strike chance from all sources.
440043	Blackened Soul	api	Spending Soul Shards on damaging spells will further corrupt enemies affected by your Wither, increasing its stack count by 1.\n\nEach time Wither gains a stack it has a chance to collapse, consuming a stack every 1 sec to deal 378 Shadowflame damage to its host until 1 stack remains.
440044	Xalan's Ferocity	api	Fire damage dealt by your spells and abilities is increased by 6% and your Fire spells gain 10% more critical strike chance from all sources.
440045	Mark of Peroth'arn	api	Critical strike damage dealt by Wither is increased by 10%. \n\nWither has a chance to gain a stack when it critically strikes. Stacks gained this way do not activate Blackened Soul.
440046	Mark of Xavius	api	Wither damage increased by 25%.\n\nBlackened Soul deals 2% increased damage per stack of Wither.
440048	Hatefury Rituals	api	Wither deals 30% increased periodic damage but its duration is 15% shorter.
440051	Bleakheart Tactics	api	Wither damage increased 20%. When Wither gains a stack from Blackened Soul, it has a chance to gain an additional stack.
440055	Seeds of Their Demise	api	After Wither reaches 8 stacks or when its host reaches 20% health, Wither deals 378 Shadowflame damage to its host every 1 sec until 1 stack remains.\n\nWhen Blackened Soul deals damage, you have a chance to gain Shard Instability.
440057	Curse of the Satyr	api	Curse of Weakness is empowered and transforms into Curse of the Satyr.\n\n Curse of the Satyr\nIncreases the time between an enemy's attacks by 20% and the casting time of all spells by 30% for 2 min.\n\nCurses: A warlock can only have one Curse active per target.
440059	Aura of Enfeeblement	api	While Unending Resolve is active, enemies within 30 yds are affected by Curse of Tongues and Curse of Weakness at 100% effectiveness.
440065	Zevrim's Resilience	api	Dark Pact heals you for 625 every 1 sec while active.
440070	Illhoof's Design	api	Sacrifice 10% of your maximum health. Soul Leech now absorbs an additional 15% of your maximum health.
440116	Harmonious Constitution	api	Your Regrowth's healing to yourself is increased by 35%.
440117	Twin Sprouts	api	When Bloodseeker Vines or Symbiotic Blooms grow, they have a 30% chance to cause another growth of the same type to immediately grow on a valid nearby target.
440118	Implant	api	Casting Swiftmend or Wild Growth causes a Symbiotic Bloom to grow on a target for 6 sec.
440119	Vigorous Creepers	api	Bloodseeker Vines increase the damage your abilities deal to affected enemies by 4%.\n\nSymbiotic Blooms increase the healing your spells do to affected targets by 20%.
440120	Bursting Growth	api	When Bloodseeker Vines expire or you use Ferocious Bite on their target they explode in thorns, dealing 30 physical damage to nearby enemies. Damage reduced above 5 targets.\n\nWhen Symbiotic Blooms expire or you cast Rejuvenation on their target flowers grow around their target, healing them and up to 3 nearby allies for 160.
440277	Powerful Enrage	api	Enrage increases your mastery by 15% and your Leech by 3%.
440282	Rune Carved Plates	api	Each Rune spent reduces the magic damage you take by 1.5% and each Rune generated reduces the physical damage you take by 1.5% for 5 sec, up to 5 times.
440476	Pact of the Deathbringer	api	When you suffer a damaging effect equal to 25% of your maximum health, you instantly cast Death Pact at 50% effectiveness. May only occur every 2 min.\n\nWhen a Reaper's Mark explodes, the cooldowns of this effect and Death Pact are reduced by 5 sec.
440662	Preventive Measures	api	Increases the healing done by Prayer of Mending by 15%.\n\nAll damage dealt by Smite, Holy Fire and Holy Nova increased by 40%.
440669	Save the Day	api	For 6 sec after casting Leap of Faith you may cast it a second time for free, ignoring its cooldown.
440670	Divine Feathers	api	Your Angelic Feathers increase movement speed by an additional 10%.\n\nWhen an ally walks through your Angelic Feather, you are also granted 100% of its effect.
440671	Preemptive Care	api	Increases the duration of your Renew by 40%.
440681	Waste No Time	api	Reduces the cooldown of Prayer of Mending by 1.5 sec.
440738	Foreseen Circumstances	api	Guardian Spirit lasts an additional 2 sec.
440742	Twinsight	api	3 additional Penance bolts are fired at an enemy within 40 yards when healing an ally with Penance, or fired at an ally within 40 yards when damaging an enemy with Penance.
440766	Assured Safety	api	Casting Prayer of Mending applies Power Word: Shield to your target.\n\n Power Word: Shield\nShields an ally for 15 sec, absorbing 1,784 damage.
440992	Earthquaker	api	Shockwave also knocks enemies into the air and its cooldown is reduced by 5 sec.
440993	Veteran Vitality	api	When your health is brought below 35%, you gain a Second Wind, healing you for 12% of your max health over 2 sec.\n\nThis effect cannot occur more than once every 60 sec.
440995	Arterial Bleed	api	Colossal Might increases the damage of your Rend and Deep Wounds by 3% per stack.
441146	Unseen Blade	api	Backstab and Shadowstrike now also strike with an Unseen Blade dealing 97 damage. Targets struck are Fazed for 10 sec.\n\nFazed enemies take 5% more damage from you and cannot parry your attacks.\n\nThis effect may occur once every 20 sec.
441176	Melt Armor	api	Deep Breath causes enemies to take 20% increased damage from Bombardments and Essence abilities for 12 sec.\n\nThe duration of this effect is extended when Deep Breath is cast multiple times.
441180	Hardened Scales	api	Obsidian Scales reduces damage taken by an additional 10%.
441181	Menacing Presence	api	Knocking enemies up or backwards reduces their damage done to you by 15% for 8 sec.
441206	Wingleader	api	Bombardments reduce the cooldown of Deep Breath by 0.5 sec for each target struck, up to 1.5 sec.
441212	Extended Battle	api	Essence abilities extend Bombardments by 1 sec.
441219	Diverted Power	api	Bombardments have a chance to generate Essence Burst.
441245	Onslaught	api	Entering combat grants a charge of Burnout, causing your next Living Flame to cast instantly.
441246	Unrelenting Siege	api	For each second you are in combat, Azure Strike, Living Flame, and Disintegrate deal 1% increased damage, up to 15%.
441247	Smoke	api	You take 5% reduced damage from Fazed targets.
441250	Mirrors	api	Feint reduces damage taken from area-of-effect attacks by an additional 10%
441253	Nimble Flyer	api	While Hovering, damage taken from area of effect attacks is reduced by 10%.
441257	Slipstream	api	Deep Breath resets a charge of Hover.
441263	Devious Distractions	api	Secret Technique applies Fazed to any targets struck.
441273	Surprising Strikes	api	Attacks that generate combo points deal 50% increased critical strike damage to Fazed targets.
441274	Disorienting Strikes	api	Secret Technique has 10% reduced cooldown and allows your next 2 strikes of Unseen Blade to ignore its cooldown.
441321	Flawless Form	api	Unseen Blade and Secret Technique increase the damage of your finishing moves by 4% for 12 sec. Max 5 stacks.
441346	Thousand Cuts	api	Slice and Dice grants 10% additional attack speed and gives your auto-attacks a chance to refresh your opportunity to strike with Unseen Blade.
441359	Flickerstrike	api	Taking damage from an area-of-effect attack while Feint is active or dodging while Evasion is active refreshes your opportunity to strike with Unseen Blade.\n\nThis effect may only occur once every 5 sec.
441367	Nimble Flurry	api	Your auto-attacks, Unseen Blade, and Coup de Grace also strike up to 7 nearby enemies for 50% of normal damage while Flawless Form is active.
441378	Exterminate	api	After Reaper's Mark explodes, your next 2 Obliterates or Frostscythes cost 1 Rune and summon 2 scythes to strike your enemies.\n\nThe first scythe strikes your target for 186 Shadowfrost damage and the second scythe strikes all enemies around your target for 75 Shadowfrost damage. Deals reduced damage beyond 8 targets.
441398	No Scruples	api	Finishing moves have 12% increased chance to critically strike Fazed targets.
441403	So Tricky	api	Tricks of the Trade's threat redirect duration is increased to 1 hour.
441415	Don't Be Suspicious	api	Blind and Shroud of Concealment have 10% reduced cooldown.\n\nPick Pocket and Sap have 10 yd increased range.
441423	Coup de Grace	api	After 4 strikes with Unseen Blade, your next Eviscerate will be performed as a Coup de Grace, functioning as if it had consumed 5 additional combo points, and granting you 5 stacks of Flawless Form.
441429	Cloud Cover	api	Activating Shadow Blades creates a cloud of smoke for 6 sec, allowing attacks from within the cloud to apply Fazed, stacking up to 2 additional times.\n\nEffect persists for 6 sec after leaving the cloud.
441583	Ravage	api	Your auto-attacks have a chance to make your next Ferocious Bite become Ravage.\n\nRavage\nFinishing move that slashes through your target in a wide arc, dealing Physical damage per combo point to your target and consuming up to 25 additional Energy to increase that damage by up to 100%. Hits all other enemies in front of you for reduced damage per combo point spent. \n\n1 point: 13 damage, 6 in an arc\n2 points: 27 damage, 12 in an arc\n3 points: 40 damage, 17 in an arc\n4 points: 53 damage, 23 in an arc\n5 points: 63 damage, 30 in an arc
441675	Fount of Strength	api	Your maximum Energy and Rage are increased by 20.\n\nFrenzied Regeneration also increases your maximum health by 10%.
441678	Wildshape Mastery	api	Ironfur and Frenzied Regeneration persist in Cat Form.\n\nWhen transforming from Bear to Cat Form, you retain 80% of your Bear Form armor and health for 6 sec.\n\nFor 6 sec after entering Bear Form, you heal for 10% of damage taken over 8 sec.
441689	Empowered Shapeshifting	api	Frenzied Regeneration can be cast in Cat Form for 40 Energy.\n\nBear Form reduces magic damage you take by 6%.\n\nShred and Swipe damage increased by 10%. Mangle damage increased by 25%.
441691	Wildpower Surge	api	Mangle grants Feline Potential. When you have 6 stacks, the next time you transform into Cat Form, gain 5 combo points and your next Ferocious Bite or Rip deals 50% increased damage for its full duration.
441705	Might of the Black Dragonflight	api	Black spells deal 20% increased damage.
441809	Dreadful Wound	api	Ravage also inflicts a Bleed that causes 35 damage over 6 sec and saps its victims' strength, reducing damage they deal to you by 15%.\n\nDreadful Wound is not affected by Circle of Life and Death.
441814	Ruthless Aggression	api	Ravage increases your auto-attack speed by 35% for 6 sec.
441824	Killing Strikes	api	Ravage increases your Agility by 8% and the armor granted by Ironfur by 20% for 8 sec.\n\nYour first Mangle after entering combat makes your next Maul become Ravage.
441829	Aggravate Wounds	api	Every attack with an Energy cost that you cast extends the duration of your Dreadful Wounds by 0.6 sec, up to 8 additional sec.
441835	Claw Rampage	api	During Berserk, Shred, and Swipe have a 20% chance to make your next Ferocious Bite become Ravage.
441841	Bestial Strength	api	Maul and Raze damage increased by 10%.
441844	Pack's Endurance	api	Stampeding Roar's duration is increased by 25%.
441845	Strike for the Heart	api	Mangle damage increased by 10% and its critical strike chance is increased by 10%.
441846	Tear Down the Mighty	api	The cooldown of Sundering Roar is reduced by 15 sec.
441894	Wither Away	api	Frost Fever deals its damage 100% faster, and the second scythe of Exterminate applies Frost Fever.
442290	Art of the Glaive	api	Consuming 20 Soul Fragments or casting Sigil of Spite converts your next Throw Glaive into Reaver's Glaive.\n\n Reaver's Glaive: \nThrow a glaive enhanced with the essence of consumed souls at your target, dealing 134 Physical damage and ricocheting to 2 additional enemies.\n \nBegins a well-practiced pattern of glaivework, enhancing your next Shear and Soul Cleave.\n\nThe enhanced ability you cast first deals 10% increased damage, and the second deals 20% increased damage.
442492	Incisive Blade	api	Soul Cleave deals 10% increased damage.
442497	Keen Engagement	api	Reaver's Glaive generates 20 Fury.
442502	Warblade's Hunger	api	Consuming a Soul Fragment causes your next Shear to deal 21 additional Physical damage.
442679	Reaver's Mark	api	When enhanced by Reaver's Glaive, Shear applies Reaver's Mark, which causes the target to take 7% increased damage for 20 sec. Max 2 stacks.\n\nApplies 1 additional stack of Reaver's Mark If cast after Soul Cleave.
442683	Aldrachi Tactics	api	The second enhanced ability in a pattern shatters an additional Soul Fragment.
442686	Thrill of the Fight	api	After consuming both enhancements, gain Thrill of the Fight, increasing the damage of your next Reaver's Glaive by 30% and increasing Haste by 8% for 30 sec.
442687	Xuen's Guidance	api	Teachings of the Monastery has a 15% chance to refund a charge when consumed. \n\nThe damage of Tiger Palm is increased by 10%.
442714	Army Unto Oneself	api	Felblade surrounds you with a Blade Ward, reducing damage taken by 10% for 5 sec.
442718	Fury of the Aldrachi	api	When enhanced by Reaver's Glaive, Soul Cleave casts 3 additional glaive slashes to nearby targets. Deals reduced damage beyond 8 targets.\n\nIf cast after Shear, cast 6 slashes instead.
442719	Restore Balance	db2-template	$?c2[Healing increased by $322118s8% while Chi-Ji, the Red Crane or Yu'lon, the Jade Serpent is active.]?c3[Damage increased by $123904s4% while Xuen, the White Tiger is active.][]
442726	Malevolence	api	Dark magic erupts from you and corrupts your soul for 20 sec, causing enemies suffering from your Wither to take 4,808 Shadowflame damage and increase its stack count by 6.\n\nWhile corrupted your Haste is increased by 8% and spending Soul Shards on damaging spells grants 1 additional stack of Wither.
442736	Incorruptible Spirit	api	Each Soul Fragment you consume shields you for an additional 15% of the amount healed.
442743	Temple Training	db2-template	$?c2[The healing of Enveloping Mist, Vivify, and Sheilun's Gift is increased by $s1%.]?c3[Fists of Fury and Spinning Crane Kick deal $s2% more damage.][]
442747	Niuzao's Protection	api	Fortifying Brew grants you an absorb shield for 25% of your maximum health.
442806	Wounded Quarry	api	Expose weaknesses in the target of your Reaver's Mark, causing your Physical damage to any enemy to also deal 30% of the damage dealt to your marked target as Chaos, and sometimes shatter a Soul Fragment.
443028	Celestial Conduit	api	The August Celestials empower you, causing you to radiate 387 Nature damage onto enemies and 20,555 healing onto up to 5 injured allies within 15 yds over 3.6 sec, reduced beyond 5 targets.\n\nYou may move while channeling, but casting other healing or damaging spells cancels this effect.
443046	Elune's Grace	api	Using Wild Charge while in Bear Form or Moonkin Form incurs a 3 sec shorter cooldown.
443059	Jade Sanctuary	api	You heal for 10% of your maximum health instantly when you activate Celestial Conduit and receive 15% less damage for its duration. \n\nThis effect lingers for an additional 8 sec after Celestial Conduit ends.
443087	Courage of the White Tiger	api	Xuen claws your target for 118 Physical damage, healing a nearby ally for 100% of the damage done.\n\nInvoking a celestial guarantees your next cast activates this effect.
443110	Strength of the Black Ox	db2-template	$?c2[After Xuen assists you, your next Enveloping Mist's cast time is reduced by $443112s1% and causes Niuzao to grant an absorb shield to $443113s3 nearby allies for $443113s1.]?c3[After Xuen assists you, your next Blackout Kick refunds $s3 stacks of Teachings of the Monastery and causes Niuzao to stomp at your target's location, dealing $443127s1 damage to nearby enemies, reduced beyond $s2 targets.][]
443177	Lifespark	api	Reversion healing has a chance to cause your next Living Flame to cast instantly and deal 50% increased healing or damage. Stacks up to 2 charges.
443264	Titan's Gift	api	Essence Burst increases the effectiveness of your next Essence ability by 35%.
443294	Heart of the Jade Serpent	api	upon Yu'lon to increase the cooldown recovery rate of  by 75% for .
443418	Elemental Reverb	api	Lava Burst gains an additional charge and deals 10% increased damage.
443423	Ancient Fellowship	api	Ancestors have a 20% chance to call another Ancestor for 8 sec when they depart.
443425	Spiritwalker's Momentum	api	Using spells with a cast time increases the duration of Spiritwalker's Grace and Spiritwalker's Aegis by 1 sec, up to a maximum of 4 sec.
443441	Earthen Communion	api	Earth Shield has an additional 3 charges and heals you for 25% more.
443442	Natural Harmony	api	Reduces the cooldown of Nature's Guardian by 15 sec and causes it to heal for an additional 10% of your maximum health.
443444	Heed My Call	api	Ancestors last an additional 4 sec.
443445	Routine Communication	api	Riptide has a 15% chance to call an Ancestor to your side for 8 sec.
443446	Final Calling	api	When an Ancestor departs, they cast Hydrobubble on a nearby injured ally.\n\n Hydrobubble\nSurrounds your target in a protective water bubble for 15 sec.\n\nThe shield absorbs the next 1,795 incoming damage, but the absorb amount decays fully over its duration.
443447	Maelstrom Supremacy	api	Increases the healing done by Healing Wave, Downpour, and Chain Heal by 25%.
443448	Primordial Capacity	api	Increases your maximum mana by 10%.\n\nTidal Waves can now stack up to 3 times.
443449	Latent Wisdom	api	Your Ancestors' spells are 25% more powerful.
443450	Call of the Ancestors	api	Unleash Life calls an Ancestor to your side for 12 sec.\n\nWhenever you cast a healing or damaging spell, the Ancestor will cast a similar spell.
443451	Offering from Beyond	api	When an Ancestor is called, they reduce the cooldown of Riptide by 2 sec.
443454	Ancestral Swiftness	api	Your next healing or damaging spell is instant, costs no mana, and deals 10% increased damage and healing.\n\nIf you know Nature's Swiftness, it is replaced by Ancestral Swiftness and causes Ancestral Swiftness to call an Ancestor to your side for 8 sec.
443560	Swift and Painful	api	If no enemies are struck by Soul Rupture, you gain 10% Strength for 8 sec.\n\nWave of Souls is 100% more effective on the main target of your Reaper's Mark.
443566	Chi-Ji's Swiftness	api	Your movement speed is increased by 75% during Celestial Conduit and by 15% for 3 sec after being assisted by any Celestial.
443571	Inner Compass	api	You switch between alignments every 8 sec, increasing a corresponding secondary stat by 2%.\n\nCrane Stance:\nHaste\n\nTiger Stance:\nCritical Strike\n\nOx Stance:\nVersatility\n\nSerpent Stance: \nMastery
443589	Unity Within	api	Celestial Conduit can be recast once during its duration to call upon all of the August Celestials to assist you at 200% effectiveness.\n\nUnity Within is automatically cast when Celestial Conduit ends if not used before expiration.
443625	Yu'lon's Knowledge	api	Rising Sun Kick damage increased by 15%.
443739	Splintering Sorcery	api	Casting Arcane Blast or Arcane Pulse conjures an Arcane Splinter.\n\nArcane Splinter:\nConjure raw Arcane magic into a sharp projectile that deals 219 Arcane damage.
443783	Splinterstorm	api	Casting Arcane Surge generates 8 Arcane Splinters.\n\nDuring Arcane Surge, your chance to conjure an additional Arcane Splinter is increased to 100%.
444005	Rider's Champion	api	Spending Runes has a chance to call forth the aid of a Horsemen for 10 sec.\n\nMograine\nCasts Death and Decay at his location that follows his position and extends the duration of your diseases by 1.0 sec whenever it deals damage.\n\nWhitemane\nCasts Undeath on your target dealing 2 Shadowfrost damage per stack every 3 sec, for 24 sec. Each time Undeath deals damage it gains a stack. Cannot be refreshed.\n\nTrollbane\nCasts Chains of Ice on your target slowing their movement speed by 40% and increasing the damage they take from you by 5% for 8 sec.\n\nNazgrim\nWhile Nazgrim is active you gain Apocalyptic Conquest, increasing your Strength by 5%.
444008	On a Paler Horse	api	While outdoors you are able to mount your Acherus Deathcharger in combat.
444010	Death Charge	api	Call upon your Death Charger to break free of movement impairment effects.\n\nFor 10 sec, while upon your Death Charger your movement speed is increased by 100%, you cannot be slowed below 100% of normal speed, and you are immune to forced movement effects and knockbacks.
444016	Enkindle	api	Essence abilities are enhanced with Flame, dealing 20% of healing or damage done as Fire over 8 sec.
444020	Burning Adrenaline	api	Fire Breath reaches its maximum empower level 20% faster.
444033	Whitemane's Famine	api	When Scourge Strike damages an enemy affected by Undeath it gains 1 stack and infects another nearby enemy.
444037	Hungering Thirst	api	The damage of your diseases and Death Coil are increased by 5%.
444040	Apocalypse Now	api	Army of the Dead and Frostwyrm's Fury call upon all 4 Horsemen to aid you for 20 sec.
444047	Mograine's Might	api	Your damage is increased by 5% and you gain  while inside Mograine's Death and Decay.
444052	Nazgrim's Conquest	api	If an enemy dies while Nazgrim is active, the strength of Apocalyptic Conquest is increased by 3%.\n\nAdditionally, each Rune you spend increase its value by 1%.
444069	Fury of the Horsemen	api	Every 50 Runic Power you spend extends the duration of the Horsemen's aid in combat by 1 sec, up to 5 sec.
444072	A Feast of Souls	api	While you have 2 or more Horsemen aiding you, your  increased damage.
444074	Horsemen's Aid	api	While at your aid, the Horsemen will occasionally cast Anti-Magic Shell on you and themselves at 80% effectiveness.\n\nYou may only benefit from this effect every 45 sec.
444083	Pact of the Apocalypse	api	When you take damage, 5% of the damage is redirected to each active horsemen.
444088	Consume Flame	api	Disintegrate damage consumes 1.0 sec of Fire Breath from enemies it damages, detonating it for 150% of the amount consumed.\n\nPyre damage consumes 4 sec of Fire Breath from enemies it damages, detonating it for 115% of the amount consumed.
444097	Trollbane's Icy Fury	api	Scourge Strike shatters Trollbane's Chains of Ice when hit, dealing 36 Shadowfrost damage to nearby enemies, and slowing them by 40% for 4 sec. Deals reduced damage beyond 8 targets.
444099	Mawsworn Menace	api	Scourge Strike deals 15% increased damage and the cooldown of your Death and Decay is reduced by 5 sec.
444256	Splintering Orbs	api	Enemies damaged by your Arcane Orb conjure 2 Arcane Splinters, up to 4.\n\nArcane Orb damage is increased by 10%.
444322	Lifecinders	api	Obsidian Scales also applies to your target or 1 nearby injured ally at 50% value.
444483	Controlled Instincts	api	40% of the direct damage dealt by an Arcane Splinter is also dealt to nearby enemies. Damage reduced beyond 5 targets.
444675	Shifting Shards	api	Gaining Clearcasting conjures 2 Arcane Splinters.
444719	Force of Will	api	Casting Arcane Barrage conjures an Arcane Splinter for every 5 Arcane Salvo stacks consumed.
444752	Slippery Slinging	api	You have 40% increased movement speed during Alter Time.
444756	Look Again	api	While in combat, Blink summons a Mirror Image at your previous location.
444767	Slayer's Dominance	api	Your attacks against your primary target have a 15% chance to overwhelm their defenses and trigger a Slayer's Strike, dealing 298 Physical damage and granting you a stack of Executioner, increasing your Execute damage by 3% for 12 sec. Multiple stacks of Executioner may overlap.
444769	Imminent Demise	api	Every 3 Slayer's Strikes you gain Sudden Death.\n\nUsing Sudden Death accelerates your next Bladestorm, striking 1 additional time (max 3). Bladestorm's total duration is unchanged.\n\nSudden Death has a 100% chance to trigger Reap the Storm at 100% effectiveness.
444770	Death Drive	api	You heal for 15% of damage dealt by Sudden Death.
444771	Show No Mercy	api	Executioner also increases your Execute critical strike chance and critical strike damage by 3% per stack.
444772	Overwhelming Blades	api	Each strike of Bladestorm applies Overwhelmed to all enemies affected, increasing damage you deal to them by 1% for 20 sec, max 5 stacks.
444773	Fierce Followthrough	api	Mortal Strike critical strikes increase the damage of your next Mortal Strike by 20%.
444774	Opportunist	api	When Overpower has its cooldown reset by Tactician, your next Overpower deals 10% additional damage and 10% additional critical damage. Stacking up to 2 times.
444775	Reap the Storm	api	When Cleave hits 3 or more targets you have a 20% chance to unleash a flurry of steel, striking all nearby enemies for 272 Physical damage and applying Overwhelmed. Deals reduced damage beyond 8 targets.
444776	Relentless Pursuit	api	Charge increases your movement speed by 70% for 3 sec.\n\nCharge removes all movement impairing effects, this effect cannot occur more than once every 30 sec.
444777	Vicious Agility	api	Heroic Leap reduces the cooldown of Charge by 5 sec and Charge reduces the cooldown of Heroic Leap by 2 sec.
444778	Culling Cyclone	api	Each strike of Bladestorm deals an additional 20% damage evenly split across all targets.
444779	Slayer's Malice	api	Overpower and Execute damage increased by 15%.
444780	Unrelenting Onslaught	api	Using Sudden Death causes you to both reduce the cooldown of Bladestorm by 5 sec and apply 1 stack of Overwhelmed to your primary target per stack of Executioner you have.\n\nYou can use Pummel and Storm Bolt while Bladestorming.\n\nBladestorm damage increased by 20%.
444784	Phantasmal Image	api	Your Mirror Image summons 1 extra clone.
444827	Reactive Barrier	api	Your Prismatic Barrier can absorb up to 25% more damage based on your missing Health.\n\nMax effectiveness when under 25% health.
444843	Conduit of Flame	api	Critical strike chance against targets above 50% health increased by 15%.
444845	Expanded Lungs	api	Fire Breath's damage over time is increased by 30%. Dream Breath's heal over time is increased by 30%.
444849	Trailblazer	api	Hover and Deep Breath travel 40% faster, and Hover travels 40% further.
444926	Evasive Action	api	Vengeful Retreat can be cast a second time within 3 sec.
444931	Unhindered Assault	api	Vengeful Retreat resets the cooldown of Felblade.
444968	Archmage's Wrath	api	Arcane Surge damage increased by 30%.\n\nYour chance to gain Clearcasting is increased by 3%.
444986	Spellfrost Teachings	api	Direct damage from Arcane Splinters reduces the cooldown of Arcane Orb by 0.25 sec.
444995	Surging Totem	api	Summons a totem at the target location that creates a Tremor immediately and every 5.4 sec for 42 Flamestrike damage. Damage reduced beyond 5 targets. Lasts 25 sec.
444997	Preemptive Strike	api	Throw Glaive deals 7 Physical damage to enemies near its initial target.
445024	Whirling Elements	api	Elemental motes orbit around your Surging Totem. Your abilities consume the motes for enhanced effects. \n\nWater: Your next Healing Wave also heals an ally inside of your Healing Rain at 50% effectiveness.\n\nAir: The cast time of your next healing spell is reduced by 40%.\n\nEarth: Your next Chain Heal applies Earthliving at 150% effectiveness to all targets hit.
445025	Totemic Rebound	api	Chain Heal now jumps to a nearby totem within 20 yards once it reaches its last target, causing the totem to cast Chain Heal on an injured ally within 30 yards for 837. Jumps to 2 nearby targets within 20 yards.
445026	Oversized Totems	api	Increases the size and radius of your totems by 15%, and the health of your totems by 30%.
445027	Swift Recall	api	Successfully removing a harmful effect with Tremor Totem or Poison Cleansing Totem, or controlling an enemy with Capacitor Totem or Earthgrab Totem reduces the cooldown of the totem used by 5 sec.\n\nCannot occur more than once every 20 sec per totem.
445028	Imbuement Mastery	api	Increases the duration of your Earthliving effect by 3 sec.
445029	Amplification Core	api	While Surging Totem is active, your damage and healing done is increased by 3%.
445030	Oversurge	api	Surging Totem deals 50% more damage while Ascendance or Healing Tide Totem is active.
445031	Wind Barrier	api	If you have a totem active, your totem grants you a shield absorbing 1,833 damage for 30 sec every 30 sec.
445032	Pulse Capacitor	api	Increases the healing done by Surging Totem by 25%.
445033	Supportive Imbuements	api	Learn a new weapon imbue, Tidecaller's Guard.\n\n Tidecaller's Guard\nImbue your shield with the element of Water for 1 hour. Your healing done is increased by 2.0% and the duration of your Healing Stream Totem is increased by 3.0 sec.
445034	Lively Totems	api	When you summon a Healing Tide Totem, Healing Stream Totem, or Spirit Link Totem you cast a free instant Chain Heal at 100% effectiveness.
445035	Splitstream	api	Your Healing Stream Totems heals an additional ally at 30% effectiveness.\n\nHealing Tide Totem healing increased by 25%.
445036	Totemic Coordination	api	Chain Heals from Lively Totem and Totemic Rebound are 25% more effective.
445074	Shape of Flame	api	Tail Swipe and Wing Buffet scorch enemies and blind them with ash, causing their next attack within 4 sec to miss.
445200	Blessing of An'she	api	The healing and damage of Holy Shock is increased by 15%.
445468	Wither	api	Bestows a vile malediction upon the target, burning the sinew and muscle of its host, dealing 76 Shadowflame damage immediately and an additional 1,259 Shadowflame damage over 18 sec.\n\nReplaces Corruption.
445625	Titanic Precision	api	Living Flame and Azure Strike have 1 extra chance to trigger Essence Burst when they critically strike.
445958	Draconic Instincts	api	Your wounds have a small chance to cauterize, healing you for 30% of damage taken. Occurs more often from attacks that deal high damage.
446085	Brutal Finish	api	Your next Mortal Strike after Bladestorm ends deals 50% additional damage.
446260	Crane Style	api	Rising Sun Kick now kicks up a Gust of Mist to heal 2 allies within 40 yds for 0. \n\nSpinning Crane Kick and Blackout Kick have a chance to kick up a Gust of Mist to heal 1 ally within 40 yds for 0.
446326	Zen Pulse	api	Renewing Mist's heal over time has a chance to cause your next Vivify to also trigger a Zen Pulse on its target and all allies with Renewing Mist, healing them for 610 increased by 6% per Renewing Mist active, up to 30%.
446345	Deep Clarity	api	After you fully consume Thunder Focus Tea, your next Vivify triggers Zen Pulse.
446534	Portal: Dornogal	api	Creates a portal, teleporting group members that use it to Dornogal.
446540	Teleport: Dornogal	api	Teleports you to Dornogal.
446663	Burn to Ash	api	When Truth's Wake critically strikes, its duration is extended by 2 sec.\n\nYour other damage over time effects deal 30% increased damage to targets affected by Truth's Wake.
447131	Thriving Vegetation	api	Rejuvenation instantly heals your target for 20% of its total periodic effect and Regrowth's duration is increased by 3 sec.
447444	Entropic Rift	api	Mind Blast tears open an Entropic Rift that follows the enemy for 8 sec. Enemies caught in its path suffer 223 Shadow damage every 0.9 sec while within its reach.
447985	Light of the Martyr	api	While above 80% health, Holy Shock's healing is increased 20%, but creates a heal absorb on you for 30% of the amount healed that prevents Beacon of Light from healing you until it has dissipated.
448040	Bestow Light	api	Light of the Martyr's health threshold is reduced to 70% and increases Holy Shock's healing by an additional 5% for every 5 sec Light of the Martyr is active, stacking up to 3 times.\n\nWhile below 70% health, the light urgently heals you for 76 every 1 sec.
448278	Inner Quietus	api	Power Word: Shield absorbs 20% additional damage.
448403	Collapsing Void	api	Each time Penance damages or heals, Entropic Rift is empowered, increasing its damage and size by 10%.\n\nAfter Entropic Rift ends it collapses, dealing 1,672 Shadow damage split amongst enemy targets within 15 yds.
448601	Spellfire Spheres	api	Casting a damaging spell has a 12% chance to conjure a Spellfire Sphere.\n\nWhile you're out of combat, you will slowly conjure Spellfire Spheres over time.\n\n Spellfire Sphere\nIncreases your spell damage by 1.0%. Stacks up to 3 times.
448658	Invocation: Arcane Phoenix	api	When you cast Arcane Surge, summon an Arcane Phoenix to aid you in battle.\n\n  Arcane Phoenix\nYour Arcane Phoenix aids you for the duration of your Arcane Surge, casting random Arcane and Fire spells.
449182	Ursoc's Spirit	api	Stamina increased by 4%.\n\nStamina in Bear Form is increased by an additional 5%.
449184	Instincts of the Claw	api	Ferocious Bite and Maul damage increased by 8%.
449185	Lore of the Grove	api	Moonfire and Sunfire damage increased by 10%.
449191	Oakskin	api	Survival Instincts and Barkskin reduce damage taken by an additional 10%.
449193	Fluid Form	api	Shred, Rake, and Skull Bash can be used in any form and shift you into Cat Form, if necessary. \n\nMangle can be used in any form and shifts you into Bear Form. \n\nWrath and Starfire shift you into Moonkin Form, if known.
449293	Mana Cascade	api	Casting Arcane Blast or Arcane Barrage grants you 0.5% Haste for 10 sec. Stacks up to 10 times. Multiple instances may overlap.
449330	Merely a Setback	api	The bonuses provided by your Barrier spells persist an additional 8 sec after your Barrier is removed.
449349	Sunfury Execution	api	Arcane Barrage deals 5% increased damage to enemies affected by your Touch of the Magi.
449382	Codex of the Sunstriders	api	When your Arcane Phoenix is summoned, it consumes all your Spellfire Spheres.\n\nEach Sphere consumed increases your spell damage during Arcane Surge by 1% and causes your Arcane Phoenix to cast an exceptional Arcane or Fire spell over its duration.
449394	Glorious Incandescence	api	Arcane Barrage summons 1 Meteorite for every 6 Arcane Salvo stacks consumed.\n\n Meteorite\nCalls down a meteorite which lands at the target location after 3 sec, dealing 417 Fire damage to all enemies hit, reduced beyond 8 targets.
449412	Savor the Moment	api	When you cast Arcane Surge, its duration is extended by 0.4 sec for each Spellfire Sphere you have, up to 2.0 sec.
449537	Coiled to Spring	api	If you generate a combo point in excess of what you can store, your next Ferocious Bite or Primal Wrath deals 10% increased direct damage.
449582	Lighter Than Air	api	Roll causes you to become lighter than air, allowing you to double jump to dash forward a short distance once within 5 sec, but the cooldown of Roll is increased by 2 sec.
449596	Rondurmancy	api	Spellfire Spheres can now stack up to 5 times.
449614	Demonic Soul	api	A demonic entity now inhabits your soul, allowing you to detect if a Soul Shard has a Succulent Soul when it's generated.\n\nConsuming a Succulent Soul unleashes your demonic soul, dealing 1,342 Shadow damage to all enemies within 10 yds of the target. Damage reduced beyond 8 targets.
449619	Memory of Al'ar	api	During Arcane Surge, you gain twice as many stacks of Mana Cascade.\n\nWhen your Arcane Phoenix expires, it empowers you, granting Arcane Soul for 4.0 sec.\n\nArcane Soul:\nArcane Barrage grants Clearcasting and generates 4 Arcane Charges.\n\nEach cast of Arcane Barrage grants 5 stacks of Arcane Salvo and casting Arcane Barrage does not consume Arcane Salvo.
449620	Necrolyte Teachings	api	Shadow Bolt damage increased by 20%. Power Siphon increases the damage of Demonbolt by an additional 20%.
449624	Soul Anathema	api	Unleashing your demonic soul bestows a fiendish entity unto the soul of its targets, dealing 488 Shadow damage over 10 sec.\n\nIf this effect is reapplied, any remaining damage will be added to the new Soul Anathema.
449627	Lessons in Debilitation	api	Your Arcane Phoenix has picked up a few tricks, and will Spellsteal when it is summoned and when it expires.
449629	Demoniac's Fervor	api	Your demonic soul deals 100% increased damage to the main target of Hand of Gul'dan.
449631	Wicked Reaping	api	Damage dealt by your demonic soul is increased by 10%.\n\nConsuming Demonic Core feeds the demonic entity within you, causing it to appear and deal 914 Shadow damage to your target.
449634	Quietus	api	Soul Anathema damage increased by 25% and is dealt 20% faster.\n\nConsuming Demonic Core activates Shared Fate or Feast of Souls.
449637	Sataiel's Volition	api	Wild Imp damage increased by 35% and Wild Imps that are imploded have an additional 5% chance to grant a Demonic Core.
449638	Shadow of Death	api	Your Summon Demonic Tyrant spell is empowered by the demonic entity within you, causing it to grant 3 Soul Shards that each contain a Succulent Soul.
449645	Savage Fury	api	Tiger's Fury increases your Haste by 10% and Energy recovery rate by 25% for 8 sec.
449701	Gorebound Fortitude	api	You always gain the benefit of Soulburn when consuming a Healthstone, increasing its healing by 30% and increasing your maximum health by 20% for 12 sec.
449703	Friends In Dark Places	api	Dark Pact now shields you for an additional 50% of the sacrificed health.
449704	Shared Fate	api	When you kill a target, its tortured soul is flung into a nearby enemy for 3 sec. This effect inflicts 191 Shadow damage to enemies within 10 yds every 0.9 sec.\n\nDeals reduced damage beyond 8 targets.
449706	Feast of Souls	api	When you kill a target, you have a chance to generate a Soul Shard that is guaranteed to be a Succulent Soul.
449707	Eternal Servitude	api	Fel Domination cooldown is reduced by 90 sec.
449793	Succulent Soul	db2-template+redirect	A demonic entity now inhabits your soul, allowing you to detect if a Soul Shard has a Succulent Soul when it's generated.\n\nConsuming a Succulent Soul unleashes your demonic soul, dealing $449801s1 Shadow damage to all enemies within $449801a1 yds of the target. Damage reduced beyond 8 targets.
449806	Divine Halo	api	Halo now centers around you and returns to you after it reaches its maximum distance, healing allies and damaging enemies each time it passes through them.
449874	Energy Compression	api	Halo damage and healing is increased by 30%.
449880	Voidheart	api	While Entropic Rift is active, your Atonement healing is increased by 20%.
449912	Darkening Horizon	api	Void Blast increases the duration of Entropic Rift by 1.0 sec, up to a maximum of 3 sec.
450138	Void Empowerment	api	Summoning an Entropic Rift extends the duration of your 5 shortest Atonements by 1 sec.
450154	Rushing Reflexes	api	Your heightened reflexes allow you to react swiftly to the presence of enemies, causing you to quickly lunge to the nearest enemy in front of you within 10 yards after you Roll.
450212	Stellar Amplification	api	Starsurge increases the damage the target takes from your periodic effects and Shooting Stars by 16% for 5 sec. Reapplying this effect extends its duration, up to 20 sec.
450335	Crashing Momentum	api	Targets you Roll through are snared by 40% for 5 sec.
450347	Nature's Grace	api	When Eclipse ends or when you enter combat, enter a Dreamstate, reducing the cast time of your next 2 Starfires or Wraths by 30%.
450356	Touch the Cosmos	api	Casting Wrath has a 15% chance to make your next Starsurge or Starfall free.\n\nCasting Starfire has a 20% chance to make your next Starsurge or Starfall free.
450373	Don't Look Back	api	Consuming Sentinel's Mark grants you an absorb shield equal to 10.0% of your maximum health.
450379	Invigorating Pulse	api	Kill Command grants an additional 5 Focus and its damage is increased by 20%. \n\nMaximum Focus increased by 25.
450405	Void Blast	api	Entropic Rift upgrades Smite into Void Blast while it is active.\n\nVoid Blast:\nSends a blast of cosmic void energy at the enemy, causing 567 Shadow damage.
450426	Chi Proficiency	api	Magical damage done increased by 5% and healing done increased by 5%.
450427	Martial Instincts	api	Increases your Physical damage done by 5% and Avoidance increased by 2%.
450432	Pressure Points	api	Paralysis now removes all Enrage effects from its target.
450448	Peace and Prosperity	api	Reduces the cooldown of Ring of Peace by 5 sec and Song of Chi-Ji's cast time is reduced by 0.5 sec.
450503	Quick Footed	api	The duration of snare effects on you is reduced by 20%.
450508	Aspect of Harmony	api	Store vitality from 10% of your damage dealt and 30% of your healing.\n\nFor 10 sec after casting Thunder Focus Tea your spells and abilities draw upon the stored vitality to deal 40% additional healing over 8 sec.
450514	Wind's Reach	api	The range of Disable is increased by 5 yds.\n \nThe duration of Crashing Momentum is increased by 3 sec and its snare now reduces movement speed by an additional 20%.
450520	Bounding Agility	api	Roll and Chi Torpedo travel a small distance further.
450529	Coalescence	api	When Aspect of Harmony heals, it has a chance to spread to a nearby ally. When you directly heal an affected target, it has a chance to intensify, withdrawing additional vitality to increase its effect by up to 20%.\n\nVivify no longer contributes vitality. While Aspect of Harmony is not active, Vivify instead draws on available vitality to deal an additional 100% healing over 8 sec.\n\nVitality stored by other abilities is increased by 50%.
450553	Jade Walk	api	While out of combat, your movement speed is increased by 15%.
450558	Harmony of the Heavens	api	Starsurge or Starfall increase your current Eclipse's Arcane or Nature damage bonus by an additional 2%, up to 6%.
450560	Healing Winds	api	Transcendence: Transfer immediately heals you for 10% of your maximum health.
450569	Flow of Chi	api	You gain a bonus effect based on your current health.\n\nAbove 90% health: Movement speed increased by 5%. This bonus stacks with similar effects.\n\nBetween 90% and 35% health: Damage taken reduced by 5%.\n\nBelow 35% health: Healing received increased by 10%.
450595	Spirit's Essence	api	Transcendence: Transfer snares targets within 10 yds by 70% for 4 sec when cast.
450598	Astral Communion	api	Increases maximum Astral Power by 20. Entering Eclipse reduces the Astral Power cost of your next Starsurge or Starfall by 15.
450612	Void Infusion	api	While Entropic Rift is active, Atonement healing with Void Blast and Penance is 50% more effective.
450615	Flurry Strikes	api	Your auto attacks have a chance to generate 1-2 Flurry Charges. When you cast Keg Smash, unleash all Flurry Charges, dealing 21 Physical damage per charge.
450622	Swift Art	api	Roll removes a snare effect once every 30 sec.
450631	Energy Transfer	api	Successfully interrupting an enemy reduces the cooldown of Paralysis and Roll by 5 sec.
450638	Celestial Determination	api	While your Celestial is active, you cannot be slowed below 90% normal movement speed.
450746	Scald	api	Fireball always critically strikes enemies below 30% health.\n\nWhen Fireball or Scorch damage an enemy below 30% health, Fireball deals 25% increased damage and Scorch deals 250% increased damage.
450831	Fire's Ire	api	Your spell critical strike chance is increased by 2.5%.\n\nCombustion increases your critical strike damage by 2.5%.
450867	Purified Spirit	api	When Aspect of Harmony ends, any remaining vitality is expelled as healing over 8 sec, split among nearby targets.
450870	Harmonic Gambit	api	During Aspect of Harmony, Rising Sun Kick, Blackout Kick, and Tiger Palm also withdraw vitality to damage enemies for an additional 20% over 8 sec.
450875	Manifestation	api	Chi Burst and Chi Wave deal 50% increased damage and healing.
450889	Balanced Stratagem	api	Casting a Physical spell or ability increases the damage and healing of your next Fire or Nature spell or ability by 3%, and vice versa. Stacks up to 5.
450892	Endless Draught	api	Thunder Focus Tea has 1 additional charge.
450912	Path of Resurgence	api	Chi Burst increases vitality stored by 25% for 10 sec.
450965	Way of a Thousand Strikes	api	Rising Sun Kick, Blackout Kick and Tiger Palm contribute 30% additional vitality.
450979	Pride of Pandaria	api	Flurry Strikes have 15% additional chance to critically strike.
450982	High Impact	api	Enemies who die within 10 sec of being damaged by a Flurry Strike explode, dealing 35 physical damage to uncontrolled enemies within 8 yds.
450986	Against All Odds	api	Your agility is increased by 4%.
450987	Veteran's Eye	api	Haste increased by 5%.
450988	One Versus Many	api	Auto attack critical strikes generate double the amount of Flurry Charges.\n\n\nKeg Smash damage increased by 35%.
450989	Efficient Training	api	Energy spenders deal an additional 20% damage.\nThe cooldown of Invoke Niuzao, the Black Ox is reduced by 25 sec.
450990	Martial Precision	api	Your attacks penetrate 12% armor.
450991	Whirling Steel	api	When your health drops below 50%, summon Whirling Steel, increasing your parry chance and avoidance by 15% for 6 sec.\n\nThis effect can not occur more than once every 180 sec.
450992	Predictive Training	api	When you dodge or parry an attack, reduce all damage taken by 10% for the next 6 sec.
450993	Vigilant Watch	api	Blackout Kick deals an additional 30% critical damage.
451017	Clarity of Purpose	api	Casting Enveloping Mist stores 1,140 additional vitality.
451018	Dark Energy	api	While Entropic Rift is active, you move 20% faster.
451021	Flurry Charge	db2-template+redirect	Your auto attacks have a chance to generate $s1-$s2 Flurry Charges. When you cast $?c3[Fists of Fury][Keg Smash], unleash all Flurry Charges, dealing $450617s1 Physical damage per charge.
451024	Overwhelming Force	api	Rising Sun Kick, Blackout Kick and Tiger Palm deal 15% additional damage to enemies in a line in front of you. Damage reduced above 5 targets.
451029	Mantra of Tenacity	api	Fortifying Brew grants 20% Stagger.
451035	Burden of Power	api	Arcane Blast damage increased by 30%.\n\nArcane Pulse damage increased by 20%.
451036	Mantra of Purity	api	When cast on yourself, your single-target healing spells heal for 10% more and restore an additional 570 health over 6 sec.
451038	Arcane Soul	db2-template	Arcane Barrage grants Clearcasting and generates $s1 Arcane Charges.\n\nEach cast of Arcane Barrage grants $s2 stacks of Arcane Salvo and casting Arcane Barrage does not consume Arcane Salvo.
451041	Tiger's Vigor	api	Casting Tiger's Lust reduces the remaining cooldown on Roll by 5 sec.
451043	Roar from the Heavens	api	Tiger's Lust grants 20% movement speed to up to 2 allies near its target.
451204	No Escape	api	Entropic Rift slows enemies by up to 70%, increased the closer they are to its center.
451211	Starlight Conduit	api	Wrath, Starsurge, and Starfire damage increased by 5%. \n\nStarsurge's cooldown is reduced by 4 sec and its mana cost is reduced by 50%.
451234	Voidwraith	api	When Entropic Rift ends, a Voidwraith is summoned from the collapsed rift for 5 sec.\n\nVoidwraith\nSummon a Voidwraith that casts Void Flay from afar. Void Flay deals bonus damage to high health enemies, up to a maximum of 50% if they are full health.\n\nGenerates 0.5% Mana each time the Voidwraith attacks.
451294	Momentum Boost	api	Fists of Fury's damage is increased by 100% of your haste and Fists of Fury does 10% more damage each time it deals damage, resetting when Fists of Fury ends.\n\nYour auto attack speed is increased by 60% for 8 sec after Fists of Fury ends.
451311	Void Leech	api	Every 3 sec siphon an amount equal to 4% of your health from an ally within 40 yds if they are higher health than you.
451466	Pyromaniac	api	Casting Pyroblast or Flamestrike while Hot Streak is active has a 6% chance to repeat the spell cast at 50% effectiveness.\n\nThis effect counts as consuming Hot Streak.
451485	Brawler's Intensity	api	The cooldown of Rising Sun Kick is reduced by 1.0 sec and the damage of Blackout Kick is increased by 12%.
451498	Energy Burst	api	When you consume Blackout Kick!, you have a 100% chance to generate 1 Chi.
451515	Sequenced Strikes	api	You have a 100% chance to gain Blackout Kick! after consuming Dance of Chi-Ji.
451524	Revolving Whirl	api	Strike of the Windlord and Whirling Dragon Punch have a 100% chance to activate Dance of Chi-Ji.
451529	Knowledge of the Broken Temple	api	Strike of the Windlord and Whirling Dragon Punch grant 4 stacks of Teachings of the Monastery.\n\nTeachings of the Monastery can now stack up to 8 times.
451569	Embrace the Shadow	api	You absorb 3% of all magic damage taken. Absorbing Shadow damage heals you for 100% of the amount absorbed.
451573	Singularly Focused Jade	api	Jadefire Stomp now strikes 1 target, but deals 300% increased damage and healing.
451576	Communion With Wind	api	Strike of the Windlord and Whirling Dragon Punch have their cooldowns reduced by 5 sec and their damage is increased by 20%.
451823	Dual Threat	api	Your auto attacks have a 30% chance to instead kick your target dealing 130 Physical damage. Damage increased while using a two-handed weapon.
451840	Devour Matter	api	Shadow Word: Death consumes absorb shields from your target, dealing 971 extra damage to them and granting you 1% mana if a shield was present.
451875	Spontaneous Combustion	api	Casting Combustion refreshes up to 1 charge of Fire Blast.
452137	Flurry of Xuen	api	Your spells and abilities have a chance to activate Flurry of Xuen, unleashing a barrage of deadly swipes to deal 192 Physical damage in a 10 yd cone, damage reduced beyond 5 targets.\n\nInvoking Xuen, the White Tiger activates Flurry of Xuen.
452198	Eureka	api	When a spell consumes Clearcasting, its damage is increased by 20%.
452402	Demonsurge	api	Void Metamorphosis now also greatly empowers Voidblade and Hungering Slash.\n\nWhile demon form is active, the first cast of each empowered ability induces a Voidsurge, causing you to explode with Void energy, dealing 2,372 Cosmic damage to nearby enemies. Deals reduced damage beyond 8 targets.
452403	Wave of Debilitation	api	Chaos Nova slows enemies by 60% and reduces attack and cast speed by 15% for 5 sec after its stun fades.
452404	Pursuit of Angriness	api	Movement speed increased by 1% per 10 Fury.
452405	Focused Hatred	api	Voidsurge deals 50% increased damage when it strikes a single target.\n\nEach additional target reduces this bonus by 10%.
452406	Set Fire to the Pain	api	5% of all non-Fire damage taken is instead taken as Fire damage over 6 sec.\n\nFire damage taken reduced by 10%.
452407	Improved Soul Rending	api	Leech granted by Soul Rending increased by 2% and an additional 2% while Void Metamorphosis is active.
452408	Burning Blades	api	Your blades burn with Cosmic energy, causing your Voidblade, Hungering Slash, and Throw Glaive to deal an additional 35% damage as Cosmic damage.\n\nReap damage increased by 20%.
452409	Violent Transformation	api	Entering Void Metamorphosis resets the cooldown of Voidblade and The Hunt.\n\nThe Hunt deals 25% increased damage and resets the cooldown of Soul Immolation.
452410	Enduring Torment	api	The effects of your demon form persist outside of it in a weakened state, increasing Mastery: Monster Within's effectiveness by 20%.
452411	Untethered Fury	api	Maximum Fury increased by 20.
452412	Student of Suffering	api	Void Ray applies Student of Suffering to you, increasing Mastery by 10.6% and granting 5 Fury every 2 sec, for 6 sec.
452413	Flamebound	api	Hungering Slash has 2 yd increased radius and 50% increased critical strike damage bonus.
452414	Monster Rising	api	Intellect increased by 15% while not in demon form.
452415	Demonic Intensity	api	Activating Void Metamorphosis greatly empowers The Hunt.\n\nVoidsurge damage is increased by 10% for each time it previously triggered while your demon form is active.
452494	Fight Through the Flames	api	Defensive Stance additionally reduces magic damage you take by 6%.
452536	Hand of Fate	api	Flip a Fatebound Coin each time a finishing move consumes 5 or more combo points. Heads increases the damage of your attacks by 10%, lasting 15 sec or until you flip Tails. Tails deals 59 Cosmic damage to your target.\n\nFor each time the same face is flipped in a row, Heads increases damage by an additional 2% and Tails increases its damage by 10%.
452902	Swift Artifice	api	Reduces the cast time of Soulstone and Create Healthstone by 50%.
452997	Energized Familiar	api	During Arcane Surge, your Familiar fires 4 bolts instead of 1.\n\nDamage from your Arcane Familiar has a 6% chance to grant you up to 2% of your maximum mana.
452999	Siphon Life	api	Corruption deals 30% increased damage and its periodic damage heals you for 5% of the damage dealt.
453080	Improved Shadow Bolt	api	Reduces the cast time of Shadow Bolt by 15% and increases its damage by 40%.
453087	Malediction	api	Increases the critical strike chance of Agony, Corruption, and Unstable Affliction by 5%.
453096	Contagion	api	Increases critical strike damage dealt by Agony, Corruption, and Unstable Affliction by 15%.
453105	Summoner's Embrace	api	Increases the damage dealt by your spells and your demon by 3%.
453109	Power Surge	api	Casting Halo also causes you to create a Halo around you at 100% effectiveness every 5 sec for 10 sec.
453172	Cunning Cruelty	api	Shadow Bolt and Drain Soul have a chance to trigger a Shadow Bolt Volley, dealing 498 Shadow damage to 5 enemies within 10 yards of your current target.
453282	Flame Accelerant	api	The cast time of Pyroblast and Flamestrike is reduced by 20%.
453406	Whirling Earth	db2-template	$?a137041[Your next Sundering deals $s1% increased damage and summons a Searing Totem.][Your next Chain Heal applies Earthliving at $s2% effectiveness to all targets hit.]
453407	Whirling Water	db2-template	Your next Healing Wave also heals an ally inside of your Healing Rain at $s1% effectiveness.
453409	Whirling Air	db2-template	$?a137041[Your next Lightning Bolt, Chain Lightning or Elemental Blast unleashes $s3 Surging Bolts at your Surging Totem.][The cast time of your next healing spell is reduced by $s1%.]
453428	Mean Streak	api	Fatebound Coins flipped by Envenom are 33% more likely to match the same face as the last flip.
453457	Edge Case	api	Activating Deathmark flips a Fatebound Coin and causes it to land on its edge, counting as both Heads and Tails.
453699	Flametouched	api	Increases the attack speed of your Dreadstalkers by 10% and their critical strike chance by 15%.
453726	Word of Supremacy	api	Power Word: Fortitude grants you an additional 5% stamina.
453729	Heightened Alteration	api	Increases the duration of Dispersion by 2 sec.
453744	Rune of Shadows	api	Reduces the cast time of Shadow Bolt by 10% and increases its damage by 15%.
453783	Manifested Power	api	Creating a Halo grants Surge of Light.\n\n Surge of Light\nYour healing spells and Smite have a 8% chance to make your next Flash Heal instant and cost 50% less mana. Stacks to 2.
453785	Earthen Ordinant's Ramolith	api	Summons the Earthen Ordinant's Ramolith, which serves as a mount.
453799	Empowered Surges	api	Your spells affected by Surge of Light heal for 5% more while Surge of Light is active.
453800	Improved Demonic Tactics	api	Increases the critical strike chance of your primary demon by 50% of your critical strike chance.
453828	Energy Cycle	api	Casting Mind Flay: Insanity has a 100% chance to conjure Shadowy Apparitions.
453845	Resonant Energy	api	Allies healed by your Halo receive 2% increased healing from you for 8 sec, stacking up to 5 times.
453852	Shock Pulse	api	Halo damage reduces enemy movement speed by 5% for 5 sec, stacking up to 5 times.
453908	Demonic Brutality	api	Damaging critical strikes dealt by you and your demons deal 230% damage instead of the usual 200%.
453917	Perfected Form	api	Your damage dealt is increased by 5% while Voidform is active.
453918	Incessant Screams	api	Psychic Scream creates an image of you at your location. After 4 sec, the image will let out a Psychic Scream.
454001	Sustained Potency	api	Creating a Halo extends the duration of Voidform by 1 sec. If Voidform is not active, up to 6 seconds is stored.\n\nWhile out of combat or affected by a loss of control effect, the duration of Voidform is paused for up to 20 sec.
454009	Tempest	api	Each Maelstrom Weapon spent has a 2.00% chance to upgrade your next Lightning Bolt to Tempest.
454021	Stormcaller	api	Increases the critical strike chance of your Nature damage spells by 5% and the critical strike damage of your Nature spells by 5%.
454022	Electroshock	api	Tempest increases your movement speed by 20% for 5 sec.
454026	Rolling Thunder	api	Doom Winds summons a Nature Feral Spirit for 12 sec.\n\nFeral Spirit\nAn Elemental Spirit infused with Nature magic, granting the summoner with 5% increased Nature damage and 5% Physical damage for 12 sec.
454027	Nature's Protection	api	Lightning Shield reduces the damage you take by 3%.
454286	Tempted Fate	api	You have a 30% chance to absorb 10% of any damage taken.
454372	Surging Currents	api	Casting Tempest grants Surging Currents, increasing the effectiveness of your next Chain Heal or Healing Surge by 16%, up to 80%.
454391	Unlimited Power	api	Spending Maelstrom Weapon stacks grants you 1% haste for 15 sec.\n\nMultiple applications may overlap.
454419	Deal Fate	api	Mutilate, Ambush, and Fan of Knives generate 1 additional combo point when they trigger Seal Fate.
454432	Inexorable March	api	You cannot be slowed below 70% of normal movement speed while your Fatebound Coin flips have an active streak of at least 2 flips matching the same face.
454433	Death's Arrival	api	Grappling Hook may be used a second time within 3 sec with no cooldown, but its total cooldown is increased by 5 sec.
454435	Destiny Defined	api	Sinister Strike has 5% increased chance to strike an additional time and grant Opportunity and your Fatebound Coins flipped have an additional 5% chance to match the same face as the last flip.
454483	August Blessing	api	When you would be healed above maximum health, you instead convert an amount equal to 40% of your critical strike chance to a heal over time effect.
454484	One With the Wind	api	You have a 10% chance to not reset your Elusive Brawler stacks after a successful dodge.
454735	Devastation	api	Increases the critical strike chance of your Destruction spells by 3%.
454744	Emberstorm	api	Increases the damage done by your Fire spells by 2% and reduces the cast time of your Incinerate spell by 20%.
454786	Ice Prison	api	Chains of Ice now also roots enemies for 4 sec but its cooldown is increased to 12 sec.
454788	Runic Protection	api	Your chance to be critically struck is reduced by 3% and your Armor is increased by 6%.
454822	Subduing Grasp	api	When you would pull an enemy, the damage they deal to you is reduced by 6% for 6 sec.
454835	Osmosis	api	Anti-Magic Shell increases healing received by 15%.
454842	Null Magic	api	Magic damage taken is reduced by 8% and the duration of harmful Magic effects against you are reduced by 35%.
454851	Vestigial Shell	api	Casting Anti-Magic Shell grants 2 nearby allies a Lesser Anti-Magic Shell that Absorbs up to 148 magic damage and reduces the duration of harmful Magic effects against them by 50%.
454919	Voltaic Surge	api	Crash Lightning and Chain Lightning damage increased by 15%.
454969	Memory of the Monastery	api	Tiger Palm's chance to activate Blackout Kick! is increased by 75% and Tiger Palm's damage is increased by 30%.
454983	Arcane Reach	api	The range of your helpful magics is increased by 5 yards.
455068	Ox Stance	api	Casting Purifying Brew grants a charge of Ox Stance. When you take damage that is greater than 60% of your current health, a charge is consumed to increase the amount you Stagger.
455072	Rapid Injection	api	Envenom's effect increases the damage of Envenom by 15%.
455088	Storm Swell	api	Tempest grants 7% Mastery for 6 sec.
455096	Arc Discharge	api	Tempest causes your next Chain Lightning to be instant cast, deal 40% increased damage, and cast an additional time.\n\nCan accumulate up to 2 charges.
455110	Supercharge	api	Lightning Bolt, Tempest, and Chain Lightning have a 35% chance to refund 2 Maelstrom Weapon stacks.
455123	Conductive Energy	api	Gain the effects of the Lightning Rod talent:\n\n Lightning Rod\nLightning Bolt and Chain Lightning make your target a Lightning Rod for 8 sec.\n \nLightning Rods take 10% of all damage you deal with Lightning Bolt and Chain Lightning.
455129	Awakening Storms	api	Stormstrike has a small chance to upgrade your next Lightning Bolt to Tempest.
455135	Menacing Magus	api	Your Magus of the Dead Shadow Bolt now fires a volley of Shadow Bolts at up to 8 nearby enemies.
455139	Elixir of Determination	api	When you fall below 40% health, you gain an absorb for 30% of your recently Purified damage, or a minimum of 8% of your maximum health. Cannot occur more than once every 15 sec.
455143	Acrobatic Strikes	api	Auto-attacks increase auto-attack damage by 3% and movement speed by 1% for 3 sec, stacking up to 10 times.
455386	Doomed Bidding	api	Consuming Sudden Doom summons forth a Lesser Ghoul to assist you for 6 sec.
455396	Foul Infections	api	Your diseases deal 10% more damage and have a 5% increased chance to critically strike.
455397	Festering Scythe	api	Festering Strike now follows up with a Festering Scythe that costs no Runes.\n\nFestering Scythe\nSlashes through all enemies within 14 yds in front of you, dealing 35 Shadow damage and hastening all of your plagues on targets hit to deal damage 35% faster for 25 sec.
455428	Barrier Diffusion	api	When your Barrier is removed, reduce its cooldown by 5 sec.
455449	Mark of Shatug	api	Your Summon Vilefiend becomes Summon Gloomhound and learns the following ability:\n\n Gloom Slash\nTooth and claw are drenched in malignant shadow magic, causing the Gloomhound's melee attacks to deal an additional 120 Shadow damage.
455450	Mark of F'harg	api	Your Summon Vilefiend becomes Summon Charhound and learns the following ability:\n\n Infernal Presence\nCloaked in the ever-burning flames of the abyss, dealing 60 Fire damage to enemies within 10 yards every 0.9 sec.
455461	Lethal Preservation	api	When you remove an effect with Soothe or Remove Corruption, gain a combo point and heal for 4% of your maximum health. If you are at full health an injured party or raid member will be healed instead.
455590	Earthsurge	api	Allies affected by your Earthliving effect receive 15% increased healing from you.
455797	Cenarius' Might	api	Swiftmend healing is increased by 20%.
455945	Absolute Serenity	api	Celestial Conduit now prevents all crowd control for its duration.
455993	Frostbane	api	Each foe struck with Glacial Advance has a chance to transform your next Frost Strike into Frostbane. The chance increases with the number of Razorice stacks on the target.\n\nFrostbane\nStart a frozen onslaught that strikes twice, unleashing the chilling essence of winter, dealing 30 Frost damage to all enemies caught in its wake with each strike.\n\nEach enemy struck reduces the damage dealt to the next foe by 5%, down to 40%.
456230	Arctic Assault	api	Consuming Killing Machine fires a Glacial Advance through your target at 60% effectiveness.
456237	Cryogenic Chamber	api	When Howling Blast consumes Rime, 15% of the damage it deals is gathered into the next cast of Remorseless Winter, up to 20 times.
456238	Hyperpyrexia	api	Your Runic Power spending abilities have a chance to additionally deal 30% of the damage dealt over 4 sec.
456240	The Long Winter	api	While Pillar of Frost is active your auto-attack critical strikes increase its duration by 1 sec, up to a maximum of 4 sec.
456270	Snap Induction	api	Activating Recklessness grants a charge of Thunder Blast.
456951	Improved Chaos Bolt	api	Increases the damage of Chaos Bolt by 10% and reduces its cast time by 0.5 sec.
457022	Ethereal Cloak	api	Cloak of Shadows duration increased by 2 sec.
457034	Bait and Switch	api	Evasion reduces magical damage taken by 15%. \n\nCloak of Shadows reduces physical damage taken by 20%.
457052	Deathstalker's Mark	api	Garrote applies 3 stacks of Deathstalker's Mark to your target, unless Deathstalker's Mark is already active. You learn Mark for Death.\n\nWhen you spend 5 or more combo points on attacks against a Marked target you consume an application of Deathstalker's Mark, dealing 54 Plague damage.\n\n\nMark for Death\nMove your active Deathstalker's Mark to your target.
457054	Hunt Them Down	api	Auto-attacks against Marked targets deal an additional 3 Plague damage.
457055	Singular Focus	api	Damage dealt to targets other than your Marked target deals 5% Plague damage to your Marked target.
457056	Lingering Darkness	api	After Deathmark expires, gain 30% increased Nature damage for 30 sec.
457057	Shadewalker	api	Each time you consume a stack of Deathstalker's Mark, reduce the cooldown of Shadowstep by 3 sec.
457058	Darkest Night	api	When you consume the final Deathstalker's Mark from a target or your target dies, gain 30 Energy and Darkest Night, causing your next Envenom cast with 5 or more combo points to critically strike, deal 35% additional damage, and apply 3 stacks of Deathstalker's Mark to the target if no other Deathstalker's Mark is active.\n\nEnvenom cast with Darkest Night does not consume a stack of active Deathstalker's Marks.
457062	Symbolic Victory	api	Shadow Dance additionally increases the damage of your next Eviscerate or Black Powder by 15%.
457063	Shroud of Night	api	Shroud of Concealment duration increased by 5 sec.
457067	Momentum of Despair	api	If you have critically struck with Fan of Knives, increase the critical strike chance of Fan of Knives and Crimson Tempest by 10% and critical strike damage by 20% for 8 sec.
457068	Follow the Blood	api	Fan of Knives and Crimson Tempest deal 30% additional damage while 2 or more enemies are afflicted with Rupture.
457512	Sanguine Stratagem	api	Gain 1 additional max combo point.\n\nYour finishing moves that consume more than 5 combo points have increased effects, and your finishing moves deal 5% increased damage.
457521	Mana Bomb	api	Arcane Surge's damage is increased by an additional 50% based on your mana spent.
457574	Unyielding Will	api	Anti-Magic Shell now removes all harmful magical effects when activated, but its cooldown is increased by 20 sec.
457735	Heat Shimmer	api	While Combustion is not active, damage from Ignite has a small chance to make your next Scorch instant, deal 100% increased damage, and deal damage as though your target was below 30% health.
457803	Molten Fury	api	Damage dealt to targets below 30% health is increased by 15%.
457974	Jadefire Stomp	api	At the end of your Fists of Fury channel, you release a Jadefire Stomp, dealing 35 damage to 5 enemies in front of you and increasing your movement speed by 20% for 3 sec.
458034	Improved Haunt	api	Increases the damage of Haunt by 35% and reduces its cast time by 0.3 sec.
458359	Radiant Glory	api	Avenging Wrath is replaced with Radiant Glory.\n\nRadiant Glory\nWake of Ashes activates Avenging Wrath for 8 sec.
458431	Lotus Infusion	api	Allies with Renewing Mist receive 6% more healing from you and Renewing Mist's duration is increased by 2 sec.
458437	Inspired Intellect	api	Arcane Intellect grants you an additional 2% Intellect.
458572	Bone Collector	api	When you would pull an enemy generate 1 charge of Bone Shield.\n\n Bone Shield\nSurrounds you with a barrier of whirling bones, increasing Armor by 110. Each melee attack against you consumes a charge. Lasts 30 sec or until all charges are consumed.
458623	Ferociousness	api	Critical Strike chance increased by 2%. This effect is increased by 100% while Xuen, the White Tiger is active.
458718	Desperate Measures	api	Desperate Prayer lasts an additional 10 sec.\n\nAngelic Bulwark's absorption effect is increased by 15% of your maximum health.
458752	Carnage	api	Consumption now contributes to your Mastery: Blood Shield.\n\nEach time an enemy strikes your Blood Shield, the cooldown of Consumption has chance to be reset.
458753	Bloodied Blade	api	Parrying an attack grants you a charge of Bloodied Blade, increasing your Strength by 0.5%, up to 4.0% for 15 sec.\n\nAt 8 stacks, your next parry consumes all charges to unleash a Heart Strike at 300% effectiveness, and increases your Strength by 10% for 6 sec.
459120	Rumbling Earth	api	Upheaval causes an aftershock at its location, dealing 30% of its damage 2 additional times.
459440	Ravenous Afflictions	api	Critical strikes from your Agony, Corruption, and Unstable Affliction have a chance to grant Nightfall.
459450	Padded Armor	api	Survival of the Fittest gains an additional charge.
459455	Scout's Instincts	api	You cannot be slowed below 80% of your normal movement speed while Aspect of the Cheetah is active.
459460	Tar-Coated Bindings	api	Binding Shot's stun duration is increased by 1 sec.
459488	Moment of Opportunity	api	When a trap triggers, gain 30% increased movement speed for 3 sec.
459502	Serrated Tips	api	You gain 2% more critical strike from critical strike sources.
459506	Kindling Flare	api	Flare's radius is increased by 50%.
459507	Territorial Instincts	api	The cooldown of Intimidation is reduced by 20 sec.
459517	Emergency Salve	api	Feign Death and Aspect of the Turtle removes poison and disease effects from you.
459527	Unnatural Causes	api	Your damage over time effects deal 10% increased damage.\n\nThis effect is increased by 50% on targets below 20% health.
459534	Trigger Finger	api	Haste increased by 2%.
459537	Imminent Destruction	api	Deep Breath reduces the Essence cost of your next 6 Eruptions by 1.
459542	Specialized Arsenal	api	Kill Command deals 10% increased damage.
459546	No Hard Feelings	api	When Misdirection targets your pet, it reduces the damage they take by 50% for 5 sec.\n\nThe cooldown of Misdirection is reduced by 5 sec.
459550	Go for the Throat	api	Kill Command deals increased critical strike damage equal to 100% of your critical strike chance.
459552	Laceration	api	When your pet attacks critically strike, they cause their target to bleed for 8% of the damage dealt over 6 sec.
459559	Phantom Reach	api	Increases the range of most spells by 15%.
459693	Thundering Hooves	api	Bestial Wrath causes all active pets to Stomp at 200% effectiveness.\n\nStomp damage increased by 30%.
459730	Huntmaster's Call	api	Summoning a Dire Beast 8 times sounds the Horn of Valor, summoning either Hati or Fenryr to battle.\n\nHati\nIncreases the damage of all your pets by 4%.\n\nFenryr\nPounces your primary target, inflicting a heavy bleed that deals 280 damage over 8 sec and grants you 4% Haste.
459783	Penetrating Shots	api	Gain critical strike damage equal to 25% of your critical strike chance.
459794	Quick Draw	api	Rapid Fire shoots 3 additional shots.\n\nAimed Shot grants 50% increased movement speed for 2 sec, decaying rapidly over its duration.
459802	Small Game Hunter	api	Explosive Shot deals 15% increased damage and Volley deals 25% increased damage.
459843	Grenade Juggler	api	Flamefang Pitch gains 1 additional charge. \n\nThrowing your Flamefang Pitch grants 1 charge of Wildfire Bomb.
459939	Outland Venom	api	Each damage over time effect on a target increases the critical strike damage they receive from you by 4%.
459964	Flanker's Advantage	api	Kill Command grants an additional 5 Focus and its critical strike chance is increased by 10%.
459983	Kodo Tranquilizer	api	Tranquilizing Shot removes 1 additional Magic effect from up to 2 nearby targets.
459991	Devilsaur Tranquilizer	api	If Tranquilizing Shot removes only an Enrage effect, its cooldown is reduced by 5 sec.
460198	Wildfire Infusion	api	Kill Command damage increased by 15%.\n\nKill Command reduces the cooldown of Wildfire Bomb by 1.0 sec.
460276	Rising Dragon Sweep	api	Whirling Dragon Punch knocks enemies up into the air and causes them to fall slowly until they reach the ground.
460551	Doom	api	When Demonbolt consumes a Demonic Core it inflicts impending doom upon the target, dealing 1,531 Shadow damage to enemies within 10 yds of its target after 20 sec or when removed. Damage is reduced beyond 8 targets.\n\nHand of Gul'dan reduces the duration of Doom by 3 sec.
460590	Permafrost Lances	api	Frozen Orb increases Shatter's damage by 10% for its duration.
460697	Totem of Wrath	api	Stormkeeper summons a totem at your feet for 15 sec that increases the critical effect of damage and healing spells of all nearby allies within 40 yards by 15% for 15 sec.
460720	Wrench Evil	api	Turn Evil's cast time is reduced by 100%.
461243	Light's Protection	api	Allies with Beacon of Light receive 5% less damage.
461244	Overflowing Light	api	30% of Holy Shock's overhealing is converted into an absorb shield. The shield amount cannot exceed 10% of your max health.
461246	Glorious Dawn	api	Holy Shock has a 12% chance to refund a charge when cast and its healing is increased by 10%.
461248	High Voltage	api	Each wave of Arcane Missiles has a 50% chance to grant you 1 Arcane Charge.\n\nArcane Missiles damage increased by 20%.
461251	Charged Missiles	api	Each wave of Arcane Missiles will consume an Arcane Charge to increase its damage by 40%.
461257	Focusing Crystal	api	Each wave of Arcane Missiles has a 50% chance to grant 1 additional stack of Arcane Salvo.
461260	Consortium's Bauble	api	Reduces Arcane Blast's mana cost by 5% and increases its damage by 8%.
461261	Brainstorm	api	Gaining Clearcasting increases your Intellect by 1% for 8 sec. Multiple instances may overlap.
461273	Truth Prevails	api	Judgment heals you for 912 and its mana cost is reduced by 30%. 50% of overhealing from this effect is transferred onto 2 allies within 40 yds.
461278	Extrication	api	Word of Glory and Light of Dawn gain up to 30% additional chance to critically strike, based on their target's current health. Lower health targets are more likely to be critically struck.
461287	Liberation	api	12% of Word of Glory and Light of Dawn's healing is converted into Holy damage that strikes a nearby enemy.
461917	Bane of Havoc	api	Curses the ground with a demonic bane, causing all of your single target spells to also strike targets marked with the bane for  60% of the damage dealt. Lasts 10 sec.
462036	Blackrock Munitions	api	Wildfire Bomb and Flamefang Pitch deal 20% increased critical strike damage.
462368	Elemental Resistance	api	Healing from Healing Stream Totem reduces Fire, Frost, and Nature damage taken by 6% for 3 sec.
462375	Master of the Elements	api	Casting Lava Burst increases the healing of your next Healing Wave by 30%, stacking up to 2 times.\n\nHealing Wave applies Flame Shock to a nearby enemy when empowered by Master of the Elements.
462383	Spouting Spirits	api	Spirit Link Totem reduces damage taken by an additional 5%, and it restores 4,357 health to all nearby allies 1 second after it is dropped. Healing reduced beyond 5 targets.
462424	Tidewaters	api	When you cast Healing Rain, each ally with your Riptide on them is healed for 1,005.
462440	First Ascendant	api	The cooldown of Ascendance is reduced by 60 sec.
462443	Preeminence	api	Your haste is increased by 25% during Ascendance and its duration is increased by 3 sec.
462454	Reactive Warding	api	When refreshing Earth Shield, your target is healed for 830 for each stack of Earth Shield they are missing.\n\nAdditionally, Earth Shield can consume charges 1.0 sec faster.
462587	White Water	api	Your critical heals have 215% effectiveness instead of the usual 200%.
462620	Earthquake	api	Causes the earth within 8 yards of your target to tremble and break, dealing 1,433 Nature damage over 6 sec and has a 5% chance to knock the enemy down. Multiple uses of Earthquake may overlap.\n\nThis spell is cast at your target.
462695	Storm Frenzy	api	Reduces the cast time of Lightning Bolt and Chain Lightning by 15%.
462757	Thunderstrike Ward	api	Imbue your shield with the element of Lightning for 1 hour, giving Lightning Bolt and Chain Lightning a chance to call down 2 Thunderstrikes on your target for 271 Nature damage.
462762	Encasing Cold	api	Increases the cooldown of Frost Shock by 15 sec, but Frost Shock now freezes targets in place for 4 sec.
462764	Arctic Snowstorm	api	Enemies within 10 yds of your Frost Shock are snared by 30%.
462791	Ascending Air	api	Wind Rush Totem's cooldown is reduced by 30 sec and its movement speed effect lasts an additional 2 sec.
462796	Enhanced Imbues	api	The effects of your weapon and shield imbues are increased by 30%.
462817	Jet Stream	api	Wind Rush Totem's movement speed bonus is increased by 10% and now removes snares.
462840	Fusion of Elements	api	Consuming Power of the Maelstrom additionally fires an Elemental Blast at your target at 40% effectiveness.
462854	Skyfury	api	Harness the fury of the Windlord to grant a target ally 2% Mastery and empower their auto attacks to have a 20% chance to instantly strike again for 1 hour.\n\nIf the target is in your party or raid, all party and raid members will be affected.
462862	Lightning Capacitor	api	While Lightning Shield is active, your Nature damage dealt is increased by 8%.
462866	Elemental Unity	api	While a Fire Elemental is active, your Fire damage dealt is increased by 6%.\n\nWhile a Storm Elemental is active, your Nature damage dealt is increased by 6%.
462867	Everlasting Elements	api	Increases the duration of your Elementals by 20%.
466867	Avian Specialization	api	The damage bonus of Spotter's Mark is increased by 20%.\n\nAdditionally, your Eagle learns how to Fetch.\n\n Spotter's Mark\nDamaging an enemy with abilities empowered by Precise Shots has a 30% chance to apply Spotter's Mark to the primary target, causing your next Aimed Shot to deal 20% increased damage to the target.
466904	Harrier's Cry	api	Your Eagle descends from the skies with a screech, giving the signal to attack.\n\nIncreases haste by 30% for all party and raid members for 40 sec.\n\nAllies receiving this effect will become Sated and unable to benefit from Harrier's Cry or similar effects again for 10 min.
466930	Black Arrow	api	You attempt to finish off a wounded target, dealing 121 Shadow damage and 140 Shadow damage over 8 sec. Only usable on enemies above 80% health or below 20% health.
466990	Withering Fire	api	Bestial Wrath causes you to surrender to darkness, granting you Withering Fire for 10 sec and Deathblow.\n\n Withering Fire\nCasting Black Arrow fires a barrage of 2 additional Black Arrows at nearby targets at 50% effectiveness, prioritizing enemies that aren't affected by Black Arrow's damage over time effect.
467270	Refreshment	api	Life Cocoon grants up to 5 stacks of Mana Tea and applies 2 stacks of Healing Elixir to its target.
467293	Jadefire Teachings	api	Ancient Teachings transfers an additional 270% damage to healing.\n\nYour Stamina is increased by 8%.
467307	Rushing Wind Kick	api	Kick up a powerful gust of wind, dealing 62 Nature damage in a 25 yd cone to enemies in front of you, split evenly among them. Damage is increased by 6% for each target hit, up to 30%.
467316	Jade Empowerment	api	Crackling Jade Lightning's damage is increased by 300% and now chains to 4 additional enemies at 25% effectiveness.
467644	The Bell Tolls	api	All pet damage increased by 6%.\n\nDire Beast damage increased by 10%.
467741	Shadow Dagger	api	While in combat, Disengage releases a fan of shadow daggers, dealing 0 Shadow damage per second and reducing affected target's movement speed by 30% for 6 sec.
467749	Bleak Arrows	api	Your auto shot now deals Shadow damage, allowing it to bypass armor.\n\nAuto shot damage increased by 100%.
467778	Lightning Conduit	api	You have a chance to get struck by lightning, increasing your movement speed by 50% for 5 sec. The effectiveness is increased to 100% in outdoor areas.\n\nYou call down a Thunderstorm when you Reincarnate.
467897	Ebon Bowstring	api	Casting Black Arrow has a 15% chance to grant Deathblow.\n\n Deathblow\nThe cooldown of Kill Shot is reset. Your next Kill Shot can be used on any target, regardless of their current health.
467902	Banshee's Mark	api	Black Arrow and Bleak Powder critical strike damage increased by 10%.
467911	Bleak Powder	api	Black Arrow now explodes in a cloud of shadow and sulfur on impact, dealing 87 Shadow damage to all enemies within an 8 yd cone behind the target. Damage reduced beyond 8 targets.
468430	Zen Focus Tea	api	Thunder Focus Tea provides immunity to Silence and Interrupt effects for 5 sec.
468454	Bear the Burden	api	Word of Glory's mana cost is reduced by 100% and now reduces the cooldown of Blessing of Freedom by 4 sec when cast, but its healing is reduced by 50% when cast on allies.
468571	Herald of the Storms	api	Reduces the cooldown of Stormkeeper by 15 sec.
468625	Charged Conduit	api	Increases the duration of Lightning Rod by 4 sec and its damage bonus by 25%.
468626	Earthshatter	api	Increases Earth Shock and Earthquake damage by 8% and the stat bonuses granted by Elemental Blast by 25%.
468695	Snakeskin Quiver	api	Your auto shot has a 15% chance to also fire a Cobra Shot at your target.
468701	Serpentine Strikes	api	Cobra Shot critical damage dealt increased by 50%.\n\nWhen Cobra Shot critically strikes, it refunds 10 Focus.
468743	Whirling Stars	api	Celestial Alignment's cooldown is reduced by 60 seconds and it has two charges.
468936	Sunseeker Mushroom	api	Sunfire damage has a chance to grow a magical mushroom at a target's location. After 1 sec, the mushroom detonates, dealing 1,010 Nature damage and then an additional 570 Nature damage over 10 sec. Affected targets are slowed by 50%.\n\nGenerates up to 20 Astral Power based on targets hit.
469004	Hail of Stars	api	Casting a free Starsurge or Starfall grants Solstice for 3 sec.
469279	Worthy Sacrifice	api	You automatically cast Blessing of Sacrifice onto an ally within 40 yds when they are below 35% health and you are not in a loss of control effect.\n\nThis effect activates 100% of Blessing of Sacrifice's cooldown.
469304	Steed of Liberty	api	Divine Steed also grants Blessing of Freedom for 3.0 sec.\n\n Blessing of Freedom:\nBlesses a party or raid member, granting immunity to movement impairing effects for 8 sec.
469309	Eye for an Eye	api	Melee and ranged attackers receive 133 Holy damage each time they strike you during Divine Protection and Divine Shield.
469314	Feral Spirit	api	Casting Sundering summons 1 Fire Feral Spirit and Doom Winds summons 1 Nature Feral Spirit by your side for 8 sec.\n\nFeral Spirit\nAn Elemental Spirit Wolf infused with Fire or Nature magic, granting the summoner with 5% increased Fire or Nature damage and 5% Physical damage for 8 sec.
469316	Stoicism	api	The duration of stun effects on you is reduced by 20%.
469317	Stand Against Evil	api	Turn Evil now affects 5 additional enemies.
469321	Righteous Protection	api	Blessing of Sacrifice now removes and prevents all Poison and Disease effects.
469325	Light's Countenance	api	The cooldown of Blinding Light is reduced by 15 sec.
469337	Sacred Strength	api	Holy Power spending abilities have 2% increased damage and healing.
469409	Divine Spurs	api	Divine Steed's cooldown is reduced by 20%, but its duration is reduced by 40%.
469411	A Just Reward	api	After Cleanse successfully removes an effect from an ally, they are healed for 2,052.
469416	Lightbearer	api	10% of all healing done to you from other sources heals up to 4 nearby allies, divided evenly among them.
469434	Selfless Healer	api	Flash of Light and Holy Light are 30% more effective on your allies and 40% of the healing done also heals you.
469439	Inspired Guard	api	Divine Protection increases healing taken by 15% for its duration.
469445	Holy Reprieve	api	Your Forbearance's duration is reduced by 10 sec.
469476	Divine Reach	api	The radius of your auras is increased by 20 yds.
469638	Soul Drinker	api	Kill Command has a 20% chance and Barbed Shot has a 50% chance to grant Deathblow.\n\n Deathblow\nThe cooldown of Kill Shot is reset. Your next Kill Shot can be used on any target, regardless of their current health.
469642	Death Perception	api	Find Weakness increases the damage of finishing moves by 5%.\n\nShadow Dance increases the damage of finishing moves by 5%.\n\nShadow Blades increases the damage of finishing moves by 5%.
469701	Tempered in Battle	api	When you or an ally wielding a Holy Bulwark are healed above maximum health, transfer 100% of the overhealing to your ally.\n\nWhen you or an ally wielding a Sacred Weapon drop below 40% health, redistribute your health immediately and every 1 sec for 4 sec. May only occur once per cast.
469770	Blessed Calling	api	Allies affected by your Blessings have 15% increased movement speed.
469780	Lead the Charge	api	Divine Steed reduces the cooldown of 4 nearby ally's major movement ability by 3.0 sec.\n\nYour movement speed is increased by 3%.
469870	Reaper's Onslaught	api	Reduces the cooldown of Reaper's Mark by 15 sec, but the amount of Obliterates and Frostscythes empowered by Exterminate is reduced by 1.
469880	Barbed Scales	api	Casting Cobra Shot reduces the cooldown of Barbed Shot by 2 sec.
469883	Refining Fire	api	Enemies struck by Avenger's Shield burn with holy fire, suffering 100% additional Radiant damage over 5 sec.
469886	Authoritative Rebuke	api	Successfully dispelling a harmful effect reduces Cleanse's cooldown by 1.0 sec. Effect increased by 100% while wielding a Holy Armament.
469895	Spellbreaker	api	Eye for an Eye can now also trigger at 100% effectiveness from direct Magic damage.
470021	Signature Spell	api	Arcane Blast and Arcane Pulse damage increased by 15%.\n\nCasting Touch of the Magi conjures 4 Arcane Splinters.
470057	Voltaic Blaze	api	Instantly shocks the target and 5 enemies within 10 yds with blazing thunder, applying Flame Shock and dealing 1,511 Nature damage. Always critically strikes.\n\nGenerates 1 stack of Maelstrom Weapon.
470076	Coalescing Water	api	Healing Wave and Chain Heal increase the initial healing of your next Riptide by 30%, stacking up to 2 times.
470347	Supercharger	api	Kingsbane supercharges 1 combo point.\n\nDamaging finishing moves consume a supercharged combo point to function as if they spent 2 additional combo points.
470411	Flame Shock	api	Sears the target with fire, causing 86 Volcanic damage and then an additional 511 Volcanic damage over 18 sec.\n\nFlame Shock can be applied to a maximum of 6 targets.\n\nIf Flame Shock is dispelled, a volcanic eruption wells up beneath the dispeller, exploding for 12,065 Volcanic damage and knocking them into the air.
470549	Improved Swiftmend	api	Swiftmend healing increased by 30%.
470562	Renewing Surge	api	Swiftmend cooldown is reduced by 15%, increasing up to 30% on lower health targets.
470668	Forced Induction	api	Increase the bonus granted when a damaging finishing move consumes a supercharged combo point by 1.
470669	Echoing Reprimand	api	After consuming a supercharged combo point, your next Mutilate also strikes the target with an Echoing Reprimand dealing 41 Physical damage.
470943	Feathered Frenzy	api	Trueshot sends your Spotting Eagle into a frenzy, instantly applying Spotter's Mark to your target. \n\nDuring Trueshot, your chance to apply Spotter's Mark is increased by 100%.
470945	Aspect of the Hydra	api	Aimed Shot, Rapid Fire, and Arcane Shot now hit 1 additional target for 35% of their damage.
471306	Void Metamorphosis	api	Collecting 50 Soul Fragments grants access to Void Metamorphosis.\n\n Void Metamorphosis\nRequires 50 Soul Fragments\n\nYou ascend to a higher state of being, substantially empowering your abilities.\n\nWhile in Void Metamorphosis, your Consume and Reap are enhanced and your Fury will slowly drain. Additionally, Void Ray reduces your Fury drain, deals increased damage, and no longer consumes Fury.
471348	On Target	api	Your Haste is increased by 2%.
471350	Obsidian Arrowhead	api	The damage of your auto shot is increased by 25% and its critical strike chance is increased by 15%.
471363	Headshot	api	Damage from Kill Shot increases the damage your target receives from Kill Shot by 3%, stacking up to 10 times.
471366	Tensile Bowstring	api	Trueshot now also reduces the cast time of Aimed Shot by 40% and reduces the Focus cost of Aimed Shot by 60%.
471369	Precision Detonation	api	When Aimed Shot damages a target affected by your Explosive Shot, Explosive Shot instantly explodes, dealing 20% increased damage.
471428	Incendiary Ammunition	api	Bulletstorm now increases your critical strike damage by 2%. Additionally, Bulletstorm now stacks 5 more times.
471492	Ursol's Warding	api	Gain magical damage reduction equal to 10% of your damage reduction from armor.
471504	Lasting Words	api	Holy Word: Serenity applies 12 sec of Renew to its target.\n\nHoly Word: Sanctify applies 6 sec of Renew to allies it heals.\n\n Renew\nFill the target with faith in the light, healing for 1,223 over 12 sec.
471668	Light in the Darkness	api	Increases the healing done by Holy Word: Serenity and Holy Word: Sanctify by 30%.\n\nIncreases the radius of Holy Word: Sanctify by 30%.
471761	Emperor's Favor	api	Sheilun's Gift's healing is increased by 20% and its cast time is reduced by 100%, but it now only heals a single ally.
471876	Howl of the Pack Leader	api	While in combat, every 30 sec your next Kill Command summons the aid of a Beast.\n\n Wyvern\nA Wyvern descends from the skies, letting out a battle cry that increases the damage of you and your pets by 10% for 12 sec.\n\n Boar\nA Boar charges through your target 1 time, dealing 504 damage to nearby enemies and an additional 420 physical damage to its primary target. Damage reduced beyond 5 targets.\n\n Bear\nA Bear leaps into the fray, rending the flesh of your enemies, dealing 156 damage over 10 sec to up to 8 nearby enemies.
472352	Dire Summons	api	Kill Command reduces the cooldown of Howl of the Pack Leader by 1.0 sec.\n\nCobra Shot reduces the cooldown of Howl of the Pack Leader by 1.0 sec.
472357	Better Together	api	Damage dealt by your pets is increased by 2%.\n\nBarbed Shot damage increased by 10%.
472358	Pack Mentality	api	Howl of the Pack Leader increases the damage of your Kill Command by 50%.\n\nSummoning a Beast reduces the cooldown of Barbed Shot by 4.0 sec.
472361	Divine Procession	api	Smite extends the duration of an active Atonement by 2.0 sec.
472433	Evangelism	api	Immediately Power Word: Radiance your target at 150% effectiveness, and causes your next 2 casts of Power Word: Radiance to be instant cast with 40% reduced mana cost.
472476	Ursine Fury	api	When your Bear is summoned, it is joined by 2 Dire Beasts.
472524	Sharpened Claws	api	The damage of your Bear's Rend Flesh is increased by 15%.
472550	Fury of the Wyvern	api	Your pet's attacks increase your Wyvern's damage bonus by 1%, up to 10%.\n\nCasting Kill Command extends the duration of your Wyvern by 0.5 sec, up to 5 additional sec.
472568	Encroaching Shadows	api	Shadow Word: Pain Spreads to a nearby enemy when you cast Penance on the target.
472639	Hogstrider	api	When your Boar deals damage, the damage of your next Cobra Shot is increased by 200%.\n\nEach additional enemy damaged by your Boar causes Cobra Shot to strike 1 additional target, up to 4.
472660	No Mercy	api	Your Bleed effects deal 10% increased damage.
472707	Shell Cover	api	Survival of the Fittest now summons a Turtle to aid you, further increasing its damage reduction effect by 10%.
472719	Slicked Shoes	api	When Disengage removes a movement impairing effect, its cooldown is reduced by 4 sec.
472729	Horsehair Tether	api	When an enemy is stunned by Binding Shot, it is dragged to Binding Shot's center.
472741	Stampede!	api	Casting Bestial Wrath grants Howl of the Pack Leader and causes your next Kill Command to rouse the nearby wildlife into a Stampede, charging your target and dealing 468 Physical damage over 7 sec.
473369	Eagle's Accuracy	api	Aimed Shot deals 5% increased damage.\n\nRapid Fire deals 10% increased damage.
473370	Double Tap	api	Casting Trueshot or Volley grants Double Tap, causing your next Aimed Shot to fire again at 80% power, or your next Rapid Fire to fire 80% additional shots during its channel.
473385	No Scope	api	Rapid Fire grants Precise Shots.
473520	Shrapnel Shot	api	Casting Explosive Shot has a 100% chance to grant Lock and Load.
473523	Windrunner Quiver	api	Consuming Precise Shots has a 30% to grant Precise Shots.\n\nThe damage bonus of Precise Shots is increased by an additional 15%.
473662	Consume	api	Drain the essence from your target, dealing 744 Cosmic damage.\n\nCastable while moving.\n\nGenerates 8 Fury.
473728	Void Ray	api	Requires 100 Fury\nUnleash a beam of concentrated void energy, dealing 75 Cosmic damage and consuming 5 Fury every 0.1 sec.\n\nEffect ends after 2.7 sec or upon reaching 0 Fury.
474421	Intimidation	api	Your Spotting Eagle descends from the skies, stunning your target for 5 sec.\n\nThis ability does not require line of sight when used against players.
474440	Cunning	api	Your Spotting Eagle gains the Cunning specialization, granting you Master's Call and Pathfinding.\n\n Master's Call\nYour pet removes all root and movement impairing effects from itself and a friendly target, and grants immunity to all such effects for 4 sec.\n\n Pathfinding\nYour movement speed is increased by 8%.
474456	Tenacious	api	Your Spotting Eagle gains the Tenacity specialization, granting you Endurance Training and Air Superiority.\n\n Endurance Training\nYou gain 5% increased maximum health.\n\n Air Superiority\nYour Spotting Eagle alerts you to oncoming danger, reducing all damage you take by 3%
474526	Grievous Wounds	api	Rake, Rip, and Thrash damage increased by 10%.
474530	Circle of the Wild	api	Physical damage dealt by your abilities increased by 5%.
474541	Circle of the Heavens	api	Magical damage dealt by your spells increased by 5%.
474678	Aessina's Renewal	api	When a hit deals more than 12% of your maximum health, instantly heal for 10% of your health.\n\nThis effect cannot occur more than once every 30 seconds.
474738	Unerring Vision	api	Trueshot now increases your critical strike chance by an additional 10% and increases your critical strike damage by an additional 20%.
474746	Solitary Companion	api	Your pet damage is increased by 35% and your pet is 10% larger.
474750	Symbiotic Relationship	api	Form a bond with an ally. Your self-healing also heals your bonded ally for 10% of the amount healed. Your healing to your bonded ally also heals you for 8% of the amount healed.
556606	Luminescence	api	Lightbearer's healing transfer is increased by up to 150% based on your current health. Lower health heals allies for more.
936051	Shining Revelation	api	The light reveals all enemies in stealth or invisible to you while under the effects of Divine Shield. This effect lingers for 20 sec after Divine Shield fades.
1213597	Perfectly-Honed Instincts	api	Well-Honed Instincts can trigger up to once every 90 sec.
1214442	Demonfire Infusion	api	Periodic damage from Immolate has a 4% chance to fire a Demonfire bolt at 100% increased effectiveness.\n\nIncinerate has a 25% chance to fire a Demonfire bolt at 100% increased effectiveness.
1214909	Roll the Bones	api	Roll the dice of fate, providing a combat enhancement of random power for 30 sec.\n\n1 set or better: Add 20% increased chance to gain Opportunity.\n\n2 sets or better: Add increased combo point generation.\n\n3 sets or better: Add 30% bonus to Restless Blades' effect.\n\nJackpot: Add 10% increased critical strike chance.
1215241	Divinity	api	Your healing is increased by 10% while Apotheosis is active.\n\nCasting Apotheosis causes your next 3 Prayer of Healing casts to be instant and heal for 25% more.
1215245	Eternal Sanctity	api	Increases the duration of Apotheosis by 12 sec.
1215265	Dispersing Light	api	5% of healing done with Flash Heal is replicated to 4 injured allies within 40 yards.
1215275	Holy Celerity	api	Reduces the cooldown of your Holy Words by 15 sec.
1215617	Predator's Thirst	api	Consume damage increased by 15%.\n\nConsume generates a Soul Fragment.
1216953	Freezing Winds	api	Shattering enemies inside your Blizzard increases Shatter's area damage by 15%.
1217017	Thorns	api	Casting Barkskin sprouts thorns on you for 12 sec. When victim to melee attacks, thorns deals 433 Nature damage back to the attacker.\n\nAttackers also have their movement speed reduced by 50% for 4 sec.
1217092	Storm Conduit	api	Casting Lightning Bolt or Chain Lightning reduces the cooldown of Astral Shift, Gust of Wind, Wind Shear, and Nature Totems by 1.0 sec.\n\nInterrupt duration reduced by 65% on Lightning Bolt and Chain Lightning casts.
1217102	Sniper's Advantage	api	Trueshot and Volley increase the range of all shots by 30% for their duration.
1217413	Slicing Winds	api	Envelop yourself in razor-sharp winds, then lunge forward dealing 156 Nature damage to enemies in your path. Damage reduced beyond 5 enemies.\n\nHold to increase lunge distance.
1217474	Forest Guardian	api	Wrath, Starfire, Cyclone, and Combo-Point generating abilities extend the duration of your active heal over time effects by 1.0 sec on up to 3 allies.\n\nStarsurge and Combo-Point spending abilities increase the rate of your heal over time spells by 20% for 4 sec.
1217524	Dire Cleave	api	When summoned, Dire Beasts gain Beast Cleave at 100% effectiveness for 8.0 sec.
1217622	Therazane's Resilience	api	Earth Shield no longer loses charges and is 115% effective.
1217941	Lifetreading	api	Efflorescence healing increased by 25%, and it now automatically grows beneath your Lifebloom target's feet.
1218047	Primordial Storm	api	Sundering transforms into a single use Primordial Storm for 15 sec after it is cast.\n\nPrimordial Storm\nDevastate nearby enemies with a Primordial Storm dealing 42 Flamestrike, 41 Froststrike, 41 Stormstrike damage, and unleashing a Lightning Bolt or a Chain Lightning at 150% effectiveness. Deals reduced damage beyond 5 targets.\n\nConsumes Maelstrom Weapon for increased damage.
1218211	Dark Archangel	api	Casting Evangelism increases your damage, and the damage of all allies with your Atonement by 10% for 12 sec.
1218447	Fulminous Roar	api	Fire Breath deals its damage 20% more often.
1218603	Death's Cold Embrace	api	Pillar of Frost grants you Remorseless Winter and increases its damage by 400% and its radius by 150%, but your movement speed is heavily reduced for its duration.\n\nPillar of Frost's cooldown is increased by 15 sec.
1218692	Bloodstones	api	Your Healthstones are replaced with Bloodstones which increase their user's haste by 20% for 12 sec instead of healing.
1219122	Preemptive Maneuver	api	Feint decreases your damage taken by an additional 40% while stunned and its energy cost is reduced by 30%.
1219162	Aspect of the Fox	api	Aimed Shot may be cast while moving during Aspect of the Cheetah and Aspect of the Cheetah's delayed effect is increased by 4 sec.
1219165	Sharpen Blade	api	Colossus Smash causes your next Mortal Strike to deal 15% increased damage and reduce healing taken by 50% for 4 sec.
1219616	Spotter's Mark	api	Replaces Call Pet\nGain the aid of a Spotting Eagle. \n\nDamaging an enemy with an ability empowered by Precise Shots has a 30% chance to cause your Spotting Eagle to rapidly descend from the skies and mark your primary target.\n\n Spotter's Mark\nYour next Aimed Shot deals 20% increased damage to this target.
1219723	Azure Celerity	api	Disintegrate deals damage 25% more often, but deals 10% less damage.
1220506	Screaming Brutality	api	Blade Dance automatically triggers Throw Glaive on your primary target for 100% damage and each slash has a 50% chance to Throw Glaive an enemy for 35% damage.
1220739	Overpowered Barrier	api	Your barriers absorb 100% more damage and have an additional effect, but last 4 sec.\n\n Prismatic Barrier\nIf the barrier is fully absorbed, your next Blink or Shimmer within 15 sec grants Invisibility and immunity to damage for 3 sec. The damage reduction is lost if Invisibility ends.
1221167	Collapsing Star	api	While in Void Metamorphosis, every 30 Soul Fragments harvested grants access to Collapsing Star.\n\n Collapsing Star\nChannel an immense amount of void energy into a single, cataclysmic blast, dealing 2,121 Cosmic damage to your target and 1,610 Cosmic damage to all nearby enemies. Damage reduced beyond 8 targets.\n\nWhile casting Collapsing Star, your Fury drain is significantly reduced.
1222865	Glacial Spike!	db2-template+redirect	While in combat, Frost crystallizes around you, generating an Icicle every ${$t1}.1 sec. Upon generating $s2 Icicles, $?s431044[Frostfire Bolt][Frostbolt] upgrades to Glacial Spike for its next cast.\n\n$@spellicon199786 $@spellname199786\nConjures a massive spike of ice that impales your target, dealing $228600s1 damage and slowing the target's movement speed by $205708s1% for $205708d.\n\n$?a1280780[|CFFffffffShatters $1280780s1 $lstack:stacks; of Freezing.|R][|CFFffffffApplies $1246769s3 $lstack:stacks; of Freezing.|R]
1223171	Guile	api	The cast range of Voidblade, Consume Magic, and Disrupt are increased by 20 yds.
1223323	Unbreakable Bond	api	Regain access to Call Pet.\n\nWhile outdoors, your pet deals 15% increased damage and takes 15% reduced damage.
1223798	Intuition	api	Upon reaching maximum stacks of Arcane Salvo, your next Arcane Barrage deals 25% increased damage.
1223918	Waste Not	api	Damage from Void Ray has a 200% increased chance to generate a Soul Fragment.
1226019	Reap	api	Cut a hole in the fabric of reality, sending a concentrated bolt of cosmic matter towards your target, dealing 2,558 Cosmic damage.\n\nReap gathers up to 4 nearby souls.
1226033	Eradicate	api	Fully channeling Void Ray upgrades your Reap to Eradicate.\n\n Eradicate\nSlam your Scythe to the ground, dealing 2,558 Cosmic damage to your primary target and 2,558 to all other enemies within a 25 yd cone in front of you. Damage reduced beyond 5 targets.\n\nEradicate gathers up to 4 nearby souls.
1226140	Grove Guardians	api	Casting Swiftmend or Wild Growth summons a Treant that casts Nourish on that target or a nearby ally periodically, healing for 234. Lasts 8 sec.
1227280	Tentacle Slam	api	Summons a massive shadowy appendage to slam the ground, dealing 260 Shadow damage in front of you and 8 yds around your target.\n\nApplies Vampiric Touch to up to 6 enemies, prioritizing ones without Vampiric Touch.\n\nGenerates 6 Insanity.
1227619	Shattered Souls	api	Damaging an enemy has a 4% chance to shatter a lesser soul fragment from them.\n\n Soul Fragment:\nA fragment of your enemy's soul. Walking into the soul or casting Reap will collect it, granting you 4 Fury and healing you for 1% of your maximum health.
1227707	Impending Apocalypse	api	Each Collapsing Star you cast increases the damage of your next Collapsing Star by 30%.
1227751	Berserker Roar	api	Berserker Shout also reduces the duration of the next crowd control effect within 5 sec by 50% on group members within 12 yds.
1228516	Subservient Shadows	api	Summoned minions last 20% longer and deal an additional 15% damage.
1229376	Single-Button Assistant	api	Casts damaging abilities for use in combat, rotating through them based on priority.\n\nThe global cooldown of abilities used through the Single-Button Assistant is 25% longer.
1230153	Killing Streak	api	Obliterate and Frostscythe consume all Killing Machines to deal 25% increased critical strike damage and grant 1.5% Haste for 8 sec for each stack consumed.\n\nMultiple applications may overlap.
1230223	Howling Blades	api	Rime empowered Howling Blast unleashes 2 icy blades at its target that deal 8 Frost damage and have 15% chance to grant Killing Machine.
1230272	Icy Onslaught	api	Frost Strike and Glacial Advance now cause your next Frost Strike and Glacial Advance to deal 15% increased damage and cost 5 more Runic Power. \n\nThis effect stacks until the next Runic Empowerment.
1230284	Northwinds	api	Howling Blast now hits an additional target with maximum effectiveness. \n\nRime increases Howling Blast damage done by an additional 75%.
1230301	Frostreaper	api	Obliterate deals 10% increased damage and has a chance to tether the souls of its target and a nearby enemy to yours.\n\nFrost Strike severs the tethers, dealing 72 Shadowfrost damage to both foes.
1230339	Mindbender	api	Casting Voidform summons a Mindbender for 10 sec.\n\n Mindbender\nSummons a shadowy fiend to attack your target.\n\nGenerates 1 Insanity each time the Mindbender attacks.
1231346	Ancient Madness	api	Casting Shadow Word: Madness increases the duration of Voidform by 3.0 sec.\n\nEach time this occurs during Voidform, its effectiveness is reduced by 25%.
1232616	Pillars of Light	api	Beacon of Faith:\nAllies with Beacon of Light or Beacon of Faith are healed for 125 every 3 sec.\n\n Beacon of Virtue:\nBeacon of Virtue instantly heals allies for 1,484.
1232739	Wildspeaker	api	Dire Beasts will now obey your Kill Command, dealing its damage at 30% effectiveness.\n\nBestial Wrath now sends your Dire Beasts into a rage, increasing their damage dealt by 10% for 15 sec. Dire Beasts summoned during a Bestial Wrath will benefit at a reduced duration.
1232897	Lycara's Inspiration	api	You gain a bonus while in each form inspired by the breadth of your Druidic knowledge:\n\nNo Form: 4% Magic Damage\nCat Form: 4% Stamina\nBear Form: 5% Movement Speed\nMoonkin Form: 3% Area damage taken reduction
1232955	Unmatched Precision	api	The damage bonus of Precise Shots is increased by an additional 10%.
1233346	Solar Eclipse	db2-template	Enter a Solar Eclipse, empowering Wrath for $48517d.\n\nCasting Starfire changes this to Lunar Eclipse.\n\n$@spellicon48517 $@spellname48517\nNature spells deal $48517s1% additional damage and Wrath damage is increased by $48517s3%.
1233429	Price of Progress	api	You sacrifice 1% of your health every 1 sec and in exchange you cannot be slowed below 90% of normal speed, and you are immune to forced movement effects and knockbacks. Lasts until canceled.
1233448	Dark Transformation	api	Corrupt and evolve your Ghoul into a Monstrosity, greatly empowering its abilities for 15 sec.\n\nDeath Coil and Epidemic extends the duration of this effect by 1.0 sec.
1234195	Void Nova	api	Unleash an eruption of void energy, dealing 106 Cosmic damage and stunning your target and all nearby enemies for 2 sec.
1234559	Desecrate	api	Death and Decay deals its damage 100% faster.
1234769	Armor Specialization	api	Armor increased by 6%.
1234791	Power Through Adversity	api	Second Wind reduces damage taken by 10% to 40%, with larger attacks being reduced by more.\n\nWhile Shield Wall is active, healing reductions do not apply to you.
1234796	Shift	api	Shift through the void, reappearing at your targeted destination.
1235022	Hunker Down	api	Damage you take from area of effect attacks is reduced by 2%. Spell Reflection reduces magic damage taken by an additional 10%.
1235023	Spellbreaker	api	You have a 8% chance to disrupt magic damage dealt to you, reducing the damage it deals by 50%.
1235047	Unyielding Stance	api	Defensive Stance reduces damage taken by an additional 4%.
1235088	Heavy Handed	api	Execute hits up to 2 additional targets for 70% damage.
1235091	Lay In Wait	api	Sigil of Misery has 2 charges and now lays in wait for up to 90 sec at your selected location until an enemy approaches.
1235113	Whirling Blade	api	Your attacks have a chance to target a nearby enemy with Ravager for 4 sec.
1235211	Shadow Tap	api	Mind Blast deals 150% increased damage, but costs 40% more mana.
1235397	Umbral Reach	api	Bleak Powder now applies Black Arrow's periodic effect to all enemies it damages.\n\nIf Bleak Powder damages 2 or more enemies, gain Beast Cleave if talented.
1237270	Feast of Souls	api	Soul Fragments grant 1% increased damage for 6 sec. Multiple applications may overlap.
1237978	Tempo Charged	api	Bronze healing and absorption increased by 15%.
1238488	Moment of Craving	api	After fully channeling Void Ray, the cooldown of Reap is reset and your next Reap will collect up to 6 additional Soul Fragments.
1238680	Frostbound Will	api	Consuming Rime reduces the cooldown of Empower Rune Weapon by 6 sec.
1238739	Soulshaper	api	Each Soul Fragment gathered by Reap increases its damage by 8%.
1238900	Grave Mastery	api	Critical strike damage of your minions is increased by 15%
1239519	Hungering Slash	api	After dealing damage with The Hunt or Voidblade, Voidblade is replaced with Hungering Slash for 6 sec.\n\n Hungering Slash\nViolently slash your scythe around you, dealing 940 Cosmic damage to nearby enemies and generating 10 Fury. Shatters up to 2 Soul Fragments from nearby enemies. Damage reduced beyond 8 targets.\n\nHungering Slash grants a temporary charge of Vengeful Retreat and causes your next Vengeful Retreat within 6 sec to deal an additional 570 Cosmic damage.
1239537	Second Helping	api	Reap gains an additional charge.
1239581	Unshakable	api	Your empower spells are 10% more effective. While charging a healing empower spell, you cannot be knocked back.
1239669	Eclipse	api	You may draw the sun and moon into alignment for 15 sec, empowering either your Nature or Arcane spells. Casting Wrath or Starfire changes what mode of Eclipse will be entered, and the two modes of Eclipse share a button and 32 sec cooldown.\n\n Eclipse (Solar)\nNature spells deal 15% additional damage and Wrath damage is increased by 40%.\n\n Eclipse (Lunar)\nArcane spells deal 15% additional damage and Starfire damage is increased by 40%.
1240185	Celestial Fire	api	Moonfire, Sunfire, and Shooting Stars damage increased by 8%.
1240188	Sculpt the Stars	api	The cooldowns of Lunar Eclipse and Solar Eclipse are reduced by 2 sec.
1240189	Master Summoner	api	Increases Mastery by 3% and reduces the cast time of your Summon Demonic Tyrant and Summon Felguard by 0.5 sec.
1240201	Devourer's Bite	api	Damage from Voidblade and the Hunt increases the damage your target takes from you by 12% for 10 sec. Multiple applications may overlap.
1240202	Voidglare Boon	api	After fully channeling Void Ray, gain 10 Fury.
1240203	Focused Ray	api	Void Ray deals 80% more damage when damaging 3 targets.
1240204	Star Fragments	api	Collapsing Star now generates 3 Soul Fragments.
1240206	Total Eclipse	api	Entering any Eclipse has a 10% chance to grant the benefits of both Lunar and Solar Eclipse.
1240262	Meteor Storm	api	Starfall deals its damage 100% faster.
1240283	Elune's Challenge	api	When you exit Eclipse with less than 40 Astral Power, Wrath and Starfire's cast times are reduced by 20% for 15 sec or until you enter an Eclipse.
1240364	Death's Torment	api	Shadow Word: Death deals damage 2 additional times at 15% effectiveness.
1240388	Dark Thoughts	api	Increases the chance for Shadowy Insight to occur by 25%. When consuming Shadowy Insight, Mind Blast generates 1 additional Insanity.
1240394	Madness Weaving	api	The damage bonus from your Mastery: Shadow Weaving gains 50% additional benefit from Shadow Word: Madness.
1240906	Improved Eclipse	api	Lunar Eclipse and Solar Eclipse have one additional charge.
1240907	Meteorites	api	Every time Starfall drops a wave of stars, a meteorite also falls on up to 2 targets in its range, each dealing 86 Astral damage.
1241059	Celestial Infusion	api	A strong herbal brew that coalesces purified chi escaping your body into a celestial guard, absorbing 30% of incoming damage, up to 794 total.
1241097	Niuzao's Resolve	api	Healing Spheres now heal over 10 sec, and their healing is increased by up to 80% based on your missing health.
1241136	Zen State	api	The effectiveness of your Stagger is increased by up to 15%, based on your missing health.
1241352	Nullifying Shroud	api	Verdant Embrace wreathes you in arcane energy, preventing the next full loss of control effect against you. Lasts 3 sec.
1241358	Empyrean Legacy	api	Judgment critical strikes empower your next Word of Glory to automatically activate Light of Dawn at 30% effectiveness.
1241462	Arcane Pulse	api	A pulse of Arcane magic erupts from underneath your target, dealing 370 Arcane damage to all enemies within 2 yds. Damage reduced beyond 5 targets.\n\nEach Arcane Charge increases damage by 84%, radius by 2 yds, and mana cost by 100%.\n\nGenerates 1 Arcane Charge.
1241511	Call of the Righteous	api	Avenging Wrath's cooldown is reduced by 30 sec, but its duration is reduced by 5.0 sec.\n\nAvenging Crusader's cooldown is reduced by 30.0 sec, but its duration is reduced by 3.0 sec.
1241542	Ringing of the Heavens	api	Activating Aura Mastery also casts a Divine Toll at 100% effectiveness.
1241567	Clawing Shadows	api	Shadows guide your strikes, increasing the damage of your Scourge Strike by 25%, and causing it to grant you Clawing Shadows up to 4 times.\n\nFor each stack of Clawing Shadows, your Scourge Strike chains to an additional enemy. Each subsequent chain deals 20% reduced damage.
1241669	Dream Simulacrum	api	Verdant Embrace healing is increased by 30%. In addition, it no longer causes you to leap to your target, instead sending forth a Dream Simulacrum.
1241704	Wings of Liberty	api	Verdant Embrace gains an additional charge.
1241705	Outnumber	api	Each Lesser Ghoul increases the damage of your permanent Ghoul by 10%, and Dark Transformation additionally empowers the Claw attacks of your Lesser Ghouls to Sweeping Claws.\n\nSweeping Claws\nRakes an enemy with deformed claws, dealing 24 Shadow damage to the target and 16 Shadow damage to nearby enemies.
1241714	Seraphic Barrier	api	Word of Glory and Light of Dawn now convert 15% of their healing into an absorb shield instead.
1241805	Glistening Radiance	api	While at maximum health, targets with Beacon of Light generate an absorb shield equal to 1% of their health every 3 sec, up to a maximum of 5%.
1241858	Unholy Devotion	api	Putrefy causes your permanent Ghoul to go on an unholy frenzy, increasing its attack speed and energy regeneration by 25% for 12 sec.\n\nMultiple applications may overlap.
1241937	Soul Immolation	api	Light your soul aflame, healing yourself for 24% of your maximum health, generating 30 Fury and shattering 3 Soul Fragments over 5 sec.
1241945	Blessing of Dusk	api	Damage taken reduced by up to 10%, increasing as your health decreases.
1241958	Vengeful Wrath	api	Hammer of Wrath deals up to 50% additional damage based on its target's health. Lower health targets receive more damage.
1242008	Hand of Divinity	api	Activating Avenging Wrath calls upon the Light to empower you, causing your next 2 Holy Lights to be instant cast and cost 50% less mana.
1242031	Twin Echoes	api	Casting Emerald Blossom causes your next Echo to cast on an additional ally within 25 yards at 100% effectiveness. Stacks up to 2 charges.
1242147	Summon Gargoyle	api	Army of the Dead now summons a Gargoyle into the battlefield to bombard your enemies for 25 sec.\n\nThe Gargoyle gains 1% increased damage for every 1 Runic Power you spend and always critically strikes.
1242158	Forbidden Knowledge	api	Army of the Dead siphons the power of the fallen, transforming Death Coil and Epidemic into Necrotic Coil and Graveyard for 30 sec.\n\nNecrotic Coil\nUnleash a vortex of necrotic energy and bone, dealing 77 Shadowstrike damage up to 3 foes and 24 Shadow damage to all pierced enemies.\n\nGraveyard\nThe dead erupt beneath all foes with Virulent Plague, dealing 33 Shadow damage and 13 Shadow damage to enemies nearby.
1242486	Midnight	api	Collapsing Star always critically strikes.
1242492	Emptiness	api	Every soul consumed in Void Metamorphosis grants 0.25% haste, up to 25%.
1242495	Calamitous	api	Your damaging critical strikes deal 240% damage instead of the usual 200%.
1242604	Scourging	api	Scourge Strike now causes your Plagues to erupt at 50% effectiveness.\n\nClawing Shadows can now stack 1 additional times.
1242608	Raise Abomination	api	Army of the Dead now raises an Abomination for 30 sec to attack enemies while emitting a disease cloud, dealing 12 Plague damage to nearby enemies every 2 sec.
1242666	Descending Darkness	api	Increases Tentacle Slam damage by 300%.
1242745	Inner Flame	api	Casting Dream Flight or Stasis increases your healing over time by 60% and causes Living Flame and Reversion to have a 100% increased chance to grant Essence Burst. Lasts 15 sec.
1242768	Sweet Release	api	Your chance to shatter a Soul Fragment from enemies you damage is increased by 2%.
1242779	Phantom Menace	api	Increases the critical strike chance of Shadowy Apparitions by 10% and their critical strike damage by 40%.
1242862	Instilled Doubt	api	Increases the critical strike chance of Vampiric Touch and Shadow Word: Pain by 8% and their critical strike damage by 20%.
1242910	Jade Infusion	api	Thunder Focus Tea summons a Jade Serpent Statue at your location. When you channel Soothing Mist, the statue will also begin to channel Soothing Mist on your target, healing for 2,128 over 7.1 sec.
1242956	Voidrage	api	Your Mastery is increased by 2%.
1243069	Horrific Visions	db2-template+redirect	You create Horrific Visions when casting harmful spells on enemies.\n\nAt $s1 stacks of Horrific Visions, your target sees a nightmare, dealing $1243105s1 Shadow damage and granting you ${$1243113o1/100} Insanity over $1243113s2 sec.\n\nAt $s2 stacks, your target witnesses a vision of N'Zoth, dealing $1243106s1 Shadow damage and granting you ${$1243114o1/100} Insanity over $1243114s2 sec.
1243155	Way of the Serpent	api	Vivify healing increased by 15% and Renewing Mist's healing is increased by 30%.
1243287	Diffuse Magic	api	Activating Fortifying Brew transfers all currently active harmful magical effects on you back to their original caster if possible.
1243307	Aether Attunement	api	Arcane Missiles now damages 2 additional targets at 50% effectiveness.
1243418	Healing Spheres	api	Your healing has a chance to coalesces a Healing Sphere out of the mists at your target's location after 1.5 sec. If allies walk through it, they consume the sphere, healing themselves for 1,667 and dispelling all harmful periodic magic effects.\n\nMaximum of 3 Healing Spheres can be active by the Monk at any given time.
1243435	Orb Mastery	api	Casting Arcane Orb while you have Clearcasting causes you to fire 2 additional Arcane Orbs at 100% effectiveness.\n\nCasting Arcane Orb now consumes Clearcasting.
1243507	Aegwynn's Technique	api	Casting Touch of the Magi grants Clearcasting.
1243542	Overflowing Insight	api	The damage of Arcane Blast and Arcane Pulse are increased by 15%, but their mana costs are increased by 25%.
1243554	Zen Spheres	api	Soothing Mist, Crackling Jade Lightning, and Rising Sun Kick form a sphere of Hope or Despair above their targets. Only one of each sphere can be active at a time.\n\n Sphere of Hope: Increases your healing done to the target by 10%.\n Sphere of Despair: Target deals 3% less damage and takes 10% increased damage from all sources.
1243557	Expanded Mind	api	Casting Arcane Blast or Arcane Pulse grants 2 stacks of Arcane Salvo.\n\nCasting Arcane Orb grants 2 stacks of Arcane Salvo.
1243659	Last Stand	api	Activating Shield Wall increases your maximum health by 30% for 8 sec and instantly heals you for that amount.
1243660	Resonant Voice	api	The effects of your shouts last 20% longer.
1243807	Frantic Frenzy	api	Unleash a furious frenzy, flickering to nearby targets in front of you 5 times and clawing all enemies around them for 5 Physical damage and an additional 37 Bleed damage over 6 sec.\n\nAwards 5 combo points.
1244001	Arcane Singularity	api	Arcane Salvo damage bonus increased by 2%.\n\n Arcane Salvo:\nIncreases the damage of your next Arcane Barrage by 3%.
1244019	Undying Embers	api	You are healed for 100% of the damage dealt by Refining Fire.
1244025	Improved Conjuration	api	Mirror Image's cooldown is reduced by 30 sec.
1244031	Spatial Manipulation	api	Blink gains an additional charge.
1244069	Improved Ice Barrier	api	Ice Barrier reduces your physical damage taken by 10% and absorbs an additional 5% of your maximum health.
1244070	Searing Sunlight	api	Casting Avenger's Shield causes Consecration to deal its damage and healing again immediately at 100% effectiveness.
1244087	Time Walk	api	Alter Time resets the cooldown of Blink and Shimmer when you return to your original location.
1244088	Interpose	api	Run at high speed toward a target location near your allies, taking 30% of all damage dealt to allies within 3 yards for 8 sec or until you take at least 6,110 damage from this effect.
1244090	Temporal Realignment	api	Upon dropping below 25% health, your past self corrects your timeline, casting Alter Time and instantly returning 50% of your maximum health.
1244105	Charm of Aegwynn	api	The critical strike damage of your spells is increased by 5%.
1244107	Charm of Medivh	api	Your Mastery is increased by 3%.
1244110	Glacial Bulwark	api	Ice Block and Ice Barrier now have an additional charge.
1244220	Voidpurge	api	Void Ray's cooldown during Void Metamorphosis is reduced by 2.0 sec.
1244222	Devourer's Edge	api	Reap and Consume damage increased by 10%.
1244237	Rolling Torment	api	When Void Metamorphosis expires, for each unused Soul you harvested, gain 5 Fury and increase your damage by 0.50% for 12 sec.
1244258	Chomp	api	Chomp your target, causing 317 Physical damage. Chomp critical strikes deal 3 times normal damage.\n\nChomp can only be used when you fall below 30% Energy or for 2 seconds afterward.
1244284	Practiced Chaos	api	Increases Mastery by 2%.
1244295	Sweet Suffering	api	The duration of Feast of Souls is increased by 1 sec.\n\n Feast of Souls\nSoul Fragments grant 1% increased damage for 6 sec. Multiple applications may overlap.
1244310	Roaring Blaze	api	Increases Conflagrate damage by 10%. \n\nConflagrate now erupts the target's Immolate, spreading it up to 3 nearby enemies.
1244329	Overpowered Missiles	api	Gaining Clearcasting has a 25% chance to cause your next Arcane Missiles to be Overpowered, causing it to deal 100% increased damage, generate maximum stacks of Arcane Salvo, and strike 3 additional targets at 50% effectiveness.
1244340	Improved Blink	api	Blink's cooldown is reduced by 2 sec.
1244460	Improved Havoc	api	Increases the duration of Havoc by 5 sec and increases the damage Havoc victims are dealt by an additional 10%.
1244532	Blood Spattered	api	Ferocious Bite's damage to its primary target increased by 2% for each enemy affected by your Rip, up to 10.
1244544	Focused Frenzy	api	Feral Frenzy's cooldown reduced by 15 sec and its damage is increased by 20%.
1244547	Hunger for Battle	api	When an enemy afflicted by your Rip dies, gain 10 Energy and your damage dealt is increased by 5% for 8 sec, stacking up to 5 times.
1244557	Glaive Tempest	api	The final slash of Blade Dance consumes 25 Fury when it strikes 3 or more enemies, launching two demonic glaives in a whirlwind of energy, causing 66 Chaos damage over 3 sec to all nearby enemies. Deals reduced damage beyond 8 targets.
1244632	Lacerating Claws	api	Damage of your bleeds increased by 10%.
1244788	Chaotic Inferno	api	Increases Chaos Bolt damage by 5% and Chaos Bolt now has a 25% chance to make your next Incinerate instant.
1244877	Lake of Fire	api	Cataclysm now leaves behind a lake of fire that deals 2,281 Fire damage to enemies within it over 8.9 sec.\n\nImmolate deals 20% increased damage to enemies within the lake of fire.
1244878	Beacon of the Savior	api	While in combat, apply a Beacon of the Savior to the lowest health ally within 30 yds that causes your direct healing on others to also heal that ally for 10% of the amount healed.\n\nBeacon of the Savior transfers to the lowest health ally within 30 yds if it heals a target past maximum health or if an ally drops below 50% health.
1244928	Destructive Rapidity	api	Increases how quickly Rain of Fire deals damage by 25% and how quickly your Infernal's Immolation deals damage by 10%.
1244941	Alythess's Ire	api	Rain of Fire has a 20% chance to reduce the cost of your next Rain of Fire within 8 sec by 100%.
1245089	Avatar of Destruction	api	Casting Soul Fire summons an Overfiend.\n\nOpening a Dimensional Rift has a chance to summon an Overfiend instead.\n\n Summon Overfiend\nGenerates 1 Soul Shard Fragment every 1 sec and casts Chaos Bolt at 80% effectiveness at its summoner's target. Lasts 8 sec.
1245354	Vision of Sanctity	api	Consecration deals 100% increased damage when it strikes a single target.
1245412	Voidblade	api	Unleash your glaives and charge to your target, dealing 856 Cosmic damage.
1245633	Fiendish Cruelty	api	Critical strikes dealt by Chaos Bolt, Conflagrate, or Incinerate have a 10% chance to make your next cast of Shadowburn within 30 sec cost no Soul Shards and usable on any target regardless of health.
1245891	Solace	api	Consecration heals you for 300% of the damage it deals.
1245979	Valiant Crusade	api	While out of combat, Divine Steed grants Shield of the Righteous for its duration and an additional 4.0 sec after it fades.
1246030	Explosive Potential	api	After casting Arcane Surge, your next Blink will cause a Blast Wave at your previous location, dealing 224 Fire damage, knocking enemies back 8 yds, and slowing them by 70% for 6 sec.
1246126	Call of Ohn'ahra	api	Nature's Swiftness now also affects Cyclone, but its cooldown is increased by 10 sec.
1246131	Call of Al'Akir	api	Nature's Swiftness now also affects Hex, but its cooldown is increased by 30 sec.
1246167	The Hunt	api	Charge to your target, striking them for 2,317 Cosmic damage, rooting them in place for 1.5 sec and inflicting 1,628 Cosmic damage over 6 sec to up to 5 enemies in your path.
1246481	Empyrean Authority	api	Guardian of Ancient Kings has 1 additional charge.
1246488	Sweeping Verdict	api	Judgment chains to 2 additional targets at 50% effectiveness.
1246517	Ultimate Serenity	api	Increases the healing done by Holy Word: Serenity by 10% and causes it to heal 4 nearby injured allies within 40 yards for 15% of its healing done.\n\nTalents that affect Holy Word: Sanctify instead affect Holy Word: Serenity.
1246549	Lightburst	api	Increases the damage of Holy Nova by 400%, its healing by 500%, and its cooldown by 30 sec.
1246555	Tempered Soul	api	The cooldown of Soul Immolation is reduced by 30 sec and it gains 1 additional charge.
1246556	Spontaneous Immolation	api	Soul Immolation heals for an additional 4% of your health over its duration and its cooldown is reset upon killing an enemy that yields experience or honor.
1246558	Scythe's Embrace	api	Reap now generates 10 Fury.
1246562	Duty Eternal	api	Voidblade damage increased by 100% and Voidblade now generates 20 Fury.
1246643	Hammer of Light	db2-template+redirect	Hammer down your enemy with the power of the Light, dealing $s1 Holy damage and $429826s1 Holy damage up to $s2 nearby enemies. \n\nAdditionally, calls down Empyrean Hammers from the sky to strike $427445s2 nearby enemies for $431398s1 Holy damage each.
1246769	Shatter	api	Damage from Frostbolt and Flurry applies Freezing to their targets. Stacks up to 20 times.\n\nDamage from Ice Lance shatters your enemies, consuming 4 stacks of Freezing and dealing 375 Frost damage for each stack removed.
1246799	Prompt Prognosis	api	Casting Prayer of Mending heals your target for 3,572.
1246802	Piety	api	20% of overhealing done is redistributed to up to 4 nearby injured allies.
1246811	Improved Shatter	api	Shatter damage has a 50% increased chance to critically strike.
1246832	Icicles	api	While in combat, Frost crystallizes around you, generating an Icicle every 5.4 sec. Upon generating 5 Icicles, Frostbolt upgrades to Glacial Spike for its next cast.\n\n Glacial Spike\nConjures a massive spike of ice that impales your target, dealing 5,332 damage and slowing the target's movement speed by 50% for 8 sec.\n\nApplies 3 stacks of Freezing.
1246968	Psychic Shroud	api	When your Psychic Scream affects 1 or more players, the next crowd control effect against you is prevented. Lasts 6 sec.
1247025	Deep Shatter	api	Shatter's critical strike damage is increased by 50% of your critical strike chance.
1247055	Frigid Focus	api	Ray of Frost damage increased by 30%.
1247090	Cone of Frost	api	Cone of Cold now applies 3 stacks of Freezing to up to 5 enemies.
1247131	Efficient Prayers	api	Reduces the mana cost of Prayer of Healing by 15%.
1247166	Healing Focus	api	Reduces the mana cost of Flash Heal by 15%.
1247178	Spiritwell	api	Increases Shadowy Apparition damage by 10%.
1247227	Crimson Tempest	api	Slash all enemies within 10 yds dealing 38 damage. Deals reduced damage beyond 5 targets.\n\nCopy the longest Garrote and Rupture on the enemies you hit onto up to 2 other enemies. \n\nAwards 1 combo point.
1247378	Putrefy	api	Summon a Lesser Ghoul to strike the enemy for 82 Shadow damage and have them explode for 42 Shadow damage to nearby enemies.
1247534	Soul Glutton	api	Void Metamorphosis requires 15 less souls.\n\nYour Fury drains 25% faster while in Void Metamorphosis.
1247538	Demonic Instinct	api	Void Ray and Hungering Slash damage increased by 10%.
1247544	Crystalline Refraction	api	Ray of Frost generates 2 stacks of Fingers of Frost over its duration.
1247729	Thermal Void	api	Consuming Brain Freeze has a 100% chance to cause your next Ice Lance to Shatter 4 additional stacks of Freezing.
1247742	Hailstones	api	The time it takes to generate an Icicle is reduced by 1.0 sec.
1247743	Rimecaster	api	Frostbolt and Glacial Spike damage increased by 10%.
1247759	Glacial Attunement	api	Flurry and Blizzard damage increased by 10%.
1247769	Improved Flurry	api	Flurry fires 1 additional missile.
1247777	Comet Storm	api	Casting Ray of Frost replaces your Ray of Frost with Comet Storm, calling down a series of 7 icy comets on and around the target, that deals up to 2,492 Frost damage to all enemies within 8 yds of its impacts.\n\nEach Comet Shatters 1 stack of Freezing.
1247798	Glaciate	api	When Ice Lance Shatters a stack of Freezing, the cooldown of Ray of Frost is reduced by 0.10 sec.
1247799	Heart of Ice	api	Ice Lance Shatters 1 additional stack of Freezing.
1247993	Motivated Murderer	api	Increases your Energy regeneration by 20%.
1248002	Heat Sink	api	Flurry and Fire Blast now deal Frostfire damage and their damage is increased by 15%.
1248014	Dualcasting Adept	api	Your Frost and Fire spells deal 20% increased critical strike damage.\n\nIce Lance and Pyroblast  have their damage increased by 40%.
1248016	Blast Radius	api	The damage of Meteor and Comet Storm is increased.
1248418	Cosmic Wave	api	Increases Cosmic Ripple healing by 15%.
1248423	Guiding Light	api	Prayer of Mending gains an additional charge.
1248704	Skyfire Heel	api	Rising Sun Kick's critical strike chance is increased by 4% for each nearby enemy, up to 5 enemies.\n\n10% of Rising Sun Kick's damage splashes onto nearby enemies. Damage is reduced beyond 5 targets.
1248747	Crashing Fists	api	The damage of Fists of Fury is increased by 20%.
1248749	Cyclone's Drift	api	You gain 10% more Haste from all sources of Haste.
1248774	Unshakeable Drive	api	When you consume an application of Deathstalker's Mark, the damage of your next Ambush or Mutilate is increased by 50%.
1248785	Corrupt the Blood	api	Rupture damage increased by 20%.
1248793	Clear the Witnesses	api	Fan of Knives damage increased by 60%.
1248825	Frostbite	api	When Frostbolt critically strikes, it applies 1 additional stack of Freezing.\n\nEach stack of Freezing that you Shatter deals 92 damage to nearby enemies. Damage reduced beyond 5 targets.
1248833	Airborne Rhythm	api	Slicing Winds now generates 1 Chi when cast.
1248837	Hurricane's Vault	api	Slicing Winds now costs 2 Chi to cast, but its damage is increased by 40%.
1248970	Lucky Coin	api	Every 7 coin flips, keep a lucky coin that bends you towards your fate for 12 sec. Your Agility is increased by 4%, the damage and bonuses of Fatebound Coins are increased by 50%, and coin flips are 15% more likely to match the same face as the last flip.\n\nCoin flips do not count toward finding a lucky coin while you have a lucky coin.
1249190	Overflowing Purse	api	Envenom has a 15% chance to flip 3 Fatebound Coins.
1249194	Delivered Doom	api	Envenom deals 5% more damage when it consumes 5 or more combo points.
1249201	Chosen's Revelry	api	Flipping a Fatebound Coin restores 10 health.
1249204	Rush to the Inevitable	api	Gain 5 Energy every time you flip a Fatebound Coin. Gain 15 Energy for Coins that land on their edge.
1249215	Fate Intertwined	api	Caustic Spatter causes an additional 5% of Nature damage dealt to be dealt to affected enemies.
1249230	Focused Power	api	Increases the damage of your spells by 3%.
1249233	Everlasting Light	api	Surge of Light occurs up to 50% more often based on your missing mana.
1249625	Zenith	api	Chi costs are reduced by 1 and Blackout Kick reduces the cooldown of affected abilities by an additional 1 sec for 15 sec.\n\nActivating Zenith resets the remaining cooldown on Rising Sun Kick.
1249658	Breath of Sindragosa	api	Call upon Sindragosa's aid in battle for 8 sec, continuously dealing 49 Frost damage every 1 sec to enemies in a cone in front of you. Consuming Killing Machine or Rime increases the duration by 0.8 sec. Deals reduced damage to secondary targets.\n\nGrants a charge of Empower Rune Weapon at the start and 2 Runes at the end.
1249802	Razor Wire	api	Garrote lasts 6 sec longer.
1249809	Finish the Job	api	All damage you deal is increased by 10% while Deathmark is active.
1249832	Obsidian Spiral	api	During Zenith, Blackout Kick generates 1 Chi.
1250036	Inspiring Strike	api	Applying Envenom while Envenom is already active causes it to increase all damage you deal by 5% in addition to increasing your poison application chance.
1250041	Harmonic Combo	api	Fists of Fury's Chi cost is reduced by 1, but its damage is reduced by 10%.
1250042	Echo Technique	api	Casting Strike of the Windlord or Whirling Dragon Punch grants Blackout Kick!.
1250141	Secondary Poisoning	api	When you apply a Weapon Poison with a single-target attack, you have a 50% chance to strike a nearby enemy for 5 Physical damage and apply the same Weapon Poison to them.
1250218	Purge the Wicked	api	Holy damage increased by 10%.
1250271	Deadly Momentum	api	Finishing moves have a 3% chance per combo point spent to increase your chance to critically strike by 6% for 6 sec.
1250293	Occultist	api	Shadow damage and healing done increased by 15%.
1250315	Frost Conditioning	api	Hypothermia's duration is reduced by 10 sec.
1250318	Poisoner's Drive	api	Applying Envenom while Envenom is already active restores 1 combo point.
1250325	Regicide's Reward	api	When Kingsbane ends, gain 2% haste for every 5 stacks of increased Kingsbane damage that you had, decreasing by 2% every 2 sec.
1250358	Avulsion	api	Rupture damage increased by 20%.
1250359	Canny Strikes	api	Increases Critical Strike chance by 2%.
1250364	Elemental Tempo	api	Elemental damage increased by 10%. \n\nEach stack of Maelstrom Weapon consumed reduces the cooldown of Stormstrike by 0.3 sec and Lava Lash by 0.3 sec.
1250372	Fel Intellect	api	Increases your Intellect by 2%.
1250375	Practiced Rituals	api	Increases your Mastery by 2%.
1250378	Spectral Illusion	api	Fade creates an illusion of you for 4 sec, tricking enemies to attack it instead.
1250492	Tormenting Whispers	api	Increases Shadow Word: Madness damage by 15%.
1250562	Uplifting Words	api	Increases the critical strike chance of your Holy Word: Serenity and Holy Word: Sanctify by 10%.
1250565	Angelic Touch	api	Your healing spells critically strike for 220% of healing done instead of the usual 200%.
1250566	Rushing Wind Kick	api	After consuming Blackout Kick!, Rising Sun Kick has a 60% chance to become Rushing Wind Kick.\n\nRushing Wind Kick:\nKick up a powerful gust of wind, dealing 62 Nature damage in a 25 yd cone to enemies in front of you, split evenly among them. Damage is increased by 6% for each target hit, up to 30%.
1250646	Takedown	api	You and your pet leap to your target and strike as one, dealing 633 Physical damage. Your pet frees itself from roots when it leaps.\n\nFor the next 8 sec, the damage dealt by you and your pet is increased by 20%.\n\nGenerates 50 Focus.
1250684	Radiant Plea	api	Increases Prayer of Mending healing by 15%.
1250691	Void Tendrils	api	Call shadowy tendrils to constrict enemies when Psychic Scream ends, rooting them in place for 4 sec.
1250768	Imp Gang Boss	api	Hand of Gul'dan now empowers 1 of the Wild Imps it summons, increasing its damage dealt by 100%.
1250806	False Autonomy	api	Increases the duration of Mind Control and Dominate Mind against enemy creatures by 15 sec.
1250818	Spiritual Guidance	api	Increases your Intellect by 3%.
1250820	Strength of Resolve	api	Increases your Stamina by 6%.
1250835	Dark Enlightenment	api	Increases your haste by 3%.
1250897	Hellbent Commander	api	Your demons deal 1.0% increased damage for each demon you control.
1250906	Memory of Ysera	api	Heal each time you spend Rage, up to 0.8% of your maximum health for 80 Rage spent.
1250914	Clairvoyant	api	Motes of Possibility may now grant Prescience to allies and have a 10% increased chance to activate.
1250921	Antoran Armaments	api	Your Demonic Tyrant is equipped with armor forged within Antorus, increasing their armor by 10%. While summoned, your Demonic Tyrant now assaults enemies with powerful melee attacks.\n\n Burning Cleave\nCleaves all enemies in a cone in front of the caster, inflicting 368 Shadowflame damage. Damage reduced beyond 8 targets.
1250923	Ward of the Forest	api	Barkskin increases your maximum health by 20%, but its duration is reduced by 40%.
1251026	Overcharge	api	The critical strike damage of your Nature abilities are increased by 40% of your critical strike chance.
1251029	Mindpierce	api	Increases the damage of Smite by 15%.
1251030	Painful Invocation	api	Increases the damage of Shadow Word: Pain by 10%.
1251069	Stormbind	api	Critical strikes of your Nature abilities reduce the target's movement speed by 60% for 5 sec.
1251077	Twin Disciplines	api	Increases the damage and healing of your Holy and Shadow spells by 2%.
1251406	Persistence	api	When you shapeshift out of Bear Form, its benefits to health and armor slowly decay over 8 sec.
1251592	Flamefang Pitch	api	Toss a fiery concoction that explodes violently upon reaching its destination, dealing 207 Fire damage to enemies in its area. Damage reduced beyond 8 targets.\n\nAfter landing, your Flamefang Pitch ignites nearby terrain, dealing 138 Fire damage to enemies in its area over 8 sec.
1251717	Strike as One	api	Consuming Tip of the Spear provokes your pet to attack your target, dealing 63 Physical damage.\n\nAll damage dealt by your pet is increased by 30%.
1251718	Two Against Many	api	Strike as One damages 2 additional enemies and its damage is increased by 10% for each enemy it strikes beyond the first.
1251778	Summon Vilefiend	api	Call Dreadstalkers also summons a Vilefiend that assists you in combat for 15 sec.
1251790	Savagery	api	Takedown cooldown reduced by 15 sec.
1251876	Gift of an Ancient Guardian	api	Ironfur increases your Mastery by 5%.
1252215	Shadow Mend	api	Shadow Word: Pain damage has a chance to upgrade your next Flash Heal to Shadow Mend. Stacks up to 2 charges.\n\n Shadow Mend:\nWraps an ally in shadows which heal for 6,831, but at a price.\n\nThe ally will take 337 damage every 1 sec, until they have taken 3,384 total damage from all sources, or leave combat.
1252708	Mongoose Fury	api	Raptor Strike increases the damage of Raptor Strike by 10% for 8 sec. Multiple applications may overlap.
1252738	Wallop	api	Gaining a stack of Mongoose Fury has a 20% chance to increase the damage of your next Raptor Strike by 50%.
1252841	Calm Waters	api	Reduces the mana cost of Chain Heal by 15%.
1252871	Red Moon	api	Channel the power of the enraged moon to deal 2,432 Arcane damage to your target over 8 sec. Casting Mangle extends its duration by 1.0 sec and generates 8 Rage.
1252874	Soothing Rain	api	Increases the healing done by Healing Rain by 10% and reduces its cast time by 0.5 sec.
1252882	Double Dip	api	Healing Rain grants an additional use of Downpour.
1252931	Shellshock	api	Your Boomstick's damage is increased by 40% when striking a single target.\n\nEach additional target reduces this bonus by 5%.
1252943	Wildfire Imbuement	api	Throwing your Flamefang Pitch imbues your weapon with flame, causing you and your pet's auto-attacks to deal an additional 14 Fire damage for 10 sec.
1252994	Killing Blow	api	Maul and Raze may consume up to 20 more Rage to deal up to 70% additional damage.
1253014	Water Expulsion	api	Increases Downpour healing by 20%.
1253035	Harnessed Rage	api	Mangle has 1 additional charge and when Maul is cast at 80 Rage or above its chance to activate Gore is increased by 100%.
1253053	Shower of Blood	api	Your Bleed effects deal 8% increased damage.
1253090	Crashing Waves	api	Healing Wave's critical strike chance is increased by 12%.
1253093	Current Control	api	Reduces the mana cost of Healing Wave by 15%.
1253099	Quickstream	api	Healing Stream Totem heals 15% more often.
1253137	Sic 'Em	api	When Strike as One critically strikes, it bleeds its target for an additional 15 damage over 5 sec.
1253172	Shrapnel Bomb	api	Wildfire Bomb's periodic effect is now a Bleed and grants you and your pet 15 Focus over 3 sec.
1253176	Flamebreak	api	All Fire damage dealt is increased by 8%.
1253304	Voidfall	api	Consume has a 35% chance to grant 1 stack of Voidfall.\n\nUpon reaching 3 stacks of Voidfall, Reap consumes a stack to reach into the Void and call down a meteor strike at your target's location, dealing 670 Cosmic damage to all enemies within 8 yards. Damage reduced beyond 8 targets.
1253377	Meteoric Rise	api	Void Ray damage increased by 15%.\n\nFully channeling Void Ray generates 1 stack of Voidfall.
1253391	Meteoric Fall	api	While at 3 stacks of Voidfall, Reap consumes all 3 to rapidly call down that many meteor strikes.
1253399	Path to Oblivion	api	Each stack of Voidfall grants 3% increased movement speed.
1253402	State of Matter	api	Shift has 1 additional charge.
1253415	Celestial Echoes	api	Consume generates 2 additional Fury and deals 15% increased damage.
1253461	Waking Nightmare	api	Awaken memories of past conflicts, causing a Dread Shade to take form nearby.\n\nWhile active, shades slowly travel toward your target, dealing 24 Nature damage to nearby enemies and mirroring your Thrash casts.
1253590	Master the Darkness	api	Penance has a high chance to upgrade Power Word: Shield into Void Shield.\n\n Void Shield:\nShields 3 allies for 15 sec, absorbing 2,607 damage.
1253598	Crusade	api	Avenging Wrath now grants you 2% Haste.\n\nEach Holy Power spent during Avenging Wrath increases Haste by an additional 2%, up to 20%.
1253599	Sentinel	api	Your Eagle is replaced with a Sentinel Owl that applies an enhanced Sentinel's Mark.\n\nSentinel's Mark\nYour next Wildfire Bomb deals 40% increased direct damage to the marked target.
1253668	Swift Erasure	api	Each stack of Voidfall grants 2% Haste.
1253676	Doomsayer	api	Activating Void Ray out of combat or within 5 sec of entering combat calls down 3 Voidfall Meteors over its duration.
1253724	Greater Smite	api	Casting Smite increases the damage of Smite by 15%, stacking 2 times. Lasts 2 sec.
1253732	Lunar Storm	api	When Sentinel's Mark is consumed, it summons a barrage of 4 lunar missiles, each dealing 71 Arcane damage to enemies within 10 yds.
1253751	Stargazer	api	Consuming Tip of the Spear grants 2% increased critical strike damage for 10 sec. Multiple applications may overlap.
1253769	Catastrophe	api	Enemies struck by a Voidfall Meteor take an additional 25% damage over 8 sec.
1253799	Sundering Roar	api	Roar with earthshattering ferocity, dealing 98 Physical damage, and resetting the cooldown of Thrash and allowing it to stack 5 additional times for 12 sec. \n\nWhen Sundering Roar ends, any excess stacks of Thrash immediately deal their remaining damage.
1253805	Final Hour	api	Passive bonuses granted by each stack of Voidfall persist for 8 sec after being consumed.
1253807	Open Fire	api	Flamefang Pitch damage increased by 15%.
1253817	Otherworldly Focus	api	Collapsing Star and Voidfall meteors deal 35% increased damage when striking a single target.\n\nEach additional target reduces this bonus by 5%.
1253825	Moon's Blessing	api	Consuming Tip of the Spear has a 10% increased chance to summon your Sentinel Owl.\n\nWhen your Sentinel Owl applies Sentinel's Mark, reduce the cooldown of Wildfire Bomb by 4.0 sec.
1253830	Can't Miss, Won't Miss	api	Tip of the Spear damage bonus increased by 4%.\n\nTakedown duration increased by 2 sec.
1253831	Sanctified Armaments	api	An additional 15% of Raptor Strike's damage is dealt as Arcane damage over 6 sec.
1253846	Arcane Talons	api	Sentinel's Mark further increases the damage of Wildfire Bomb by 50%
1253852	Lunar Calling	api	Takedown summons your Sentinel Owl and your chance to summon your Sentinel Owl is increased by an additional 10% during Takedown.
1253887	Conditioning	api	Your movement speed is increased by 8%.\n\nAspect of the Cheetah's cooldown is reduced by 30 sec.
1253892	Scout's Vigil	api	Enemy detection radius reduced by 10 yds.\n\nWhile in Camouflage, your stealth detection radius is increased by 25 yds.
1253945	Mongoose Rounds	api	Damaging one or more enemies with your Boomstick grants you 1 stack of Mongoose Fury.\n\n Mongoose Fury\nRaptor Strike damage increased by 10%.
1254194	Kindling	api	Combustion's cooldown is reduced by 60 sec.
1254210	Earthweaver	api	Increases Earth Shield healing by 40%.
1254251	Rip Current	api	Reduces the cooldown of Riptide by 1.0 sec.
1254512	Burn It All	api	Combustion grants you 10% increased spell damage plus an additional 20% of your critical strike chance as spell damage.
1254552	Blightburst	api	The explosion effect of Putrefy extends the duration of your plagues by 4.5 sec and deals 35% of the damage they would deal over that time instantly.\n\nPutrefy now applies your plagues to unaffected targets.
1254756	Ignition	api	Fire Blast now spreads 50% of your target's Ignite to 1 enemy.\n\nFlamestrike applies 15% more Ignite.
1254828	Wildfire	api	Fire Blast damage increased by 10% and it now spreads Ignite to 1 additional target.
1254857	Deep Impact	api	The enemy closest to the center of Meteor's impact takes 75% increased damage.
1254865	Cinderstorm	api	Casting Pyroblast or Flamestrike has a 8% chance to summon a storm of 5 cinders that pursue your target. Upon reaching your target, each cinder deals 935 Fire damage, applies Ignite at 100% effectiveness, and spreads 50% of your Ignite to up to 1 nearby target.
1255166	Time Twist	api	The cooldown of Alter Time is reduced by 10 sec.
1256245	Phase Shift	api	Each stack of Voidfall grants 2% reduced damage taken.
1256295	Mass Acceleration	api	Gain 3 stacks of Voidfall and reset the cooldown of Reap upon activating Void Metamorphosis.
1256307	Dark Matter	api	Your first Collapsing Star after casting Void Metamorphosis causes a Cosmic meteor shower to assault the area, dealing 2,290 Cosmic damage over 6 sec.
1256353	World Killer	api	The third Voidfall meteor strike called down in sequence is larger, has 50% increased area, deals 50% increased damage, and generates 1 Soul Fragment.
1256577	Merithra's Blessing	api	Essence abilities have a chance to infuse your next Reversion with the power of the Green Dragonflight, upgrading it to Merithra's Blessing:\n\n Merithra's Blessing\nSpring a bloom of life from your target, healing them and up to 4 other allies within 30 yards for 950. Blooms may heal your primary target multiple times if no nearby injured allies are present.
1256630	Menacing Rush	api	Adrenaline Rush magnifies your precision and power, increasing the damage your combo point generating abilities and finishers deal by 20%.
1256813	Reanimation	api	When you Putrefy a Lesser Ghoul, it has a 100% chance to reanimate as a Magus of the Dead who hurls Frostbolts and Shadow Bolts at your foes for 15 sec.\n\nMagus of the Dead Frostbolts and Shadow Bolts deal 25% increased damage.
1256938	Flanked	api	Takedown damage increased by 50% and it now strikes 4 additional nearby targets.\n\nDuring Takedown, your attack speed is increased by 100%.
1257011	Vulnerability	api	Raptor Strike and Boomstick deal 20% increased critical strike damage.
1257052	Dark Harvest	api	Consume the life force of each target afflicted by your damaging periodic effects, dealing 12,764 Shadowflame damage over 2.7 sec.\n\nDamage dealt by Dark Harvest heals you for 50% of damage done.
1257343	Fired Up	api	Consuming Hot Streak has a 20% chance to grant you a stack of Fired Up, increasing your Fire damage by 4% for 12 sec. Multiple applications may overlap.
1257942	Touch of the Archmage	api	Touch of the Magi increases the damage your target receives from you by 15%.
1258402	Touch of Grass	api	Your maximum health is increased by 5%.
1258404	Catlike Reflexes	api	Aspect of the Cheetah's initial burst of speed is increased by 2.0 sec.
1258407	Improved Aspect of the Cheetah	api	The cooldown of Aspect of the Cheetah is reduced by 30 sec.
1258485	Improved Aspect of the Turtle	api	The cooldown of Aspect of the Turtle is reduced by 30 sec.
1258486	Improved Feign Death	api	The cooldown of Feign Death is reduced by 5 sec.
1258509	Guttural Roar	api	Intimidation now also stuns nearby enemies for 1.0 sec.
1258843	Molten Wrath	api	Lava Burst deals 15% additional damage.
1258889	Storm Infusion	api	Elemental Resonance\nAll elemental damage is increased by an additional 2%.\n\n Thunderstrike Ward\nIncreases the chance for Thunderstrikes to occur by 30% and increases Thunderstrike damage by 75%.
1258895	Elemental Resonance	api	All Elemental damage increased by 3%.
1258899	Tectonic Collapse	api	Earth Shock, Elemental Blast, and Earthquake deal 20% increased damage.
1259003	Raptor Swipe	api	Raptor Strike has a 25% chance to upgrade itself to a Raptor Swipe, dealing 98 Physical damage to all enemies within 15 yds in front of you. Damage reduced beyond 5 targets.
1259047	Inferno Arc	api	Lightning Bolt, Chain Lightning, Earth Shock, Elemental Blast, and Earthquake deal 10% increased damage to targets affected by Flame Shock.
1259173	Duplicate	api	Breath of Eons summons a version of you from the future to assist you in battle, lasting 20 sec. Your duplicate casts Eruption, Fire Breath, and Upheaval.
1259190	Teleport: Silvermoon City	api	Teleports you to Silvermoon.
1259194	Portal: Silvermoon City	api	Creates a portal, teleporting group members that use it to Silvermoon City.
1259457	Find an Opening	api	Your chance for Sinister Strike to strike twice and grant Opportunity is increased by 10%
1259465	Heightened Rush	api	Adrenaline Rush's duration is increased by 4 sec.
1259469	Grand Melee	api	Blade Flurry causes your attacks to hit nearby enemies for an additional 8% of their normal damage.
1259471	Purging Flames	api	Voltaic Blaze unleashes volcanic rage, causing your next Lava Burst to also fire at 5 additional targets with your Flame Shock at 80% effectiveness with reduced Maelstrom generation.\n\nLava Burst damage increased by 10%.
1259480	Fast Action	api	The cooldown of Between the Eyes is reduced by 5 sec.
1259481	Dragon-Bone Dice	api	The bonuses granted by your Roll the Bones are stronger.\n\nBonuses to chance for Sinister Strike to strike twice are 5% greater.\nBonuses to Sinister Strike and Ambush damage are 5% greater.\nBonuses to Restless Blades cooldown reduction are 10% greater.\nJackpot's bonus to critical strike chance is 5% greater.
1259485	Zero In	api	Your auto-attack critical strikes increase the damage and critical strike chance of your next Between the Eyes by 3%, stacking up to 20 times.
1259492	Flickering Steel	api	Sinister Strike and Ambush deal 20% increased damage. They also generate 5 Energy when they grant you Opportunity.
1259498	Expert Duelist	api	Between the Eyes increases your damage dealt by an additional 2%.
1259499	Crescendo of Violence	api	Your finishing moves deal 10% increased damage.
1259612	Deadly Pursuit	api	After spending 15 combo points, if you spend no combo points for 4 sec, abilities affected by Restless Blades will cool down 200% faster for 5 sec or until you spend a combo point.
1259790	Unstable Affliction	api	Afflicts the target with 1,287 Shadow damage over 8 sec. Multiple uses of this ability may overlap.\n\nIf dispelled, deals 14,850 damage to the dispeller and silences them for 4 sec. This damage is increased by 15% per stack on the target.\n\nGenerates 1 Soul Shard if the target dies while afflicted.
1259811	Practiced Pestilence	api	Mastery increased by 2%.
1259815	Potent Soul Shards	api	Increases damage dealt by Unstable Affliction and Seed of Corruption by 5%.
1259825	Shared Agony	api	Increases Agony damage by 10% and Agony now hits another nearby enemy within 15 yds of the target.
1259838	Seeds of Destruction	api	Reduces the cast time of Seed of Corruption by 0.20 sec and increases its damage by 5%.
1259886	Cull the Weak	api	Casting Unstable Affliction or Seed of Corruption reduces the cooldown of Dark Harvest by 1.5 sec.
1260209	Sudden Onset	api	Agony damage is increased by 10% and starts at 3 stacks.
1260229	Fatal Echoes	api	When Unstable Affliction expires, it has a 10% chance to reapply itself.
1260264	Shard Instability	api	Damage dealt by Shadow Bolt has a 20% chance to make your next Unstable Affliction cost no Soul Shards and cast instantly.
1260271	Nocturnal Yield	api	Increases Corruption damage by 10% and Nightfall additionally makes your next Seed of Corruption cost no Soul Shards and cast instantly.
1260272	Ashes of Inspiration	api	When your Arcane Phoenix expires, it grants you Lesser Time Warp for 6 sec.\n\n Lesser Time Warp\nWarp the flow of time, increasing your haste by 15%.
1260285	Patient Zero	api	Increases damage dealt by Seed of Corruption to its host by 50%.
1260429	Divine Exaction	api	Divine Toll casts 2 additional times on your target at 150% effectiveness.
1260484	Chronoboon	api	Tip the Scales' cooldown is reduced by 30 sec.
1260511	Spiritfont	api	Rising Sun Kick and Vivify have a chance to activate Spiritfont, causing your next Enveloping Mist's cast time to be reduced by 50% and channel Soothing Mist from you onto up to 5 allies at 20% effectiveness for 8 sec.\n\nIf Spiritfont's Soothing Mists heal a full health target, they will jump to another injured ally or split its healing into your remaining Soothing Mists.
1260616	Spellfire Salvo	api	Arcane Salvo can stack 5 additional times.\n\nMeteorite damage increased by 15%.
1260644	Totemic Momentum	api	Reduces the cooldown of Healing Stream Totem by 3 sec.
1260647	Overclock	api	Chrono Flames' maximum damage or healing is increased by 40%, up to 1,330 Arcane.
1260666	Fire Nova	api	Voltaic Blaze generates 2 additional Maelstrom Weapon and has a 30% chance to cause a Fire Nova.\n\nFire Nova\nErupt a burst of fiery damage from all targets affected by your Flame Shock, dealing 34 Volcanic damage to up to 6 targets within 8 yds of your Flame Shock targets.
1260673	Pyrocosm	api	Each wave of Arcane Missiles has a 10% chance to summon a Meteorite.\n\nWhen a Meteorite lands, you have a 5% chance to gain Clearcasting.
1260745	Command Squadron	api	While flying during Deep Breath you are assisted by a squadron of Dracthyr who assault enemies with Pyre, dealing 675 Fire damage to nearby enemies up to 8 times.
1260874	Primal Catalyst	api	Healing Stream Totem and Healing Tide Totem healing has a 8% chance to apply Earthliving to allies it heals.
1261046	Brute Force	api	Slam has a 10% increased chance to trigger Tactician.
1261047	Efficiency	api	Slam's Rage cost is reduced by 25%.
1261048	Just Warming Up	api	Colossus Smash generates 15 Rage.
1261049	Broad Strokes	api	Colossus Smash grants you Sweeping Strikes.
1261050	Powerful Momentum	api	Secondary targets take an additional 25% damage from Sweeping Strikes.
1261051	Tactical Edge	api	Colossus Smash causes your next 2 Mortal Strikes to have a 100% chance to trigger Tactician.
1261056	Crushing Combo	api	Colossus Smash causes your next 2 Cleaves within 20 sec to trigger no cooldown.
1261057	Master Tactician	api	Tactician has a 5% increased chance to trigger.
1261060	Deep Wounds	api	Execute inflicts Deep Wounds on the target.\n\n Deep Wounds\nCauses the target to suffer 50 Bleed damage over 6 sec. If this effect is reapplied, any remaining damage will be added to the new Deep Wounds.
1261062	Mortal Wounds	api	Mortal Strike and Slam critical strikes inflict Deep Wounds at 100% effectiveness.\n\n Deep Wounds\nCauses the target to suffer 50 Bleed damage over 6 sec. If this effect is reapplied, any remaining damage will be added to the new Deep Wounds.
1261080	Infused Splinters	api	Direct damage from Arcane Splinters have a 25% chance to grant 1 stack Arcane Salvo.\n\n Arcane Salvo\nIncreases the damage of your next Arcane Barrage by 3%.
1261082	Polished Focus	api	Casting Arcane Barrage while at 20 or more Arcane Salvo stacks refunds 5 Arcane Salvo stacks.\n\nArcane Barrage damage increased by 15%.
1261106	Attuned Familiar	api	Your Arcane Familiar has a 50% chance to conjure a Splinter alongside its Arcane Assault.
1261113	Light Within	api	Art of War increases the damage of your next Blade of Justice by 150%.
1261124	Cascading Calamity	api	Casting Unstable Affliction on a target affected by your Unstable Affliction increases your Haste by 5% for 15 sec.
1261149	Malefic Grasp	api	While Darkglare is active, your Shadow Bolt becomes Malefic Grasp. \n\n Malefic Grasp\nBinds the target in twilight, dealing 4,003 Shadow damage over 3.6 sec.\n\nWhen Malefic Grasp deals damage, it causes all of your other periodic Affliction damage effects to instantly deal 30% of their normal periodic damage.
1261193	Boomstick	api	Unload a series of 4 shotgun blasts 20 yds in front of you, dealing 851 Physical damage over 2.7 sec. Deals reduced damage beyond 8 targets.
1261229	Wildfire Shells	api	Damaging one or more enemies with your Boomstick reduces the cooldown of Wildfire Bomb by 2.0 sec.
1261409	Inevitable End	api	Collapsing Star can no longer be interrupted and its cast time is reduced by 25%.
1261414	Armor of Souls	api	Your Armor is increased by 100%. Taking damage has a 12% chance to generate a Soul Fragment.
1261423	Surrender to the Void	api	Void Metamorphosis requires 50 additional souls.\n\nWhile in Void Metamorphosis, your damage is increased by 10% and effects that grant you Fury grant 100% additional Fury.
1261448	Concentrated Power	api	Mass Disintegrate strikes 1 additional target.
1261452	Refined Essence	api	Essence abilities deal 15% additional damage.
1261525	Light's Judicator	api	Empyrean Hammer deals 20% increased critical strike damage and its critical strikes have 50% chance to grant an additional stack of Light's Deliverance.
1261543	Fast Feet	api	Blackout Kick deals 20% increased damage. Spinning Crane Kick deals 10% additional damage.
1261562	Shield of Vengeance	api	Divine Protection reduces damage taken by an additional 10% and casts Shield of Vengeance.\n\nShield of Vengeance\nCreates a barrier of holy light that absorbs 9,165 damage for 10 sec.\n\nWhen the shield expires, it bursts to inflict Holy damage equal to the total amount absorbed, divided among all nearby enemies.
1261564	Ascendant Eclipses	api	Activating an Eclipse makes your next Wrath or Starfire instant. The first 3 Starsurges or Starfalls you cast during each Eclipse deal 20% increased damage.
1261684	Entropy	api	While in combat, generate 1 Soul Fragment every 12 sec.\n\nWhile out of combat, you will slowly build towards your Void Metamorphosis, up to 25 Soul Fragments.
1261697	Beckon	api	Reap reduces the cast time of your next Consume by 100% and causes it to generate 1 additional Soul Fragment.
1261703	Tigereye Brew	api	Every 3 Chi spent generates Tigereye Brew. Zenith consumes up to 20 Tigereye Brew stacks to increase your critical strike chance for its duration by 1% per stack.\n\nGenerates quickly up to 10 stacks while out of combat and may generate up to a maximum of 30 stacks.
1261867	Heart of the Wild	api	Perform a powerful off-role ability depending on your currently active shapeshift form.\n\nNon-shapeshifted:\nEmpowered Wild Growth that heals up to 5 injured allies within 30 yards of the target for 6,514 over 7 sec.\n\nBear Form:\nIncrease your maximum health by 30% for 20 sec.
1261984	Shadow of Nathreza	api	Haunt now calls upon a demonic soul from within the Twisting Nether to haunt your target.\n\nThe soul is unstable and ravenous, dealing 2,474 Shadow damage to its host and 3 enemies within 10 yards suffering from your Corruption over its duration.
1262017	Fuel on the Fire	api	Exploding Keg also causes your next 2 casts of Keg Smash to summon a whirl of flame which spirals outwards, dealing 70 additional Fire damage to each enemy struck.
1262034	Gift of the Wild	api	Mark of the Wild is 100% more effective on yourself.
1262094	Summon Desperate Soul	db2-template+redirect	Damage dealt by Haunt has a chance to release the demonic soul haunting its target. When released, it unleashes a devastating attack before being banished back to Nathreza.\n\n$@spellicon1262028 $@spellname1262028\nCalls down a meteor formed from the ruins of Nathreza that explodes upon impact, dealing $1278047s1 Shadow damage to all enemies within $1278047a1 yds.\n\nDamage reduced beyond $s2 targets.
1262329	Empty the Cellar	api	Exploding Keg can be reactivated within 20 sec to throw 5 additional kegs at nearby targets, each dealing 70 Physical damage and reducing the cooldown of your Brews by 3.0 sec.
1262334	Jade Flash	api	Crackling Jade Lightning deals its damage in 75% less time, costs 75% less Energy, and strikes 4 additional targets, but has a 60 sec cooldown.
1262409	Lethal Calibration	api	Wildfire Bomb reduces the cooldown of Boomstick by 2.0 sec for each enemy hit, up to 10 sec.
1262442	Bonding	api	Mastery increased by 3%.\n\nYou gain 5% increased Mastery from all Mastery sources.
1262603	Stand Ready	api	Activating Invoke Niuzao, the Black Ox instantly grants 10 stacks of Flurry Strikes that trigger on your next attack at 70% effectiveness.
1262610	Weapons of the Wall	api	Invoke Niuzao, the Black Ox's stomp damage increased by 20%.
1262612	Shado Over the Battlefield	api	Flurry Strikes deal 18 Nature damage to all enemies within 6 yds, reduced beyond 8 targets.
1262628	Awakening Spirit	api	Purifying Brew also surrounds you with protective energies for 15 sec. \n\nWhen Staggered damage would be dealt to you, you instead absorb up to 50%, until 210 has been prevented.
1262635	Thunder Capacitor	api	Lightning Bolt and Chain Lightning deal 20% increased damage and have a 20% chance to refund the Maelstrom Weapon spent.
1262659	Vital Flame	api	Heal for 40% of all Fire or Nature damage dealt by your spells and abilities.
1262667	Yu'lon's Avatar	api	Vivify and Sheilun's Gift have a chance to trigger Heart of the Jade Serpent for 4 sec at 100% effectiveness.
1262672	Flowing Wisdom	api	Heart of the Jade Serpent increases your haste by 10% while active.
1262713	Storm Unleashed	api	Each Maelstrom Weapon spent has a 2% chance to cause your next Crash Lightning to ignore its cooldown. The weapon enhancement effect of Crash Lightning may now overlap.
1262755	Benediction	api	Prayer of Mending healing has a chance to upgrade your next Flash Heal to Benediction, healing the target for 30% more and causing a Cosmic Ripple.
1262756	Stampede of the Ancients	api	Strength of the Black Ox's effect is 400% more effective on your primary target.
1262843	Duality	api	Casting Glacial Spike also casts a Pyroblast, dealing 3,666 Fire damage.
1262844	Molten Chill	api	Your Frostfire spells apply Ignite at 10% increased effectiveness.
1262845	Elemental Conduit	api	Meteor and Pyroblast now apply Ignite.\n\nYour Haste is increased by 2%.
1262935	Hand of Frost	api	Shattering an enemy has a 10% chance to summon a Hand of Frost to pursue your target, dealing 2,376 Frost damage and applying 1 stack of Freezing on contact.
1263245	Heart of the Ox	api	Mastery increased by 5%. Double this effect while Invoke Niuzao, the Black Ox is active.
1263252	Seal of the Templar	api	Templar's Verdict damage increased by 25%.
1263288	Elemental Attunement	api	Mastery increased by 2%.
1263346	Swift as a Coursing River	api	Drinking from a Brew increases your movement speed by 15% and your auto-attack speed by 10% for 15 sec.
1263353	Celestial Flames	api	Drinking from Brews has a 30% chance to coat you with Celestial Flames for 6 sec. While Celestial Flames is active:\n\n Special Delivery:\nKegs thrown by Special Delivery are ignited and splash upon landing, dealing 35 Fire damage to up to 5 nearby enemies.\n\n Rushing Jade Wind:\nRushing Jade Wind becomes a firestorm, increasing its radius by 30% and causing it to deal Fire damage.
1263569	Abomination Limb	api	Sprout an additional limb, pulling enemies further than 8 yds from you every 1 sec.  \n\nThe same enemy can only be pulled once every 4 sec.
1263657	Unseen Predator	api	When you Ferocious Bite, you have a 15% chance per combo point spent to flicker to an enemy within 30 yds and deliver an Unseen Attack. Unseen Attack damage is reduced if less than 5 combo points and 50 Energy are spent on Ferocious Bite.\n\n Unseen Slash\nSlash the target, dealing 23 Physical damage and an additional 48 Bleed damage over 6 sec. If this effect is reapplied, any remaining damage is added to the new Bleed.\n\n Unseen Swipe\nSwipe nearby targets, dealing 67 Physical damage. Damage reduced beyond 5 targets.
1263743	Blood Mist	api	When you cast Dancing Rune Weapon, you become enveloped in a blood mist that surrounds you for 8 sec, increasing your Parry by 5%. \n\nDeals 22 Shadow damage every 1 sec to enemies within 10 yds. Every time it deals damage you gain 2 Runic Power, up to a maximum of 10 Runic Power. Deals reduced damage beyond 8 targets.
1263781	Sanguinary Burst	api	When Blood Mist ends it deals 97 Shadow damage to 8 nearby enemies, healing you for 15% of the damage dealt. The damage is increased by 2% for every 1 Runic Power spent while Blood Mist was active.
1263782	Walk Into Light	api	Infusion of Light occurs 100% more often during Avenging Wrath.
1263787	Endless Gleam	api	Dawnlight's duration is increased by 0.5 sec when it heals an ally with full health.
1263824	Consumption	api	Empower the runes in your weapon, reducing the damage you take over the duration and unleashing a devastating attack that deals 218 Shadow damage and consumes up to 75% of your Blood Plague instantly from enemies in front of you.\n\nI: Consumes up to 25% of your Blood Plague. While empowering, your damage taken is reduced by 5% and an additional 8 sec after empowering.\n\nII: Consumes up to 50% of your Blood Plague. While empowering, your damage taken is reduced by 10% and an additional 4 sec after empowering.\n\nIII: Consumes up to 75% of your Blood Plague. While empowering, your damage taken is reduced by 15% and an additional 2 sec after empowering.
1263879	Nature's Bounty	api	Regrowth heals all other allies with Regrowth for 20% of its healing.
1263920	Born in Sunlight	api	Dawnlight's critical strike chance is increased by 15% during Avenging Wrath.
1263935	Fel Armaments	api	The cooldown of your Felguard's Felstorm is reduced by 10 sec and damage dealt to your primary demon is reduced by 10%.
1263941	Infernal Rapidity	api	When your Wild Imps cast Fel Firebolt, they have 10% chance to instantly cast another Fel Firebolt at 200% effectiveness.
1264096	Void Apparitions	api	When an effect from an Idol is activated, conjure Shadowy Apparitions.
1264235	Deadly Reach	api	Death Strike hits an additional 2 enemies at 75% effectiveness.
1264269	Legacy of the Lifebinder	api	Fire Breath gains an additional charge.
1264289	Corpsecaller	api	When summoning a Dire Beast, you have a 10% chance to instead summon a Dark Hound that deals significantly increased damage.
1264290	Wailing Dead	api	Bestial Wrath summons a Dark Hound.\n\nFor 15 sec after casting Bestial Wrath, Bestial Wrath is replaced with Wailing Arrow.\n\n Wailing Arrow\nFire an enchanted arrow, dealing 486 Shadow damage to your target and an additional 245 Shadow damage to all enemies within 8 yds of your target. Non-Player targets struck by a Wailing Arrow have their spellcasting interrupted and are silenced for 1 sec.\n\nGrants Deathblow.
1264291	Blighted Quiver	api	You fire 2 additional Black Arrows during Withering Fire's barrage.\n\nBeast Cleave and Kill Cleave damage increased by 5%.
1264296	Lifeblood	api	Death Strike heals for an additional 20% of its healing over 5 sec.
1264321	Deep Exhalation	api	Fire Breath's damage over time lasts 4 sec longer.
1264330	Devastating Focus	api	You focus on the target struck by your Devastator, dealing 30% additional Revenge damage to them.\n\nOnly one target can have your focus at a time.
1264359	Wild Thrash	api	Command your pet to thrash all enemies within 10 yds, dealing 66 Physical damage to them. Damage is increased by 200% if Wild Thrash hits 2 or more enemies.\n\nDeals reduced damage beyond 8 targets.
1264365	Ashes in Motion	api	Fire Breath's cooldown is reduced by 5 sec.
1264378	Unravel	api	Direct damage from Fire Breath consumes absorb shields from enemies, dealing 4,552 additional Spellfrost damage to them.
1264506	Dance of Midnight	api	While Dancing Rune Weapon is active, Parrying an attack has a chance to make your next Heart Strike cost no Runes and deal 150% increased damage.
1264614	Sylvan Beckoning	api	Entering an Eclipse summons a Dryad to assist you for 8 sec, casting Starsurge dealing 572 Astral damage and Starfall at 200% effectiveness.
1264649	Intensity	api	When Regrowth critically heals, it is 260% effective instead of the usual 200%.
1264688	Descending Skies	api	Casting Ascendance upgrades your next Lightning Bolt to Tempest.
1264690	Pact of the Hollow	api	Kill Command causes your Dark Hound to Shadow Thrash, dealing 73 Shadow damage to up to 8 nearby enemies.
1264691	Natural Gift	api	Nature damage is increased by 2%
1264762	Stormwell	api	Storm Elemental lasts 2 sec longer, and Stormkeeper generates 10 Maelstrom.
1264764	Shuriken Tornado	api	Shuriken Storm has a 15% chance to create a Shadow Clone that repeats the attack for 50% of normal damage as Shadow.
1264775	Sharpened Fangs	api	Your mastery is increased by 3%.
1264776	Dryad's Dance	api	Dryads cause most of your Astral power generation to be increased by 10%.
1264781	Lethal Barbs	api	Your auto shot grants 1 Focus to you and your pet.\n\nAuto shot damage increased by 25%.
1264792	Wyvern's Gaze	api	The damage bonus from your Wyvern now lasts an additional 2.0 sec.
1264797	Hoof and Blade	api	Hogstrider further increases the damage of Cobra Shot by 50% and it now strikes up to 3 additional targets.
1264801	Death Knight Frost 12.0 Class Set 2pc	api	Empower Rune Weapon increases the damage of your next Obliterate by 20% or Frostscythe by 20%.
1264899	Spirit of the Thicket	api	Your Starfall damage is increased by 12% and your Starsurge damage is increased by 8%.
1264902	Moonlight Chakram	api	For 15 sec after casting Takedown, Takedown is replaced with Moonlight Chakram.\n\n Moonlight Chakram\nThrow a chakram blessed with moonlight at your current target that will rapidly deal 100 Physical damage 7 times, bouncing to other targets if they are nearby.
1264903	Radiant Edge	api	Your Moonlight Chakram deals 25% increased damage each time it bounces.
1264904	Twilight Requiem	api	When your Moonlight Chakram expires, it summons an explosion of moonlight, dealing 70 Arcane damage to nearby enemies. Damage reduced beyond 8 targets.
1264934	Frenzy	api	Increases the attack speed of your active pets by 20%.
1265044	Jagged Wounds	api	All bleed damage dealt by you and your pets  increased by 10%.
1265051	Thrill of the Hunt	api	Barbed Shot critical strike chance increased by 5%.\n\nCobra Shot critical strike chance increased by 15%.
1265052	Heart of the Pack	api	Summoning a Dire Beast grants 0.50% haste for 8 sec.
1265129	Bring Me Another	api	Drinking a Brew has a 20% chance to leave you with an Empty Barrel, which is tossed along with your next Keg Smash to deal 105 Physical damage to your target. Ricochets up to 4 times at 80% effectiveness.
1265355	Scent of Blood	api	Rampage increases the damage of your next Bloodthirst by 10%, stacking up to 2 times.
1265356	Ragedrinker	api	Bloodthirst critical strikes restore 3% additional health and increase the damage of Raging Blow by 10% for 4 sec.
1265357	Rampaging Ruin	api	While Improved Whirlwind is active Rampage instead strikes all targets in front of you for 71 Physical damage. Deals reduced damage beyond 5 targets.
1265359	Surge of Adrenaline	api	When Raging Blow resets its own cooldown, your auto-attack damage and speed is increased by 30% for 6 sec.
1265361	Kill or Be Killed	api	When you would sustain fatal damage, you instead fly into an unstoppable rage, becoming unkillable and immune to movement-impairing effects for 8 sec as you seek revenge on your would-be killer.\n\nIf you kill your killer in that time, you emerge from your blind rage triumphant, with at least 20% of your max health intact. If you are not victorious, you die.\n\nThis effect can only occur once every 5 min and if your killer is alive when you sustain fatal damage.
1265385	Implacable	api	Nothing will save your target from you. Envenom damage increased by 10%. When your Envenom bonus expires, gain 20% increased Energy generation for 5 sec. \n\nGain an additional 15% increased Energy generation for each Envenom you used while Envenom's bonus was active, up to 80% total.
1265517	Permafrost Bauble	api	The cooldown of Ice Block and Ice Cold are reduced by 30 sec.
1265541	Fear No Evil	api	Fear duration on you reduced by 20%. This effect is increased to 60% during Avenging Wrath.
1265547	Thrill of Blood	api	Essence of the Blood Queen additionally increases your Mastery by 1.0% per stack.\n\nBlood Plague deals 5% increased damage.
1265549	Brought to Light	api	Killing an enemy that yields experience or honor causes you to explode with holy energy, healing up to 5 nearby allies and yourself for 175, split evenly among them.
1265570	Executioner's Wrath	api	Execute generates 5 additional Rage and increases the damage of Rampage by 10% for 4 sec.
1265574	Transfusion	api	Vampiric Strike increases the damage of your Dancing Rune Weapons by 20% for 8 sec. \n\nMultiple applications may overlap.
1265632	Chosen of Frostbrood	api	Frostwyrm's Fury deals 100% increased damage to the first enemy it hits and grants you 15% Haste for 12 sec.
1265770	Embers of Nihilam	api	Casting Incinerate has a chance to evoke an echo of the Dark Titan's power.\n\n Echo of Sargeras\nHurl an ember torn from Nihilam at the target, dealing 712 Shadowflame damage and an additional 617 Shadowflame damage to all enemies within 10 yds.\n\nDamage reduced beyond 8 targets.
1265790	Boiling Point	api	Heart Strike has a chance to make your next Blood Boil empowered, dealing 50% increased damage and echoing after 3 sec.
1265800	Tempered Steel	api	Physical damage increased by 12%.
1265801	Frequent Traveler	api	Reduces the cast time of Demonic Gateway by 0.5 sec and you can now use Demonic Gateways twice before triggering a cooldown.
1265802	Shattering Stars	api	Eternity Surge additionally releases a Shattering Star at your target that deals 50% more damage per empower level reached.\n\n Shattering Star\nExhale a bolt of concentrated power from your mouth at the target for 661 Spellfrost damage.
1265810	Infernal Beneficiary	api	Healing done by Drain Life also heals your primary demon at 400% effectiveness.
1265813	Foul Mouth	api	Casting Curse of Exhaustion, Curse of Tongues, or Curse of Weakness now curses all enemies within 10 yds of the target.
1265816	Improved Mortal Coil	api	Increases the range of Mortal Coil by 10 yds and Mortal Coil now heals for an additional 5% of maximum health.
1265818	Vengeful Beast	api	Metamorphosis has 5 sec increased duration and increases the damage of Fracture, Soul Cleave, and Spirit Bomb by 20%.
1265826	Star Salvo	api	Increases Shattering Star damage by 35%.\n\nShattering Stars are exhaled at all of your Eternity Surge targets.
1265855	Echoing Fury	api	Reaper's Mark deals 5% increased damage.\n\nCasting Dancing Rune Weapon grants 1 stack of Exterminate with 100% first scythe and 100% second scythe effectiveness.
1265859	Frigid Resolve	api	The effectiveness of Permafrost is increased by 100% and Exterminate grants Permafrost equal to 10% of the damage dealt.\n\nPermafrost\nYour auto attack damage grants you an absorb shield equal to 40% of the damage dealt.
1265861	Gravedigger	api	Between the Eyes has a 45% chance to apply 2 stacks of its bonus to your damage dealt.
1265867	Azure Sweep	api	Eternity Surge upgrades your next Azure Strike to Azure Sweep, damaging all nearby enemies and dealing 75% additional damage.\n\n Azure Sweep\nConcentrate azure energy into your tail and sweep to release pure magic upon an enemy and nearby targets for 633 Spellfrost damage. Damage reduced beyond 8 targets.
1265869	Plague Infusion	api	Your Blood Plague critical hits have a chance to reduce the cooldown of your Blood Boil by 0.25 sec.
1265924	Soul Barrier	api	Spirit Bomb shields you for 10 sec, absorbing 2,444 damage plus 611 for each Soul Fragment consumed.
1265932	Deathly Blows	api	Death Strike damage increased by 12%.
1265939	Vision of Nihilam	db2-template+redirect	Memories of the Titans' destruction flash in your mind when you evoke the Dark Titan's power, increasing critical strike by $s2% and haste by $s1% for $1265939d.
1265949	Let Terror Reign	api	Casting Death Coil or Epidemic orders Whitemane to cast her Death Coil or Epidemic alongside you at 125% effectiveness.
1265952	Potent Powder	api	Black Powder deals increased damage equal to 20% of your Mastery when it spends 5 or more combo points.
1265959	Ride or Die!	api	Dark Transformation summons forth Whitemane for 6 sec.
1265971	Unholy Armaments	api	The abilities that Horsemen cast deal 5% increased damage..
1265979	Twin Flame	api	Consuming Essence Burst fires a twin flame, striking your target for 684 Fire damage.
1265992	Fire Torrent	api	Twin Flame bounces to up to 2 additional targets.
1265993	Essence Well	api	Fire Breath has a 50% chance to generate Essence Burst.
1266069	Stalk and Strike	api	Throwing your Moonlight Chakram reduces the cooldown of Wildfire Bomb by 10 sec.
1266151	Strafing Run	api	Deep Breath deals 20% increased damage and can be cast again within 18 sec of being used.\n\nRecall will be available after the second cast if talented.
1266296	Focused Ire	api	The primary target of Chaos Nova is stunned for an additional 2 sec.
1266307	Demonic Resilience	api	Blur gains 1 additional charge.
1266316	Burn It Out	api	Immolation Aura removes 1 Disease effect.
1266326	Furious	api	Attacks and abilities that generate Fury deal 3% increased damage.
1266328	Remorseless	api	Attacks and abilities that spend Fury deal 3% increased damage.
1266329	Demon Muzzle	api	Interrupting a spell with Disrupt decreases your magic damage taken by 15% for 12 sec.
1266330	Soul Splitter	api	Any time you would generate one or more Soul Fragments, you have a 2% chance to generate an additional Soul Fragment.
1266493	Wings of Wrath	api	Glide speed increased by 10%.
1266496	Soul Cleanse	api	Immolation Aura removes 1 Curse effect.
1266497	First In, Last Out	api	Shift grants you a rapidly decaying shield equal to 6% of your maximum health.
1266500	Final Breath	api	Fully channeling Void Ray increases the damage of its final tick by 300%.
1266719	Silent Sanctuary	api	While no enemies are within 15 yds, you heal for 1,140 every 3 sec.
1266733	Stillstep Coil	api	Leg Sweep applies Disable for 5.0 sec when it ends.
1266734	Serene Surge	api	After casting Enveloping Mist, your next Vivify becomes instant cast.
1266740	Reinvigoration	api	After Detox successfully removes an effect from an ally, their movement speed is increased by 30% for 5 sec.
1266748	Vital Clarity	api	Vivify and Sheilun's Gift critical strike chances are increased by 15% on yourself.
1266762	Felbound	api	Your movement speed is increased by 3%.
1266799	Through the Felvine	api	Increases the damage of Chaos Bolt by 35% and Rain of Fire by 6%.\n\nThis effect is doubled while Malevolence is active.
1266803	Alzzin's Iniquity	api	Malevolence grants an additional 4% Haste and when cast increases the stack count of active Withers by an additional 2 stacks.
1266805	Devil Fruit	api	Periodic damage dealt by Wither has a chance to grant Malevolence for 8 sec.
1266811	Mist Caller	api	Vivify and Sheilun's Gift trigger a Gust of Mist on yourself.
1266818	Death Defiance	api	The cooldown of Death Pact is reduced by 30 sec, and you receive 50% increased healing while its healing absorb is active.
1266819	Death Notes	api	Raise Ally costs 30 less Runic Power.
1266845	Quickened Pulse	api	Shadow Word: Pain and Entropic Rift deal damage 25% more often.
1266856	Touch of the Void	api	Voidheart now persists for 8 sec after Entropic Rift ends.
1266883	Overwhelming Shadows	api	Mind Blast deals 100% increased damage.
1267003	Precision Strikes	api	Your auto shot damage is increased by 25%.
1267016	Stormstream Totem	api	Riptide has a 6% chance to upgrade your next Healing Stream Totem to Stormstream Totem which heals for 10% more, heals 1 additional ally at 100% effectiveness, and heals 2 injured allies for 4,979 healing when used.
1267028	Blood Bond	api	While you are below 50% health, your Ghoul sacrifices 4% of its maximum health to heal you for 1% of your maximum health every sec.
1267182	Toxic Stiletto	api	Shiv's Energy cost is reduced by 20, its cooldown is reduced by 15 sec, and its range is increased by 3 yds.
1267203	Glory of the Vanguard	api	Judgment has a chance to grant you Vanguard, causing your next Avenger's Shield to leave an echoing bolt of light in a line between you and the initial target, piercing any enemies for 105 Holy damage.
1267206	Strike from Above	api	Glide speed and height increased by 10%.
1267210	Quick Fingers	api	Increases your Agility by 3%.
1267216	Deep Cuts	api	Your finishing moves deal 6% increased damage.
1267218	Shell Wall	api	Damage taken during Aspect of the Turtle is reduced by an additional 20%.
1267220	Danger Sense	api	You have a 20% chance to partially evade any damage dealt to you, reducing the damage it deals by 20%.
1268671	Cold Feet	api	When your Freezing Trap breaks, the victim's movement speed is reduced by 70% for 4 sec.
1268705	Masterful Call	api	The duration of Master's Call is increased by 2 sec and it increases the movement speed of its target by 20%.
1268709	Diabolic Oculi	api	You summon a Diabolic Oculus, up to 3, each time the duration of Diabolic Ritual is reduced by one of your spells.\n\nDiabolic Oculi explode when consuming Demonic Art, dealing 891 Fire damage to all enemies within 10 yds of the target. Damage reduced beyond 8 targets.
1268713	Looks That Kill	api	Your Diabolic Oculi now cast Diabolic Gaze at your primary demon's target every 1 sec while active.\n\n Diabolic Gaze\nFire a beam of destructive chaos magic at the target, dealing 304 Chaos damage.\n\nDamage is increased by 100% per Demonic Oculus active.
1268716	Mind's Eyes	api	Your Diabolic Oculi observe the battlefield and collect information that is imparted to you upon being exploded, each Diabolic Oculi increasing your Intellect by 2% for 10 sec.
1268807	Emperor's Elixir	api	Thunder Focus Tea now empowers Enveloping Mist and Rising Sun Kick further.\n\n Enveloping Mist:\nBegins a channel of Soothing Mist onto your target.\n\n Rising Sun Kick:\nReleases a Jadefire Stomp infront of you that transfers damage into Ancient Teachings at 20% effectiveness.\n\n Jadefire Stomp:\nYou release a Jadefire Stomp, dealing 35 damage to 5 enemies in front of you.
1268817	Misty Coalescence	api	Renewing Mist healing is increased by up to 300% in proportion to its coverage on yourself and your allies.
1268868	Improved Snaring	api	Wing Clip slows an additional 25%.\n\nConcussive Shot slows an additional 10%.
1268871	Combat Experience	api	Your Agility is increased by 3%.
1268881	Improved Defy Fate	api	Defy Fate healing increased by 100% and its cooldown is reduced by 1 min.
1268884	Manifested Avarice	api	Each Succulent Soul consumed has an increasing chance to unleash the Demonic Soul within you, enabling it to assault your enemies for 9 sec.\n\n Soul Swipe\nStrikes nearby enemies with a malevolent claw, dealing 742 Shadow damage to its target and 495 Shadow damage to other enemies in 10 yds.
1268889	Shared Vessel	api	Increases your Mastery by 2%.\n\nThis effect is doubled while the demonic entity is aiding you in combat.
1268903	Eternal Hunger	api	Increases the duration of Manifested Avarice by 5 sec and increases the damage of Soul Swipe by 10%.
1268932	Ancient Arts	api	Damaging attacks that expend Shadow Techniques to generate combo points have a 15% chance per stack expended to create a Shadow Clone that repeats the attack for 50% of normal damage as Shadow.
1269215	Crackling Fury	api	Voltaic Blaze's cooldown is reduced by 3 sec and its instant damage is increased by 50%.
1269308	Rampaging Berserker	api	Rampage damage increased by 10% and Rampage makes you go Berserk, increasing your Strength by 3% for 8 sec. Multiple applications of Berserk may overlap.
1269311	Phalanx	api	Thunder Clap causes your next Shield Slam to deal 10% additional damage and unleash a wave of force, dealing 69 Physical damage to all enemies in front of you.
1269314	Master of Warfare	api	Your single target melee abilities have a chance to upgrade Slam to Heroic Strike.\nAll modifiers and talents that affect Slam also affect Heroic Strike.
1269360	Amped Up	api	Increases your haste by 3%.
1269364	Path of the Seer	api	Increases your Intellect by 3%.
1269614	Wild Guardian	api	After you cast Berserk or Incarnation: Guardian of Ursoc, you gain access to Wild Guardian:\n Wild Guardian:\nSpirits of the wild come to your aid, causing your next 2 casts of Ironfur, Maul, and Frenzied Regeneration to be echoed at 50% effectiveness.
1270061	Feedback Loop	api	Elemental Overload damage increased by 35%.
1270255	Oppressive Darkness	api	Reduces the cooldown of Shadowfury by 15 sec and increases its radius by 2 yds.\n\nReduces the cooldown of Howl of Terror by 5 sec and it now fears 5 additional enemies.
1270350	Instinctive Imbuements	api	Lightning Shield increases your Intellect by 3%.\n\nCasting Lightning Shield now applies your weapon imbuements. Earth Shield is also applied if you have the Elemental Orbit talent.
1270375	Spiritual Awakening	api	Mastery increased by 3%.
1270444	Untethered Rage	api	Soul Cleave and Spirit Bomb have a chance per soul fragment consumed to grant Untethered Rage, allowing Metamorphosis to be cast without incurring its cooldown and lasting 10 sec.
1270446	Ancestral Influence	api	Your Intellect is increased by 1.0% for each Ancestor active.
1270447	Windspeaker	api	The cast times of Healing Surge, Chain Heal and Lava Burst are reduced by 10%.
1270450	Mystic Knowledge	api	Increases the chance for Lava Surge to occur by 20%.
1270565	Green Thumb	api	The rate at which Symbiotic Blooms grow is increased by 20%.
1270586	Rampancy	api	Symbiotic Blooms have a 20% chance to trigger Bursting Growth every 2 sec at 100% effectiveness.
1270592	Patient Custodian	api	Your heal over time effects are 6% more effective.
1270621	Tranquil Tea	api	Consuming Mana Tea generates 1 cloud of mist.
1270690	Pact of the Nathrezim	api	Increases your Leech by 2%.
1270691	Pact of the Satyr	api	Increases your haste by 2%.
1270693	Pact of the Annihilan	api	Increases your critical strike chance by 2%.
1270695	Pact of the Eredar	api	Increases your Intellect by 3%.
1270701	Gorefiend's Avarice	api	Drain Life now channels 100% faster and restores health 100% faster.
1270704	Decimator	api	Demolish's final strike applies Deep Wounds to all targets at 100% effectiveness.
1270709	Cut to the Bone	api	Mortal Strike critical strikes increase your Rend and Deep Wounds damage by 15% for 8 sec.
1270710	Celeritous Conclusion	api	Demolish's final strike grants 10% Haste for 10 sec and increases the critical strike chance of your next Mortal Strike by 100%.
1270717	Violent Euphoria	api	Bladestorm puts you into a battle trance, granting you 15% haste for 8 sec after you stop Bladestorming.
1270718	Deadly Focus	api	Executioner's duration is increased by 6 sec.
1270723	Conductivity	api	Lightning Strike damage increased by 10% and critical strike damage increased by 10%.
1270724	Capacitance	api	During Avatar, Thunder Blast extends Avatar's duration by 2.0 sec.
1270827	Improved Spellsteal	api	Spellsteal repeats its effect after 4 sec, but it now has a cooldown of 4.0 sec.
1270829	Reflection	api	After casting Blink, it is replaced with Reflection for 8 sec.\n\n Reflection\nTeleports you back to where you last Blinked. Castable while casting and unaffected by the global cooldown.
1270845	Mana Confluence	api	Your mana costs are reduced by 5%.
1270847	Improved Remove Curse	api	Casting Remove Curse on a friendly target also casts it on yourself, but its cooldown is increased by 20 sec.
1270865	Improved Counterspell	api	Counterspell prevents casting for an additional 1.0 sec.
1270872	Captured Thoughts	api	The duration of Clearcasting is increased by 10 sec.
1270898	Eternal Hunt	api	The Hunt empowers your next Eye Beam, increasing damage by 100% and affecting enemies in a wider area.
1270916	Divine Favor	api	The mana cost of Holy Light is reduced by 10% and its cast time is reduced by 15%.
1270958	Harmonic Surge	api	Casting Thunder Focus Tea grants 2 charges of Potential Energy. Your next cast of Tiger Palm or Vivify consumes all charges of Potential Energy to cause a Harmonic Surge.\n\nHarmonic Surge:\nFor each charge of Potential Energy, deal 836 Nature damage to your target and 836 Nature damage to other nearby enemies, and heal up to 5 allies for 190. Damage reduced above 5 targets.
1271016	Seek Deliverance	api	While Avenging Wrath is not active, you gain 5% Mastery.\n\nWhile Avenging Wrath is active, you gain 30% movement speed.
1271048	Potential Energy	api	Casting Keg Smash grants a charge of Potential Energy.
1271077	Divine Overload	api	Holy Light's healing is increased by 30%, but its mana cost is increased by 20%.
1271104	Earthen Accord	api	Unleash Life heals for 30% more and its bonus healing effect is increased by 20%.
1271105	Meditative Focus	api	Blackout Combo:\nIncreases Tiger Palm damage by an additional 50% and Keg Smash reduces the cooldown on your Brews by an additional 1.0 sec.\n\n  Press the Advantage:\nNature damage dealt by your main hand auto-attacks is increased by 100% and they now reduce the cooldown on your Brews by an additional 0.25 sec.
1271171	Conflagration	api	Fire Blast deals 163 additional Fire damage to up to 8 nearby enemies.
1271177	Burnout	api	When Combustion expires, all of your active Ignites explode, dealing 75% of their remaining damage.
1271206	Star Cascade	api	Gaining Astral Power with Wrath or Starfire has a 40% chance to launch a Starsurge at a victim at 70% effectiveness.
1271221	Unending Light	api	Light of Dawn receives 20% increased benefit from Mastery: Lightbringer.
1271261	Penumbral Swell	api	Lunar Eclipse increases Arcane damage by an additional 3%.
1271305	Bask in Moonlight	api	Starsurge damage increased by 10%. \nStarfall damage increased by 10%.
1271387	Masterwork	api	After casting a Holy Armament, your next 3 abilities cast a Lesser Armament of the same kind on a nearby ally.
1271431	Amplified Rush	api	The healing of Gusts of Mist caused by Renewing Mist is increased by 100%.
1271466	Reflection of Radiance	api	When your Holy Bulwark absorbs damage or your Sacred Weapon deals damage or healing, you have a chance to gain Awakening.
1271540	Limb from Limb	api	Your auto-attacks are 30% more likely to make your next Maul become Ravage.
1271553	Resounding Strike	api	Holy Armaments activate Hammer and Anvil at 100% effectiveness.
1271635	Twin Claw	api	You have a 18% chance to follow up any single target melee ability with a Twin Claw, dealing 119 Physical damage and generating 5 Rage.
1271687	Rising Fury	api	While Dragonrage is active you gain Rising Fury every 6 sec, increasing your haste by 4%, stacking up to 5 times.
1271689	Empowered Drain Life	api	Drain Life heals for an additional 200% of damage dealt and grants Soul Leech equal to 10% of damage dealt.
1271694	Fortified Soul	api	Soul Leech may now absorb an additional 5% of your maximum health.
1271699	Empowered Healthstone	api	Healthstones heal you for an additional 5% additional health.
1271748	Blight of Weakness	api	Call forth a cloud of cloying shadow mist that envelopes the target and all enemies within 10 yds, increasing the time between their attacks by 100% and reducing their critical strike chance by 10% for 12 sec.\n\nCurses: A warlock can only have one Curse or Blight active per target.
1271802	Blight of Tongues	api	Call forth a cloud of cloying shadow mist that envelopes the target and all enemies within 10 yds, increasing their casting time of all spells by 100% for 12 sec.\n\nCurses: A warlock can only have one Curse or Blight active per target.
1271839	Exacerbating Wounds	api	Your Dreadful Wounds increase the damage afflicted enemies take from your Bleed damage over time effects by 15%.
1271925	Fearless	api	Cooldown of Berserker Rage is reduced by 50% and Berseker Rage removes all movement speed-impairing effects.
1271926	Field Dressing	api	Healing received increased by 3% and all self-healing increased by an additional 10%.
1271948	Javelineer	api	Range of your thrown abilities is increased by 5 yards.\n\nDamage dealt by Champion's Spear, Shattering Throw, and Wrecking Throw increased by 20%.\n\nShattering Throw and Wrecking Throw silence non-players for 3 sec.
1271974	Blightfall	api	Dark Transformation grants access to Blightfall.\n\nBlightfall\nConsume 100% of your plagues around you and deal 100% of their remaining damage instantly.\n\nGrants 1 charge of Putrefy.
1272094	Guardian's Hide	api	Your pet protects you at all times, reducing the damage you take by 3%. Your pet receives 100% of the damage it mitigates.
1272099	Bloodshed	api	Bestial Wrath provokes your pets to tear into your target, causing your target to bleed for 504 damage over 12 sec.
1272136	Quick Reload	api	Boomstick's cooldown is reduced by 15 sec.
1272138	Keen Edge	api	Reaver's Glaive damage is increased by 20% and other Physical-only damage is increased by 10%.
1272139	Twin Fangs	api	Takedown grants 3 stacks of Tip of the Spear.
1272143	Broken Spirit	api	The Hunt shatters 1 Soul Fragment. Blade Dance and Chaos Strike have a 15% chance to shatter a Soul Fragment.
1272153	Bladecraft	api	Fury of the Aldrachi further empowers Blade Dance when cast after Chaos Strike, increasing slashes to 12.\n\nReaver's Mark now stacks up to 2 times and further empowers Chaos Strike when cast after Blade Dance, applying an additional stack.
1272154	Primal Surge	api	Kill Command grants 1 additional stack of Tip of the Spear.\n\nTip of the Spear's damage bonus is increased by 5%.
1272175	Universal Energy	api	Your magical damage is increased by 8%.
1272308	Energy Conservation	api	Power Surge lasts an additional 5 sec.
1272320	Focused Outburst	api	Void Volley damage increased by 15% and its cooldown is reduced by 4 sec.
1272326	Realized Potential	api	Shadow Word: Death damage increased by 25% and its cooldown is reduced by 3 sec.
1272352	Words of the Wise	api	Flash Heal, Plea, and Power Word: Radiance healing increased by 15%.
1272359	Prophet's Insight	api	Atonement healing from Holy spells is increased by 15%.
1272363	Unfolding Vision	api	When Power Word: Shield or Void Shield expires with absorption remaining, it jumps to a nearby injured ally and loses 40% of its maximum absorb instead.
1272364	Blind Focus	api	Cosmic damage increased by 2%.\n\nEffect is doubled while in demon form.
1272405	Undying Embers	api	Soul Immolation has a 25% chance to reignite after it expires, reapplying its effect.
1272415	Sunfire Spiral	api	Rising Sun Kick gains 40% additional effectiveness from Mastery: Combo Strikes.
1272422	Voidrush	api	Collapsing Star reduces the cooldown of Voidblade by 10 sec.\n\nVoidblade and The Hunt briefly reduce your Fury drain while in Void Metamorphosis.
1272432	Soulforged Blades	api	Hungering Slash and Voidblade's critical strike chance is increased by 15%.
1272452	Chi Transfer	api	Touch of Death now heals you for 50% of its damage done.
1272453	Volatile Instinct	api	Entering demon form causes your next Voidsurge to repeat after a short delay.
1272678	Weapon of Wind	api	Your damage during Zenith is increased by 10%.
1272685	Martial Agility	api	Your melee attack speed is increased by 30%. This bonus is increased to 60% during Zenith.
1272694	Zenith Stomp	api	Activating Zenith causes you to release a powerful stomp, dealing 350 Nature damage to nearby enemies, reduced beyond 5 targets.\n\nGenerates 2 Chi.
1272770	Singular Strikes	api	Voidblade damage increased by 25%.\n\nHungering Slash deals 50% increased damage to its primary target.
1272781	Tiger Fang	api	Your auto attack critical strike chance is increased by 15%.
1272817	Improved Consume	api	Consume deals 10% increased damage and its cast time is reduced by 0.25 sec.
1272821	Wisdom of the Wall	api	Invoke Niuzao, the Black Ox causes Breath of Fire to launch 3 Flurry Strikes.
1272832	Singed Spirit	api	Soul Immolation generates an additional 12 Fury over its duration.
1272842	Umbral Blade	api	Reap's cooldown is reduced by your Haste.
1272844	Combat Stance	api	The cooldown of Roll is decreased by 10%.
1272847	Gift of the Void	api	Your critical strike chance is increased by 2%.
1272849	Initiator's Edge	api	Movement speed is increased by 50% for the first 8 sec of combat.
1272989	Precise Killer	api	Critical strike damage bonus increased by 20%.
1273017	Quietus Celeris	api	Deathstalker's Mark has a 30% chance to immediately consume a stack when applied.
1273035	Mass Casualty	api	Deathstalker's Mark deals 40% of its normal damage to all other enemies within 8 yds that are afflicted by Rupture.
1273043	Nature's Ally	api	Bestial Wrath summons an Animal Companion from your Stable to fight alongside you for 15 sec. The summoned Animal Companion obeys your Kill Command, Wild Thrash, and Stomps alongside your other pets.
1273062	Martial Prowess	api	Overpower and Slam increase the damage of your next Mortal Strike by 5%, stacking up to 3 times.
1273075	Mass Execution	api	Cleave and Whirlwind deal 20% additional damage to targets below 35% health.
1273132	Take Aim	api	Rapid Fire damage increased by 25%.\n\nEach shot fired from Rapid Fire reduces the cooldown of Aimed Shot by 0.50 sec.
1273154	Path of the Falling Star	api	Celestial Conduit's healing and damage is increased by 100% when striking a single target.\n\nEach addtional target reduces this bonus by 20%.
1273485	Lava Flows	api	Lava Burst damage increased by 5%.\n\nLava Burst and Lava Burst Overload generate 1 additional Maelstrom.
1276163	Dominion of Argus	api	Summoning your Demonic Tyrant leaves open a portal to Argus for 15 sec, causing every 2 casts of Hand of Gul'dan to summon a subjugated demon that serves you for 10 sec.
1276433	Dominant Hand	api	Increases damage dealt by Hand of Gul'dan to its main target by 20%.
1276452	Grimoire: Imp Lord	api	Summons an Imp Lord to assist you in combat for 20 sec and will remove 1 harmful effect from you when summoned. \n\nTransforms into Singe Magic while on cooldown.
1276467	Grimoire: Fel Ravager	api	Summons a Fel Ravager to assist you in combat for 20 sec and will purge 1 beneficial magic effect from an enemy.\n\nTurns into Devour Magic while on cooldown.
1276626	Hoodwink	api	Fazed increases damage taken by an additional 3%.
1276630	Flashing Steel	api	Unseen Blade may now occur once every 15 sec and has 25% chance to strike twice.
1276661	Stabilized Portals	api	Increases the duration of your Summon Vilefiend, Grimoire: Imp Lord, and Grimoire: Fel Ravager by 3 sec.
1276672	Summon Doomguard	api	Summons a Doomguard to assist you in combat for 12 sec. Consuming a Demonic Core reduces the cooldown of Summon Doomguard by 3 sec.\n\n Doom Bolt Volley\nSends a volley of malefic bolts at 5 enemies within 40 yds, inflicting 1,562 Shadow damage to each target.
1276679	Clever Combatant	api	Shuriken Storm has 10% increased critical strike chance and now triggers Unseen Blade when available.
1276746	Tyrant's Oblation	api	Your Demonic Tyrant also empowers you while active, increasing your haste by 8%.
1276748	Reign of Tyranny	api	Your Demonic Tyrant lasts an additional 5 sec and extends the duration of your Dreadstalkers by 15 sec when summoned.
1276809	Ravenholdt Mint	api	Flipping Heads increases damage by an additional 4%. Damage dealt by flipping Tails is increased by 12%.
1276816	Controlled Chaos	api	After flipping a Fatebound Coin that ends a streak of 4 or more, flip another that matches the same face.
1276945	Imbued Shield	api	Shield of the Righteous reduces magical damage taken by 12%.
1276947	Demonic Calling	api	Call Dreadstalkers costs 1 less Soul Shard and its cast time is reduced by 50%.
1276956	Blighted Maw	api	The fangs of your Dreadstalkers are coated in corrosive bile, causing Dreadbite to deal additional damage equal to 50% of damage dealt as Plague damage.
1277005	Adjudication	api	Judgment causes its primary target's successful melee attacks against you to grant a Physical absorb shield for 20% of the damage dealt. Limit 1.
1277030	Sometimes Lucky	api	Critical strike chance increased by 3%.
1277162	Instrument of the Divine	api	Shield of the Righteous consumes up to 2 more Holy Power and deals 50% increased damage for each additional Holy Power consumed.
1277297	Ignore Pain	api	Fight through the pain, ignoring 50% of damage taken for 12 sec or until 560 damage has been prevented.
1277302	Morning Breeze	api	Rising Sun Kick's damage is increased by your Mastery rating and Thunder Focus Tea resets its cooldown.
1277443	Armory of Light	api	While holding a shield, you have a 15% chance to block incoming spells, reducing their damage by 20%. \n\nWithout a shield, you have a 15% chance to parry incoming melee attacks, reducing their damage by 20%.
1277444	Chi Warding	api	You heal for 3% of all magical damage taken.
1277546	Focus Fire	api	When Surging Shots resets the cooldown of Rapid Fire, the damage of your next Rapid Fire is increased by 20%.
1277548	Unload	api	When Rapid Fire begins and finishes channeling, it releases an Arcane Shot at 100% effectiveness.\n\nIf your target is below 20% health, Rapid Fire instead releases Kill Shots.
1277565	Through the Eyes	api	Black Arrow deals 20% increased damage to enemies affected by Black Arrow's periodic damage.
1277572	Critical Precision	api	Precise Shots now increases the critical strike chance of Arcane Shot and Multi-Shot by 10%
1277651	Rising Sunlight	api	Your healing is increased by up to 10%, based on the average health percentage of allies with your Beacon of Light.
1277933	Preparation	api	Immediately reset the cooldowns of Adrenaline Rush, Between the Eyes, Blade Flurry, Blade Rush, and Killing Spree.
1278789	Natural Resilience	api	When Frenzied Regeneration would heal you above maximum health, 80% of its excess healing is instead converted to an absorb shield.
1278886	Dream Guide	api	When you take non-periodic damage, you have a chance to gain a charge of Dream Guide. \n\nWhen you or a nearby ally drops below 40% health, you consume a charge of Dream Guide to automatically cast Regrowth on them. This Regrowth heals for an additional 100%.
1279247	Harness the Cosmos	api	Voidfall Meteor damage increased by 15%.
1279350	Invoked Nightmare	api	Shadow Word: Pain deals 150% increased damage.
1279353	Maddening Tentacles	api	Tentacle Slam afflicts your target with Shadow Word: Madness at 25% effectiveness.
1279354	Crushing Void	api	Tentacle Slam deals 50% increased damage and Void Volley deals 15% increased damage.\n\nWhen Voidform ends, you can cast Void Volley 1 additional time within 30 sec.
1279355	Haunting Shadows	api	Shadowy Apparition damage increased by 10%.\n\nWhen Shadowy Apparitions deal damage, they extend the duration of your Shadow Word: Pain and Vampiric Touch on the target by 1.0 sec.
1279444	Improved Secret Technique	api	Secret Technique damage increased by 15%.
1279510	Niskaran Methods	api	Increases damage dealt by Agony and Corruption by 10%.
1279521	Eye Contract	api	Increases the duration of Summon Darkglare by 5.0 sec.
1279575	Empowered Felstorm	api	Increases the damage of your Felguard's Felstorm by 20% and its duration by 4.0 sec.
1279633	Bloody Reflection	api	While Blood Shield is active, taking direct damage reflects 38 Shadow damage back to the attacker. Blood Shield can now absorb up to 65% of your maximum health.
1279819	Primordial Bond	api	Your Earth Elemental no longer taunts nearby enemies or generates threat and instead increases your maximum health by 15% while active.
1280131	Searing Light	api	Your Penance bolts sear the enemy, dealing 20% of its damage over 8 sec.
1280137	Mindbender	api	Evangelism summons a Mindbender to attack a nearby target for 12 sec.\n\nGenerates 0.2% Mana each time the Mindbender attacks.
1280165	Augury Abounds	api	Conjuring one or more Arcane Splinters has a 10% chance to conjure a burst of 8 Arcane Splinters.
1280297	Mistline	api	Renewing Mist's healing is increased by 500% on your lowest health ally with its effect.
1280316	Panther's Guile	api	When Shred or Moonfire generate combo points, they have a 25% chance to generate full combo points.
1280483	Inferno	api	Reduces the cooldown of Summon Infernal by 30.0 sec and increases your Mastery by 3%.
1280658	Inevitable	api	Your plagues deal up to 30% increased damage based on the target's missing health.
1280733	Nether Plating	api	Adorns your Darkglare with armor forged from within Antorus, increasing their armor by 10%. \n\nEye Beam now jumps to up to 4 additional targets within 10 yards and deals 10% increased damage.
1280779	Glacial Chill	api	Glacial Spike deals 5% increased damage and applies 2 additional stacks of Freezing.
1280780	Glacial Shatter	api	Glacial Spike no longer applies Freezing, and instead Shatters 5 stacks of Freezing.
1280961	Stance Mastery	api	Your stances have additional effects.\n\n Battle Stance\nIncreases the critical strike damage of your abilities by 3%.\n\n Defensive Stance\nWhen an attack deals 20% or more of your maximum health in damage, that damage is reduced by 15%.
1281468	Umbral Edge	api	Shadow Clones deal 15% increased damage.\n\nCheap Shot creates a Shadow Clone to Shadowstrike the target for 50% of normal damage as Shadow.\n\nKidney Shot creates a Shadow Clone to Eviscerate the target for 50% of normal damage as Shadow.
1281511	To Hell and Back	api	Power Siphon and Implosion summon 1 Imp Gang Boss for every 2 Wild Imps sacrificed. Wild Imps summoned this way gain Unstable Soul.\n\n Unstable Soul\nIncreases damage done by 50% and Fel Firebolt now jumps to 4 additional targets.
1281529	Stitchmaster	api	When a Lesser Ghoul dies, you gather the remains to heal for 2% of its maximum health.\n\nDeath Strike sacrifices all Lesser Ghouls under your command.
1281638	White Out	api	Ice Lance reduces the cooldown of Frozen Orb by 0.5 sec, increased by 0.1 sec for each stack of Freezing Shattered.
1290864	Cycle of Death	api	Putrefy reduces the cooldown of Death and Decay by 1.0 sec.\n\nDeath and Decay reduces the cooldown of Putrefy by 0.3 sec for each enemy it damages, up to 3.0 sec.
1291457	Mighty Inferno	api	Inferno's Blessing's damage is increased by 40%, and your effects that extend Ebon Might also extend Inferno's Blessing.
1291522	Chronal Dynamo	api	Living Flame's cast time is reduced by 0.2 sec, and it deals 50% increased damage or healing when it is a non-instant cast.
1291636	Temporal Barrier	api	Send out a ripple of temporal energy, absorbing 3,420 damage and applying Echo at 30% effectiveness on your target and up to 4 allies within 40 yds.
1292058	Heroic Might	db2-template+redirect	Heroic Strike increases the damage you deal to enemies affected by your next Colossus Smash by an additional ${$1292058s1}.1%. Stacks up to $1292058u times.
1292996	Negotiable Contract	api	If the target of your Deathmark dies, Deathmark jumps to a nearby enemy combatant for its remaining duration.
1293135	Sanguine Vial	api	When you deal the killing blow to a target that yields experience or honor, the cooldown of Crimson Vial is reduced by 15 sec and your next use heals 5% of your health instantly.
1293340	Mark for Death	db2-plain	Move your active Deathstalker's Mark to your target.
